solid ASCII
  facet normal 0.000000e+00 0.000000e+00 1.000000e+00
    outer loop
      vertex   -6.000000e+00 8.500000e+00 5.002885e+00
      vertex   -6.500000e+00 8.500000e+00 5.002885e+00
      vertex   -6.000000e+00 1.500000e+00 5.002885e+00
    endloop
  endfacet
  facet normal 0.000000e+00 0.000000e+00 1.000000e+00
    outer loop
      vertex   -6.000000e+00 1.500000e+00 5.002885e+00
      vertex   -6.500000e+00 8.500000e+00 5.002885e+00
      vertex   -6.500000e+00 1.500000e+00 5.002885e+00
    endloop
  endfacet
  facet normal 1.000000e+00 -0.000000e+00 0.000000e+00
    outer loop
      vertex   -6.000000e+00 1.500000e+00 5.002885e+00
      vertex   -6.000000e+00 1.500000e+00 5.000000e+00
      vertex   -6.000000e+00 8.500000e+00 5.002885e+00
    endloop
  endfacet
  facet normal 1.000000e+00 0.000000e+00 0.000000e+00
    outer loop
      vertex   -6.000000e+00 8.500000e+00 5.002885e+00
      vertex   -6.000000e+00 1.500000e+00 5.000000e+00
      vertex   -6.000000e+00 8.500000e+00 5.000000e+00
    endloop
  endfacet
  facet normal 0.000000e+00 -1.000000e+00 0.000000e+00
    outer loop
      vertex   4.500000e+00 1.500000e+00 -5.000000e-01
      vertex   -5.000000e-01 1.500000e+00 5.000000e-01
      vertex   -4.500000e+00 1.500000e+00 -5.000000e-01
    endloop
  endfacet
  facet normal 0.000000e+00 -1.000000e+00 0.000000e+00
    outer loop
      vertex   -4.500000e+00 1.500000e+00 -5.000000e-01
      vertex   -5.000000e-01 1.500000e+00 5.000000e-01
      vertex   -9.500000e+00 1.500000e+00 5.000000e-01
    endloop
  endfacet
  facet normal 0.000000e+00 -1.000000e+00 0.000000e+00
    outer loop
      vertex   -4.500000e+00 1.500000e+00 -5.000000e-01
      vertex   -9.500000e+00 1.500000e+00 5.000000e-01
      vertex   -5.500000e+00 1.500000e+00 -5.000000e-01
    endloop
  endfacet
  facet normal 0.000000e+00 -1.000000e+00 0.000000e+00
    outer loop
      vertex   -5.500000e+00 1.500000e+00 -5.000000e-01
      vertex   -9.500000e+00 1.500000e+00 5.000000e-01
      vertex   -1.450000e+01 1.500000e+00 -5.000000e-01
    endloop
  endfacet
  facet normal 0.000000e+00 -1.000000e+00 0.000000e+00
    outer loop
      vertex   -1.450000e+01 1.500000e+00 -5.000000e-01
      vertex   -9.500000e+00 1.500000e+00 5.000000e-01
      vertex   -1.050000e+01 1.500000e+00 5.000000e-01
    endloop
  endfacet
  facet normal 0.000000e+00 -1.000000e+00 0.000000e+00
    outer loop
      vertex   -1.450000e+01 1.500000e+00 -5.000000e-01
      vertex   -1.050000e+01 1.500000e+00 5.000000e-01
      vertex   -1.550000e+01 1.500000e+00 -5.000000e-01
    endloop
  endfacet
  facet normal 0.000000e+00 -1.000000e+00 0.000000e+00
    outer loop
      vertex   -1.550000e+01 1.500000e+00 -5.000000e-01
      vertex   -1.050000e+01 1.500000e+00 5.000000e-01
      vertex   -2.000000e+01 1.500000e+00 5.000000e-01
    endloop
  endfacet
  facet normal -0.000000e+00 -1.000000e+00 0.000000e+00
    outer loop
      vertex   -1.550000e+01 1.500000e+00 -5.000000e-01
      vertex   -2.000000e+01 1.500000e+00 5.000000e-01
      vertex   -2.000000e+01 1.500000e+00 -5.000000e-01
    endloop
  endfacet
  facet normal 0.000000e+00 -1.000000e+00 0.000000e+00
    outer loop
      vertex   4.500000e+00 1.500000e+00 -4.500000e+00
      vertex   5.500000e+00 1.500000e+00 -5.000000e-01
      vertex   4.500000e+00 1.500000e+00 -5.000000e-01
    endloop
  endfacet
  facet normal 0.000000e+00 -1.000000e+00 0.000000e+00
    outer loop
      vertex   4.500000e+00 1.500000e+00 -5.000000e-01
      vertex   5.500000e+00 1.500000e+00 -5.000000e-01
      vertex   5.000000e-01 1.500000e+00 5.000000e-01
    endloop
  endfacet
  facet normal 0.000000e+00 -1.000000e+00 0.000000e+00
    outer loop
      vertex   4.500000e+00 1.500000e+00 -5.000000e-01
      vertex   5.000000e-01 1.500000e+00 5.000000e-01
      vertex   -5.000000e-01 1.500000e+00 5.000000e-01
    endloop
  endfacet
  facet normal 0.000000e+00 -1.000000e+00 0.000000e+00
    outer loop
      vertex   -5.000000e-01 1.500000e+00 5.000000e-01
      vertex   5.000000e-01 1.500000e+00 5.000000e-01
      vertex   -4.999999e-01 1.500000e+00 4.500000e+00
    endloop
  endfacet
  facet normal 0.000000e+00 -1.000000e+00 0.000000e+00
    outer loop
      vertex   -4.999999e-01 1.500000e+00 4.500000e+00
      vertex   5.000000e-01 1.500000e+00 5.000000e-01
      vertex   5.000001e-01 1.500000e+00 4.500000e+00
    endloop
  endfacet
  facet normal 0.000000e+00 -1.000000e+00 0.000000e+00
    outer loop
      vertex   -4.999999e-01 1.500000e+00 4.500000e+00
      vertex   5.000001e-01 1.500000e+00 4.500000e+00
      vertex   -6.000000e+00 1.500000e+00 5.000000e+00
    endloop
  endfacet
  facet normal 0.000000e+00 -1.000000e+00 0.000000e+00
    outer loop
      vertex   -6.000000e+00 1.500000e+00 5.000000e+00
      vertex   5.000001e-01 1.500000e+00 4.500000e+00
      vertex   1.000000e+01 1.500000e+00 5.000000e+00
    endloop
  endfacet
  facet normal 0.000000e+00 -1.000000e+00 0.000000e+00
    outer loop
      vertex   1.000000e+01 1.500000e+00 5.000000e+00
      vertex   5.000001e-01 1.500000e+00 4.500000e+00
      vertex   9.500000e+00 1.500000e+00 4.500000e+00
    endloop
  endfacet
  facet normal 0.000000e+00 -1.000000e+00 0.000000e+00
    outer loop
      vertex   1.000000e+01 1.500000e+00 5.000000e+00
      vertex   9.500000e+00 1.500000e+00 4.500000e+00
      vertex   9.500000e+00 1.500000e+00 5.000000e-01
    endloop
  endfacet
  facet normal 0.000000e+00 -1.000000e+00 0.000000e+00
    outer loop
      vertex   -4.500000e+00 1.500000e+00 -4.500000e+00
      vertex   -4.999999e-01 1.500000e+00 -5.500000e+00
      vertex   4.500000e+00 1.500000e+00 -4.500000e+00
    endloop
  endfacet
  facet normal 0.000000e+00 -1.000000e+00 0.000000e+00
    outer loop
      vertex   4.500000e+00 1.500000e+00 -4.500000e+00
      vertex   -4.999999e-01 1.500000e+00 -5.500000e+00
      vertex   5.000001e-01 1.500000e+00 -5.500000e+00
    endloop
  endfacet
  facet normal 0.000000e+00 -1.000000e+00 -0.000000e+00
    outer loop
      vertex   4.500000e+00 1.500000e+00 -4.500000e+00
      vertex   5.000001e-01 1.500000e+00 -5.500000e+00
      vertex   5.500000e+00 1.500000e+00 -4.500000e+00
    endloop
  endfacet
  facet normal 0.000000e+00 -1.000000e+00 -0.000000e+00
    outer loop
      vertex   5.500000e+00 1.500000e+00 -4.500000e+00
      vertex   5.000001e-01 1.500000e+00 -5.500000e+00
      vertex   9.500000e+00 1.500000e+00 -5.500000e+00
    endloop
  endfacet
  facet normal 0.000000e+00 -1.000000e+00 0.000000e+00
    outer loop
      vertex   5.500000e+00 1.500000e+00 -4.500000e+00
      vertex   9.500000e+00 1.500000e+00 -5.500000e+00
      vertex   1.000000e+01 1.500000e+00 -4.500000e+00
    endloop
  endfacet
  facet normal 0.000000e+00 -1.000000e+00 -0.000000e+00
    outer loop
      vertex   1.000000e+01 1.500000e+00 -4.500000e+00
      vertex   9.500000e+00 1.500000e+00 -5.500000e+00
      vertex   1.000000e+01 1.500000e+00 -1.000000e+01
    endloop
  endfacet
  facet normal 0.000000e+00 -1.000000e+00 0.000000e+00
    outer loop
      vertex   1.000000e+01 1.500000e+00 -1.000000e+01
      vertex   9.500000e+00 1.500000e+00 -5.500000e+00
      vertex   9.500000e+00 1.500000e+00 -1.000000e+01
    endloop
  endfacet
  facet normal 0.000000e+00 -1.000000e+00 -0.000000e+00
    outer loop
      vertex   -4.500000e+00 1.500000e+00 -5.000000e-01
      vertex   -5.500000e+00 1.500000e+00 -4.500000e+00
      vertex   -4.500000e+00 1.500000e+00 -4.500000e+00
    endloop
  endfacet
  facet normal -0.000000e+00 -1.000000e+00 0.000000e+00
    outer loop
      vertex   -4.500000e+00 1.500000e+00 -4.500000e+00
      vertex   -5.500000e+00 1.500000e+00 -4.500000e+00
      vertex   -9.500000e+00 1.500000e+00 -5.500000e+00
    endloop
  endfacet
  facet normal 0.000000e+00 -1.000000e+00 -0.000000e+00
    outer loop
      vertex   -4.500000e+00 1.500000e+00 -4.500000e+00
      vertex   -9.500000e+00 1.500000e+00 -5.500000e+00
      vertex   -4.999999e-01 1.500000e+00 -5.500000e+00
    endloop
  endfacet
  facet normal 0.000000e+00 -1.000000e+00 0.000000e+00
    outer loop
      vertex   -4.999999e-01 1.500000e+00 4.500000e+00
      vertex   -6.000000e+00 1.500000e+00 5.000000e+00
      vertex   -9.500000e+00 1.500000e+00 4.500000e+00
    endloop
  endfacet
  facet normal 0.000000e+00 -1.000000e+00 0.000000e+00
    outer loop
      vertex   -9.500000e+00 1.500000e+00 4.500000e+00
      vertex   -6.000000e+00 1.500000e+00 5.000000e+00
      vertex   -6.500000e+00 1.500000e+00 5.002885e+00
    endloop
  endfacet
  facet normal 0.000000e+00 -1.000000e+00 0.000000e+00
    outer loop
      vertex   -9.500000e+00 1.500000e+00 4.500000e+00
      vertex   -6.500000e+00 1.500000e+00 5.002885e+00
      vertex   -6.500000e+00 1.500000e+00 5.500000e+00
    endloop
  endfacet
  facet normal 0.000000e+00 -1.000000e+00 0.000000e+00
    outer loop
      vertex   -9.500000e+00 1.500000e+00 5.000000e-01
      vertex   -9.500000e+00 1.500000e+00 4.500000e+00
      vertex   -1.050000e+01 1.500000e+00 5.000000e-01
    endloop
  endfacet
  facet normal 0.000000e+00 -1.000000e+00 0.000000e+00
    outer loop
      vertex   -1.050000e+01 1.500000e+00 5.000000e-01
      vertex   -9.500000e+00 1.500000e+00 4.500000e+00
      vertex   -1.050000e+01 1.500000e+00 4.500000e+00
    endloop
  endfacet
  facet normal 0.000000e+00 -1.000000e+00 0.000000e+00
    outer loop
      vertex   -1.050000e+01 1.500000e+00 4.500000e+00
      vertex   -9.500000e+00 1.500000e+00 4.500000e+00
      vertex   -6.500000e+00 1.500000e+00 5.500000e+00
    endloop
  endfacet
  facet normal 0.000000e+00 -1.000000e+00 0.000000e+00
    outer loop
      vertex   -1.050000e+01 1.500000e+00 4.500000e+00
      vertex   -6.500000e+00 1.500000e+00 5.500000e+00
      vertex   -1.450000e+01 1.500000e+00 5.500000e+00
    endloop
  endfacet
  facet normal 0.000000e+00 -1.000000e+00 0.000000e+00
    outer loop
      vertex   5.000000e-01 1.500000e+00 5.000000e-01
      vertex   5.500000e+00 1.500000e+00 -5.000000e-01
      vertex   9.500000e+00 1.500000e+00 5.000000e-01
    endloop
  endfacet
  facet normal 0.000000e+00 -1.000000e+00 -0.000000e+00
    outer loop
      vertex   9.500000e+00 1.500000e+00 5.000000e-01
      vertex   5.500000e+00 1.500000e+00 -5.000000e-01
      vertex   1.000000e+01 1.500000e+00 -5.000000e-01
    endloop
  endfacet
  facet normal 0.000000e+00 -1.000000e+00 0.000000e+00
    outer loop
      vertex   9.500000e+00 1.500000e+00 5.000000e-01
      vertex   1.000000e+01 1.500000e+00 -5.000000e-01
      vertex   1.000000e+01 1.500000e+00 5.000000e+00
    endloop
  endfacet
  facet normal 0.000000e+00 -1.000000e+00 0.000000e+00
    outer loop
      vertex   -5.500000e+00 1.500000e+00 -5.000000e-01
      vertex   -5.500000e+00 1.500000e+00 -4.500000e+00
      vertex   -4.500000e+00 1.500000e+00 -5.000000e-01
    endloop
  endfacet
  facet normal -0.000000e+00 -1.000000e+00 0.000000e+00
    outer loop
      vertex   -5.500000e+00 1.500000e+00 -4.500000e+00
      vertex   -1.450000e+01 1.500000e+00 -4.500000e+00
      vertex   -9.500000e+00 1.500000e+00 -5.500000e+00
    endloop
  endfacet
  facet normal 0.000000e+00 -1.000000e+00 0.000000e+00
    outer loop
      vertex   -9.500000e+00 1.500000e+00 -5.500000e+00
      vertex   -1.450000e+01 1.500000e+00 -4.500000e+00
      vertex   -1.050000e+01 1.500000e+00 -5.500000e+00
    endloop
  endfacet
  facet normal -0.000000e+00 -1.000000e+00 0.000000e+00
    outer loop
      vertex   -9.500000e+00 1.500000e+00 -5.500000e+00
      vertex   -1.050000e+01 1.500000e+00 -5.500000e+00
      vertex   -1.050000e+01 1.500000e+00 -1.000000e+01
    endloop
  endfacet
  facet normal 0.000000e+00 -1.000000e+00 0.000000e+00
    outer loop
      vertex   -1.050000e+01 1.500000e+00 -5.500000e+00
      vertex   -1.450000e+01 1.500000e+00 -4.500000e+00
      vertex   -1.550000e+01 1.500000e+00 -4.500000e+00
    endloop
  endfacet
  facet normal 0.000000e+00 -1.000000e+00 0.000000e+00
    outer loop
      vertex   -1.550000e+01 1.500000e+00 -4.500000e+00
      vertex   -1.450000e+01 1.500000e+00 -4.500000e+00
      vertex   -1.450000e+01 1.500000e+00 -5.000000e-01
    endloop
  endfacet
  facet normal 0.000000e+00 -1.000000e+00 0.000000e+00
    outer loop
      vertex   -1.550000e+01 1.500000e+00 -4.500000e+00
      vertex   -1.450000e+01 1.500000e+00 -5.000000e-01
      vertex   -1.550000e+01 1.500000e+00 -5.000000e-01
    endloop
  endfacet
  facet normal -0.000000e+00 -1.000000e+00 -0.000000e+00
    outer loop
      vertex   -6.000000e+00 1.500000e+00 5.002885e+00
      vertex   -6.500000e+00 1.500000e+00 5.002885e+00
      vertex   -6.000000e+00 1.500000e+00 5.000000e+00
    endloop
  endfacet
  facet normal -0.000000e+00 -1.000000e+00 -0.000000e+00
    outer loop
      vertex   -1.450000e+01 1.500000e+00 1.000000e+01
      vertex   -1.458920e+01 1.500000e+00 1.000000e+01
      vertex   -1.450000e+01 1.500000e+00 5.500000e+00
    endloop
  endfacet
  facet normal -0.000000e+00 -1.000000e+00 0.000000e+00
    outer loop
      vertex   -1.450000e+01 1.500000e+00 5.500000e+00
      vertex   -1.458920e+01 1.500000e+00 1.000000e+01
      vertex   -1.458920e+01 1.500000e+00 4.737730e+00
    endloop
  endfacet
  facet normal 0.000000e+00 -1.000000e+00 -0.000000e+00
    outer loop
      vertex   -1.450000e+01 1.500000e+00 5.500000e+00
      vertex   -1.458920e+01 1.500000e+00 4.737730e+00
      vertex   -1.050000e+01 1.500000e+00 4.500000e+00
    endloop
  endfacet
  facet normal 0.000000e+00 -1.000000e+00 0.000000e+00
    outer loop
      vertex   -1.050000e+01 1.500000e+00 4.500000e+00
      vertex   -1.458920e+01 1.500000e+00 4.737730e+00
      vertex   -2.000000e+01 1.500000e+00 4.500000e+00
    endloop
  endfacet
  facet normal 0.000000e+00 -1.000000e+00 0.000000e+00
    outer loop
      vertex   -2.000000e+01 1.500000e+00 4.500000e+00
      vertex   -1.458920e+01 1.500000e+00 4.737730e+00
      vertex   -2.000000e+01 1.500000e+00 4.737730e+00
    endloop
  endfacet
  facet normal 0.000000e+00 -1.000000e+00 0.000000e+00
    outer loop
      vertex   -2.000000e+01 1.500000e+00 -4.500000e+00
      vertex   -2.000000e+01 1.500000e+00 -5.500000e+00
      vertex   -1.550000e+01 1.500000e+00 -4.500000e+00
    endloop
  endfacet
  facet normal 0.000000e+00 -1.000000e+00 -0.000000e+00
    outer loop
      vertex   -1.550000e+01 1.500000e+00 -4.500000e+00
      vertex   -2.000000e+01 1.500000e+00 -5.500000e+00
      vertex   -1.050000e+01 1.500000e+00 -5.500000e+00
    endloop
  endfacet
  facet normal 0.000000e+00 -1.000000e+00 0.000000e+00
    outer loop
      vertex   -1.050000e+01 1.500000e+00 -1.000000e+01
      vertex   -9.500000e+00 1.500000e+00 -1.000000e+01
      vertex   -9.500000e+00 1.500000e+00 -5.500000e+00
    endloop
  endfacet
  facet normal 0.000000e+00 -1.000000e+00 -0.000000e+00
    outer loop
      vertex   -4.999999e-01 1.500000e+00 -5.500000e+00
      vertex   -5.000000e-01 1.500000e+00 -1.000000e+01
      vertex   5.000001e-01 1.500000e+00 -5.500000e+00
    endloop
  endfacet
  facet normal 0.000000e+00 -1.000000e+00 0.000000e+00
    outer loop
      vertex   5.000001e-01 1.500000e+00 -5.500000e+00
      vertex   -5.000000e-01 1.500000e+00 -1.000000e+01
      vertex   5.000000e-01 1.500000e+00 -1.000000e+01
    endloop
  endfacet
  facet normal 0.000000e+00 -1.000000e+00 0.000000e+00
    outer loop
      vertex   5.500000e+00 1.500000e+00 -4.500000e+00
      vertex   5.500000e+00 1.500000e+00 -5.000000e-01
      vertex   4.500000e+00 1.500000e+00 -4.500000e+00
    endloop
  endfacet
  facet normal 0.000000e+00 0.000000e+00 1.000000e+00
    outer loop
      vertex   1.000000e+01 8.500000e+00 5.000000e+00
      vertex   -6.000000e+00 8.500000e+00 5.000000e+00
      vertex   1.000000e+01 1.500000e+00 5.000000e+00
    endloop
  endfacet
  facet normal 0.000000e+00 0.000000e+00 1.000000e+00
    outer loop
      vertex   1.000000e+01 1.500000e+00 5.000000e+00
      vertex   -6.000000e+00 8.500000e+00 5.000000e+00
      vertex   -6.000000e+00 1.500000e+00 5.000000e+00
    endloop
  endfacet
  facet normal 0.000000e+00 1.000000e+00 0.000000e+00
    outer loop
      vertex   -6.000000e+00 8.500000e+00 5.002885e+00
      vertex   -6.000000e+00 8.500000e+00 5.000000e+00
      vertex   -6.500000e+00 8.500000e+00 5.002885e+00
    endloop
  endfacet
  facet normal 0.000000e+00 1.000000e+00 0.000000e+00
    outer loop
      vertex   -6.500000e+00 8.500000e+00 5.002885e+00
      vertex   -6.000000e+00 8.500000e+00 5.000000e+00
      vertex   -2.000000e+01 8.500000e+00 -1.000000e+01
    endloop
  endfacet
  facet normal 0.000000e+00 1.000000e+00 0.000000e+00
    outer loop
      vertex   -6.500000e+00 8.500000e+00 5.002885e+00
      vertex   -2.000000e+01 8.500000e+00 -1.000000e+01
      vertex   -1.458920e+01 8.500000e+00 4.737730e+00
    endloop
  endfacet
  facet normal 0.000000e+00 1.000000e+00 0.000000e+00
    outer loop
      vertex   -1.458920e+01 8.500000e+00 4.737730e+00
      vertex   -2.000000e+01 8.500000e+00 -1.000000e+01
      vertex   -2.000000e+01 8.500000e+00 4.737730e+00
    endloop
  endfacet
  facet normal 0.000000e+00 1.000000e+00 0.000000e+00
    outer loop
      vertex   1.000000e+01 8.500000e+00 5.000000e+00
      vertex   1.000000e+01 8.500000e+00 -1.000000e+01
      vertex   -6.000000e+00 8.500000e+00 5.000000e+00
    endloop
  endfacet
  facet normal 0.000000e+00 1.000000e+00 0.000000e+00
    outer loop
      vertex   -6.000000e+00 8.500000e+00 5.000000e+00
      vertex   1.000000e+01 8.500000e+00 -1.000000e+01
      vertex   -2.000000e+01 8.500000e+00 -1.000000e+01
    endloop
  endfacet
  facet normal 0.000000e+00 1.000000e+00 0.000000e+00
    outer loop
      vertex   -1.458920e+01 8.500000e+00 4.737730e+00
      vertex   -1.458920e+01 8.500000e+00 1.000000e+01
      vertex   -6.500000e+00 8.500000e+00 5.002885e+00
    endloop
  endfacet
  facet normal 0.000000e+00 1.000000e+00 -0.000000e+00
    outer loop
      vertex   -6.500000e+00 8.500000e+00 5.002885e+00
      vertex   -1.458920e+01 8.500000e+00 1.000000e+01
      vertex   -6.500000e+00 8.500000e+00 1.000000e+01
    endloop
  endfacet
  facet normal 1.000000e+00 -0.000000e+00 0.000000e+00
    outer loop
      vertex   1.000000e+01 1.500000e+00 5.000000e+00
      vertex   1.000000e+01 1.500000e+00 -5.000000e-01
      vertex   1.000000e+01 8.500000e+00 5.000000e+00
    endloop
  endfacet
  facet normal 1.000000e+00 0.000000e+00 0.000000e+00
    outer loop
      vertex   1.000000e+01 8.500000e+00 5.000000e+00
      vertex   1.000000e+01 1.500000e+00 -5.000000e-01
      vertex   1.000000e+01 8.500000e+00 -1.000000e+01
    endloop
  endfacet
  facet normal 1.000000e+00 0.000000e+00 0.000000e+00
    outer loop
      vertex   1.000000e+01 8.500000e+00 -1.000000e+01
      vertex   1.000000e+01 1.500000e+00 -5.000000e-01
      vertex   1.000000e+01 1.500000e+00 -4.500000e+00
    endloop
  endfacet
  facet normal 1.000000e+00 0.000000e+00 0.000000e+00
    outer loop
      vertex   1.000000e+01 8.500000e+00 -1.000000e+01
      vertex   1.000000e+01 1.500000e+00 -4.500000e+00
      vertex   1.000000e+01 1.500000e+00 -1.000000e+01
    endloop
  endfacet
  facet normal 1.000000e+00 0.000000e+00 -0.000000e+00
    outer loop
      vertex   1.000000e+01 1.500000e+00 -4.500000e+00
      vertex   1.000000e+01 1.500000e+00 -5.000000e-01
      vertex   1.000000e+01 2.000000e-01 -4.500000e+00
    endloop
  endfacet
  facet normal 1.000000e+00 0.000000e+00 0.000000e+00
    outer loop
      vertex   1.000000e+01 2.000000e-01 -4.500000e+00
      vertex   1.000000e+01 1.500000e+00 -5.000000e-01
      vertex   1.000000e+01 2.000000e-01 -5.000000e-01
    endloop
  endfacet
  facet normal 1.000000e+00 0.000000e+00 -0.000000e+00
    outer loop
      vertex   1.000000e+01 2.000000e-01 -4.500000e+00
      vertex   1.000000e+01 2.000000e-01 -5.000000e-01
      vertex   1.000000e+01 0.000000e+00 -4.300000e+00
    endloop
  endfacet
  facet normal 1.000000e+00 0.000000e+00 0.000000e+00
    outer loop
      vertex   1.000000e+01 0.000000e+00 -4.300000e+00
      vertex   1.000000e+01 2.000000e-01 -5.000000e-01
      vertex   1.000000e+01 0.000000e+00 -7.000000e-01
    endloop
  endfacet
  facet normal 1.000000e+00 0.000000e+00 0.000000e+00
    outer loop
      vertex   1.000000e+01 0.000000e+00 -7.000000e-01
      vertex   1.000000e+01 2.000000e-01 -5.000000e-01
      vertex   1.000000e+01 1.482362e-01 -5.068148e-01
    endloop
  endfacet
  facet normal 1.000000e+00 0.000000e+00 0.000000e+00
    outer loop
      vertex   1.000000e+01 0.000000e+00 -7.000000e-01
      vertex   1.000000e+01 1.482362e-01 -5.068148e-01
      vertex   1.000000e+01 1.000000e-01 -5.267949e-01
    endloop
  endfacet
  facet normal 1.000000e+00 0.000000e+00 0.000000e+00
    outer loop
      vertex   1.000000e+01 1.000000e-01 -5.267949e-01
      vertex   1.000000e+01 5.857864e-02 -5.585786e-01
      vertex   1.000000e+01 0.000000e+00 -7.000000e-01
    endloop
  endfacet
  facet normal 1.000000e+00 0.000000e+00 0.000000e+00
    outer loop
      vertex   1.000000e+01 0.000000e+00 -7.000000e-01
      vertex   1.000000e+01 5.857864e-02 -5.585786e-01
      vertex   1.000000e+01 2.679492e-02 -6.000000e-01
    endloop
  endfacet
  facet normal 1.000000e+00 0.000000e+00 0.000000e+00
    outer loop
      vertex   1.000000e+01 0.000000e+00 -7.000000e-01
      vertex   1.000000e+01 2.679492e-02 -6.000000e-01
      vertex   1.000000e+01 6.814835e-03 -6.482362e-01
    endloop
  endfacet
  facet normal 1.000000e+00 -0.000000e+00 -0.000000e+00
    outer loop
      vertex   1.000000e+01 6.814835e-03 -4.351764e+00
      vertex   1.000000e+01 2.679492e-02 -4.400000e+00
      vertex   1.000000e+01 0.000000e+00 -4.300000e+00
    endloop
  endfacet
  facet normal 1.000000e+00 0.000000e+00 0.000000e+00
    outer loop
      vertex   1.000000e+01 0.000000e+00 -4.300000e+00
      vertex   1.000000e+01 2.679492e-02 -4.400000e+00
      vertex   1.000000e+01 5.857864e-02 -4.441421e+00
    endloop
  endfacet
  facet normal 1.000000e+00 0.000000e+00 0.000000e+00
    outer loop
      vertex   1.000000e+01 0.000000e+00 -4.300000e+00
      vertex   1.000000e+01 5.857864e-02 -4.441421e+00
      vertex   1.000000e+01 1.000000e-01 -4.473205e+00
    endloop
  endfacet
  facet normal 1.000000e+00 -0.000000e+00 -0.000000e+00
    outer loop
      vertex   1.000000e+01 1.000000e-01 -4.473205e+00
      vertex   1.000000e+01 1.482362e-01 -4.493185e+00
      vertex   1.000000e+01 0.000000e+00 -4.300000e+00
    endloop
  endfacet
  facet normal 1.000000e+00 0.000000e+00 0.000000e+00
    outer loop
      vertex   1.000000e+01 0.000000e+00 -4.300000e+00
      vertex   1.000000e+01 1.482362e-01 -4.493185e+00
      vertex   1.000000e+01 2.000000e-01 -4.500000e+00
    endloop
  endfacet
  facet normal 0.000000e+00 2.128737e-08 -1.000000e+00
    outer loop
      vertex   1.000000e+01 1.500000e+00 -1.000000e+01
      vertex   9.500000e+00 1.500000e+00 -1.000000e+01
      vertex   1.000000e+01 8.500000e+00 -1.000000e+01
    endloop
  endfacet
  facet normal -1.490116e-08 2.235174e-08 -1.000000e+00
    outer loop
      vertex   1.000000e+01 8.500000e+00 -1.000000e+01
      vertex   9.500000e+00 1.500000e+00 -1.000000e+01
      vertex   5.000000e-01 1.500000e+00 -1.000000e+01
    endloop
  endfacet
  facet normal -2.980232e-08 4.257475e-08 -1.000000e+00
    outer loop
      vertex   1.000000e+01 8.500000e+00 -1.000000e+01
      vertex   5.000000e-01 1.500000e+00 -1.000000e+01
      vertex   -5.000000e-01 1.500000e+00 -1.000000e+01
    endloop
  endfacet
  facet normal -1.490116e-08 -1.146243e-08 -1.000000e+00
    outer loop
      vertex   5.000000e-01 1.500000e+00 -1.000000e+01
      vertex   9.500000e+00 1.500000e+00 -1.000000e+01
      vertex   5.000000e-01 2.000000e-01 -1.000000e+01
    endloop
  endfacet
  facet normal 0.000000e+00 -1.146243e-07 -1.000000e+00
    outer loop
      vertex   5.000000e-01 2.000000e-01 -1.000000e+01
      vertex   9.500000e+00 1.500000e+00 -1.000000e+01
      vertex   9.500000e+00 2.000000e-01 -1.000000e+01
    endloop
  endfacet
  facet normal 0.000000e+00 0.000000e+00 -1.000000e+00
    outer loop
      vertex   5.000000e-01 2.000000e-01 -1.000000e+01
      vertex   9.500000e+00 2.000000e-01 -1.000000e+01
      vertex   7.000000e-01 0.000000e+00 -1.000000e+01
    endloop
  endfacet
  facet normal 0.000000e+00 0.000000e+00 -1.000000e+00
    outer loop
      vertex   7.000000e-01 0.000000e+00 -1.000000e+01
      vertex   9.500000e+00 2.000000e-01 -1.000000e+01
      vertex   9.300000e+00 0.000000e+00 -1.000000e+01
    endloop
  endfacet
  facet normal 0.000000e+00 0.000000e+00 -1.000000e+00
    outer loop
      vertex   9.300000e+00 0.000000e+00 -1.000000e+01
      vertex   9.500000e+00 2.000000e-01 -1.000000e+01
      vertex   9.493185e+00 1.482362e-01 -1.000000e+01
    endloop
  endfacet
  facet normal 0.000000e+00 0.000000e+00 -1.000000e+00
    outer loop
      vertex   9.300000e+00 0.000000e+00 -1.000000e+01
      vertex   9.493185e+00 1.482362e-01 -1.000000e+01
      vertex   9.473205e+00 1.000000e-01 -1.000000e+01
    endloop
  endfacet
  facet normal 0.000000e+00 0.000000e+00 -1.000000e+00
    outer loop
      vertex   9.473205e+00 1.000000e-01 -1.000000e+01
      vertex   9.441422e+00 5.857864e-02 -1.000000e+01
      vertex   9.300000e+00 0.000000e+00 -1.000000e+01
    endloop
  endfacet
  facet normal 0.000000e+00 0.000000e+00 -1.000000e+00
    outer loop
      vertex   9.300000e+00 0.000000e+00 -1.000000e+01
      vertex   9.441422e+00 5.857864e-02 -1.000000e+01
      vertex   9.400000e+00 2.679492e-02 -1.000000e+01
    endloop
  endfacet
  facet normal 0.000000e+00 0.000000e+00 -1.000000e+00
    outer loop
      vertex   9.300000e+00 0.000000e+00 -1.000000e+01
      vertex   9.400000e+00 2.679492e-02 -1.000000e+01
      vertex   9.351764e+00 6.814835e-03 -1.000000e+01
    endloop
  endfacet
  facet normal 0.000000e+00 0.000000e+00 -1.000000e+00
    outer loop
      vertex   6.482362e-01 6.814835e-03 -1.000000e+01
      vertex   6.000000e-01 2.679492e-02 -1.000000e+01
      vertex   7.000000e-01 0.000000e+00 -1.000000e+01
    endloop
  endfacet
  facet normal 0.000000e+00 0.000000e+00 -1.000000e+00
    outer loop
      vertex   7.000000e-01 0.000000e+00 -1.000000e+01
      vertex   6.000000e-01 2.679492e-02 -1.000000e+01
      vertex   5.585786e-01 5.857864e-02 -1.000000e+01
    endloop
  endfacet
  facet normal 0.000000e+00 0.000000e+00 -1.000000e+00
    outer loop
      vertex   7.000000e-01 0.000000e+00 -1.000000e+01
      vertex   5.585786e-01 5.857864e-02 -1.000000e+01
      vertex   5.267949e-01 1.000000e-01 -1.000000e+01
    endloop
  endfacet
  facet normal 0.000000e+00 0.000000e+00 -1.000000e+00
    outer loop
      vertex   5.267949e-01 1.000000e-01 -1.000000e+01
      vertex   5.068148e-01 1.482362e-01 -1.000000e+01
      vertex   7.000000e-01 0.000000e+00 -1.000000e+01
    endloop
  endfacet
  facet normal 0.000000e+00 0.000000e+00 -1.000000e+00
    outer loop
      vertex   7.000000e-01 0.000000e+00 -1.000000e+01
      vertex   5.068148e-01 1.482362e-01 -1.000000e+01
      vertex   5.000000e-01 2.000000e-01 -1.000000e+01
    endloop
  endfacet
  facet normal 0.000000e+00 1.146243e-08 -1.000000e+00
    outer loop
      vertex   -5.000000e-01 2.000000e-01 -1.000000e+01
      vertex   -9.500000e+00 2.000000e-01 -1.000000e+01
      vertex   -5.000000e-01 1.500000e+00 -1.000000e+01
    endloop
  endfacet
  facet normal 1.821253e-08 -1.146243e-07 -1.000000e+00
    outer loop
      vertex   -5.000000e-01 1.500000e+00 -1.000000e+01
      vertex   -9.500000e+00 2.000000e-01 -1.000000e+01
      vertex   -9.500000e+00 1.500000e+00 -1.000000e+01
    endloop
  endfacet
  facet normal 1.821253e-08 -2.944753e-08 -1.000000e+00
    outer loop
      vertex   -5.000000e-01 1.500000e+00 -1.000000e+01
      vertex   -9.500000e+00 1.500000e+00 -1.000000e+01
      vertex   1.000000e+01 8.500000e+00 -1.000000e+01
    endloop
  endfacet
  facet normal 4.967054e-09 7.450581e-09 -1.000000e+00
    outer loop
      vertex   1.000000e+01 8.500000e+00 -1.000000e+01
      vertex   -9.500000e+00 1.500000e+00 -1.000000e+01
      vertex   -2.000000e+01 8.500000e+00 -1.000000e+01
    endloop
  endfacet
  facet normal 0.000000e+00 0.000000e+00 -1.000000e+00
    outer loop
      vertex   -2.000000e+01 8.500000e+00 -1.000000e+01
      vertex   -9.500000e+00 1.500000e+00 -1.000000e+01
      vertex   -1.050000e+01 1.500000e+00 -1.000000e+01
    endloop
  endfacet
  facet normal -1.291742e-08 -1.753078e-08 -1.000000e+00
    outer loop
      vertex   -2.000000e+01 8.500000e+00 -1.000000e+01
      vertex   -1.050000e+01 1.500000e+00 -1.000000e+01
      vertex   -2.000000e+01 0.000000e+00 -1.000000e+01
    endloop
  endfacet
  facet normal 2.413144e-09 -1.146243e-07 -1.000000e+00
    outer loop
      vertex   -2.000000e+01 0.000000e+00 -1.000000e+01
      vertex   -1.050000e+01 1.500000e+00 -1.000000e+01
      vertex   -1.050000e+01 2.000000e-01 -1.000000e+01
    endloop
  endfacet
  facet normal 0.000000e+00 0.000000e+00 -1.000000e+00
    outer loop
      vertex   -2.000000e+01 0.000000e+00 -1.000000e+01
      vertex   -1.050000e+01 2.000000e-01 -1.000000e+01
      vertex   -1.070000e+01 0.000000e+00 -1.000000e+01
    endloop
  endfacet
  facet normal 0.000000e+00 0.000000e+00 -1.000000e+00
    outer loop
      vertex   -1.070000e+01 0.000000e+00 -1.000000e+01
      vertex   -1.050000e+01 2.000000e-01 -1.000000e+01
      vertex   -1.050681e+01 1.482362e-01 -1.000000e+01
    endloop
  endfacet
  facet normal 0.000000e+00 0.000000e+00 -1.000000e+00
    outer loop
      vertex   -1.070000e+01 0.000000e+00 -1.000000e+01
      vertex   -1.050681e+01 1.482362e-01 -1.000000e+01
      vertex   -1.052680e+01 1.000000e-01 -1.000000e+01
    endloop
  endfacet
  facet normal -0.000000e+00 0.000000e+00 -1.000000e+00
    outer loop
      vertex   -5.068148e-01 1.482362e-01 -1.000000e+01
      vertex   -7.000000e-01 0.000000e+00 -1.000000e+01
      vertex   -5.000000e-01 2.000000e-01 -1.000000e+01
    endloop
  endfacet
  facet normal 0.000000e+00 0.000000e+00 -1.000000e+00
    outer loop
      vertex   -5.000000e-01 2.000000e-01 -1.000000e+01
      vertex   -7.000000e-01 0.000000e+00 -1.000000e+01
      vertex   -9.300000e+00 0.000000e+00 -1.000000e+01
    endloop
  endfacet
  facet normal -0.000000e+00 0.000000e+00 -1.000000e+00
    outer loop
      vertex   -5.000000e-01 2.000000e-01 -1.000000e+01
      vertex   -9.300000e+00 0.000000e+00 -1.000000e+01
      vertex   -9.500000e+00 2.000000e-01 -1.000000e+01
    endloop
  endfacet
  facet normal 0.000000e+00 0.000000e+00 -1.000000e+00
    outer loop
      vertex   -9.500000e+00 2.000000e-01 -1.000000e+01
      vertex   -9.300000e+00 0.000000e+00 -1.000000e+01
      vertex   -9.493185e+00 1.482362e-01 -1.000000e+01
    endloop
  endfacet
  facet normal 0.000000e+00 0.000000e+00 -1.000000e+00
    outer loop
      vertex   -9.493185e+00 1.482362e-01 -1.000000e+01
      vertex   -9.300000e+00 0.000000e+00 -1.000000e+01
      vertex   -9.473205e+00 1.000000e-01 -1.000000e+01
    endloop
  endfacet
  facet normal 0.000000e+00 0.000000e+00 -1.000000e+00
    outer loop
      vertex   -9.473205e+00 1.000000e-01 -1.000000e+01
      vertex   -9.300000e+00 0.000000e+00 -1.000000e+01
      vertex   -9.441422e+00 5.857864e-02 -1.000000e+01
    endloop
  endfacet
  facet normal 0.000000e+00 0.000000e+00 -1.000000e+00
    outer loop
      vertex   -9.441422e+00 5.857864e-02 -1.000000e+01
      vertex   -9.300000e+00 0.000000e+00 -1.000000e+01
      vertex   -9.400000e+00 2.679492e-02 -1.000000e+01
    endloop
  endfacet
  facet normal 0.000000e+00 0.000000e+00 -1.000000e+00
    outer loop
      vertex   -9.400000e+00 2.679492e-02 -1.000000e+01
      vertex   -9.300000e+00 0.000000e+00 -1.000000e+01
      vertex   -9.351764e+00 6.814835e-03 -1.000000e+01
    endloop
  endfacet
  facet normal 0.000000e+00 0.000000e+00 -1.000000e+00
    outer loop
      vertex   -5.068148e-01 1.482362e-01 -1.000000e+01
      vertex   -5.267949e-01 1.000000e-01 -1.000000e+01
      vertex   -7.000000e-01 0.000000e+00 -1.000000e+01
    endloop
  endfacet
  facet normal 0.000000e+00 0.000000e+00 -1.000000e+00
    outer loop
      vertex   -7.000000e-01 0.000000e+00 -1.000000e+01
      vertex   -5.267949e-01 1.000000e-01 -1.000000e+01
      vertex   -5.585786e-01 5.857864e-02 -1.000000e+01
    endloop
  endfacet
  facet normal 0.000000e+00 0.000000e+00 -1.000000e+00
    outer loop
      vertex   -7.000000e-01 0.000000e+00 -1.000000e+01
      vertex   -5.585786e-01 5.857864e-02 -1.000000e+01
      vertex   -6.000000e-01 2.679492e-02 -1.000000e+01
    endloop
  endfacet
  facet normal 0.000000e+00 0.000000e+00 -1.000000e+00
    outer loop
      vertex   -6.000000e-01 2.679492e-02 -1.000000e+01
      vertex   -6.482362e-01 6.814835e-03 -1.000000e+01
      vertex   -7.000000e-01 0.000000e+00 -1.000000e+01
    endloop
  endfacet
  facet normal 0.000000e+00 0.000000e+00 -1.000000e+00
    outer loop
      vertex   -1.052680e+01 1.000000e-01 -1.000000e+01
      vertex   -1.055858e+01 5.857864e-02 -1.000000e+01
      vertex   -1.070000e+01 0.000000e+00 -1.000000e+01
    endloop
  endfacet
  facet normal 0.000000e+00 0.000000e+00 -1.000000e+00
    outer loop
      vertex   -1.070000e+01 0.000000e+00 -1.000000e+01
      vertex   -1.055858e+01 5.857864e-02 -1.000000e+01
      vertex   -1.060000e+01 2.679492e-02 -1.000000e+01
    endloop
  endfacet
  facet normal 0.000000e+00 0.000000e+00 -1.000000e+00
    outer loop
      vertex   -1.070000e+01 0.000000e+00 -1.000000e+01
      vertex   -1.060000e+01 2.679492e-02 -1.000000e+01
      vertex   -1.064824e+01 6.814835e-03 -1.000000e+01
    endloop
  endfacet
  facet normal 0.000000e+00 0.000000e+00 -1.000000e+00
    outer loop
      vertex   1.000000e+01 2.000000e-01 -4.500000e+00
      vertex   5.500000e+00 2.000000e-01 -4.500000e+00
      vertex   1.000000e+01 1.500000e+00 -4.500000e+00
    endloop
  endfacet
  facet normal -0.000000e+00 0.000000e+00 -1.000000e+00
    outer loop
      vertex   1.000000e+01 1.500000e+00 -4.500000e+00
      vertex   5.500000e+00 2.000000e-01 -4.500000e+00
      vertex   5.500000e+00 1.500000e+00 -4.500000e+00
    endloop
  endfacet
  facet normal -0.000000e+00 -1.305262e-01 -9.914449e-01
    outer loop
      vertex   1.000000e+01 1.482362e-01 -4.493185e+00
      vertex   8.875000e+00 1.482362e-01 -4.493185e+00
      vertex   1.000000e+01 2.000000e-01 -4.500000e+00
    endloop
  endfacet
  facet normal 0.000000e+00 -1.305262e-01 -9.914449e-01
    outer loop
      vertex   1.000000e+01 2.000000e-01 -4.500000e+00
      vertex   8.875000e+00 1.482362e-01 -4.493185e+00
      vertex   7.750000e+00 1.482362e-01 -4.493185e+00
    endloop
  endfacet
  facet normal 4.386325e-04 -1.492439e-01 -9.888003e-01
    outer loop
      vertex   1.000000e+01 2.000000e-01 -4.500000e+00
      vertex   7.750000e+00 1.482362e-01 -4.493185e+00
      vertex   5.500963e+00 1.803966e-01 -4.499037e+00
    endloop
  endfacet
  facet normal -4.422369e-18 -1.790169e-01 -9.838460e-01
    outer loop
      vertex   5.500963e+00 1.803966e-01 -4.499037e+00
      vertex   7.750000e+00 1.482362e-01 -4.493185e+00
      vertex   6.625000e+00 1.482362e-01 -4.493185e+00
    endloop
  endfacet
  facet normal 9.555877e-04 -1.465917e-01 -9.891966e-01
    outer loop
      vertex   5.500963e+00 1.803966e-01 -4.499037e+00
      vertex   6.625000e+00 1.482362e-01 -4.493185e+00
      vertex   5.503843e+00 1.609819e-01 -4.496157e+00
    endloop
  endfacet
  facet normal -7.660622e-04 -2.904974e-01 -9.568755e-01
    outer loop
      vertex   5.503843e+00 1.609819e-01 -4.496157e+00
      vertex   6.625000e+00 1.482362e-01 -4.493185e+00
      vertex   5.515224e+00 1.234633e-01 -4.484776e+00
    endloop
  endfacet
  facet normal 1.541776e-03 -3.826830e-01 -9.238784e-01
    outer loop
      vertex   5.515224e+00 1.234633e-01 -4.484776e+00
      vertex   6.625000e+00 1.482362e-01 -4.493185e+00
      vertex   6.625000e+00 1.000000e-01 -4.473205e+00
    endloop
  endfacet
  facet normal -7.799642e-04 -4.717208e-01 -8.817476e-01
    outer loop
      vertex   5.515224e+00 1.234633e-01 -4.484776e+00
      vertex   6.625000e+00 1.000000e-01 -4.473205e+00
      vertex   5.533706e+00 8.888595e-02 -4.466294e+00
    endloop
  endfacet
  facet normal 1.175496e-03 -6.087610e-01 -7.933528e-01
    outer loop
      vertex   5.533706e+00 8.888595e-02 -4.466294e+00
      vertex   6.625000e+00 1.000000e-01 -4.473205e+00
      vertex   6.625000e+00 5.857864e-02 -4.441421e+00
    endloop
  endfacet
  facet normal 7.260682e-17 -6.343933e-01 -7.730105e-01
    outer loop
      vertex   5.533706e+00 8.888595e-02 -4.466294e+00
      vertex   6.625000e+00 5.857864e-02 -4.441421e+00
      vertex   5.558579e+00 5.857864e-02 -4.441421e+00
    endloop
  endfacet
  facet normal 8.550582e-17 -7.730105e-01 -6.343933e-01
    outer loop
      vertex   5.558579e+00 5.857864e-02 -4.441421e+00
      vertex   6.625000e+00 5.857864e-02 -4.441421e+00
      vertex   5.588886e+00 3.370608e-02 -4.411114e+00
    endloop
  endfacet
  facet normal 1.238099e-03 -7.933527e-01 -6.087610e-01
    outer loop
      vertex   5.588886e+00 3.370608e-02 -4.411114e+00
      vertex   6.625000e+00 5.857864e-02 -4.441421e+00
      vertex   6.625000e+00 2.679492e-02 -4.400000e+00
    endloop
  endfacet
  facet normal -8.354231e-04 -8.822680e-01 -4.707467e-01
    outer loop
      vertex   5.588886e+00 3.370608e-02 -4.411114e+00
      vertex   6.625000e+00 2.679492e-02 -4.400000e+00
      vertex   5.623463e+00 1.522409e-02 -4.376537e+00
    endloop
  endfacet
  facet normal 1.708400e-03 -9.238782e-01 -3.826829e-01
    outer loop
      vertex   5.623463e+00 1.522409e-02 -4.376537e+00
      vertex   6.625000e+00 2.679492e-02 -4.400000e+00
      vertex   6.625000e+00 6.814835e-03 -4.351764e+00
    endloop
  endfacet
  facet normal -8.765572e-04 -9.571831e-01 -2.894818e-01
    outer loop
      vertex   5.623463e+00 1.522409e-02 -4.376537e+00
      vertex   6.625000e+00 6.814835e-03 -4.351764e+00
      vertex   5.660982e+00 3.842944e-03 -4.339018e+00
    endloop
  endfacet
  facet normal 1.748612e-03 -9.950111e-01 -9.974865e-02
    outer loop
      vertex   5.660982e+00 3.842944e-03 -4.339018e+00
      vertex   6.625000e+00 6.814835e-03 -4.351764e+00
      vertex   5.700000e+00 0.000000e+00 -4.300000e+00
    endloop
  endfacet
  facet normal -7.198876e-17 -9.914449e-01 -1.305262e-01
    outer loop
      vertex   5.700000e+00 0.000000e+00 -4.300000e+00
      vertex   6.625000e+00 6.814835e-03 -4.351764e+00
      vertex   7.750000e+00 6.814835e-03 -4.351764e+00
    endloop
  endfacet
  facet normal 2.696059e-17 -9.914449e-01 -1.305262e-01
    outer loop
      vertex   5.700000e+00 0.000000e+00 -4.300000e+00
      vertex   7.750000e+00 6.814835e-03 -4.351764e+00
      vertex   1.000000e+01 0.000000e+00 -4.300000e+00
    endloop
  endfacet
  facet normal 3.045678e-17 -9.914449e-01 -1.305262e-01
    outer loop
      vertex   1.000000e+01 0.000000e+00 -4.300000e+00
      vertex   7.750000e+00 6.814835e-03 -4.351764e+00
      vertex   8.875000e+00 6.814835e-03 -4.351764e+00
    endloop
  endfacet
  facet normal -9.137035e-17 -9.914449e-01 -1.305262e-01
    outer loop
      vertex   1.000000e+01 0.000000e+00 -4.300000e+00
      vertex   8.875000e+00 6.814835e-03 -4.351764e+00
      vertex   1.000000e+01 6.814835e-03 -4.351764e+00
    endloop
  endfacet
  facet normal -8.547603e-17 -9.238795e-01 -3.826834e-01
    outer loop
      vertex   1.000000e+01 6.814835e-03 -4.351764e+00
      vertex   8.875000e+00 6.814835e-03 -4.351764e+00
      vertex   1.000000e+01 2.679492e-02 -4.400000e+00
    endloop
  endfacet
  facet normal -2.849201e-17 -9.238795e-01 -3.826834e-01
    outer loop
      vertex   1.000000e+01 2.679492e-02 -4.400000e+00
      vertex   8.875000e+00 6.814835e-03 -4.351764e+00
      vertex   8.875000e+00 2.679492e-02 -4.400000e+00
    endloop
  endfacet
  facet normal -2.446664e-17 -7.933533e-01 -6.087614e-01
    outer loop
      vertex   1.000000e+01 2.679492e-02 -4.400000e+00
      vertex   8.875000e+00 2.679492e-02 -4.400000e+00
      vertex   1.000000e+01 5.857864e-02 -4.441421e+00
    endloop
  endfacet
  facet normal -7.829326e-17 -7.933533e-01 -6.087614e-01
    outer loop
      vertex   1.000000e+01 5.857864e-02 -4.441421e+00
      vertex   8.875000e+00 2.679492e-02 -4.400000e+00
      vertex   8.875000e+00 5.857864e-02 -4.441421e+00
    endloop
  endfacet
  facet normal -6.007653e-17 -6.087614e-01 -7.933533e-01
    outer loop
      vertex   1.000000e+01 5.857864e-02 -4.441421e+00
      vertex   8.875000e+00 5.857864e-02 -4.441421e+00
      vertex   1.000000e+01 1.000000e-01 -4.473205e+00
    endloop
  endfacet
  facet normal 5.256696e-17 -6.087614e-01 -7.933533e-01
    outer loop
      vertex   1.000000e+01 1.000000e-01 -4.473205e+00
      vertex   8.875000e+00 5.857864e-02 -4.441421e+00
      vertex   8.875000e+00 1.000000e-01 -4.473205e+00
    endloop
  endfacet
  facet normal 3.304497e-17 -3.826834e-01 -9.238795e-01
    outer loop
      vertex   1.000000e+01 1.000000e-01 -4.473205e+00
      vertex   8.875000e+00 1.000000e-01 -4.473205e+00
      vertex   1.000000e+01 1.482362e-01 -4.493185e+00
    endloop
  endfacet
  facet normal -0.000000e+00 -3.826834e-01 -9.238795e-01
    outer loop
      vertex   1.000000e+01 1.482362e-01 -4.493185e+00
      vertex   8.875000e+00 1.000000e-01 -4.473205e+00
      vertex   8.875000e+00 1.482362e-01 -4.493185e+00
    endloop
  endfacet
  facet normal 0.000000e+00 -4.906767e-02 -9.987955e-01
    outer loop
      vertex   5.500963e+00 1.803966e-01 -4.499037e+00
      vertex   5.500000e+00 2.000000e-01 -4.500000e+00
      vertex   1.000000e+01 2.000000e-01 -4.500000e+00
    endloop
  endfacet
  facet normal -9.229328e-18 -3.826834e-01 -9.238795e-01
    outer loop
      vertex   6.625000e+00 1.000000e-01 -4.473205e+00
      vertex   6.625000e+00 1.482362e-01 -4.493185e+00
      vertex   7.750000e+00 1.482362e-01 -4.493185e+00
    endloop
  endfacet
  facet normal 0.000000e+00 -3.826834e-01 -9.238795e-01
    outer loop
      vertex   7.750000e+00 1.482362e-01 -4.493185e+00
      vertex   8.875000e+00 1.482362e-01 -4.493185e+00
      vertex   7.750000e+00 1.000000e-01 -4.473205e+00
    endloop
  endfacet
  facet normal -9.441421e-18 -3.826834e-01 -9.238795e-01
    outer loop
      vertex   7.750000e+00 1.000000e-01 -4.473205e+00
      vertex   8.875000e+00 1.482362e-01 -4.493185e+00
      vertex   8.875000e+00 1.000000e-01 -4.473205e+00
    endloop
  endfacet
  facet normal -1.501913e-17 -6.087614e-01 -7.933533e-01
    outer loop
      vertex   7.750000e+00 1.000000e-01 -4.473205e+00
      vertex   8.875000e+00 1.000000e-01 -4.473205e+00
      vertex   7.750000e+00 5.857864e-02 -4.441421e+00
    endloop
  endfacet
  facet normal -4.505740e-17 -6.087614e-01 -7.933533e-01
    outer loop
      vertex   7.750000e+00 5.857864e-02 -4.441421e+00
      vertex   8.875000e+00 1.000000e-01 -4.473205e+00
      vertex   8.875000e+00 5.857864e-02 -4.441421e+00
    endloop
  endfacet
  facet normal -5.871994e-17 -7.933533e-01 -6.087614e-01
    outer loop
      vertex   7.750000e+00 5.857864e-02 -4.441421e+00
      vertex   8.875000e+00 5.857864e-02 -4.441421e+00
      vertex   7.750000e+00 2.679492e-02 -4.400000e+00
    endloop
  endfacet
  facet normal 2.446664e-17 -7.933533e-01 -6.087614e-01
    outer loop
      vertex   7.750000e+00 2.679492e-02 -4.400000e+00
      vertex   8.875000e+00 5.857864e-02 -4.441421e+00
      vertex   8.875000e+00 2.679492e-02 -4.400000e+00
    endloop
  endfacet
  facet normal 2.849201e-17 -9.238795e-01 -3.826834e-01
    outer loop
      vertex   7.750000e+00 2.679492e-02 -4.400000e+00
      vertex   8.875000e+00 2.679492e-02 -4.400000e+00
      vertex   7.750000e+00 6.814835e-03 -4.351764e+00
    endloop
  endfacet
  facet normal 2.849201e-17 -9.238795e-01 -3.826834e-01
    outer loop
      vertex   7.750000e+00 6.814835e-03 -4.351764e+00
      vertex   8.875000e+00 2.679492e-02 -4.400000e+00
      vertex   8.875000e+00 6.814835e-03 -4.351764e+00
    endloop
  endfacet
  facet normal -1.476693e-17 -6.087614e-01 -7.933533e-01
    outer loop
      vertex   6.625000e+00 5.857864e-02 -4.441421e+00
      vertex   6.625000e+00 1.000000e-01 -4.473205e+00
      vertex   7.750000e+00 1.000000e-01 -4.473205e+00
    endloop
  endfacet
  facet normal -9.441421e-18 -3.826834e-01 -9.238795e-01
    outer loop
      vertex   7.750000e+00 1.000000e-01 -4.473205e+00
      vertex   6.625000e+00 1.000000e-01 -4.473205e+00
      vertex   7.750000e+00 1.482362e-01 -4.493185e+00
    endloop
  endfacet
  facet normal -4.881218e-17 -6.087614e-01 -7.933533e-01
    outer loop
      vertex   6.625000e+00 5.857864e-02 -4.441421e+00
      vertex   7.750000e+00 1.000000e-01 -4.473205e+00
      vertex   7.750000e+00 5.857864e-02 -4.441421e+00
    endloop
  endfacet
  facet normal -6.275943e-17 -7.933533e-01 -6.087614e-01
    outer loop
      vertex   6.625000e+00 2.679492e-02 -4.400000e+00
      vertex   6.625000e+00 5.857864e-02 -4.441421e+00
      vertex   7.750000e+00 5.857864e-02 -4.441421e+00
    endloop
  endfacet
  facet normal 0.000000e+00 -7.933533e-01 -6.087614e-01
    outer loop
      vertex   6.625000e+00 2.679492e-02 -4.400000e+00
      vertex   7.750000e+00 5.857864e-02 -4.441421e+00
      vertex   7.750000e+00 2.679492e-02 -4.400000e+00
    endloop
  endfacet
  facet normal 0.000000e+00 -9.238795e-01 -3.826834e-01
    outer loop
      vertex   6.625000e+00 6.814835e-03 -4.351764e+00
      vertex   6.625000e+00 2.679492e-02 -4.400000e+00
      vertex   7.750000e+00 2.679492e-02 -4.400000e+00
    endloop
  endfacet
  facet normal -2.736335e-16 -9.238795e-01 -3.826834e-01
    outer loop
      vertex   6.625000e+00 6.814835e-03 -4.351764e+00
      vertex   7.750000e+00 2.679492e-02 -4.400000e+00
      vertex   7.750000e+00 6.814835e-03 -4.351764e+00
    endloop
  endfacet
  facet normal 4.376094e-09 2.692981e-08 1.000000e+00
    outer loop
      vertex   -6.500000e+00 8.500000e+00 1.000000e+01
      vertex   -1.450000e+01 1.500000e+00 1.000000e+01
      vertex   -6.500000e+00 2.000000e-01 1.000000e+01
    endloop
  endfacet
  facet normal 0.000000e+00 0.000000e+00 1.000000e+00
    outer loop
      vertex   -6.500000e+00 2.000000e-01 1.000000e+01
      vertex   -1.450000e+01 1.500000e+00 1.000000e+01
      vertex   -6.700000e+00 0.000000e+00 1.000000e+01
    endloop
  endfacet
  facet normal 0.000000e+00 0.000000e+00 1.000000e+00
    outer loop
      vertex   -6.500000e+00 2.000000e-01 1.000000e+01
      vertex   -6.700000e+00 0.000000e+00 1.000000e+01
      vertex   -6.648236e+00 6.814835e-03 1.000000e+01
    endloop
  endfacet
  facet normal 4.605263e-08 -2.070052e-08 1.000000e+00
    outer loop
      vertex   -6.500000e+00 8.500000e+00 1.000000e+01
      vertex   -1.458920e+01 8.500000e+00 1.000000e+01
      vertex   -1.450000e+01 1.500000e+00 1.000000e+01
    endloop
  endfacet
  facet normal 0.000000e+00 -2.128737e-08 1.000000e+00
    outer loop
      vertex   -1.450000e+01 1.500000e+00 1.000000e+01
      vertex   -1.458920e+01 8.500000e+00 1.000000e+01
      vertex   -1.458920e+01 1.500000e+00 1.000000e+01
    endloop
  endfacet
  facet normal 0.000000e+00 0.000000e+00 1.000000e+00
    outer loop
      vertex   -6.700000e+00 0.000000e+00 1.000000e+01
      vertex   -1.450000e+01 1.500000e+00 1.000000e+01
      vertex   -1.430000e+01 0.000000e+00 1.000000e+01
    endloop
  endfacet
  facet normal 0.000000e+00 0.000000e+00 1.000000e+00
    outer loop
      vertex   -1.430000e+01 0.000000e+00 1.000000e+01
      vertex   -1.450000e+01 1.500000e+00 1.000000e+01
      vertex   -1.450000e+01 2.000000e-01 1.000000e+01
    endloop
  endfacet
  facet normal 0.000000e+00 0.000000e+00 1.000000e+00
    outer loop
      vertex   -1.430000e+01 0.000000e+00 1.000000e+01
      vertex   -1.450000e+01 2.000000e-01 1.000000e+01
      vertex   -1.435176e+01 6.814835e-03 1.000000e+01
    endloop
  endfacet
  facet normal 0.000000e+00 0.000000e+00 1.000000e+00
    outer loop
      vertex   -1.435176e+01 6.814835e-03 1.000000e+01
      vertex   -1.450000e+01 2.000000e-01 1.000000e+01
      vertex   -1.440000e+01 2.679492e-02 1.000000e+01
    endloop
  endfacet
  facet normal 0.000000e+00 0.000000e+00 1.000000e+00
    outer loop
      vertex   -1.440000e+01 2.679492e-02 1.000000e+01
      vertex   -1.450000e+01 2.000000e-01 1.000000e+01
      vertex   -1.444142e+01 5.857864e-02 1.000000e+01
    endloop
  endfacet
  facet normal 0.000000e+00 0.000000e+00 1.000000e+00
    outer loop
      vertex   -1.444142e+01 5.857864e-02 1.000000e+01
      vertex   -1.450000e+01 2.000000e-01 1.000000e+01
      vertex   -1.447321e+01 1.000000e-01 1.000000e+01
    endloop
  endfacet
  facet normal 0.000000e+00 0.000000e+00 1.000000e+00
    outer loop
      vertex   -1.447321e+01 1.000000e-01 1.000000e+01
      vertex   -1.450000e+01 2.000000e-01 1.000000e+01
      vertex   -1.449319e+01 1.482362e-01 1.000000e+01
    endloop
  endfacet
  facet normal 0.000000e+00 0.000000e+00 1.000000e+00
    outer loop
      vertex   -6.648236e+00 6.814835e-03 1.000000e+01
      vertex   -6.600000e+00 2.679492e-02 1.000000e+01
      vertex   -6.500000e+00 2.000000e-01 1.000000e+01
    endloop
  endfacet
  facet normal 0.000000e+00 0.000000e+00 1.000000e+00
    outer loop
      vertex   -6.500000e+00 2.000000e-01 1.000000e+01
      vertex   -6.600000e+00 2.679492e-02 1.000000e+01
      vertex   -6.558579e+00 5.857864e-02 1.000000e+01
    endloop
  endfacet
  facet normal 0.000000e+00 0.000000e+00 1.000000e+00
    outer loop
      vertex   -6.500000e+00 2.000000e-01 1.000000e+01
      vertex   -6.558579e+00 5.857864e-02 1.000000e+01
      vertex   -6.526795e+00 1.000000e-01 1.000000e+01
    endloop
  endfacet
  facet normal 0.000000e+00 0.000000e+00 1.000000e+00
    outer loop
      vertex   -6.526795e+00 1.000000e-01 1.000000e+01
      vertex   -6.506815e+00 1.482362e-01 1.000000e+01
      vertex   -6.500000e+00 2.000000e-01 1.000000e+01
    endloop
  endfacet
  facet normal -1.000000e+00 0.000000e+00 -0.000000e+00
    outer loop
      vertex   -1.458920e+01 8.500000e+00 1.000000e+01
      vertex   -1.458920e+01 8.500000e+00 4.737730e+00
      vertex   -1.458920e+01 1.500000e+00 1.000000e+01
    endloop
  endfacet
  facet normal -1.000000e+00 0.000000e+00 0.000000e+00
    outer loop
      vertex   -1.458920e+01 1.500000e+00 1.000000e+01
      vertex   -1.458920e+01 8.500000e+00 4.737730e+00
      vertex   -1.458920e+01 1.500000e+00 4.737730e+00
    endloop
  endfacet
  facet normal -1.000000e+00 -2.668620e-08 2.022179e-08
    outer loop
      vertex   -2.000000e+01 8.500000e+00 -1.000000e+01
      vertex   -2.000000e+01 1.500000e+00 -4.500000e+00
      vertex   -2.000000e+01 8.500000e+00 4.737730e+00
    endloop
  endfacet
  facet normal -1.000000e+00 0.000000e+00 0.000000e+00
    outer loop
      vertex   -2.000000e+01 8.500000e+00 4.737730e+00
      vertex   -2.000000e+01 1.500000e+00 -4.500000e+00
      vertex   -2.000000e+01 1.500000e+00 -5.000000e-01
    endloop
  endfacet
  facet normal -1.000000e+00 0.000000e+00 0.000000e+00
    outer loop
      vertex   -2.000000e+01 8.500000e+00 4.737730e+00
      vertex   -2.000000e+01 1.500000e+00 -5.000000e-01
      vertex   -2.000000e+01 1.500000e+00 5.000000e-01
    endloop
  endfacet
  facet normal -1.000000e+00 -4.257475e-08 -0.000000e+00
    outer loop
      vertex   -2.000000e+01 1.500000e+00 -4.500000e+00
      vertex   -2.000000e+01 8.500000e+00 -1.000000e+01
      vertex   -2.000000e+01 1.500000e+00 -5.500000e+00
    endloop
  endfacet
  facet normal -1.000000e+00 -3.506156e-08 1.168719e-08
    outer loop
      vertex   -2.000000e+01 1.500000e+00 -5.500000e+00
      vertex   -2.000000e+01 8.500000e+00 -1.000000e+01
      vertex   -2.000000e+01 0.000000e+00 -1.000000e+01
    endloop
  endfacet
  facet normal -1.000000e+00 -0.000000e+00 0.000000e+00
    outer loop
      vertex   -2.000000e+01 1.500000e+00 -5.500000e+00
      vertex   -2.000000e+01 0.000000e+00 -1.000000e+01
      vertex   -2.000000e+01 2.000000e-01 -5.500000e+00
    endloop
  endfacet
  facet normal -1.000000e+00 0.000000e+00 0.000000e+00
    outer loop
      vertex   -2.000000e+01 2.000000e-01 -5.500000e+00
      vertex   -2.000000e+01 0.000000e+00 -1.000000e+01
      vertex   -2.000000e+01 0.000000e+00 -5.700000e+00
    endloop
  endfacet
  facet normal -1.000000e+00 0.000000e+00 0.000000e+00
    outer loop
      vertex   -2.000000e+01 2.000000e-01 -5.500000e+00
      vertex   -2.000000e+01 0.000000e+00 -5.700000e+00
      vertex   -2.000000e+01 1.482362e-01 -5.506815e+00
    endloop
  endfacet
  facet normal -1.000000e+00 0.000000e+00 0.000000e+00
    outer loop
      vertex   -2.000000e+01 1.482362e-01 -5.506815e+00
      vertex   -2.000000e+01 0.000000e+00 -5.700000e+00
      vertex   -2.000000e+01 1.000000e-01 -5.526795e+00
    endloop
  endfacet
  facet normal -1.000000e+00 0.000000e+00 0.000000e+00
    outer loop
      vertex   -2.000000e+01 1.000000e-01 -5.526795e+00
      vertex   -2.000000e+01 0.000000e+00 -5.700000e+00
      vertex   -2.000000e+01 5.857864e-02 -5.558579e+00
    endloop
  endfacet
  facet normal -1.000000e+00 0.000000e+00 0.000000e+00
    outer loop
      vertex   -2.000000e+01 5.857864e-02 -5.558579e+00
      vertex   -2.000000e+01 0.000000e+00 -5.700000e+00
      vertex   -2.000000e+01 2.679492e-02 -5.600000e+00
    endloop
  endfacet
  facet normal -1.000000e+00 0.000000e+00 0.000000e+00
    outer loop
      vertex   -2.000000e+01 2.679492e-02 -5.600000e+00
      vertex   -2.000000e+01 0.000000e+00 -5.700000e+00
      vertex   -2.000000e+01 6.814835e-03 -5.648236e+00
    endloop
  endfacet
  facet normal -1.000000e+00 0.000000e+00 -0.000000e+00
    outer loop
      vertex   -2.000000e+01 1.500000e+00 -5.000000e-01
      vertex   -2.000000e+01 1.500000e+00 -4.500000e+00
      vertex   -2.000000e+01 2.000000e-01 -5.000000e-01
    endloop
  endfacet
  facet normal -1.000000e+00 0.000000e+00 0.000000e+00
    outer loop
      vertex   -2.000000e+01 2.000000e-01 -5.000000e-01
      vertex   -2.000000e+01 1.500000e+00 -4.500000e+00
      vertex   -2.000000e+01 2.000000e-01 -4.500000e+00
    endloop
  endfacet
  facet normal -1.000000e+00 0.000000e+00 -0.000000e+00
    outer loop
      vertex   -2.000000e+01 2.000000e-01 -5.000000e-01
      vertex   -2.000000e+01 2.000000e-01 -4.500000e+00
      vertex   -2.000000e+01 0.000000e+00 -7.000000e-01
    endloop
  endfacet
  facet normal -1.000000e+00 0.000000e+00 0.000000e+00
    outer loop
      vertex   -2.000000e+01 0.000000e+00 -7.000000e-01
      vertex   -2.000000e+01 2.000000e-01 -4.500000e+00
      vertex   -2.000000e+01 0.000000e+00 -4.300000e+00
    endloop
  endfacet
  facet normal -1.000000e+00 0.000000e+00 0.000000e+00
    outer loop
      vertex   -2.000000e+01 0.000000e+00 -4.300000e+00
      vertex   -2.000000e+01 2.000000e-01 -4.500000e+00
      vertex   -2.000000e+01 1.482362e-01 -4.493185e+00
    endloop
  endfacet
  facet normal -1.000000e+00 0.000000e+00 0.000000e+00
    outer loop
      vertex   -2.000000e+01 0.000000e+00 -4.300000e+00
      vertex   -2.000000e+01 1.482362e-01 -4.493185e+00
      vertex   -2.000000e+01 1.000000e-01 -4.473205e+00
    endloop
  endfacet
  facet normal -1.000000e+00 0.000000e+00 0.000000e+00
    outer loop
      vertex   -2.000000e+01 1.000000e-01 -4.473205e+00
      vertex   -2.000000e+01 5.857864e-02 -4.441421e+00
      vertex   -2.000000e+01 0.000000e+00 -4.300000e+00
    endloop
  endfacet
  facet normal -1.000000e+00 0.000000e+00 0.000000e+00
    outer loop
      vertex   -2.000000e+01 0.000000e+00 -4.300000e+00
      vertex   -2.000000e+01 5.857864e-02 -4.441421e+00
      vertex   -2.000000e+01 2.679492e-02 -4.400000e+00
    endloop
  endfacet
  facet normal -1.000000e+00 0.000000e+00 0.000000e+00
    outer loop
      vertex   -2.000000e+01 0.000000e+00 -4.300000e+00
      vertex   -2.000000e+01 2.679492e-02 -4.400000e+00
      vertex   -2.000000e+01 6.814835e-03 -4.351764e+00
    endloop
  endfacet
  facet normal -1.000000e+00 0.000000e+00 -0.000000e+00
    outer loop
      vertex   -2.000000e+01 6.814835e-03 -6.482362e-01
      vertex   -2.000000e+01 2.679492e-02 -6.000000e-01
      vertex   -2.000000e+01 0.000000e+00 -7.000000e-01
    endloop
  endfacet
  facet normal -1.000000e+00 0.000000e+00 0.000000e+00
    outer loop
      vertex   -2.000000e+01 0.000000e+00 -7.000000e-01
      vertex   -2.000000e+01 2.679492e-02 -6.000000e-01
      vertex   -2.000000e+01 5.857864e-02 -5.585786e-01
    endloop
  endfacet
  facet normal -1.000000e+00 0.000000e+00 0.000000e+00
    outer loop
      vertex   -2.000000e+01 0.000000e+00 -7.000000e-01
      vertex   -2.000000e+01 5.857864e-02 -5.585786e-01
      vertex   -2.000000e+01 1.000000e-01 -5.267949e-01
    endloop
  endfacet
  facet normal -1.000000e+00 0.000000e+00 -0.000000e+00
    outer loop
      vertex   -2.000000e+01 1.000000e-01 -5.267949e-01
      vertex   -2.000000e+01 1.482362e-01 -5.068148e-01
      vertex   -2.000000e+01 0.000000e+00 -7.000000e-01
    endloop
  endfacet
  facet normal -1.000000e+00 0.000000e+00 0.000000e+00
    outer loop
      vertex   -2.000000e+01 0.000000e+00 -7.000000e-01
      vertex   -2.000000e+01 1.482362e-01 -5.068148e-01
      vertex   -2.000000e+01 2.000000e-01 -5.000000e-01
    endloop
  endfacet
  facet normal -1.000000e+00 0.000000e+00 0.000000e+00
    outer loop
      vertex   -2.000000e+01 2.000000e-01 5.000000e-01
      vertex   -2.000000e+01 2.000000e-01 4.500000e+00
      vertex   -2.000000e+01 1.500000e+00 5.000000e-01
    endloop
  endfacet
  facet normal -1.000000e+00 0.000000e+00 0.000000e+00
    outer loop
      vertex   -2.000000e+01 1.500000e+00 5.000000e-01
      vertex   -2.000000e+01 2.000000e-01 4.500000e+00
      vertex   -2.000000e+01 1.500000e+00 4.500000e+00
    endloop
  endfacet
  facet normal -1.000000e+00 0.000000e+00 0.000000e+00
    outer loop
      vertex   -2.000000e+01 1.500000e+00 5.000000e-01
      vertex   -2.000000e+01 1.500000e+00 4.500000e+00
      vertex   -2.000000e+01 8.500000e+00 4.737730e+00
    endloop
  endfacet
  facet normal -1.000000e+00 -0.000000e+00 0.000000e+00
    outer loop
      vertex   -2.000000e+01 8.500000e+00 4.737730e+00
      vertex   -2.000000e+01 1.500000e+00 4.500000e+00
      vertex   -2.000000e+01 1.500000e+00 4.737730e+00
    endloop
  endfacet
  facet normal -1.000000e+00 0.000000e+00 0.000000e+00
    outer loop
      vertex   -2.000000e+01 1.482362e-01 5.068148e-01
      vertex   -2.000000e+01 0.000000e+00 7.000000e-01
      vertex   -2.000000e+01 2.000000e-01 5.000000e-01
    endloop
  endfacet
  facet normal -1.000000e+00 0.000000e+00 0.000000e+00
    outer loop
      vertex   -2.000000e+01 2.000000e-01 5.000000e-01
      vertex   -2.000000e+01 0.000000e+00 7.000000e-01
      vertex   -2.000000e+01 0.000000e+00 4.300000e+00
    endloop
  endfacet
  facet normal -1.000000e+00 0.000000e+00 0.000000e+00
    outer loop
      vertex   -2.000000e+01 2.000000e-01 5.000000e-01
      vertex   -2.000000e+01 0.000000e+00 4.300000e+00
      vertex   -2.000000e+01 2.000000e-01 4.500000e+00
    endloop
  endfacet
  facet normal -1.000000e+00 0.000000e+00 0.000000e+00
    outer loop
      vertex   -2.000000e+01 2.000000e-01 4.500000e+00
      vertex   -2.000000e+01 0.000000e+00 4.300000e+00
      vertex   -2.000000e+01 1.482362e-01 4.493185e+00
    endloop
  endfacet
  facet normal -1.000000e+00 0.000000e+00 0.000000e+00
    outer loop
      vertex   -2.000000e+01 1.482362e-01 4.493185e+00
      vertex   -2.000000e+01 0.000000e+00 4.300000e+00
      vertex   -2.000000e+01 1.000000e-01 4.473205e+00
    endloop
  endfacet
  facet normal -1.000000e+00 0.000000e+00 0.000000e+00
    outer loop
      vertex   -2.000000e+01 1.000000e-01 4.473205e+00
      vertex   -2.000000e+01 0.000000e+00 4.300000e+00
      vertex   -2.000000e+01 5.857864e-02 4.441421e+00
    endloop
  endfacet
  facet normal -1.000000e+00 0.000000e+00 0.000000e+00
    outer loop
      vertex   -2.000000e+01 5.857864e-02 4.441421e+00
      vertex   -2.000000e+01 0.000000e+00 4.300000e+00
      vertex   -2.000000e+01 2.679492e-02 4.400000e+00
    endloop
  endfacet
  facet normal -1.000000e+00 0.000000e+00 0.000000e+00
    outer loop
      vertex   -2.000000e+01 2.679492e-02 4.400000e+00
      vertex   -2.000000e+01 0.000000e+00 4.300000e+00
      vertex   -2.000000e+01 6.814835e-03 4.351764e+00
    endloop
  endfacet
  facet normal -1.000000e+00 0.000000e+00 0.000000e+00
    outer loop
      vertex   -2.000000e+01 1.482362e-01 5.068148e-01
      vertex   -2.000000e+01 1.000000e-01 5.267949e-01
      vertex   -2.000000e+01 0.000000e+00 7.000000e-01
    endloop
  endfacet
  facet normal -1.000000e+00 0.000000e+00 0.000000e+00
    outer loop
      vertex   -2.000000e+01 0.000000e+00 7.000000e-01
      vertex   -2.000000e+01 1.000000e-01 5.267949e-01
      vertex   -2.000000e+01 5.857864e-02 5.585786e-01
    endloop
  endfacet
  facet normal -1.000000e+00 0.000000e+00 0.000000e+00
    outer loop
      vertex   -2.000000e+01 0.000000e+00 7.000000e-01
      vertex   -2.000000e+01 5.857864e-02 5.585786e-01
      vertex   -2.000000e+01 2.679492e-02 6.000000e-01
    endloop
  endfacet
  facet normal -1.000000e+00 0.000000e+00 0.000000e+00
    outer loop
      vertex   -2.000000e+01 2.679492e-02 6.000000e-01
      vertex   -2.000000e+01 6.814835e-03 6.482362e-01
      vertex   -2.000000e+01 0.000000e+00 7.000000e-01
    endloop
  endfacet
  facet normal 0.000000e+00 0.000000e+00 1.000000e+00
    outer loop
      vertex   -2.000000e+01 1.500000e+00 4.737730e+00
      vertex   -1.458920e+01 1.500000e+00 4.737730e+00
      vertex   -2.000000e+01 8.500000e+00 4.737730e+00
    endloop
  endfacet
  facet normal -0.000000e+00 0.000000e+00 1.000000e+00
    outer loop
      vertex   -2.000000e+01 8.500000e+00 4.737730e+00
      vertex   -1.458920e+01 1.500000e+00 4.737730e+00
      vertex   -1.458920e+01 8.500000e+00 4.737730e+00
    endloop
  endfacet
  facet normal 0.000000e+00 -4.906767e-02 9.987955e-01
    outer loop
      vertex   -1.050000e+01 2.000000e-01 -5.500000e+00
      vertex   -2.000000e+01 2.000000e-01 -5.500000e+00
      vertex   -1.050096e+01 1.803966e-01 -5.500963e+00
    endloop
  endfacet
  facet normal -2.131946e-04 -1.518626e-01 9.884016e-01
    outer loop
      vertex   -1.050096e+01 1.803966e-01 -5.500963e+00
      vertex   -2.000000e+01 2.000000e-01 -5.500000e+00
      vertex   -1.472222e+01 1.482362e-01 -5.506815e+00
    endloop
  endfacet
  facet normal -4.713314e-18 -1.790169e-01 9.838460e-01
    outer loop
      vertex   -1.050096e+01 1.803966e-01 -5.500963e+00
      vertex   -1.472222e+01 1.482362e-01 -5.506815e+00
      vertex   -1.366667e+01 1.482362e-01 -5.506815e+00
    endloop
  endfacet
  facet normal -1.006257e-17 -3.826834e-01 9.238795e-01
    outer loop
      vertex   -1.366667e+01 1.482362e-01 -5.506815e+00
      vertex   -1.472222e+01 1.482362e-01 -5.506815e+00
      vertex   -1.366667e+01 1.000000e-01 -5.526795e+00
    endloop
  endfacet
  facet normal -1.573843e-17 -3.826834e-01 9.238795e-01
    outer loop
      vertex   -1.366667e+01 1.482362e-01 -5.506815e+00
      vertex   -1.366667e+01 1.000000e-01 -5.526795e+00
      vertex   -1.261111e+01 1.000000e-01 -5.526795e+00
    endloop
  endfacet
  facet normal -2.401085e-17 -6.087614e-01 7.933533e-01
    outer loop
      vertex   -1.261111e+01 1.000000e-01 -5.526795e+00
      vertex   -1.366667e+01 1.000000e-01 -5.526795e+00
      vertex   -1.261111e+01 5.857864e-02 -5.558579e+00
    endloop
  endfacet
  facet normal 0.000000e+00 -6.087614e-01 7.933533e-01
    outer loop
      vertex   -1.261111e+01 1.000000e-01 -5.526795e+00
      vertex   -1.261111e+01 5.857864e-02 -5.558579e+00
      vertex   -1.155556e+01 5.857864e-02 -5.558579e+00
    endloop
  endfacet
  facet normal 0.000000e+00 -7.933533e-01 6.087614e-01
    outer loop
      vertex   -1.155556e+01 5.857864e-02 -5.558579e+00
      vertex   -1.261111e+01 5.857864e-02 -5.558579e+00
      vertex   -1.155556e+01 2.679492e-02 -5.600000e+00
    endloop
  endfacet
  facet normal -1.327042e-03 -7.933526e-01 6.087609e-01
    outer loop
      vertex   -1.155556e+01 5.857864e-02 -5.558579e+00
      vertex   -1.155556e+01 2.679492e-02 -5.600000e+00
      vertex   -1.058889e+01 3.370608e-02 -5.588886e+00
    endloop
  endfacet
  facet normal 8.961626e-04 -8.822932e-01 4.706994e-01
    outer loop
      vertex   -1.058889e+01 3.370608e-02 -5.588886e+00
      vertex   -1.155556e+01 2.679492e-02 -5.600000e+00
      vertex   -1.062346e+01 1.522409e-02 -5.623463e+00
    endloop
  endfacet
  facet normal -1.835682e-03 -9.238780e-01 3.826828e-01
    outer loop
      vertex   -1.062346e+01 1.522409e-02 -5.623463e+00
      vertex   -1.155556e+01 2.679492e-02 -5.600000e+00
      vertex   -1.155556e+01 6.814835e-03 -5.648236e+00
    endloop
  endfacet
  facet normal 9.436654e-04 -9.572017e-01 2.894203e-01
    outer loop
      vertex   -1.062346e+01 1.522409e-02 -5.623463e+00
      vertex   -1.155556e+01 6.814835e-03 -5.648236e+00
      vertex   -1.066098e+01 3.842944e-03 -5.660982e+00
    endloop
  endfacet
  facet normal -1.882422e-03 -9.949976e-01 9.988113e-02
    outer loop
      vertex   -1.066098e+01 3.842944e-03 -5.660982e+00
      vertex   -1.155556e+01 6.814835e-03 -5.648236e+00
      vertex   -1.070000e+01 0.000000e+00 -5.700000e+00
    endloop
  endfacet
  facet normal 0.000000e+00 -9.914449e-01 1.305262e-01
    outer loop
      vertex   -1.070000e+01 0.000000e+00 -5.700000e+00
      vertex   -1.155556e+01 6.814835e-03 -5.648236e+00
      vertex   -1.261111e+01 6.814835e-03 -5.648236e+00
    endloop
  endfacet
  facet normal 0.000000e+00 -9.914449e-01 1.305262e-01
    outer loop
      vertex   -1.070000e+01 0.000000e+00 -5.700000e+00
      vertex   -1.261111e+01 6.814835e-03 -5.648236e+00
      vertex   -1.366667e+01 6.814835e-03 -5.648236e+00
    endloop
  endfacet
  facet normal 0.000000e+00 -9.238795e-01 3.826834e-01
    outer loop
      vertex   -1.366667e+01 6.814835e-03 -5.648236e+00
      vertex   -1.261111e+01 6.814835e-03 -5.648236e+00
      vertex   -1.366667e+01 2.679492e-02 -5.600000e+00
    endloop
  endfacet
  facet normal 0.000000e+00 -9.238795e-01 3.826834e-01
    outer loop
      vertex   -1.366667e+01 6.814835e-03 -5.648236e+00
      vertex   -1.366667e+01 2.679492e-02 -5.600000e+00
      vertex   -1.472222e+01 2.679492e-02 -5.600000e+00
    endloop
  endfacet
  facet normal 0.000000e+00 -7.933533e-01 6.087614e-01
    outer loop
      vertex   -1.472222e+01 2.679492e-02 -5.600000e+00
      vertex   -1.366667e+01 2.679492e-02 -5.600000e+00
      vertex   -1.472222e+01 5.857864e-02 -5.558579e+00
    endloop
  endfacet
  facet normal 0.000000e+00 -7.933533e-01 6.087614e-01
    outer loop
      vertex   -1.472222e+01 2.679492e-02 -5.600000e+00
      vertex   -1.472222e+01 5.857864e-02 -5.558579e+00
      vertex   -1.577778e+01 5.857864e-02 -5.558579e+00
    endloop
  endfacet
  facet normal 0.000000e+00 -6.087614e-01 7.933533e-01
    outer loop
      vertex   -1.577778e+01 5.857864e-02 -5.558579e+00
      vertex   -1.472222e+01 5.857864e-02 -5.558579e+00
      vertex   -1.577778e+01 1.000000e-01 -5.526795e+00
    endloop
  endfacet
  facet normal -2.360765e-17 -6.087614e-01 7.933533e-01
    outer loop
      vertex   -1.577778e+01 5.857864e-02 -5.558579e+00
      vertex   -1.577778e+01 1.000000e-01 -5.526795e+00
      vertex   -1.683333e+01 1.000000e-01 -5.526795e+00
    endloop
  endfacet
  facet normal -1.509385e-17 -3.826834e-01 9.238795e-01
    outer loop
      vertex   -1.683333e+01 1.000000e-01 -5.526795e+00
      vertex   -1.577778e+01 1.000000e-01 -5.526795e+00
      vertex   -1.683333e+01 1.482362e-01 -5.506815e+00
    endloop
  endfacet
  facet normal -9.836521e-18 -3.826834e-01 9.238795e-01
    outer loop
      vertex   -1.683333e+01 1.000000e-01 -5.526795e+00
      vertex   -1.683333e+01 1.482362e-01 -5.506815e+00
      vertex   -1.788889e+01 1.482362e-01 -5.506815e+00
    endloop
  endfacet
  facet normal -3.432154e-18 -1.305262e-01 9.914449e-01
    outer loop
      vertex   -1.788889e+01 1.482362e-01 -5.506815e+00
      vertex   -1.683333e+01 1.482362e-01 -5.506815e+00
      vertex   -2.000000e+01 2.000000e-01 -5.500000e+00
    endloop
  endfacet
  facet normal 0.000000e+00 -1.305262e-01 9.914449e-01
    outer loop
      vertex   -1.788889e+01 1.482362e-01 -5.506815e+00
      vertex   -2.000000e+01 2.000000e-01 -5.500000e+00
      vertex   -1.894444e+01 1.482362e-01 -5.506815e+00
    endloop
  endfacet
  facet normal 1.372862e-17 -1.305262e-01 9.914449e-01
    outer loop
      vertex   -1.894444e+01 1.482362e-01 -5.506815e+00
      vertex   -2.000000e+01 2.000000e-01 -5.500000e+00
      vertex   -2.000000e+01 1.482362e-01 -5.506815e+00
    endloop
  endfacet
  facet normal 4.025027e-17 -3.826834e-01 9.238795e-01
    outer loop
      vertex   -1.894444e+01 1.482362e-01 -5.506815e+00
      vertex   -2.000000e+01 1.482362e-01 -5.506815e+00
      vertex   -1.894444e+01 1.000000e-01 -5.526795e+00
    endloop
  endfacet
  facet normal 8.931015e-16 -3.826834e-01 9.238795e-01
    outer loop
      vertex   -1.894444e+01 1.000000e-01 -5.526795e+00
      vertex   -2.000000e+01 1.482362e-01 -5.506815e+00
      vertex   -2.000000e+01 1.000000e-01 -5.526795e+00
    endloop
  endfacet
  facet normal 8.516362e-16 -6.087614e-01 7.933533e-01
    outer loop
      vertex   -1.894444e+01 1.000000e-01 -5.526795e+00
      vertex   -2.000000e+01 1.000000e-01 -5.526795e+00
      vertex   -1.894444e+01 5.857864e-02 -5.558579e+00
    endloop
  endfacet
  facet normal 1.640741e-16 -6.087614e-01 7.933533e-01
    outer loop
      vertex   -1.894444e+01 5.857864e-02 -5.558579e+00
      vertex   -2.000000e+01 1.000000e-01 -5.526795e+00
      vertex   -2.000000e+01 5.857864e-02 -5.558579e+00
    endloop
  endfacet
  facet normal 2.138256e-16 -7.933533e-01 6.087614e-01
    outer loop
      vertex   -1.894444e+01 5.857864e-02 -5.558579e+00
      vertex   -2.000000e+01 5.857864e-02 -5.558579e+00
      vertex   -1.894444e+01 2.679492e-02 -5.600000e+00
    endloop
  endfacet
  facet normal 0.000000e+00 -7.933533e-01 6.087614e-01
    outer loop
      vertex   -1.894444e+01 2.679492e-02 -5.600000e+00
      vertex   -2.000000e+01 5.857864e-02 -5.558579e+00
      vertex   -2.000000e+01 2.679492e-02 -5.600000e+00
    endloop
  endfacet
  facet normal 0.000000e+00 -9.238795e-01 3.826834e-01
    outer loop
      vertex   -1.894444e+01 2.679492e-02 -5.600000e+00
      vertex   -2.000000e+01 2.679492e-02 -5.600000e+00
      vertex   -1.894444e+01 6.814835e-03 -5.648236e+00
    endloop
  endfacet
  facet normal 0.000000e+00 -9.238795e-01 3.826834e-01
    outer loop
      vertex   -1.894444e+01 6.814835e-03 -5.648236e+00
      vertex   -2.000000e+01 2.679492e-02 -5.600000e+00
      vertex   -2.000000e+01 6.814835e-03 -5.648236e+00
    endloop
  endfacet
  facet normal 0.000000e+00 -9.914449e-01 1.305262e-01
    outer loop
      vertex   -1.894444e+01 6.814835e-03 -5.648236e+00
      vertex   -2.000000e+01 6.814835e-03 -5.648236e+00
      vertex   -2.000000e+01 0.000000e+00 -5.700000e+00
    endloop
  endfacet
  facet normal 0.000000e+00 -9.914449e-01 1.305262e-01
    outer loop
      vertex   -1.070000e+01 0.000000e+00 -5.700000e+00
      vertex   -1.577778e+01 6.814835e-03 -5.648236e+00
      vertex   -2.000000e+01 0.000000e+00 -5.700000e+00
    endloop
  endfacet
  facet normal 0.000000e+00 -9.914449e-01 1.305262e-01
    outer loop
      vertex   -2.000000e+01 0.000000e+00 -5.700000e+00
      vertex   -1.577778e+01 6.814835e-03 -5.648236e+00
      vertex   -1.683333e+01 6.814835e-03 -5.648236e+00
    endloop
  endfacet
  facet normal 0.000000e+00 -9.914449e-01 1.305262e-01
    outer loop
      vertex   -2.000000e+01 0.000000e+00 -5.700000e+00
      vertex   -1.683333e+01 6.814835e-03 -5.648236e+00
      vertex   -1.788889e+01 6.814835e-03 -5.648236e+00
    endloop
  endfacet
  facet normal 0.000000e+00 -9.238795e-01 3.826834e-01
    outer loop
      vertex   -1.788889e+01 6.814835e-03 -5.648236e+00
      vertex   -1.683333e+01 6.814835e-03 -5.648236e+00
      vertex   -1.788889e+01 2.679492e-02 -5.600000e+00
    endloop
  endfacet
  facet normal 2.950956e-17 -9.238795e-01 3.826834e-01
    outer loop
      vertex   -1.788889e+01 6.814835e-03 -5.648236e+00
      vertex   -1.788889e+01 2.679492e-02 -5.600000e+00
      vertex   -1.894444e+01 2.679492e-02 -5.600000e+00
    endloop
  endfacet
  facet normal 2.607629e-17 -7.933533e-01 6.087614e-01
    outer loop
      vertex   -1.894444e+01 2.679492e-02 -5.600000e+00
      vertex   -1.788889e+01 2.679492e-02 -5.600000e+00
      vertex   -1.894444e+01 5.857864e-02 -5.558579e+00
    endloop
  endfacet
  facet normal -2.413139e-16 -7.730105e-01 6.343933e-01
    outer loop
      vertex   -1.058889e+01 3.370608e-02 -5.588886e+00
      vertex   -1.055858e+01 5.857864e-02 -5.558579e+00
      vertex   -1.155556e+01 5.857864e-02 -5.558579e+00
    endloop
  endfacet
  facet normal -1.986901e-16 -6.343933e-01 7.730105e-01
    outer loop
      vertex   -1.155556e+01 5.857864e-02 -5.558579e+00
      vertex   -1.055858e+01 5.857864e-02 -5.558579e+00
      vertex   -1.053371e+01 8.888595e-02 -5.533706e+00
    endloop
  endfacet
  facet normal -1.255382e-03 -6.087609e-01 7.933527e-01
    outer loop
      vertex   -1.155556e+01 5.857864e-02 -5.558579e+00
      vertex   -1.053371e+01 8.888595e-02 -5.533706e+00
      vertex   -1.155556e+01 1.000000e-01 -5.526795e+00
    endloop
  endfacet
  facet normal 8.326528e-04 -4.717427e-01 8.817359e-01
    outer loop
      vertex   -1.155556e+01 1.000000e-01 -5.526795e+00
      vertex   -1.053371e+01 8.888595e-02 -5.533706e+00
      vertex   -1.051522e+01 1.234633e-01 -5.515224e+00
    endloop
  endfacet
  facet normal -1.644693e-03 -3.826829e-01 9.238783e-01
    outer loop
      vertex   -1.155556e+01 1.000000e-01 -5.526795e+00
      vertex   -1.051522e+01 1.234633e-01 -5.515224e+00
      vertex   -1.155556e+01 1.482362e-01 -5.506815e+00
    endloop
  endfacet
  facet normal 8.168281e-04 -2.905115e-01 9.568712e-01
    outer loop
      vertex   -1.155556e+01 1.482362e-01 -5.506815e+00
      vertex   -1.051522e+01 1.234633e-01 -5.515224e+00
      vertex   -1.050384e+01 1.609819e-01 -5.503843e+00
    endloop
  endfacet
  facet normal -1.018800e-03 -1.465825e-01 9.891979e-01
    outer loop
      vertex   -1.155556e+01 1.482362e-01 -5.506815e+00
      vertex   -1.050384e+01 1.609819e-01 -5.503843e+00
      vertex   -1.050096e+01 1.803966e-01 -5.500963e+00
    endloop
  endfacet
  facet normal 0.000000e+00 -3.826834e-01 9.238795e-01
    outer loop
      vertex   -1.788889e+01 1.482362e-01 -5.506815e+00
      vertex   -1.894444e+01 1.482362e-01 -5.506815e+00
      vertex   -1.788889e+01 1.000000e-01 -5.526795e+00
    endloop
  endfacet
  facet normal -1.509385e-17 -3.826834e-01 9.238795e-01
    outer loop
      vertex   -1.788889e+01 1.000000e-01 -5.526795e+00
      vertex   -1.894444e+01 1.482362e-01 -5.506815e+00
      vertex   -1.894444e+01 1.000000e-01 -5.526795e+00
    endloop
  endfacet
  facet normal -2.401085e-17 -6.087614e-01 7.933533e-01
    outer loop
      vertex   -1.788889e+01 1.000000e-01 -5.526795e+00
      vertex   -1.894444e+01 1.000000e-01 -5.526795e+00
      vertex   -1.788889e+01 5.857864e-02 -5.558579e+00
    endloop
  endfacet
  facet normal 0.000000e+00 -6.087614e-01 7.933533e-01
    outer loop
      vertex   -1.788889e+01 5.857864e-02 -5.558579e+00
      vertex   -1.894444e+01 1.000000e-01 -5.526795e+00
      vertex   -1.894444e+01 5.857864e-02 -5.558579e+00
    endloop
  endfacet
  facet normal 0.000000e+00 -7.933533e-01 6.087614e-01
    outer loop
      vertex   -1.788889e+01 5.857864e-02 -5.558579e+00
      vertex   -1.894444e+01 5.857864e-02 -5.558579e+00
      vertex   -1.788889e+01 2.679492e-02 -5.600000e+00
    endloop
  endfacet
  facet normal 0.000000e+00 -1.305262e-01 9.914449e-01
    outer loop
      vertex   -1.472222e+01 1.482362e-01 -5.506815e+00
      vertex   -2.000000e+01 2.000000e-01 -5.500000e+00
      vertex   -1.577778e+01 1.482362e-01 -5.506815e+00
    endloop
  endfacet
  facet normal -3.432154e-18 -1.305262e-01 9.914449e-01
    outer loop
      vertex   -1.577778e+01 1.482362e-01 -5.506815e+00
      vertex   -2.000000e+01 2.000000e-01 -5.500000e+00
      vertex   -1.683333e+01 1.482362e-01 -5.506815e+00
    endloop
  endfacet
  facet normal -1.006257e-17 -3.826834e-01 9.238795e-01
    outer loop
      vertex   -1.577778e+01 1.482362e-01 -5.506815e+00
      vertex   -1.683333e+01 1.482362e-01 -5.506815e+00
      vertex   -1.577778e+01 1.000000e-01 -5.526795e+00
    endloop
  endfacet
  facet normal 0.000000e+00 -3.826834e-01 9.238795e-01
    outer loop
      vertex   -1.472222e+01 1.482362e-01 -5.506815e+00
      vertex   -1.577778e+01 1.482362e-01 -5.506815e+00
      vertex   -1.472222e+01 1.000000e-01 -5.526795e+00
    endloop
  endfacet
  facet normal -5.031284e-18 -3.826834e-01 9.238795e-01
    outer loop
      vertex   -1.472222e+01 1.000000e-01 -5.526795e+00
      vertex   -1.577778e+01 1.482362e-01 -5.506815e+00
      vertex   -1.577778e+01 1.000000e-01 -5.526795e+00
    endloop
  endfacet
  facet normal -8.003617e-18 -6.087614e-01 7.933533e-01
    outer loop
      vertex   -1.472222e+01 1.000000e-01 -5.526795e+00
      vertex   -1.577778e+01 1.000000e-01 -5.526795e+00
      vertex   -1.472222e+01 5.857864e-02 -5.558579e+00
    endloop
  endfacet
  facet normal 0.000000e+00 -1.790169e-01 9.838460e-01
    outer loop
      vertex   -1.155556e+01 1.482362e-01 -5.506815e+00
      vertex   -1.050096e+01 1.803966e-01 -5.500963e+00
      vertex   -1.261111e+01 1.482362e-01 -5.506815e+00
    endloop
  endfacet
  facet normal 0.000000e+00 -1.790169e-01 9.838460e-01
    outer loop
      vertex   -1.261111e+01 1.482362e-01 -5.506815e+00
      vertex   -1.050096e+01 1.803966e-01 -5.500963e+00
      vertex   -1.366667e+01 1.482362e-01 -5.506815e+00
    endloop
  endfacet
  facet normal 0.000000e+00 -3.826834e-01 9.238795e-01
    outer loop
      vertex   -1.261111e+01 1.482362e-01 -5.506815e+00
      vertex   -1.366667e+01 1.482362e-01 -5.506815e+00
      vertex   -1.261111e+01 1.000000e-01 -5.526795e+00
    endloop
  endfacet
  facet normal 0.000000e+00 -3.826834e-01 9.238795e-01
    outer loop
      vertex   -1.155556e+01 1.000000e-01 -5.526795e+00
      vertex   -1.155556e+01 1.482362e-01 -5.506815e+00
      vertex   -1.261111e+01 1.482362e-01 -5.506815e+00
    endloop
  endfacet
  facet normal -1.509385e-17 -3.826834e-01 9.238795e-01
    outer loop
      vertex   -1.155556e+01 1.000000e-01 -5.526795e+00
      vertex   -1.261111e+01 1.482362e-01 -5.506815e+00
      vertex   -1.261111e+01 1.000000e-01 -5.526795e+00
    endloop
  endfacet
  facet normal -1.573843e-17 -3.826834e-01 9.238795e-01
    outer loop
      vertex   -1.788889e+01 1.482362e-01 -5.506815e+00
      vertex   -1.788889e+01 1.000000e-01 -5.526795e+00
      vertex   -1.683333e+01 1.000000e-01 -5.526795e+00
    endloop
  endfacet
  facet normal -2.401085e-17 -6.087614e-01 7.933533e-01
    outer loop
      vertex   -1.683333e+01 1.000000e-01 -5.526795e+00
      vertex   -1.788889e+01 1.000000e-01 -5.526795e+00
      vertex   -1.683333e+01 5.857864e-02 -5.558579e+00
    endloop
  endfacet
  facet normal 0.000000e+00 -6.087614e-01 7.933533e-01
    outer loop
      vertex   -1.683333e+01 1.000000e-01 -5.526795e+00
      vertex   -1.683333e+01 5.857864e-02 -5.558579e+00
      vertex   -1.577778e+01 5.857864e-02 -5.558579e+00
    endloop
  endfacet
  facet normal 0.000000e+00 -7.933533e-01 6.087614e-01
    outer loop
      vertex   -1.577778e+01 5.857864e-02 -5.558579e+00
      vertex   -1.683333e+01 5.857864e-02 -5.558579e+00
      vertex   -1.577778e+01 2.679492e-02 -5.600000e+00
    endloop
  endfacet
  facet normal 0.000000e+00 -7.933533e-01 6.087614e-01
    outer loop
      vertex   -1.577778e+01 5.857864e-02 -5.558579e+00
      vertex   -1.577778e+01 2.679492e-02 -5.600000e+00
      vertex   -1.472222e+01 2.679492e-02 -5.600000e+00
    endloop
  endfacet
  facet normal 0.000000e+00 -9.238795e-01 3.826834e-01
    outer loop
      vertex   -1.472222e+01 2.679492e-02 -5.600000e+00
      vertex   -1.577778e+01 2.679492e-02 -5.600000e+00
      vertex   -1.472222e+01 6.814835e-03 -5.648236e+00
    endloop
  endfacet
  facet normal 0.000000e+00 -9.238795e-01 3.826834e-01
    outer loop
      vertex   -1.472222e+01 2.679492e-02 -5.600000e+00
      vertex   -1.472222e+01 6.814835e-03 -5.648236e+00
      vertex   -1.366667e+01 6.814835e-03 -5.648236e+00
    endloop
  endfacet
  facet normal 0.000000e+00 -9.914449e-01 1.305262e-01
    outer loop
      vertex   -1.366667e+01 6.814835e-03 -5.648236e+00
      vertex   -1.472222e+01 6.814835e-03 -5.648236e+00
      vertex   -1.070000e+01 0.000000e+00 -5.700000e+00
    endloop
  endfacet
  facet normal 0.000000e+00 -6.087614e-01 7.933533e-01
    outer loop
      vertex   -1.683333e+01 5.857864e-02 -5.558579e+00
      vertex   -1.788889e+01 1.000000e-01 -5.526795e+00
      vertex   -1.788889e+01 5.857864e-02 -5.558579e+00
    endloop
  endfacet
  facet normal -1.967304e-17 -3.826834e-01 9.238795e-01
    outer loop
      vertex   -1.472222e+01 1.482362e-01 -5.506815e+00
      vertex   -1.472222e+01 1.000000e-01 -5.526795e+00
      vertex   -1.366667e+01 1.000000e-01 -5.526795e+00
    endloop
  endfacet
  facet normal -3.201447e-17 -6.087614e-01 7.933533e-01
    outer loop
      vertex   -1.366667e+01 1.000000e-01 -5.526795e+00
      vertex   -1.472222e+01 1.000000e-01 -5.526795e+00
      vertex   -1.366667e+01 5.857864e-02 -5.558579e+00
    endloop
  endfacet
  facet normal 0.000000e+00 -6.087614e-01 7.933533e-01
    outer loop
      vertex   -1.366667e+01 1.000000e-01 -5.526795e+00
      vertex   -1.366667e+01 5.857864e-02 -5.558579e+00
      vertex   -1.261111e+01 5.857864e-02 -5.558579e+00
    endloop
  endfacet
  facet normal 0.000000e+00 -7.933533e-01 6.087614e-01
    outer loop
      vertex   -1.261111e+01 5.857864e-02 -5.558579e+00
      vertex   -1.366667e+01 5.857864e-02 -5.558579e+00
      vertex   -1.261111e+01 2.679492e-02 -5.600000e+00
    endloop
  endfacet
  facet normal 0.000000e+00 -7.933533e-01 6.087614e-01
    outer loop
      vertex   -1.261111e+01 5.857864e-02 -5.558579e+00
      vertex   -1.261111e+01 2.679492e-02 -5.600000e+00
      vertex   -1.155556e+01 2.679492e-02 -5.600000e+00
    endloop
  endfacet
  facet normal 0.000000e+00 -9.238795e-01 3.826834e-01
    outer loop
      vertex   -1.155556e+01 2.679492e-02 -5.600000e+00
      vertex   -1.261111e+01 2.679492e-02 -5.600000e+00
      vertex   -1.155556e+01 6.814835e-03 -5.648236e+00
    endloop
  endfacet
  facet normal 0.000000e+00 -6.087614e-01 7.933533e-01
    outer loop
      vertex   -1.366667e+01 5.857864e-02 -5.558579e+00
      vertex   -1.472222e+01 1.000000e-01 -5.526795e+00
      vertex   -1.472222e+01 5.857864e-02 -5.558579e+00
    endloop
  endfacet
  facet normal -2.360765e-17 -6.087614e-01 7.933533e-01
    outer loop
      vertex   -1.155556e+01 5.857864e-02 -5.558579e+00
      vertex   -1.155556e+01 1.000000e-01 -5.526795e+00
      vertex   -1.261111e+01 1.000000e-01 -5.526795e+00
    endloop
  endfacet
  facet normal 0.000000e+00 -7.933533e-01 6.087614e-01
    outer loop
      vertex   -1.683333e+01 5.857864e-02 -5.558579e+00
      vertex   -1.788889e+01 5.857864e-02 -5.558579e+00
      vertex   -1.683333e+01 2.679492e-02 -5.600000e+00
    endloop
  endfacet
  facet normal -2.607629e-17 -7.933533e-01 6.087614e-01
    outer loop
      vertex   -1.683333e+01 2.679492e-02 -5.600000e+00
      vertex   -1.788889e+01 5.857864e-02 -5.558579e+00
      vertex   -1.788889e+01 2.679492e-02 -5.600000e+00
    endloop
  endfacet
  facet normal -3.036648e-17 -9.238795e-01 3.826834e-01
    outer loop
      vertex   -1.683333e+01 2.679492e-02 -5.600000e+00
      vertex   -1.788889e+01 2.679492e-02 -5.600000e+00
      vertex   -1.683333e+01 6.814835e-03 -5.648236e+00
    endloop
  endfacet
  facet normal 0.000000e+00 -7.933533e-01 6.087614e-01
    outer loop
      vertex   -1.261111e+01 2.679492e-02 -5.600000e+00
      vertex   -1.366667e+01 5.857864e-02 -5.558579e+00
      vertex   -1.366667e+01 2.679492e-02 -5.600000e+00
    endloop
  endfacet
  facet normal 0.000000e+00 -7.933533e-01 6.087614e-01
    outer loop
      vertex   -1.366667e+01 2.679492e-02 -5.600000e+00
      vertex   -1.366667e+01 5.857864e-02 -5.558579e+00
      vertex   -1.472222e+01 5.857864e-02 -5.558579e+00
    endloop
  endfacet
  facet normal 0.000000e+00 -9.238795e-01 3.826834e-01
    outer loop
      vertex   -1.788889e+01 6.814835e-03 -5.648236e+00
      vertex   -1.894444e+01 2.679492e-02 -5.600000e+00
      vertex   -1.894444e+01 6.814835e-03 -5.648236e+00
    endloop
  endfacet
  facet normal 0.000000e+00 -7.933533e-01 6.087614e-01
    outer loop
      vertex   -1.683333e+01 5.857864e-02 -5.558579e+00
      vertex   -1.683333e+01 2.679492e-02 -5.600000e+00
      vertex   -1.577778e+01 2.679492e-02 -5.600000e+00
    endloop
  endfacet
  facet normal 0.000000e+00 -9.238795e-01 3.826834e-01
    outer loop
      vertex   -1.577778e+01 2.679492e-02 -5.600000e+00
      vertex   -1.683333e+01 2.679492e-02 -5.600000e+00
      vertex   -1.577778e+01 6.814835e-03 -5.648236e+00
    endloop
  endfacet
  facet normal 0.000000e+00 -9.238795e-01 3.826834e-01
    outer loop
      vertex   -1.577778e+01 2.679492e-02 -5.600000e+00
      vertex   -1.577778e+01 6.814835e-03 -5.648236e+00
      vertex   -1.472222e+01 6.814835e-03 -5.648236e+00
    endloop
  endfacet
  facet normal 0.000000e+00 -9.914449e-01 1.305262e-01
    outer loop
      vertex   -1.472222e+01 6.814835e-03 -5.648236e+00
      vertex   -1.577778e+01 6.814835e-03 -5.648236e+00
      vertex   -1.070000e+01 0.000000e+00 -5.700000e+00
    endloop
  endfacet
  facet normal 0.000000e+00 -9.238795e-01 3.826834e-01
    outer loop
      vertex   -1.577778e+01 6.814835e-03 -5.648236e+00
      vertex   -1.683333e+01 2.679492e-02 -5.600000e+00
      vertex   -1.683333e+01 6.814835e-03 -5.648236e+00
    endloop
  endfacet
  facet normal 0.000000e+00 -9.238795e-01 3.826834e-01
    outer loop
      vertex   -1.155556e+01 6.814835e-03 -5.648236e+00
      vertex   -1.261111e+01 2.679492e-02 -5.600000e+00
      vertex   -1.261111e+01 6.814835e-03 -5.648236e+00
    endloop
  endfacet
  facet normal 0.000000e+00 -9.238795e-01 3.826834e-01
    outer loop
      vertex   -1.261111e+01 6.814835e-03 -5.648236e+00
      vertex   -1.261111e+01 2.679492e-02 -5.600000e+00
      vertex   -1.366667e+01 2.679492e-02 -5.600000e+00
    endloop
  endfacet
  facet normal 0.000000e+00 -9.914449e-01 1.305262e-01
    outer loop
      vertex   -2.000000e+01 0.000000e+00 -5.700000e+00
      vertex   -1.788889e+01 6.814835e-03 -5.648236e+00
      vertex   -1.894444e+01 6.814835e-03 -5.648236e+00
    endloop
  endfacet
  facet normal 9.801714e-02 -9.951847e-01 -4.049149e-17
    outer loop
      vertex   -1.070000e+01 0.000000e+00 -5.700000e+00
      vertex   -1.070000e+01 0.000000e+00 -1.000000e+01
      vertex   -1.066098e+01 3.842944e-03 -5.660982e+00
    endloop
  endfacet
  facet normal 1.758648e-01 -9.844141e-01 -7.095747e-04
    outer loop
      vertex   -1.066098e+01 3.842944e-03 -5.660982e+00
      vertex   -1.070000e+01 0.000000e+00 -1.000000e+01
      vertex   -1.064824e+01 6.814835e-03 -6.625000e+00
    endloop
  endfacet
  facet normal 2.894818e-01 -9.571831e-01 8.765572e-04
    outer loop
      vertex   -1.066098e+01 3.842944e-03 -5.660982e+00
      vertex   -1.064824e+01 6.814835e-03 -6.625000e+00
      vertex   -1.062346e+01 1.522409e-02 -5.623463e+00
    endloop
  endfacet
  facet normal 3.826829e-01 -9.238782e-01 -1.708400e-03
    outer loop
      vertex   -1.062346e+01 1.522409e-02 -5.623463e+00
      vertex   -1.064824e+01 6.814835e-03 -6.625000e+00
      vertex   -1.060000e+01 2.679492e-02 -6.625000e+00
    endloop
  endfacet
  facet normal 4.707467e-01 -8.822680e-01 8.354232e-04
    outer loop
      vertex   -1.062346e+01 1.522409e-02 -5.623463e+00
      vertex   -1.060000e+01 2.679492e-02 -6.625000e+00
      vertex   -1.058889e+01 3.370608e-02 -5.588886e+00
    endloop
  endfacet
  facet normal 6.087610e-01 -7.933527e-01 -1.238099e-03
    outer loop
      vertex   -1.058889e+01 3.370608e-02 -5.588886e+00
      vertex   -1.060000e+01 2.679492e-02 -6.625000e+00
      vertex   -1.055858e+01 5.857864e-02 -6.625000e+00
    endloop
  endfacet
  facet normal 6.343933e-01 -7.730105e-01 -1.503999e-16
    outer loop
      vertex   -1.058889e+01 3.370608e-02 -5.588886e+00
      vertex   -1.055858e+01 5.857864e-02 -6.625000e+00
      vertex   -1.055858e+01 5.857864e-02 -5.558579e+00
    endloop
  endfacet
  facet normal 7.730105e-01 -6.343933e-01 -1.238344e-16
    outer loop
      vertex   -1.055858e+01 5.857864e-02 -5.558579e+00
      vertex   -1.055858e+01 5.857864e-02 -6.625000e+00
      vertex   -1.053371e+01 8.888595e-02 -5.533706e+00
    endloop
  endfacet
  facet normal 7.933528e-01 -6.087610e-01 -1.175496e-03
    outer loop
      vertex   -1.053371e+01 8.888595e-02 -5.533706e+00
      vertex   -1.055858e+01 5.857864e-02 -6.625000e+00
      vertex   -1.052680e+01 1.000000e-01 -6.625000e+00
    endloop
  endfacet
  facet normal 8.817476e-01 -4.717208e-01 7.799642e-04
    outer loop
      vertex   -1.053371e+01 8.888595e-02 -5.533706e+00
      vertex   -1.052680e+01 1.000000e-01 -6.625000e+00
      vertex   -1.051522e+01 1.234633e-01 -5.515224e+00
    endloop
  endfacet
  facet normal 9.238784e-01 -3.826830e-01 -1.541776e-03
    outer loop
      vertex   -1.051522e+01 1.234633e-01 -5.515224e+00
      vertex   -1.052680e+01 1.000000e-01 -6.625000e+00
      vertex   -1.050681e+01 1.482362e-01 -6.625000e+00
    endloop
  endfacet
  facet normal 9.568755e-01 -2.904974e-01 7.660622e-04
    outer loop
      vertex   -1.051522e+01 1.234633e-01 -5.515224e+00
      vertex   -1.050681e+01 1.482362e-01 -6.625000e+00
      vertex   -1.050384e+01 1.609819e-01 -5.503843e+00
    endloop
  endfacet
  facet normal 9.891966e-01 -1.465917e-01 -9.555877e-04
    outer loop
      vertex   -1.050384e+01 1.609819e-01 -5.503843e+00
      vertex   -1.050681e+01 1.482362e-01 -6.625000e+00
      vertex   -1.050096e+01 1.803966e-01 -5.500963e+00
    endloop
  endfacet
  facet normal 9.987974e-01 -4.888103e-02 -3.801219e-03
    outer loop
      vertex   -1.050096e+01 1.803966e-01 -5.500963e+00
      vertex   -1.050681e+01 1.482362e-01 -6.625000e+00
      vertex   -1.050000e+01 2.000000e-01 -5.500000e+00
    endloop
  endfacet
  facet normal 9.914449e-01 -1.305262e-01 -6.460530e-18
    outer loop
      vertex   -1.050000e+01 2.000000e-01 -5.500000e+00
      vertex   -1.050681e+01 1.482362e-01 -6.625000e+00
      vertex   -1.050681e+01 1.482362e-01 -7.750000e+00
    endloop
  endfacet
  facet normal 9.914449e-01 -1.305262e-01 3.913689e-16
    outer loop
      vertex   -1.050000e+01 2.000000e-01 -5.500000e+00
      vertex   -1.050681e+01 1.482362e-01 -7.750000e+00
      vertex   -1.050000e+01 2.000000e-01 -1.000000e+01
    endloop
  endfacet
  facet normal 9.914449e-01 -1.305262e-01 -2.768799e-18
    outer loop
      vertex   -1.050000e+01 2.000000e-01 -1.000000e+01
      vertex   -1.050681e+01 1.482362e-01 -7.750000e+00
      vertex   -1.050681e+01 1.482362e-01 -8.875000e+00
    endloop
  endfacet
  facet normal 9.914449e-01 -1.305262e-01 1.292106e-17
    outer loop
      vertex   -1.050000e+01 2.000000e-01 -1.000000e+01
      vertex   -1.050681e+01 1.482362e-01 -8.875000e+00
      vertex   -1.050681e+01 1.482362e-01 -1.000000e+01
    endloop
  endfacet
  facet normal 9.238795e-01 -3.826834e-01 3.776569e-17
    outer loop
      vertex   -1.050681e+01 1.482362e-01 -1.000000e+01
      vertex   -1.050681e+01 1.482362e-01 -8.875000e+00
      vertex   -1.052680e+01 1.000000e-01 -1.000000e+01
    endloop
  endfacet
  facet normal 9.238795e-01 -3.826834e-01 -1.132971e-16
    outer loop
      vertex   -1.052680e+01 1.000000e-01 -1.000000e+01
      vertex   -1.050681e+01 1.482362e-01 -8.875000e+00
      vertex   -1.052680e+01 1.000000e-01 -8.875000e+00
    endloop
  endfacet
  facet normal 7.933533e-01 -6.087614e-01 -1.802296e-16
    outer loop
      vertex   -1.052680e+01 1.000000e-01 -1.000000e+01
      vertex   -1.052680e+01 1.000000e-01 -8.875000e+00
      vertex   -1.055858e+01 5.857864e-02 -1.000000e+01
    endloop
  endfacet
  facet normal 7.933533e-01 -6.087614e-01 4.280453e-16
    outer loop
      vertex   -1.055858e+01 5.857864e-02 -1.000000e+01
      vertex   -1.052680e+01 1.000000e-01 -8.875000e+00
      vertex   -1.055858e+01 5.857864e-02 -8.875000e+00
    endloop
  endfacet
  facet normal 6.087614e-01 -7.933533e-01 5.578395e-16
    outer loop
      vertex   -1.055858e+01 5.857864e-02 -1.000000e+01
      vertex   -1.055858e+01 5.857864e-02 -8.875000e+00
      vertex   -1.060000e+01 2.679492e-02 -1.000000e+01
    endloop
  endfacet
  facet normal 6.087614e-01 -7.933533e-01 -1.810532e-16
    outer loop
      vertex   -1.060000e+01 2.679492e-02 -1.000000e+01
      vertex   -1.055858e+01 5.857864e-02 -8.875000e+00
      vertex   -1.060000e+01 2.679492e-02 -8.875000e+00
    endloop
  endfacet
  facet normal 3.826834e-01 -9.238795e-01 -2.108409e-16
    outer loop
      vertex   -1.060000e+01 2.679492e-02 -1.000000e+01
      vertex   -1.060000e+01 2.679492e-02 -8.875000e+00
      vertex   -1.064824e+01 6.814835e-03 -1.000000e+01
    endloop
  endfacet
  facet normal 3.826834e-01 -9.238795e-01 2.849201e-16
    outer loop
      vertex   -1.064824e+01 6.814835e-03 -1.000000e+01
      vertex   -1.060000e+01 2.679492e-02 -8.875000e+00
      vertex   -1.064824e+01 6.814835e-03 -8.875000e+00
    endloop
  endfacet
  facet normal 1.305262e-01 -9.914449e-01 3.057569e-16
    outer loop
      vertex   -1.064824e+01 6.814835e-03 -1.000000e+01
      vertex   -1.064824e+01 6.814835e-03 -8.875000e+00
      vertex   -1.070000e+01 0.000000e+00 -1.000000e+01
    endloop
  endfacet
  facet normal 1.305262e-01 -9.914449e-01 -1.218271e-16
    outer loop
      vertex   -1.070000e+01 0.000000e+00 -1.000000e+01
      vertex   -1.064824e+01 6.814835e-03 -8.875000e+00
      vertex   -1.064824e+01 6.814835e-03 -7.750000e+00
    endloop
  endfacet
  facet normal 1.305262e-01 -9.914449e-01 3.211806e-16
    outer loop
      vertex   -1.070000e+01 0.000000e+00 -1.000000e+01
      vertex   -1.064824e+01 6.814835e-03 -7.750000e+00
      vertex   -1.064824e+01 6.814835e-03 -6.625000e+00
    endloop
  endfacet
  facet normal 3.826834e-01 -9.238795e-01 1.123026e-15
    outer loop
      vertex   -1.064824e+01 6.814835e-03 -6.625000e+00
      vertex   -1.064824e+01 6.814835e-03 -7.750000e+00
      vertex   -1.060000e+01 2.679492e-02 -6.625000e+00
    endloop
  endfacet
  facet normal 3.826834e-01 -9.238795e-01 -1.139680e-16
    outer loop
      vertex   -1.064824e+01 6.814835e-03 -7.750000e+00
      vertex   -1.064824e+01 6.814835e-03 -8.875000e+00
      vertex   -1.060000e+01 2.679492e-02 -7.750000e+00
    endloop
  endfacet
  facet normal 3.826834e-01 -9.238795e-01 5.698402e-17
    outer loop
      vertex   -1.060000e+01 2.679492e-02 -7.750000e+00
      vertex   -1.064824e+01 6.814835e-03 -8.875000e+00
      vertex   -1.060000e+01 2.679492e-02 -8.875000e+00
    endloop
  endfacet
  facet normal 6.087614e-01 -7.933533e-01 4.893329e-17
    outer loop
      vertex   -1.060000e+01 2.679492e-02 -7.750000e+00
      vertex   -1.060000e+01 2.679492e-02 -8.875000e+00
      vertex   -1.055858e+01 5.857864e-02 -7.750000e+00
    endloop
  endfacet
  facet normal 6.087614e-01 -7.933533e-01 6.361327e-17
    outer loop
      vertex   -1.055858e+01 5.857864e-02 -7.750000e+00
      vertex   -1.060000e+01 2.679492e-02 -8.875000e+00
      vertex   -1.055858e+01 5.857864e-02 -8.875000e+00
    endloop
  endfacet
  facet normal 7.933533e-01 -6.087614e-01 4.881218e-17
    outer loop
      vertex   -1.055858e+01 5.857864e-02 -7.750000e+00
      vertex   -1.055858e+01 5.857864e-02 -8.875000e+00
      vertex   -1.052680e+01 1.000000e-01 -7.750000e+00
    endloop
  endfacet
  facet normal 7.933533e-01 -6.087614e-01 5.256696e-17
    outer loop
      vertex   -1.052680e+01 1.000000e-01 -7.750000e+00
      vertex   -1.055858e+01 5.857864e-02 -8.875000e+00
      vertex   -1.052680e+01 1.000000e-01 -8.875000e+00
    endloop
  endfacet
  facet normal 9.238795e-01 -3.826834e-01 3.304498e-17
    outer loop
      vertex   -1.052680e+01 1.000000e-01 -7.750000e+00
      vertex   -1.052680e+01 1.000000e-01 -8.875000e+00
      vertex   -1.050681e+01 1.482362e-01 -7.750000e+00
    endloop
  endfacet
  facet normal 9.238795e-01 -3.826834e-01 -9.441421e-18
    outer loop
      vertex   -1.050681e+01 1.482362e-01 -7.750000e+00
      vertex   -1.052680e+01 1.000000e-01 -8.875000e+00
      vertex   -1.050681e+01 1.482362e-01 -8.875000e+00
    endloop
  endfacet
  facet normal 6.087614e-01 -7.933533e-01 4.799251e-17
    outer loop
      vertex   -1.055858e+01 5.857864e-02 -6.625000e+00
      vertex   -1.060000e+01 2.679492e-02 -6.625000e+00
      vertex   -1.060000e+01 2.679492e-02 -7.750000e+00
    endloop
  endfacet
  facet normal 3.826834e-01 -9.238795e-01 5.698402e-17
    outer loop
      vertex   -1.060000e+01 2.679492e-02 -7.750000e+00
      vertex   -1.060000e+01 2.679492e-02 -6.625000e+00
      vertex   -1.064824e+01 6.814835e-03 -7.750000e+00
    endloop
  endfacet
  facet normal 6.087614e-01 -7.933533e-01 7.339993e-17
    outer loop
      vertex   -1.055858e+01 5.857864e-02 -6.625000e+00
      vertex   -1.060000e+01 2.679492e-02 -7.750000e+00
      vertex   -1.055858e+01 5.857864e-02 -7.750000e+00
    endloop
  endfacet
  facet normal 7.933533e-01 -6.087614e-01 5.906770e-17
    outer loop
      vertex   -1.052680e+01 1.000000e-01 -6.625000e+00
      vertex   -1.055858e+01 5.857864e-02 -6.625000e+00
      vertex   -1.055858e+01 5.857864e-02 -7.750000e+00
    endloop
  endfacet
  facet normal 7.933533e-01 -6.087614e-01 6.758610e-17
    outer loop
      vertex   -1.052680e+01 1.000000e-01 -6.625000e+00
      vertex   -1.055858e+01 5.857864e-02 -7.750000e+00
      vertex   -1.052680e+01 1.000000e-01 -7.750000e+00
    endloop
  endfacet
  facet normal 9.238795e-01 -3.826834e-01 4.245491e-17
    outer loop
      vertex   -1.050681e+01 1.482362e-01 -6.625000e+00
      vertex   -1.052680e+01 1.000000e-01 -6.625000e+00
      vertex   -1.052680e+01 1.000000e-01 -7.750000e+00
    endloop
  endfacet
  facet normal 9.238795e-01 -3.826834e-01 -1.888284e-17
    outer loop
      vertex   -1.050681e+01 1.482362e-01 -6.625000e+00
      vertex   -1.052680e+01 1.000000e-01 -7.750000e+00
      vertex   -1.050681e+01 1.482362e-01 -7.750000e+00
    endloop
  endfacet
  facet normal -0.000000e+00 -1.000000e+00 0.000000e+00
    outer loop
      vertex   -1.070000e+01 0.000000e+00 -5.700000e+00
      vertex   -2.000000e+01 0.000000e+00 -5.700000e+00
      vertex   -1.070000e+01 0.000000e+00 -1.000000e+01
    endloop
  endfacet
  facet normal 0.000000e+00 -1.000000e+00 0.000000e+00
    outer loop
      vertex   -1.070000e+01 0.000000e+00 -1.000000e+01
      vertex   -2.000000e+01 0.000000e+00 -5.700000e+00
      vertex   -2.000000e+01 0.000000e+00 -1.000000e+01
    endloop
  endfacet
  facet normal -9.987955e-01 -4.906767e-02 -0.000000e+00
    outer loop
      vertex   -9.500000e+00 2.000000e-01 -5.500000e+00
      vertex   -9.500000e+00 2.000000e-01 -1.000000e+01
      vertex   -9.499037e+00 1.803966e-01 -5.500963e+00
    endloop
  endfacet
  facet normal -9.888003e-01 -1.492439e-01 -4.386325e-04
    outer loop
      vertex   -9.499037e+00 1.803966e-01 -5.500963e+00
      vertex   -9.500000e+00 2.000000e-01 -1.000000e+01
      vertex   -9.493185e+00 1.482362e-01 -7.750000e+00
    endloop
  endfacet
  facet normal -9.838460e-01 -1.790169e-01 4.422369e-18
    outer loop
      vertex   -9.499037e+00 1.803966e-01 -5.500963e+00
      vertex   -9.493185e+00 1.482362e-01 -7.750000e+00
      vertex   -9.493185e+00 1.482362e-01 -6.625000e+00
    endloop
  endfacet
  facet normal -9.238795e-01 -3.826834e-01 9.441421e-18
    outer loop
      vertex   -9.493185e+00 1.482362e-01 -6.625000e+00
      vertex   -9.493185e+00 1.482362e-01 -7.750000e+00
      vertex   -9.473205e+00 1.000000e-01 -6.625000e+00
    endloop
  endfacet
  facet normal -9.238784e-01 -3.826830e-01 -1.541776e-03
    outer loop
      vertex   -9.493185e+00 1.482362e-01 -6.625000e+00
      vertex   -9.473205e+00 1.000000e-01 -6.625000e+00
      vertex   -9.484776e+00 1.234633e-01 -5.515224e+00
    endloop
  endfacet
  facet normal -8.817476e-01 -4.717208e-01 7.799642e-04
    outer loop
      vertex   -9.484776e+00 1.234633e-01 -5.515224e+00
      vertex   -9.473205e+00 1.000000e-01 -6.625000e+00
      vertex   -9.466294e+00 8.888595e-02 -5.533706e+00
    endloop
  endfacet
  facet normal -7.933528e-01 -6.087610e-01 -1.175496e-03
    outer loop
      vertex   -9.466294e+00 8.888595e-02 -5.533706e+00
      vertex   -9.473205e+00 1.000000e-01 -6.625000e+00
      vertex   -9.441422e+00 5.857864e-02 -6.625000e+00
    endloop
  endfacet
  facet normal -7.730105e-01 -6.343933e-01 -4.926892e-17
    outer loop
      vertex   -9.466294e+00 8.888595e-02 -5.533706e+00
      vertex   -9.441422e+00 5.857864e-02 -6.625000e+00
      vertex   -9.441422e+00 5.857864e-02 -5.558579e+00
    endloop
  endfacet
  facet normal -6.343933e-01 -7.730105e-01 -6.035705e-17
    outer loop
      vertex   -9.441422e+00 5.857864e-02 -5.558579e+00
      vertex   -9.441422e+00 5.857864e-02 -6.625000e+00
      vertex   -9.411114e+00 3.370608e-02 -5.588886e+00
    endloop
  endfacet
  facet normal -6.087610e-01 -7.933527e-01 -1.238099e-03
    outer loop
      vertex   -9.411114e+00 3.370608e-02 -5.588886e+00
      vertex   -9.441422e+00 5.857864e-02 -6.625000e+00
      vertex   -9.400000e+00 2.679492e-02 -6.625000e+00
    endloop
  endfacet
  facet normal -4.707467e-01 -8.822680e-01 8.354232e-04
    outer loop
      vertex   -9.411114e+00 3.370608e-02 -5.588886e+00
      vertex   -9.400000e+00 2.679492e-02 -6.625000e+00
      vertex   -9.376537e+00 1.522409e-02 -5.623463e+00
    endloop
  endfacet
  facet normal -3.826829e-01 -9.238782e-01 -1.708400e-03
    outer loop
      vertex   -9.376537e+00 1.522409e-02 -5.623463e+00
      vertex   -9.400000e+00 2.679492e-02 -6.625000e+00
      vertex   -9.351764e+00 6.814835e-03 -6.625000e+00
    endloop
  endfacet
  facet normal -2.894818e-01 -9.571831e-01 8.765572e-04
    outer loop
      vertex   -9.376537e+00 1.522409e-02 -5.623463e+00
      vertex   -9.351764e+00 6.814835e-03 -6.625000e+00
      vertex   -9.339018e+00 3.842944e-03 -5.660982e+00
    endloop
  endfacet
  facet normal -9.974865e-02 -9.950111e-01 -1.748612e-03
    outer loop
      vertex   -9.339018e+00 3.842944e-03 -5.660982e+00
      vertex   -9.351764e+00 6.814835e-03 -6.625000e+00
      vertex   -9.300000e+00 0.000000e+00 -5.700000e+00
    endloop
  endfacet
  facet normal -1.305262e-01 -9.914449e-01 6.091357e-17
    outer loop
      vertex   -9.300000e+00 0.000000e+00 -5.700000e+00
      vertex   -9.351764e+00 6.814835e-03 -6.625000e+00
      vertex   -9.351764e+00 6.814835e-03 -7.750000e+00
    endloop
  endfacet
  facet normal -1.305262e-01 -9.914449e-01 -5.392119e-17
    outer loop
      vertex   -9.300000e+00 0.000000e+00 -5.700000e+00
      vertex   -9.351764e+00 6.814835e-03 -7.750000e+00
      vertex   -9.300000e+00 0.000000e+00 -1.000000e+01
    endloop
  endfacet
  facet normal -1.305262e-01 -9.914449e-01 0.000000e+00
    outer loop
      vertex   -9.300000e+00 0.000000e+00 -1.000000e+01
      vertex   -9.351764e+00 6.814835e-03 -7.750000e+00
      vertex   -9.351764e+00 6.814835e-03 -8.875000e+00
    endloop
  endfacet
  facet normal -1.305262e-01 -9.914449e-01 -4.614664e-17
    outer loop
      vertex   -9.300000e+00 0.000000e+00 -1.000000e+01
      vertex   -9.351764e+00 6.814835e-03 -8.875000e+00
      vertex   -9.351764e+00 6.814835e-03 -1.000000e+01
    endloop
  endfacet
  facet normal -3.826834e-01 -9.238795e-01 -4.273801e-17
    outer loop
      vertex   -9.351764e+00 6.814835e-03 -1.000000e+01
      vertex   -9.351764e+00 6.814835e-03 -8.875000e+00
      vertex   -9.400000e+00 2.679492e-02 -1.000000e+01
    endloop
  endfacet
  facet normal -3.826834e-01 -9.238795e-01 -2.108409e-16
    outer loop
      vertex   -9.400000e+00 2.679492e-02 -1.000000e+01
      vertex   -9.351764e+00 6.814835e-03 -8.875000e+00
      vertex   -9.400000e+00 2.679492e-02 -8.875000e+00
    endloop
  endfacet
  facet normal -6.087614e-01 -7.933533e-01 -1.810532e-16
    outer loop
      vertex   -9.400000e+00 2.679492e-02 -1.000000e+01
      vertex   -9.400000e+00 2.679492e-02 -8.875000e+00
      vertex   -9.441422e+00 5.857864e-02 -1.000000e+01
    endloop
  endfacet
  facet normal -6.087614e-01 -7.933533e-01 2.544531e-16
    outer loop
      vertex   -9.441422e+00 5.857864e-02 -1.000000e+01
      vertex   -9.400000e+00 2.679492e-02 -8.875000e+00
      vertex   -9.441422e+00 5.857864e-02 -8.875000e+00
    endloop
  endfacet
  facet normal -7.933533e-01 -6.087614e-01 1.952487e-16
    outer loop
      vertex   -9.441422e+00 5.857864e-02 -1.000000e+01
      vertex   -9.441422e+00 5.857864e-02 -8.875000e+00
      vertex   -9.473205e+00 1.000000e-01 -1.000000e+01
    endloop
  endfacet
  facet normal -7.933533e-01 -6.087614e-01 1.501913e-17
    outer loop
      vertex   -9.473205e+00 1.000000e-01 -1.000000e+01
      vertex   -9.441422e+00 5.857864e-02 -8.875000e+00
      vertex   -9.473205e+00 1.000000e-01 -8.875000e+00
    endloop
  endfacet
  facet normal -9.238795e-01 -3.826834e-01 9.441421e-18
    outer loop
      vertex   -9.473205e+00 1.000000e-01 -1.000000e+01
      vertex   -9.473205e+00 1.000000e-01 -8.875000e+00
      vertex   -9.493185e+00 1.482362e-01 -1.000000e+01
    endloop
  endfacet
  facet normal -9.238795e-01 -3.826834e-01 -1.888284e-17
    outer loop
      vertex   -9.493185e+00 1.482362e-01 -1.000000e+01
      vertex   -9.473205e+00 1.000000e-01 -8.875000e+00
      vertex   -9.493185e+00 1.482362e-01 -8.875000e+00
    endloop
  endfacet
  facet normal -9.914449e-01 -1.305262e-01 -6.440586e-18
    outer loop
      vertex   -9.493185e+00 1.482362e-01 -1.000000e+01
      vertex   -9.493185e+00 1.482362e-01 -8.875000e+00
      vertex   -9.500000e+00 2.000000e-01 -1.000000e+01
    endloop
  endfacet
  facet normal -9.914449e-01 -1.305262e-01 2.768799e-18
    outer loop
      vertex   -9.500000e+00 2.000000e-01 -1.000000e+01
      vertex   -9.493185e+00 1.482362e-01 -8.875000e+00
      vertex   -9.493185e+00 1.482362e-01 -7.750000e+00
    endloop
  endfacet
  facet normal -9.568755e-01 -2.904974e-01 7.660622e-04
    outer loop
      vertex   -9.484776e+00 1.234633e-01 -5.515224e+00
      vertex   -9.496157e+00 1.609819e-01 -5.503843e+00
      vertex   -9.493185e+00 1.482362e-01 -6.625000e+00
    endloop
  endfacet
  facet normal -9.891966e-01 -1.465917e-01 -9.555877e-04
    outer loop
      vertex   -9.493185e+00 1.482362e-01 -6.625000e+00
      vertex   -9.496157e+00 1.609819e-01 -5.503843e+00
      vertex   -9.499037e+00 1.803966e-01 -5.500963e+00
    endloop
  endfacet
  facet normal -9.238795e-01 -3.826834e-01 9.441421e-18
    outer loop
      vertex   -9.493185e+00 1.482362e-01 -7.750000e+00
      vertex   -9.493185e+00 1.482362e-01 -8.875000e+00
      vertex   -9.473205e+00 1.000000e-01 -7.750000e+00
    endloop
  endfacet
  facet normal -9.238795e-01 -3.826834e-01 -4.720711e-18
    outer loop
      vertex   -9.473205e+00 1.000000e-01 -7.750000e+00
      vertex   -9.493185e+00 1.482362e-01 -8.875000e+00
      vertex   -9.473205e+00 1.000000e-01 -8.875000e+00
    endloop
  endfacet
  facet normal -7.933533e-01 -6.087614e-01 -7.509566e-18
    outer loop
      vertex   -9.473205e+00 1.000000e-01 -7.750000e+00
      vertex   -9.473205e+00 1.000000e-01 -8.875000e+00
      vertex   -9.441422e+00 5.857864e-02 -7.750000e+00
    endloop
  endfacet
  facet normal -7.933533e-01 -6.087614e-01 1.351722e-16
    outer loop
      vertex   -9.441422e+00 5.857864e-02 -7.750000e+00
      vertex   -9.473205e+00 1.000000e-01 -8.875000e+00
      vertex   -9.441422e+00 5.857864e-02 -8.875000e+00
    endloop
  endfacet
  facet normal -6.087614e-01 -7.933533e-01 1.761598e-16
    outer loop
      vertex   -9.441422e+00 5.857864e-02 -7.750000e+00
      vertex   -9.441422e+00 5.857864e-02 -8.875000e+00
      vertex   -9.400000e+00 2.679492e-02 -7.750000e+00
    endloop
  endfacet
  facet normal -6.087614e-01 -7.933533e-01 4.893329e-17
    outer loop
      vertex   -9.400000e+00 2.679492e-02 -7.750000e+00
      vertex   -9.441422e+00 5.857864e-02 -8.875000e+00
      vertex   -9.400000e+00 2.679492e-02 -8.875000e+00
    endloop
  endfacet
  facet normal -3.826834e-01 -9.238795e-01 5.698402e-17
    outer loop
      vertex   -9.400000e+00 2.679492e-02 -7.750000e+00
      vertex   -9.400000e+00 2.679492e-02 -8.875000e+00
      vertex   -9.351764e+00 6.814835e-03 -7.750000e+00
    endloop
  endfacet
  facet normal -3.826834e-01 -9.238795e-01 -0.000000e+00
    outer loop
      vertex   -9.351764e+00 6.814835e-03 -7.750000e+00
      vertex   -9.400000e+00 2.679492e-02 -8.875000e+00
      vertex   -9.351764e+00 6.814835e-03 -8.875000e+00
    endloop
  endfacet
  facet normal -7.933533e-01 -6.087614e-01 -7.383463e-18
    outer loop
      vertex   -9.441422e+00 5.857864e-02 -6.625000e+00
      vertex   -9.473205e+00 1.000000e-01 -6.625000e+00
      vertex   -9.473205e+00 1.000000e-01 -7.750000e+00
    endloop
  endfacet
  facet normal -9.238795e-01 -3.826834e-01 -4.720711e-18
    outer loop
      vertex   -9.473205e+00 1.000000e-01 -7.750000e+00
      vertex   -9.473205e+00 1.000000e-01 -6.625000e+00
      vertex   -9.493185e+00 1.482362e-01 -7.750000e+00
    endloop
  endfacet
  facet normal -7.933533e-01 -6.087614e-01 -1.125030e-15
    outer loop
      vertex   -9.441422e+00 5.857864e-02 -6.625000e+00
      vertex   -9.473205e+00 1.000000e-01 -7.750000e+00
      vertex   -9.441422e+00 5.857864e-02 -7.750000e+00
    endloop
  endfacet
  facet normal -6.087614e-01 -7.933533e-01 -7.937222e-16
    outer loop
      vertex   -9.400000e+00 2.679492e-02 -6.625000e+00
      vertex   -9.441422e+00 5.857864e-02 -6.625000e+00
      vertex   -9.441422e+00 5.857864e-02 -7.750000e+00
    endloop
  endfacet
  facet normal -6.087614e-01 -7.933533e-01 -9.122912e-16
    outer loop
      vertex   -9.400000e+00 2.679492e-02 -6.625000e+00
      vertex   -9.441422e+00 5.857864e-02 -7.750000e+00
      vertex   -9.400000e+00 2.679492e-02 -7.750000e+00
    endloop
  endfacet
  facet normal -3.826834e-01 -9.238795e-01 -5.463762e-16
    outer loop
      vertex   -9.351764e+00 6.814835e-03 -6.625000e+00
      vertex   -9.400000e+00 2.679492e-02 -6.625000e+00
      vertex   -9.400000e+00 2.679492e-02 -7.750000e+00
    endloop
  endfacet
  facet normal -3.826834e-01 -9.238795e-01 5.698402e-17
    outer loop
      vertex   -9.351764e+00 6.814835e-03 -6.625000e+00
      vertex   -9.400000e+00 2.679492e-02 -7.750000e+00
      vertex   -9.351764e+00 6.814835e-03 -7.750000e+00
    endloop
  endfacet
  facet normal 0.000000e+00 -9.951847e-01 9.801714e-02
    outer loop
      vertex   -9.300000e+00 0.000000e+00 -5.700000e+00
      vertex   -6.999999e-01 0.000000e+00 -5.700000e+00
      vertex   -9.339018e+00 3.842944e-03 -5.660982e+00
    endloop
  endfacet
  facet normal 2.807458e-04 -9.872153e-01 1.593923e-01
    outer loop
      vertex   -9.339018e+00 3.842944e-03 -5.660982e+00
      vertex   -6.999999e-01 0.000000e+00 -5.700000e+00
      vertex   -6.125000e+00 6.814835e-03 -5.648236e+00
    endloop
  endfacet
  facet normal 0.000000e+00 -9.738770e-01 2.270763e-01
    outer loop
      vertex   -9.339018e+00 3.842944e-03 -5.660982e+00
      vertex   -6.125000e+00 6.814835e-03 -5.648236e+00
      vertex   -7.250000e+00 6.814835e-03 -5.648236e+00
    endloop
  endfacet
  facet normal 0.000000e+00 -9.238795e-01 3.826834e-01
    outer loop
      vertex   -7.250000e+00 6.814835e-03 -5.648236e+00
      vertex   -6.125000e+00 6.814835e-03 -5.648236e+00
      vertex   -7.250000e+00 2.679492e-02 -5.600000e+00
    endloop
  endfacet
  facet normal 0.000000e+00 -9.238795e-01 3.826834e-01
    outer loop
      vertex   -7.250000e+00 6.814835e-03 -5.648236e+00
      vertex   -7.250000e+00 2.679492e-02 -5.600000e+00
      vertex   -8.375000e+00 2.679492e-02 -5.600000e+00
    endloop
  endfacet
  facet normal 0.000000e+00 -7.933533e-01 6.087614e-01
    outer loop
      vertex   -8.375000e+00 2.679492e-02 -5.600000e+00
      vertex   -7.250000e+00 2.679492e-02 -5.600000e+00
      vertex   -8.375000e+00 5.857864e-02 -5.558579e+00
    endloop
  endfacet
  facet normal 1.238099e-03 -7.933527e-01 6.087610e-01
    outer loop
      vertex   -8.375000e+00 2.679492e-02 -5.600000e+00
      vertex   -8.375000e+00 5.857864e-02 -5.558579e+00
      vertex   -9.411114e+00 3.370608e-02 -5.588886e+00
    endloop
  endfacet
  facet normal 2.100412e-16 -7.730105e-01 6.343933e-01
    outer loop
      vertex   -9.411114e+00 3.370608e-02 -5.588886e+00
      vertex   -8.375000e+00 5.857864e-02 -5.558579e+00
      vertex   -9.441422e+00 5.857864e-02 -5.558579e+00
    endloop
  endfacet
  facet normal 1.733681e-16 -6.343933e-01 7.730105e-01
    outer loop
      vertex   -9.441422e+00 5.857864e-02 -5.558579e+00
      vertex   -8.375000e+00 5.857864e-02 -5.558579e+00
      vertex   -9.466294e+00 8.888595e-02 -5.533706e+00
    endloop
  endfacet
  facet normal 1.175496e-03 -6.087610e-01 7.933528e-01
    outer loop
      vertex   -9.466294e+00 8.888595e-02 -5.533706e+00
      vertex   -8.375000e+00 5.857864e-02 -5.558579e+00
      vertex   -8.375000e+00 1.000000e-01 -5.526795e+00
    endloop
  endfacet
  facet normal -7.799642e-04 -4.717208e-01 8.817476e-01
    outer loop
      vertex   -9.466294e+00 8.888595e-02 -5.533706e+00
      vertex   -8.375000e+00 1.000000e-01 -5.526795e+00
      vertex   -9.484776e+00 1.234633e-01 -5.515224e+00
    endloop
  endfacet
  facet normal 1.541776e-03 -3.826830e-01 9.238784e-01
    outer loop
      vertex   -9.484776e+00 1.234633e-01 -5.515224e+00
      vertex   -8.375000e+00 1.000000e-01 -5.526795e+00
      vertex   -8.375000e+00 1.482362e-01 -5.506815e+00
    endloop
  endfacet
  facet normal -7.660622e-04 -2.904974e-01 9.568755e-01
    outer loop
      vertex   -9.484776e+00 1.234633e-01 -5.515224e+00
      vertex   -8.375000e+00 1.482362e-01 -5.506815e+00
      vertex   -9.496157e+00 1.609819e-01 -5.503843e+00
    endloop
  endfacet
  facet normal 9.555876e-04 -1.465917e-01 9.891966e-01
    outer loop
      vertex   -9.496157e+00 1.609819e-01 -5.503843e+00
      vertex   -8.375000e+00 1.482362e-01 -5.506815e+00
      vertex   -9.499037e+00 1.803966e-01 -5.500963e+00
    endloop
  endfacet
  facet normal 3.801218e-03 -4.888103e-02 9.987974e-01
    outer loop
      vertex   -9.499037e+00 1.803966e-01 -5.500963e+00
      vertex   -8.375000e+00 1.482362e-01 -5.506815e+00
      vertex   -9.500000e+00 2.000000e-01 -5.500000e+00
    endloop
  endfacet
  facet normal 0.000000e+00 -1.305262e-01 9.914449e-01
    outer loop
      vertex   -9.500000e+00 2.000000e-01 -5.500000e+00
      vertex   -8.375000e+00 1.482362e-01 -5.506815e+00
      vertex   -7.250000e+00 1.482362e-01 -5.506815e+00
    endloop
  endfacet
  facet normal 0.000000e+00 -1.305262e-01 9.914449e-01
    outer loop
      vertex   -9.500000e+00 2.000000e-01 -5.500000e+00
      vertex   -7.250000e+00 1.482362e-01 -5.506815e+00
      vertex   -6.125000e+00 1.482362e-01 -5.506815e+00
    endloop
  endfacet
  facet normal 0.000000e+00 -3.826834e-01 9.238795e-01
    outer loop
      vertex   -6.125000e+00 1.482362e-01 -5.506815e+00
      vertex   -7.250000e+00 1.482362e-01 -5.506815e+00
      vertex   -6.125000e+00 1.000000e-01 -5.526795e+00
    endloop
  endfacet
  facet normal 0.000000e+00 -3.826834e-01 9.238795e-01
    outer loop
      vertex   -6.125000e+00 1.482362e-01 -5.506815e+00
      vertex   -6.125000e+00 1.000000e-01 -5.526795e+00
      vertex   -5.000000e+00 1.000000e-01 -5.526795e+00
    endloop
  endfacet
  facet normal 0.000000e+00 -6.087614e-01 7.933533e-01
    outer loop
      vertex   -5.000000e+00 1.000000e-01 -5.526795e+00
      vertex   -6.125000e+00 1.000000e-01 -5.526795e+00
      vertex   -5.000000e+00 5.857864e-02 -5.558579e+00
    endloop
  endfacet
  facet normal 0.000000e+00 -6.087614e-01 7.933533e-01
    outer loop
      vertex   -5.000000e+00 1.000000e-01 -5.526795e+00
      vertex   -5.000000e+00 5.857864e-02 -5.558579e+00
      vertex   -3.875000e+00 5.857864e-02 -5.558579e+00
    endloop
  endfacet
  facet normal 0.000000e+00 -7.933533e-01 6.087614e-01
    outer loop
      vertex   -3.875000e+00 5.857864e-02 -5.558579e+00
      vertex   -5.000000e+00 5.857864e-02 -5.558579e+00
      vertex   -3.875000e+00 2.679492e-02 -5.600000e+00
    endloop
  endfacet
  facet normal 0.000000e+00 -7.933533e-01 6.087614e-01
    outer loop
      vertex   -3.875000e+00 5.857864e-02 -5.558579e+00
      vertex   -3.875000e+00 2.679492e-02 -5.600000e+00
      vertex   -2.750000e+00 2.679492e-02 -5.600000e+00
    endloop
  endfacet
  facet normal 0.000000e+00 -9.238795e-01 3.826834e-01
    outer loop
      vertex   -2.750000e+00 2.679492e-02 -5.600000e+00
      vertex   -3.875000e+00 2.679492e-02 -5.600000e+00
      vertex   -2.750000e+00 6.814835e-03 -5.648236e+00
    endloop
  endfacet
  facet normal 0.000000e+00 -9.238795e-01 3.826834e-01
    outer loop
      vertex   -2.750000e+00 2.679492e-02 -5.600000e+00
      vertex   -2.750000e+00 6.814835e-03 -5.648236e+00
      vertex   -1.625000e+00 6.814835e-03 -5.648236e+00
    endloop
  endfacet
  facet normal 0.000000e+00 -9.914449e-01 1.305262e-01
    outer loop
      vertex   -1.625000e+00 6.814835e-03 -5.648236e+00
      vertex   -2.750000e+00 6.814835e-03 -5.648236e+00
      vertex   -6.999999e-01 0.000000e+00 -5.700000e+00
    endloop
  endfacet
  facet normal -1.748612e-03 -9.950111e-01 9.974865e-02
    outer loop
      vertex   -1.625000e+00 6.814835e-03 -5.648236e+00
      vertex   -6.999999e-01 0.000000e+00 -5.700000e+00
      vertex   -6.609818e-01 3.842944e-03 -5.660982e+00
    endloop
  endfacet
  facet normal 8.765572e-04 -9.571831e-01 2.894818e-01
    outer loop
      vertex   -6.609818e-01 3.842944e-03 -5.660982e+00
      vertex   -6.234632e-01 1.522409e-02 -5.623463e+00
      vertex   -1.625000e+00 6.814835e-03 -5.648236e+00
    endloop
  endfacet
  facet normal -1.708400e-03 -9.238782e-01 3.826829e-01
    outer loop
      vertex   -1.625000e+00 6.814835e-03 -5.648236e+00
      vertex   -6.234632e-01 1.522409e-02 -5.623463e+00
      vertex   -1.625000e+00 2.679492e-02 -5.600000e+00
    endloop
  endfacet
  facet normal 0.000000e+00 -9.238795e-01 3.826834e-01
    outer loop
      vertex   -1.625000e+00 6.814835e-03 -5.648236e+00
      vertex   -1.625000e+00 2.679492e-02 -5.600000e+00
      vertex   -2.750000e+00 2.679492e-02 -5.600000e+00
    endloop
  endfacet
  facet normal 0.000000e+00 -7.933533e-01 6.087614e-01
    outer loop
      vertex   -2.750000e+00 2.679492e-02 -5.600000e+00
      vertex   -1.625000e+00 2.679492e-02 -5.600000e+00
      vertex   -2.750000e+00 5.857864e-02 -5.558579e+00
    endloop
  endfacet
  facet normal 0.000000e+00 -7.933533e-01 6.087614e-01
    outer loop
      vertex   -2.750000e+00 2.679492e-02 -5.600000e+00
      vertex   -2.750000e+00 5.857864e-02 -5.558579e+00
      vertex   -3.875000e+00 5.857864e-02 -5.558579e+00
    endloop
  endfacet
  facet normal 0.000000e+00 -6.087614e-01 7.933533e-01
    outer loop
      vertex   -3.875000e+00 5.857864e-02 -5.558579e+00
      vertex   -2.750000e+00 5.857864e-02 -5.558579e+00
      vertex   -3.875000e+00 1.000000e-01 -5.526795e+00
    endloop
  endfacet
  facet normal 0.000000e+00 -6.087614e-01 7.933533e-01
    outer loop
      vertex   -3.875000e+00 5.857864e-02 -5.558579e+00
      vertex   -3.875000e+00 1.000000e-01 -5.526795e+00
      vertex   -5.000000e+00 1.000000e-01 -5.526795e+00
    endloop
  endfacet
  facet normal 0.000000e+00 -3.826834e-01 9.238795e-01
    outer loop
      vertex   -5.000000e+00 1.000000e-01 -5.526795e+00
      vertex   -3.875000e+00 1.000000e-01 -5.526795e+00
      vertex   -5.000000e+00 1.482362e-01 -5.506815e+00
    endloop
  endfacet
  facet normal 0.000000e+00 -3.826834e-01 9.238795e-01
    outer loop
      vertex   -5.000000e+00 1.000000e-01 -5.526795e+00
      vertex   -5.000000e+00 1.482362e-01 -5.506815e+00
      vertex   -6.125000e+00 1.482362e-01 -5.506815e+00
    endloop
  endfacet
  facet normal 0.000000e+00 -1.305262e-01 9.914449e-01
    outer loop
      vertex   -6.125000e+00 1.482362e-01 -5.506815e+00
      vertex   -5.000000e+00 1.482362e-01 -5.506815e+00
      vertex   -9.500000e+00 2.000000e-01 -5.500000e+00
    endloop
  endfacet
  facet normal 8.354231e-04 -8.822680e-01 4.707467e-01
    outer loop
      vertex   -6.234632e-01 1.522409e-02 -5.623463e+00
      vertex   -5.888858e-01 3.370608e-02 -5.588886e+00
      vertex   -1.625000e+00 2.679492e-02 -5.600000e+00
    endloop
  endfacet
  facet normal -1.238099e-03 -7.933527e-01 6.087610e-01
    outer loop
      vertex   -1.625000e+00 2.679492e-02 -5.600000e+00
      vertex   -5.888858e-01 3.370608e-02 -5.588886e+00
      vertex   -1.625000e+00 5.857864e-02 -5.558579e+00
    endloop
  endfacet
  facet normal 0.000000e+00 -7.933533e-01 6.087614e-01
    outer loop
      vertex   -1.625000e+00 2.679492e-02 -5.600000e+00
      vertex   -1.625000e+00 5.857864e-02 -5.558579e+00
      vertex   -2.750000e+00 5.857864e-02 -5.558579e+00
    endloop
  endfacet
  facet normal 0.000000e+00 -6.087614e-01 7.933533e-01
    outer loop
      vertex   -2.750000e+00 5.857864e-02 -5.558579e+00
      vertex   -1.625000e+00 5.857864e-02 -5.558579e+00
      vertex   -2.750000e+00 1.000000e-01 -5.526795e+00
    endloop
  endfacet
  facet normal 0.000000e+00 -6.087614e-01 7.933533e-01
    outer loop
      vertex   -2.750000e+00 5.857864e-02 -5.558579e+00
      vertex   -2.750000e+00 1.000000e-01 -5.526795e+00
      vertex   -3.875000e+00 1.000000e-01 -5.526795e+00
    endloop
  endfacet
  facet normal 0.000000e+00 -3.826834e-01 9.238795e-01
    outer loop
      vertex   -3.875000e+00 1.000000e-01 -5.526795e+00
      vertex   -2.750000e+00 1.000000e-01 -5.526795e+00
      vertex   -3.875000e+00 1.482362e-01 -5.506815e+00
    endloop
  endfacet
  facet normal 0.000000e+00 -3.826834e-01 9.238795e-01
    outer loop
      vertex   -3.875000e+00 1.000000e-01 -5.526795e+00
      vertex   -3.875000e+00 1.482362e-01 -5.506815e+00
      vertex   -5.000000e+00 1.482362e-01 -5.506815e+00
    endloop
  endfacet
  facet normal 0.000000e+00 -1.790169e-01 9.838460e-01
    outer loop
      vertex   -5.000000e+00 1.482362e-01 -5.506815e+00
      vertex   -3.875000e+00 1.482362e-01 -5.506815e+00
      vertex   -5.009629e-01 1.803966e-01 -5.500963e+00
    endloop
  endfacet
  facet normal -2.192874e-04 -1.492415e-01 9.888008e-01
    outer loop
      vertex   -5.000000e+00 1.482362e-01 -5.506815e+00
      vertex   -5.009629e-01 1.803966e-01 -5.500963e+00
      vertex   -9.500000e+00 2.000000e-01 -5.500000e+00
    endloop
  endfacet
  facet normal 0.000000e+00 -4.906767e-02 9.987955e-01
    outer loop
      vertex   -9.500000e+00 2.000000e-01 -5.500000e+00
      vertex   -5.009629e-01 1.803966e-01 -5.500963e+00
      vertex   -4.999999e-01 2.000000e-01 -5.500000e+00
    endloop
  endfacet
  facet normal -2.100412e-16 -7.730105e-01 6.343933e-01
    outer loop
      vertex   -5.888858e-01 3.370608e-02 -5.588886e+00
      vertex   -5.585785e-01 5.857864e-02 -5.558579e+00
      vertex   -1.625000e+00 5.857864e-02 -5.558579e+00
    endloop
  endfacet
  facet normal -1.733681e-16 -6.343933e-01 7.730105e-01
    outer loop
      vertex   -1.625000e+00 5.857864e-02 -5.558579e+00
      vertex   -5.585785e-01 5.857864e-02 -5.558579e+00
      vertex   -5.337059e-01 8.888595e-02 -5.533706e+00
    endloop
  endfacet
  facet normal -1.175496e-03 -6.087610e-01 7.933528e-01
    outer loop
      vertex   -1.625000e+00 5.857864e-02 -5.558579e+00
      vertex   -5.337059e-01 8.888595e-02 -5.533706e+00
      vertex   -1.625000e+00 1.000000e-01 -5.526795e+00
    endloop
  endfacet
  facet normal 7.799642e-04 -4.717208e-01 8.817476e-01
    outer loop
      vertex   -1.625000e+00 1.000000e-01 -5.526795e+00
      vertex   -5.337059e-01 8.888595e-02 -5.533706e+00
      vertex   -5.152240e-01 1.234633e-01 -5.515224e+00
    endloop
  endfacet
  facet normal -1.541776e-03 -3.826830e-01 9.238784e-01
    outer loop
      vertex   -1.625000e+00 1.000000e-01 -5.526795e+00
      vertex   -5.152240e-01 1.234633e-01 -5.515224e+00
      vertex   -1.625000e+00 1.482362e-01 -5.506815e+00
    endloop
  endfacet
  facet normal 7.660622e-04 -2.904974e-01 9.568755e-01
    outer loop
      vertex   -1.625000e+00 1.482362e-01 -5.506815e+00
      vertex   -5.152240e-01 1.234633e-01 -5.515224e+00
      vertex   -5.038428e-01 1.609819e-01 -5.503843e+00
    endloop
  endfacet
  facet normal -9.555876e-04 -1.465917e-01 9.891966e-01
    outer loop
      vertex   -1.625000e+00 1.482362e-01 -5.506815e+00
      vertex   -5.038428e-01 1.609819e-01 -5.503843e+00
      vertex   -5.009629e-01 1.803966e-01 -5.500963e+00
    endloop
  endfacet
  facet normal -8.354231e-04 -8.822680e-01 4.707467e-01
    outer loop
      vertex   -9.411114e+00 3.370608e-02 -5.588886e+00
      vertex   -9.376537e+00 1.522409e-02 -5.623463e+00
      vertex   -8.375000e+00 2.679492e-02 -5.600000e+00
    endloop
  endfacet
  facet normal 1.708400e-03 -9.238782e-01 3.826829e-01
    outer loop
      vertex   -8.375000e+00 2.679492e-02 -5.600000e+00
      vertex   -9.376537e+00 1.522409e-02 -5.623463e+00
      vertex   -8.375000e+00 6.814835e-03 -5.648236e+00
    endloop
  endfacet
  facet normal 0.000000e+00 -9.238795e-01 3.826834e-01
    outer loop
      vertex   -8.375000e+00 2.679492e-02 -5.600000e+00
      vertex   -8.375000e+00 6.814835e-03 -5.648236e+00
      vertex   -7.250000e+00 6.814835e-03 -5.648236e+00
    endloop
  endfacet
  facet normal 0.000000e+00 -9.738770e-01 2.270763e-01
    outer loop
      vertex   -7.250000e+00 6.814835e-03 -5.648236e+00
      vertex   -8.375000e+00 6.814835e-03 -5.648236e+00
      vertex   -9.339018e+00 3.842944e-03 -5.660982e+00
    endloop
  endfacet
  facet normal -8.765572e-04 -9.571831e-01 2.894818e-01
    outer loop
      vertex   -9.376537e+00 1.522409e-02 -5.623463e+00
      vertex   -9.339018e+00 3.842944e-03 -5.660982e+00
      vertex   -8.375000e+00 6.814835e-03 -5.648236e+00
    endloop
  endfacet
  facet normal 0.000000e+00 -9.914449e-01 1.305262e-01
    outer loop
      vertex   -2.750000e+00 6.814835e-03 -5.648236e+00
      vertex   -3.875000e+00 6.814835e-03 -5.648236e+00
      vertex   -6.999999e-01 0.000000e+00 -5.700000e+00
    endloop
  endfacet
  facet normal 0.000000e+00 -9.914449e-01 1.305262e-01
    outer loop
      vertex   -6.999999e-01 0.000000e+00 -5.700000e+00
      vertex   -3.875000e+00 6.814835e-03 -5.648236e+00
      vertex   -5.000000e+00 6.814835e-03 -5.648236e+00
    endloop
  endfacet
  facet normal 0.000000e+00 -9.914449e-01 1.305262e-01
    outer loop
      vertex   -6.999999e-01 0.000000e+00 -5.700000e+00
      vertex   -5.000000e+00 6.814835e-03 -5.648236e+00
      vertex   -6.125000e+00 6.814835e-03 -5.648236e+00
    endloop
  endfacet
  facet normal 0.000000e+00 -9.238795e-01 3.826834e-01
    outer loop
      vertex   -6.125000e+00 6.814835e-03 -5.648236e+00
      vertex   -5.000000e+00 6.814835e-03 -5.648236e+00
      vertex   -6.125000e+00 2.679492e-02 -5.600000e+00
    endloop
  endfacet
  facet normal 0.000000e+00 -9.238795e-01 3.826834e-01
    outer loop
      vertex   -6.125000e+00 6.814835e-03 -5.648236e+00
      vertex   -6.125000e+00 2.679492e-02 -5.600000e+00
      vertex   -7.250000e+00 2.679492e-02 -5.600000e+00
    endloop
  endfacet
  facet normal 0.000000e+00 -7.933533e-01 6.087614e-01
    outer loop
      vertex   -7.250000e+00 2.679492e-02 -5.600000e+00
      vertex   -6.125000e+00 2.679492e-02 -5.600000e+00
      vertex   -7.250000e+00 5.857864e-02 -5.558579e+00
    endloop
  endfacet
  facet normal 0.000000e+00 -7.933533e-01 6.087614e-01
    outer loop
      vertex   -7.250000e+00 2.679492e-02 -5.600000e+00
      vertex   -7.250000e+00 5.857864e-02 -5.558579e+00
      vertex   -8.375000e+00 5.857864e-02 -5.558579e+00
    endloop
  endfacet
  facet normal 0.000000e+00 -6.087614e-01 7.933533e-01
    outer loop
      vertex   -8.375000e+00 5.857864e-02 -5.558579e+00
      vertex   -7.250000e+00 5.857864e-02 -5.558579e+00
      vertex   -8.375000e+00 1.000000e-01 -5.526795e+00
    endloop
  endfacet
  facet normal 0.000000e+00 -9.238795e-01 3.826834e-01
    outer loop
      vertex   -2.750000e+00 6.814835e-03 -5.648236e+00
      vertex   -3.875000e+00 2.679492e-02 -5.600000e+00
      vertex   -3.875000e+00 6.814835e-03 -5.648236e+00
    endloop
  endfacet
  facet normal 0.000000e+00 -9.238795e-01 3.826834e-01
    outer loop
      vertex   -3.875000e+00 6.814835e-03 -5.648236e+00
      vertex   -3.875000e+00 2.679492e-02 -5.600000e+00
      vertex   -5.000000e+00 2.679492e-02 -5.600000e+00
    endloop
  endfacet
  facet normal 0.000000e+00 -9.238795e-01 3.826834e-01
    outer loop
      vertex   -3.875000e+00 6.814835e-03 -5.648236e+00
      vertex   -5.000000e+00 2.679492e-02 -5.600000e+00
      vertex   -5.000000e+00 6.814835e-03 -5.648236e+00
    endloop
  endfacet
  facet normal 0.000000e+00 -9.238795e-01 3.826834e-01
    outer loop
      vertex   -5.000000e+00 6.814835e-03 -5.648236e+00
      vertex   -5.000000e+00 2.679492e-02 -5.600000e+00
      vertex   -6.125000e+00 2.679492e-02 -5.600000e+00
    endloop
  endfacet
  facet normal 0.000000e+00 -7.933533e-01 6.087614e-01
    outer loop
      vertex   -3.875000e+00 2.679492e-02 -5.600000e+00
      vertex   -5.000000e+00 5.857864e-02 -5.558579e+00
      vertex   -5.000000e+00 2.679492e-02 -5.600000e+00
    endloop
  endfacet
  facet normal 0.000000e+00 -7.933533e-01 6.087614e-01
    outer loop
      vertex   -5.000000e+00 2.679492e-02 -5.600000e+00
      vertex   -5.000000e+00 5.857864e-02 -5.558579e+00
      vertex   -6.125000e+00 5.857864e-02 -5.558579e+00
    endloop
  endfacet
  facet normal 0.000000e+00 -7.933533e-01 6.087614e-01
    outer loop
      vertex   -5.000000e+00 2.679492e-02 -5.600000e+00
      vertex   -6.125000e+00 5.857864e-02 -5.558579e+00
      vertex   -6.125000e+00 2.679492e-02 -5.600000e+00
    endloop
  endfacet
  facet normal 0.000000e+00 -7.933533e-01 6.087614e-01
    outer loop
      vertex   -6.125000e+00 2.679492e-02 -5.600000e+00
      vertex   -6.125000e+00 5.857864e-02 -5.558579e+00
      vertex   -7.250000e+00 5.857864e-02 -5.558579e+00
    endloop
  endfacet
  facet normal 0.000000e+00 -6.087614e-01 7.933533e-01
    outer loop
      vertex   -5.000000e+00 5.857864e-02 -5.558579e+00
      vertex   -6.125000e+00 1.000000e-01 -5.526795e+00
      vertex   -6.125000e+00 5.857864e-02 -5.558579e+00
    endloop
  endfacet
  facet normal 0.000000e+00 -6.087614e-01 7.933533e-01
    outer loop
      vertex   -6.125000e+00 5.857864e-02 -5.558579e+00
      vertex   -6.125000e+00 1.000000e-01 -5.526795e+00
      vertex   -7.250000e+00 1.000000e-01 -5.526795e+00
    endloop
  endfacet
  facet normal 0.000000e+00 -6.087614e-01 7.933533e-01
    outer loop
      vertex   -6.125000e+00 5.857864e-02 -5.558579e+00
      vertex   -7.250000e+00 1.000000e-01 -5.526795e+00
      vertex   -7.250000e+00 5.857864e-02 -5.558579e+00
    endloop
  endfacet
  facet normal 0.000000e+00 -6.087614e-01 7.933533e-01
    outer loop
      vertex   -7.250000e+00 5.857864e-02 -5.558579e+00
      vertex   -7.250000e+00 1.000000e-01 -5.526795e+00
      vertex   -8.375000e+00 1.000000e-01 -5.526795e+00
    endloop
  endfacet
  facet normal 0.000000e+00 -6.087614e-01 7.933533e-01
    outer loop
      vertex   -1.625000e+00 5.857864e-02 -5.558579e+00
      vertex   -1.625000e+00 1.000000e-01 -5.526795e+00
      vertex   -2.750000e+00 1.000000e-01 -5.526795e+00
    endloop
  endfacet
  facet normal 0.000000e+00 -3.826834e-01 9.238795e-01
    outer loop
      vertex   -2.750000e+00 1.000000e-01 -5.526795e+00
      vertex   -1.625000e+00 1.000000e-01 -5.526795e+00
      vertex   -2.750000e+00 1.482362e-01 -5.506815e+00
    endloop
  endfacet
  facet normal 0.000000e+00 -3.826834e-01 9.238795e-01
    outer loop
      vertex   -2.750000e+00 1.000000e-01 -5.526795e+00
      vertex   -2.750000e+00 1.482362e-01 -5.506815e+00
      vertex   -3.875000e+00 1.482362e-01 -5.506815e+00
    endloop
  endfacet
  facet normal 0.000000e+00 -1.790169e-01 9.838460e-01
    outer loop
      vertex   -3.875000e+00 1.482362e-01 -5.506815e+00
      vertex   -2.750000e+00 1.482362e-01 -5.506815e+00
      vertex   -5.009629e-01 1.803966e-01 -5.500963e+00
    endloop
  endfacet
  facet normal 0.000000e+00 -3.826834e-01 9.238795e-01
    outer loop
      vertex   -8.375000e+00 1.482362e-01 -5.506815e+00
      vertex   -8.375000e+00 1.000000e-01 -5.526795e+00
      vertex   -7.250000e+00 1.000000e-01 -5.526795e+00
    endloop
  endfacet
  facet normal 0.000000e+00 -3.826834e-01 9.238795e-01
    outer loop
      vertex   -8.375000e+00 1.482362e-01 -5.506815e+00
      vertex   -7.250000e+00 1.000000e-01 -5.526795e+00
      vertex   -7.250000e+00 1.482362e-01 -5.506815e+00
    endloop
  endfacet
  facet normal 0.000000e+00 -3.826834e-01 9.238795e-01
    outer loop
      vertex   -7.250000e+00 1.482362e-01 -5.506815e+00
      vertex   -7.250000e+00 1.000000e-01 -5.526795e+00
      vertex   -6.125000e+00 1.000000e-01 -5.526795e+00
    endloop
  endfacet
  facet normal 0.000000e+00 -1.790169e-01 9.838460e-01
    outer loop
      vertex   -5.009629e-01 1.803966e-01 -5.500963e+00
      vertex   -2.750000e+00 1.482362e-01 -5.506815e+00
      vertex   -1.625000e+00 1.482362e-01 -5.506815e+00
    endloop
  endfacet
  facet normal 0.000000e+00 -3.826834e-01 9.238795e-01
    outer loop
      vertex   -1.625000e+00 1.482362e-01 -5.506815e+00
      vertex   -2.750000e+00 1.482362e-01 -5.506815e+00
      vertex   -1.625000e+00 1.000000e-01 -5.526795e+00
    endloop
  endfacet
  facet normal 9.801714e-02 -9.951847e-01 -2.921139e-09
    outer loop
      vertex   -6.999999e-01 0.000000e+00 -5.700000e+00
      vertex   -7.000000e-01 0.000000e+00 -1.000000e+01
      vertex   -6.609818e-01 3.842944e-03 -5.660982e+00
    endloop
  endfacet
  facet normal 1.758648e-01 -9.844141e-01 -7.095800e-04
    outer loop
      vertex   -6.609818e-01 3.842944e-03 -5.660982e+00
      vertex   -7.000000e-01 0.000000e+00 -1.000000e+01
      vertex   -6.482361e-01 6.814835e-03 -6.625000e+00
    endloop
  endfacet
  facet normal 2.894818e-01 -9.571831e-01 8.765486e-04
    outer loop
      vertex   -6.609818e-01 3.842944e-03 -5.660982e+00
      vertex   -6.482361e-01 6.814835e-03 -6.625000e+00
      vertex   -6.234632e-01 1.522409e-02 -5.623463e+00
    endloop
  endfacet
  facet normal 3.826829e-01 -9.238782e-01 -1.708411e-03
    outer loop
      vertex   -6.234632e-01 1.522409e-02 -5.623463e+00
      vertex   -6.482361e-01 6.814835e-03 -6.625000e+00
      vertex   -5.999999e-01 2.679492e-02 -6.625000e+00
    endloop
  endfacet
  facet normal 4.707467e-01 -8.822680e-01 8.354091e-04
    outer loop
      vertex   -6.234632e-01 1.522409e-02 -5.623463e+00
      vertex   -5.999999e-01 2.679492e-02 -6.625000e+00
      vertex   -5.888858e-01 3.370608e-02 -5.588886e+00
    endloop
  endfacet
  facet normal 6.087610e-01 -7.933527e-01 -1.238117e-03
    outer loop
      vertex   -5.888858e-01 3.370608e-02 -5.588886e+00
      vertex   -5.999999e-01 2.679492e-02 -6.625000e+00
      vertex   -5.585785e-01 5.857864e-02 -6.625000e+00
    endloop
  endfacet
  facet normal 6.343933e-01 -7.730105e-01 -1.890639e-08
    outer loop
      vertex   -5.888858e-01 3.370608e-02 -5.588886e+00
      vertex   -5.585785e-01 5.857864e-02 -6.625000e+00
      vertex   -5.585785e-01 5.857864e-02 -5.558579e+00
    endloop
  endfacet
  facet normal 7.730105e-01 -6.343933e-01 -2.303751e-08
    outer loop
      vertex   -5.585785e-01 5.857864e-02 -5.558579e+00
      vertex   -5.585785e-01 5.857864e-02 -6.625000e+00
      vertex   -5.337059e-01 8.888595e-02 -5.533706e+00
    endloop
  endfacet
  facet normal 7.933528e-01 -6.087610e-01 -1.175520e-03
    outer loop
      vertex   -5.337059e-01 8.888595e-02 -5.533706e+00
      vertex   -5.585785e-01 5.857864e-02 -6.625000e+00
      vertex   -5.267948e-01 1.000000e-01 -6.625000e+00
    endloop
  endfacet
  facet normal 8.817476e-01 -4.717208e-01 7.799379e-04
    outer loop
      vertex   -5.337059e-01 8.888595e-02 -5.533706e+00
      vertex   -5.267948e-01 1.000000e-01 -6.625000e+00
      vertex   -5.152240e-01 1.234633e-01 -5.515224e+00
    endloop
  endfacet
  facet normal 9.238784e-01 -3.826830e-01 -1.541803e-03
    outer loop
      vertex   -5.152240e-01 1.234633e-01 -5.515224e+00
      vertex   -5.267948e-01 1.000000e-01 -6.625000e+00
      vertex   -5.068147e-01 1.482362e-01 -6.625000e+00
    endloop
  endfacet
  facet normal 9.568755e-01 -2.904974e-01 7.660337e-04
    outer loop
      vertex   -5.152240e-01 1.234633e-01 -5.515224e+00
      vertex   -5.068147e-01 1.482362e-01 -6.625000e+00
      vertex   -5.038428e-01 1.609819e-01 -5.503843e+00
    endloop
  endfacet
  facet normal 9.891966e-01 -1.465917e-01 -9.556172e-04
    outer loop
      vertex   -5.038428e-01 1.609819e-01 -5.503843e+00
      vertex   -5.068147e-01 1.482362e-01 -6.625000e+00
      vertex   -5.009629e-01 1.803966e-01 -5.500963e+00
    endloop
  endfacet
  facet normal 9.987974e-01 -4.888103e-02 -3.801248e-03
    outer loop
      vertex   -5.009629e-01 1.803966e-01 -5.500963e+00
      vertex   -5.068147e-01 1.482362e-01 -6.625000e+00
      vertex   -4.999999e-01 2.000000e-01 -5.500000e+00
    endloop
  endfacet
  facet normal 9.914449e-01 -1.305262e-01 -2.954736e-08
    outer loop
      vertex   -4.999999e-01 2.000000e-01 -5.500000e+00
      vertex   -5.068147e-01 1.482362e-01 -6.625000e+00
      vertex   -5.068148e-01 1.482362e-01 -7.750000e+00
    endloop
  endfacet
  facet normal 9.914449e-01 -1.305262e-01 -2.954736e-08
    outer loop
      vertex   -4.999999e-01 2.000000e-01 -5.500000e+00
      vertex   -5.068148e-01 1.482362e-01 -7.750000e+00
      vertex   -5.000000e-01 2.000000e-01 -1.000000e+01
    endloop
  endfacet
  facet normal 9.914449e-01 -1.305262e-01 -2.954736e-08
    outer loop
      vertex   -5.000000e-01 2.000000e-01 -1.000000e+01
      vertex   -5.068148e-01 1.482362e-01 -7.750000e+00
      vertex   -5.068148e-01 1.482362e-01 -8.875000e+00
    endloop
  endfacet
  facet normal 9.914449e-01 -1.305262e-01 -2.954736e-08
    outer loop
      vertex   -5.000000e-01 2.000000e-01 -1.000000e+01
      vertex   -5.068148e-01 1.482362e-01 -8.875000e+00
      vertex   -5.068148e-01 1.482362e-01 -1.000000e+01
    endloop
  endfacet
  facet normal 9.238795e-01 -3.826834e-01 -2.753376e-08
    outer loop
      vertex   -5.068148e-01 1.482362e-01 -1.000000e+01
      vertex   -5.068148e-01 1.482362e-01 -8.875000e+00
      vertex   -5.267949e-01 1.000000e-01 -8.875000e+00
    endloop
  endfacet
  facet normal 9.238795e-01 -3.826834e-01 -2.753376e-08
    outer loop
      vertex   -5.068148e-01 1.482362e-01 -1.000000e+01
      vertex   -5.267949e-01 1.000000e-01 -8.875000e+00
      vertex   -5.267949e-01 1.000000e-01 -1.000000e+01
    endloop
  endfacet
  facet normal 7.933533e-01 -6.087614e-01 -2.364377e-08
    outer loop
      vertex   -5.267949e-01 1.000000e-01 -1.000000e+01
      vertex   -5.267949e-01 1.000000e-01 -8.875000e+00
      vertex   -5.585786e-01 5.857864e-02 -8.875000e+00
    endloop
  endfacet
  facet normal 7.933533e-01 -6.087614e-01 -2.364377e-08
    outer loop
      vertex   -5.267949e-01 1.000000e-01 -1.000000e+01
      vertex   -5.585786e-01 5.857864e-02 -8.875000e+00
      vertex   -5.585786e-01 5.857864e-02 -1.000000e+01
    endloop
  endfacet
  facet normal 6.087614e-01 -7.933533e-01 -1.814250e-08
    outer loop
      vertex   -5.585786e-01 5.857864e-02 -1.000000e+01
      vertex   -5.585786e-01 5.857864e-02 -8.875000e+00
      vertex   -6.000000e-01 2.679492e-02 -8.875000e+00
    endloop
  endfacet
  facet normal 6.087614e-01 -7.933533e-01 -1.814250e-08
    outer loop
      vertex   -5.585786e-01 5.857864e-02 -1.000000e+01
      vertex   -6.000000e-01 2.679492e-02 -8.875000e+00
      vertex   -6.000000e-01 2.679492e-02 -1.000000e+01
    endloop
  endfacet
  facet normal 3.826834e-01 -9.238795e-01 -1.140486e-08
    outer loop
      vertex   -6.000000e-01 2.679492e-02 -1.000000e+01
      vertex   -6.000000e-01 2.679492e-02 -8.875000e+00
      vertex   -6.482362e-01 6.814835e-03 -8.875000e+00
    endloop
  endfacet
  facet normal 3.826834e-01 -9.238795e-01 -1.140485e-08
    outer loop
      vertex   -6.000000e-01 2.679492e-02 -1.000000e+01
      vertex   -6.482362e-01 6.814835e-03 -8.875000e+00
      vertex   -6.482362e-01 6.814835e-03 -1.000000e+01
    endloop
  endfacet
  facet normal 1.305262e-01 -9.914449e-01 -3.889984e-09
    outer loop
      vertex   -6.482362e-01 6.814835e-03 -1.000000e+01
      vertex   -6.482362e-01 6.814835e-03 -8.875000e+00
      vertex   -7.000000e-01 0.000000e+00 -1.000000e+01
    endloop
  endfacet
  facet normal 1.305262e-01 -9.914449e-01 -3.889984e-09
    outer loop
      vertex   -7.000000e-01 0.000000e+00 -1.000000e+01
      vertex   -6.482362e-01 6.814835e-03 -8.875000e+00
      vertex   -6.482361e-01 6.814835e-03 -7.750000e+00
    endloop
  endfacet
  facet normal 1.305262e-01 -9.914449e-01 -3.889984e-09
    outer loop
      vertex   -7.000000e-01 0.000000e+00 -1.000000e+01
      vertex   -6.482361e-01 6.814835e-03 -7.750000e+00
      vertex   -6.482361e-01 6.814835e-03 -6.625000e+00
    endloop
  endfacet
  facet normal 3.826834e-01 -9.238795e-01 -1.140486e-08
    outer loop
      vertex   -6.482361e-01 6.814835e-03 -6.625000e+00
      vertex   -6.482361e-01 6.814835e-03 -7.750000e+00
      vertex   -5.999999e-01 2.679492e-02 -6.625000e+00
    endloop
  endfacet
  facet normal 3.826834e-01 -9.238795e-01 -1.140486e-08
    outer loop
      vertex   -6.482361e-01 6.814835e-03 -7.750000e+00
      vertex   -6.482362e-01 6.814835e-03 -8.875000e+00
      vertex   -5.999999e-01 2.679492e-02 -7.750000e+00
    endloop
  endfacet
  facet normal 3.826834e-01 -9.238795e-01 -1.140486e-08
    outer loop
      vertex   -5.999999e-01 2.679492e-02 -7.750000e+00
      vertex   -6.482362e-01 6.814835e-03 -8.875000e+00
      vertex   -6.000000e-01 2.679492e-02 -8.875000e+00
    endloop
  endfacet
  facet normal 6.087614e-01 -7.933533e-01 -1.814250e-08
    outer loop
      vertex   -5.999999e-01 2.679492e-02 -7.750000e+00
      vertex   -6.000000e-01 2.679492e-02 -8.875000e+00
      vertex   -5.585786e-01 5.857864e-02 -7.750000e+00
    endloop
  endfacet
  facet normal 6.087614e-01 -7.933533e-01 -1.814250e-08
    outer loop
      vertex   -5.585786e-01 5.857864e-02 -7.750000e+00
      vertex   -6.000000e-01 2.679492e-02 -8.875000e+00
      vertex   -5.585786e-01 5.857864e-02 -8.875000e+00
    endloop
  endfacet
  facet normal 7.933533e-01 -6.087614e-01 -2.364377e-08
    outer loop
      vertex   -5.585786e-01 5.857864e-02 -7.750000e+00
      vertex   -5.585786e-01 5.857864e-02 -8.875000e+00
      vertex   -5.267949e-01 1.000000e-01 -7.750000e+00
    endloop
  endfacet
  facet normal 7.933533e-01 -6.087614e-01 -2.364377e-08
    outer loop
      vertex   -5.267949e-01 1.000000e-01 -7.750000e+00
      vertex   -5.585786e-01 5.857864e-02 -8.875000e+00
      vertex   -5.267949e-01 1.000000e-01 -8.875000e+00
    endloop
  endfacet
  facet normal 9.238795e-01 -3.826834e-01 -2.753376e-08
    outer loop
      vertex   -5.267949e-01 1.000000e-01 -7.750000e+00
      vertex   -5.267949e-01 1.000000e-01 -8.875000e+00
      vertex   -5.068148e-01 1.482362e-01 -7.750000e+00
    endloop
  endfacet
  facet normal 9.238795e-01 -3.826834e-01 -2.753376e-08
    outer loop
      vertex   -5.068148e-01 1.482362e-01 -7.750000e+00
      vertex   -5.267949e-01 1.000000e-01 -8.875000e+00
      vertex   -5.068148e-01 1.482362e-01 -8.875000e+00
    endloop
  endfacet
  facet normal 6.087614e-01 -7.933533e-01 -1.814250e-08
    outer loop
      vertex   -5.585785e-01 5.857864e-02 -6.625000e+00
      vertex   -5.999999e-01 2.679492e-02 -6.625000e+00
      vertex   -5.999999e-01 2.679492e-02 -7.750000e+00
    endloop
  endfacet
  facet normal 3.826834e-01 -9.238795e-01 -1.140486e-08
    outer loop
      vertex   -5.999999e-01 2.679492e-02 -7.750000e+00
      vertex   -5.999999e-01 2.679492e-02 -6.625000e+00
      vertex   -6.482361e-01 6.814835e-03 -7.750000e+00
    endloop
  endfacet
  facet normal 6.087614e-01 -7.933533e-01 -1.814250e-08
    outer loop
      vertex   -5.585785e-01 5.857864e-02 -6.625000e+00
      vertex   -5.999999e-01 2.679492e-02 -7.750000e+00
      vertex   -5.585786e-01 5.857864e-02 -7.750000e+00
    endloop
  endfacet
  facet normal 7.933533e-01 -6.087614e-01 -2.364377e-08
    outer loop
      vertex   -5.267948e-01 1.000000e-01 -6.625000e+00
      vertex   -5.585785e-01 5.857864e-02 -6.625000e+00
      vertex   -5.585786e-01 5.857864e-02 -7.750000e+00
    endloop
  endfacet
  facet normal 7.933533e-01 -6.087614e-01 -2.364377e-08
    outer loop
      vertex   -5.267948e-01 1.000000e-01 -6.625000e+00
      vertex   -5.585786e-01 5.857864e-02 -7.750000e+00
      vertex   -5.267949e-01 1.000000e-01 -7.750000e+00
    endloop
  endfacet
  facet normal 9.238795e-01 -3.826834e-01 -2.753376e-08
    outer loop
      vertex   -5.068147e-01 1.482362e-01 -6.625000e+00
      vertex   -5.267948e-01 1.000000e-01 -6.625000e+00
      vertex   -5.267949e-01 1.000000e-01 -7.750000e+00
    endloop
  endfacet
  facet normal 9.238795e-01 -3.826834e-01 -2.753376e-08
    outer loop
      vertex   -5.068147e-01 1.482362e-01 -6.625000e+00
      vertex   -5.267949e-01 1.000000e-01 -7.750000e+00
      vertex   -5.068148e-01 1.482362e-01 -7.750000e+00
    endloop
  endfacet
  facet normal -0.000000e+00 -1.000000e+00 0.000000e+00
    outer loop
      vertex   -6.999999e-01 0.000000e+00 -5.700000e+00
      vertex   -9.300000e+00 0.000000e+00 -5.700000e+00
      vertex   -7.000000e-01 0.000000e+00 -1.000000e+01
    endloop
  endfacet
  facet normal 0.000000e+00 -1.000000e+00 0.000000e+00
    outer loop
      vertex   -7.000000e-01 0.000000e+00 -1.000000e+01
      vertex   -9.300000e+00 0.000000e+00 -5.700000e+00
      vertex   -9.300000e+00 0.000000e+00 -1.000000e+01
    endloop
  endfacet
  facet normal -1.000000e+00 0.000000e+00 0.000000e+00
    outer loop
      vertex   -9.500000e+00 2.000000e-01 -5.500000e+00
      vertex   -9.500000e+00 1.500000e+00 -5.500000e+00
      vertex   -9.500000e+00 2.000000e-01 -1.000000e+01
    endloop
  endfacet
  facet normal -1.000000e+00 0.000000e+00 0.000000e+00
    outer loop
      vertex   -9.500000e+00 2.000000e-01 -1.000000e+01
      vertex   -9.500000e+00 1.500000e+00 -5.500000e+00
      vertex   -9.500000e+00 1.500000e+00 -1.000000e+01
    endloop
  endfacet
  facet normal -9.987955e-01 -4.906767e-02 2.976642e-08
    outer loop
      vertex   5.000001e-01 2.000000e-01 -5.500000e+00
      vertex   5.000000e-01 2.000000e-01 -1.000000e+01
      vertex   5.009632e-01 1.803966e-01 -5.500963e+00
    endloop
  endfacet
  facet normal -9.888003e-01 -1.492439e-01 -4.386030e-04
    outer loop
      vertex   5.009632e-01 1.803966e-01 -5.500963e+00
      vertex   5.000000e-01 2.000000e-01 -1.000000e+01
      vertex   5.068149e-01 1.482362e-01 -7.750000e+00
    endloop
  endfacet
  facet normal -9.838460e-01 -1.790169e-01 2.932090e-08
    outer loop
      vertex   5.009632e-01 1.803966e-01 -5.500963e+00
      vertex   5.068149e-01 1.482362e-01 -7.750000e+00
      vertex   5.068149e-01 1.482362e-01 -6.625000e+00
    endloop
  endfacet
  facet normal -9.238795e-01 -3.826834e-01 2.753376e-08
    outer loop
      vertex   5.068149e-01 1.482362e-01 -6.625000e+00
      vertex   5.068149e-01 1.482362e-01 -7.750000e+00
      vertex   5.267950e-01 1.000000e-01 -6.625000e+00
    endloop
  endfacet
  facet normal -9.238784e-01 -3.826830e-01 -1.541748e-03
    outer loop
      vertex   5.068149e-01 1.482362e-01 -6.625000e+00
      vertex   5.267950e-01 1.000000e-01 -6.625000e+00
      vertex   5.152242e-01 1.234633e-01 -5.515224e+00
    endloop
  endfacet
  facet normal -8.817476e-01 -4.717208e-01 7.799905e-04
    outer loop
      vertex   5.152242e-01 1.234633e-01 -5.515224e+00
      vertex   5.267950e-01 1.000000e-01 -6.625000e+00
      vertex   5.337062e-01 8.888595e-02 -5.533706e+00
    endloop
  endfacet
  facet normal -7.933528e-01 -6.087610e-01 -1.175472e-03
    outer loop
      vertex   5.337062e-01 8.888595e-02 -5.533706e+00
      vertex   5.267950e-01 1.000000e-01 -6.625000e+00
      vertex   5.585787e-01 5.857864e-02 -6.625000e+00
    endloop
  endfacet
  facet normal -7.730105e-01 -6.343933e-01 2.303751e-08
    outer loop
      vertex   5.337062e-01 8.888595e-02 -5.533706e+00
      vertex   5.585787e-01 5.857864e-02 -6.625000e+00
      vertex   5.585788e-01 5.857864e-02 -5.558579e+00
    endloop
  endfacet
  facet normal -6.343933e-01 -7.730105e-01 1.890639e-08
    outer loop
      vertex   5.585788e-01 5.857864e-02 -5.558579e+00
      vertex   5.585787e-01 5.857864e-02 -6.625000e+00
      vertex   5.888861e-01 3.370608e-02 -5.588886e+00
    endloop
  endfacet
  facet normal -6.087610e-01 -7.933527e-01 -1.238081e-03
    outer loop
      vertex   5.888861e-01 3.370608e-02 -5.588886e+00
      vertex   5.585787e-01 5.857864e-02 -6.625000e+00
      vertex   6.000001e-01 2.679492e-02 -6.625000e+00
    endloop
  endfacet
  facet normal -4.707467e-01 -8.822680e-01 8.354372e-04
    outer loop
      vertex   5.888861e-01 3.370608e-02 -5.588886e+00
      vertex   6.000001e-01 2.679492e-02 -6.625000e+00
      vertex   6.234634e-01 1.522409e-02 -5.623463e+00
    endloop
  endfacet
  facet normal -3.826829e-01 -9.238782e-01 -1.708389e-03
    outer loop
      vertex   6.234634e-01 1.522409e-02 -5.623463e+00
      vertex   6.000001e-01 2.679492e-02 -6.625000e+00
      vertex   6.482363e-01 6.814835e-03 -6.625000e+00
    endloop
  endfacet
  facet normal -2.894818e-01 -9.571831e-01 8.765658e-04
    outer loop
      vertex   6.234634e-01 1.522409e-02 -5.623463e+00
      vertex   6.482363e-01 6.814835e-03 -6.625000e+00
      vertex   6.609821e-01 3.842944e-03 -5.660982e+00
    endloop
  endfacet
  facet normal -9.974865e-02 -9.950111e-01 -1.748609e-03
    outer loop
      vertex   6.609821e-01 3.842944e-03 -5.660982e+00
      vertex   6.482363e-01 6.814835e-03 -6.625000e+00
      vertex   7.000001e-01 0.000000e+00 -5.700000e+00
    endloop
  endfacet
  facet normal -1.305262e-01 -9.914449e-01 3.889984e-09
    outer loop
      vertex   7.000001e-01 0.000000e+00 -5.700000e+00
      vertex   6.482363e-01 6.814835e-03 -6.625000e+00
      vertex   6.482363e-01 6.814835e-03 -7.750000e+00
    endloop
  endfacet
  facet normal -1.305262e-01 -9.914449e-01 3.889984e-09
    outer loop
      vertex   7.000001e-01 0.000000e+00 -5.700000e+00
      vertex   6.482363e-01 6.814835e-03 -7.750000e+00
      vertex   7.000000e-01 0.000000e+00 -1.000000e+01
    endloop
  endfacet
  facet normal -1.305262e-01 -9.914449e-01 3.889984e-09
    outer loop
      vertex   7.000000e-01 0.000000e+00 -1.000000e+01
      vertex   6.482363e-01 6.814835e-03 -7.750000e+00
      vertex   6.482362e-01 6.814835e-03 -8.875000e+00
    endloop
  endfacet
  facet normal -1.305262e-01 -9.914449e-01 3.889984e-09
    outer loop
      vertex   7.000000e-01 0.000000e+00 -1.000000e+01
      vertex   6.482362e-01 6.814835e-03 -8.875000e+00
      vertex   6.482362e-01 6.814835e-03 -1.000000e+01
    endloop
  endfacet
  facet normal -3.826834e-01 -9.238795e-01 1.140485e-08
    outer loop
      vertex   6.482362e-01 6.814835e-03 -1.000000e+01
      vertex   6.482362e-01 6.814835e-03 -8.875000e+00
      vertex   6.000000e-01 2.679492e-02 -8.875000e+00
    endloop
  endfacet
  facet normal -3.826834e-01 -9.238795e-01 1.140486e-08
    outer loop
      vertex   6.482362e-01 6.814835e-03 -1.000000e+01
      vertex   6.000000e-01 2.679492e-02 -8.875000e+00
      vertex   6.000000e-01 2.679492e-02 -1.000000e+01
    endloop
  endfacet
  facet normal -6.087614e-01 -7.933533e-01 1.814250e-08
    outer loop
      vertex   6.000000e-01 2.679492e-02 -1.000000e+01
      vertex   6.000000e-01 2.679492e-02 -8.875000e+00
      vertex   5.585787e-01 5.857864e-02 -8.875000e+00
    endloop
  endfacet
  facet normal -6.087614e-01 -7.933533e-01 1.814250e-08
    outer loop
      vertex   6.000000e-01 2.679492e-02 -1.000000e+01
      vertex   5.585787e-01 5.857864e-02 -8.875000e+00
      vertex   5.585786e-01 5.857864e-02 -1.000000e+01
    endloop
  endfacet
  facet normal -7.933533e-01 -6.087614e-01 2.364377e-08
    outer loop
      vertex   5.585786e-01 5.857864e-02 -1.000000e+01
      vertex   5.585787e-01 5.857864e-02 -8.875000e+00
      vertex   5.267950e-01 1.000000e-01 -8.875000e+00
    endloop
  endfacet
  facet normal -7.933533e-01 -6.087614e-01 2.364377e-08
    outer loop
      vertex   5.585786e-01 5.857864e-02 -1.000000e+01
      vertex   5.267950e-01 1.000000e-01 -8.875000e+00
      vertex   5.267949e-01 1.000000e-01 -1.000000e+01
    endloop
  endfacet
  facet normal -9.238795e-01 -3.826834e-01 2.753376e-08
    outer loop
      vertex   5.267949e-01 1.000000e-01 -1.000000e+01
      vertex   5.267950e-01 1.000000e-01 -8.875000e+00
      vertex   5.068149e-01 1.482362e-01 -8.875000e+00
    endloop
  endfacet
  facet normal -9.238795e-01 -3.826834e-01 2.753376e-08
    outer loop
      vertex   5.267949e-01 1.000000e-01 -1.000000e+01
      vertex   5.068149e-01 1.482362e-01 -8.875000e+00
      vertex   5.068148e-01 1.482362e-01 -1.000000e+01
    endloop
  endfacet
  facet normal -9.914449e-01 -1.305262e-01 2.954736e-08
    outer loop
      vertex   5.068148e-01 1.482362e-01 -1.000000e+01
      vertex   5.068149e-01 1.482362e-01 -8.875000e+00
      vertex   5.000000e-01 2.000000e-01 -1.000000e+01
    endloop
  endfacet
  facet normal -9.914449e-01 -1.305262e-01 2.954736e-08
    outer loop
      vertex   5.000000e-01 2.000000e-01 -1.000000e+01
      vertex   5.068149e-01 1.482362e-01 -8.875000e+00
      vertex   5.068149e-01 1.482362e-01 -7.750000e+00
    endloop
  endfacet
  facet normal -9.568755e-01 -2.904974e-01 7.660907e-04
    outer loop
      vertex   5.152242e-01 1.234633e-01 -5.515224e+00
      vertex   5.038431e-01 1.609819e-01 -5.503843e+00
      vertex   5.068149e-01 1.482362e-01 -6.625000e+00
    endloop
  endfacet
  facet normal -9.891966e-01 -1.465917e-01 -9.555582e-04
    outer loop
      vertex   5.068149e-01 1.482362e-01 -6.625000e+00
      vertex   5.038431e-01 1.609819e-01 -5.503843e+00
      vertex   5.009632e-01 1.803966e-01 -5.500963e+00
    endloop
  endfacet
  facet normal -9.238795e-01 -3.826834e-01 2.753376e-08
    outer loop
      vertex   5.068149e-01 1.482362e-01 -7.750000e+00
      vertex   5.068149e-01 1.482362e-01 -8.875000e+00
      vertex   5.267950e-01 1.000000e-01 -7.750000e+00
    endloop
  endfacet
  facet normal -9.238795e-01 -3.826834e-01 2.753376e-08
    outer loop
      vertex   5.267950e-01 1.000000e-01 -7.750000e+00
      vertex   5.068149e-01 1.482362e-01 -8.875000e+00
      vertex   5.267950e-01 1.000000e-01 -8.875000e+00
    endloop
  endfacet
  facet normal -7.933533e-01 -6.087614e-01 2.364377e-08
    outer loop
      vertex   5.267950e-01 1.000000e-01 -7.750000e+00
      vertex   5.267950e-01 1.000000e-01 -8.875000e+00
      vertex   5.585787e-01 5.857864e-02 -7.750000e+00
    endloop
  endfacet
  facet normal -7.933533e-01 -6.087614e-01 2.364377e-08
    outer loop
      vertex   5.585787e-01 5.857864e-02 -7.750000e+00
      vertex   5.267950e-01 1.000000e-01 -8.875000e+00
      vertex   5.585787e-01 5.857864e-02 -8.875000e+00
    endloop
  endfacet
  facet normal -6.087614e-01 -7.933533e-01 1.814250e-08
    outer loop
      vertex   5.585787e-01 5.857864e-02 -7.750000e+00
      vertex   5.585787e-01 5.857864e-02 -8.875000e+00
      vertex   6.000001e-01 2.679492e-02 -7.750000e+00
    endloop
  endfacet
  facet normal -6.087614e-01 -7.933533e-01 1.814250e-08
    outer loop
      vertex   6.000001e-01 2.679492e-02 -7.750000e+00
      vertex   5.585787e-01 5.857864e-02 -8.875000e+00
      vertex   6.000000e-01 2.679492e-02 -8.875000e+00
    endloop
  endfacet
  facet normal -3.826834e-01 -9.238795e-01 1.140486e-08
    outer loop
      vertex   6.000001e-01 2.679492e-02 -7.750000e+00
      vertex   6.000000e-01 2.679492e-02 -8.875000e+00
      vertex   6.482363e-01 6.814835e-03 -7.750000e+00
    endloop
  endfacet
  facet normal -3.826834e-01 -9.238795e-01 1.140486e-08
    outer loop
      vertex   6.482363e-01 6.814835e-03 -7.750000e+00
      vertex   6.000000e-01 2.679492e-02 -8.875000e+00
      vertex   6.482362e-01 6.814835e-03 -8.875000e+00
    endloop
  endfacet
  facet normal -7.933533e-01 -6.087614e-01 2.364377e-08
    outer loop
      vertex   5.585787e-01 5.857864e-02 -6.625000e+00
      vertex   5.267950e-01 1.000000e-01 -6.625000e+00
      vertex   5.267950e-01 1.000000e-01 -7.750000e+00
    endloop
  endfacet
  facet normal -9.238795e-01 -3.826834e-01 2.753376e-08
    outer loop
      vertex   5.267950e-01 1.000000e-01 -7.750000e+00
      vertex   5.267950e-01 1.000000e-01 -6.625000e+00
      vertex   5.068149e-01 1.482362e-01 -7.750000e+00
    endloop
  endfacet
  facet normal -7.933533e-01 -6.087614e-01 2.364377e-08
    outer loop
      vertex   5.585787e-01 5.857864e-02 -6.625000e+00
      vertex   5.267950e-01 1.000000e-01 -7.750000e+00
      vertex   5.585787e-01 5.857864e-02 -7.750000e+00
    endloop
  endfacet
  facet normal -6.087614e-01 -7.933533e-01 1.814250e-08
    outer loop
      vertex   6.000001e-01 2.679492e-02 -6.625000e+00
      vertex   5.585787e-01 5.857864e-02 -6.625000e+00
      vertex   5.585787e-01 5.857864e-02 -7.750000e+00
    endloop
  endfacet
  facet normal -6.087614e-01 -7.933533e-01 1.814250e-08
    outer loop
      vertex   6.000001e-01 2.679492e-02 -6.625000e+00
      vertex   5.585787e-01 5.857864e-02 -7.750000e+00
      vertex   6.000001e-01 2.679492e-02 -7.750000e+00
    endloop
  endfacet
  facet normal -3.826834e-01 -9.238795e-01 1.140486e-08
    outer loop
      vertex   6.482363e-01 6.814835e-03 -6.625000e+00
      vertex   6.000001e-01 2.679492e-02 -6.625000e+00
      vertex   6.000001e-01 2.679492e-02 -7.750000e+00
    endloop
  endfacet
  facet normal -3.826834e-01 -9.238795e-01 1.140486e-08
    outer loop
      vertex   6.482363e-01 6.814835e-03 -6.625000e+00
      vertex   6.000001e-01 2.679492e-02 -7.750000e+00
      vertex   6.482363e-01 6.814835e-03 -7.750000e+00
    endloop
  endfacet
  facet normal 0.000000e+00 -9.951847e-01 9.801714e-02
    outer loop
      vertex   7.000001e-01 0.000000e+00 -5.700000e+00
      vertex   9.300000e+00 0.000000e+00 -5.700000e+00
      vertex   6.609821e-01 3.842944e-03 -5.660982e+00
    endloop
  endfacet
  facet normal 2.807458e-04 -9.872153e-01 1.593923e-01
    outer loop
      vertex   6.609821e-01 3.842944e-03 -5.660982e+00
      vertex   9.300000e+00 0.000000e+00 -5.700000e+00
      vertex   3.875000e+00 6.814835e-03 -5.648236e+00
    endloop
  endfacet
  facet normal 0.000000e+00 -9.738770e-01 2.270763e-01
    outer loop
      vertex   6.609821e-01 3.842944e-03 -5.660982e+00
      vertex   3.875000e+00 6.814835e-03 -5.648236e+00
      vertex   2.750000e+00 6.814835e-03 -5.648236e+00
    endloop
  endfacet
  facet normal 0.000000e+00 -9.238795e-01 3.826834e-01
    outer loop
      vertex   2.750000e+00 6.814835e-03 -5.648236e+00
      vertex   3.875000e+00 6.814835e-03 -5.648236e+00
      vertex   2.750000e+00 2.679492e-02 -5.600000e+00
    endloop
  endfacet
  facet normal 0.000000e+00 -9.238795e-01 3.826834e-01
    outer loop
      vertex   2.750000e+00 6.814835e-03 -5.648236e+00
      vertex   2.750000e+00 2.679492e-02 -5.600000e+00
      vertex   1.625000e+00 2.679492e-02 -5.600000e+00
    endloop
  endfacet
  facet normal 0.000000e+00 -7.933533e-01 6.087614e-01
    outer loop
      vertex   1.625000e+00 2.679492e-02 -5.600000e+00
      vertex   2.750000e+00 2.679492e-02 -5.600000e+00
      vertex   1.625000e+00 5.857864e-02 -5.558579e+00
    endloop
  endfacet
  facet normal 1.238099e-03 -7.933527e-01 6.087610e-01
    outer loop
      vertex   1.625000e+00 2.679492e-02 -5.600000e+00
      vertex   1.625000e+00 5.857864e-02 -5.558579e+00
      vertex   5.888861e-01 3.370608e-02 -5.588886e+00
    endloop
  endfacet
  facet normal -2.022619e-16 -7.730105e-01 6.343933e-01
    outer loop
      vertex   5.888861e-01 3.370608e-02 -5.588886e+00
      vertex   1.625000e+00 5.857864e-02 -5.558579e+00
      vertex   5.585788e-01 5.857864e-02 -5.558579e+00
    endloop
  endfacet
  facet normal -1.651125e-16 -6.343933e-01 7.730105e-01
    outer loop
      vertex   5.585788e-01 5.857864e-02 -5.558579e+00
      vertex   1.625000e+00 5.857864e-02 -5.558579e+00
      vertex   5.337062e-01 8.888595e-02 -5.533706e+00
    endloop
  endfacet
  facet normal 1.175496e-03 -6.087610e-01 7.933528e-01
    outer loop
      vertex   5.337062e-01 8.888595e-02 -5.533706e+00
      vertex   1.625000e+00 5.857864e-02 -5.558579e+00
      vertex   1.625000e+00 1.000000e-01 -5.526795e+00
    endloop
  endfacet
  facet normal -7.799642e-04 -4.717208e-01 8.817476e-01
    outer loop
      vertex   5.337062e-01 8.888595e-02 -5.533706e+00
      vertex   1.625000e+00 1.000000e-01 -5.526795e+00
      vertex   5.152242e-01 1.234633e-01 -5.515224e+00
    endloop
  endfacet
  facet normal 1.541776e-03 -3.826830e-01 9.238784e-01
    outer loop
      vertex   5.152242e-01 1.234633e-01 -5.515224e+00
      vertex   1.625000e+00 1.000000e-01 -5.526795e+00
      vertex   1.625000e+00 1.482362e-01 -5.506815e+00
    endloop
  endfacet
  facet normal -7.660622e-04 -2.904974e-01 9.568755e-01
    outer loop
      vertex   5.152242e-01 1.234633e-01 -5.515224e+00
      vertex   1.625000e+00 1.482362e-01 -5.506815e+00
      vertex   5.038431e-01 1.609819e-01 -5.503843e+00
    endloop
  endfacet
  facet normal 9.555877e-04 -1.465917e-01 9.891966e-01
    outer loop
      vertex   5.038431e-01 1.609819e-01 -5.503843e+00
      vertex   1.625000e+00 1.482362e-01 -5.506815e+00
      vertex   5.009632e-01 1.803966e-01 -5.500963e+00
    endloop
  endfacet
  facet normal 3.801219e-03 -4.888103e-02 9.987974e-01
    outer loop
      vertex   5.009632e-01 1.803966e-01 -5.500963e+00
      vertex   1.625000e+00 1.482362e-01 -5.506815e+00
      vertex   5.000001e-01 2.000000e-01 -5.500000e+00
    endloop
  endfacet
  facet normal 0.000000e+00 -1.305262e-01 9.914449e-01
    outer loop
      vertex   5.000001e-01 2.000000e-01 -5.500000e+00
      vertex   1.625000e+00 1.482362e-01 -5.506815e+00
      vertex   2.750000e+00 1.482362e-01 -5.506815e+00
    endloop
  endfacet
  facet normal 0.000000e+00 -1.305262e-01 9.914449e-01
    outer loop
      vertex   5.000001e-01 2.000000e-01 -5.500000e+00
      vertex   2.750000e+00 1.482362e-01 -5.506815e+00
      vertex   3.875000e+00 1.482362e-01 -5.506815e+00
    endloop
  endfacet
  facet normal 0.000000e+00 -3.826834e-01 9.238795e-01
    outer loop
      vertex   3.875000e+00 1.482362e-01 -5.506815e+00
      vertex   2.750000e+00 1.482362e-01 -5.506815e+00
      vertex   3.875000e+00 1.000000e-01 -5.526795e+00
    endloop
  endfacet
  facet normal 0.000000e+00 -3.826834e-01 9.238795e-01
    outer loop
      vertex   3.875000e+00 1.482362e-01 -5.506815e+00
      vertex   3.875000e+00 1.000000e-01 -5.526795e+00
      vertex   5.000000e+00 1.000000e-01 -5.526795e+00
    endloop
  endfacet
  facet normal 0.000000e+00 -6.087614e-01 7.933533e-01
    outer loop
      vertex   5.000000e+00 1.000000e-01 -5.526795e+00
      vertex   3.875000e+00 1.000000e-01 -5.526795e+00
      vertex   5.000000e+00 5.857864e-02 -5.558579e+00
    endloop
  endfacet
  facet normal 2.953385e-17 -6.087614e-01 7.933533e-01
    outer loop
      vertex   5.000000e+00 1.000000e-01 -5.526795e+00
      vertex   5.000000e+00 5.857864e-02 -5.558579e+00
      vertex   6.125000e+00 5.857864e-02 -5.558579e+00
    endloop
  endfacet
  facet normal 3.914663e-17 -7.933533e-01 6.087614e-01
    outer loop
      vertex   6.125000e+00 5.857864e-02 -5.558579e+00
      vertex   5.000000e+00 5.857864e-02 -5.558579e+00
      vertex   6.125000e+00 2.679492e-02 -5.600000e+00
    endloop
  endfacet
  facet normal 0.000000e+00 -7.933533e-01 6.087614e-01
    outer loop
      vertex   6.125000e+00 5.857864e-02 -5.558579e+00
      vertex   6.125000e+00 2.679492e-02 -5.600000e+00
      vertex   7.250000e+00 2.679492e-02 -5.600000e+00
    endloop
  endfacet
  facet normal 0.000000e+00 -9.238795e-01 3.826834e-01
    outer loop
      vertex   7.250000e+00 2.679492e-02 -5.600000e+00
      vertex   6.125000e+00 2.679492e-02 -5.600000e+00
      vertex   7.250000e+00 6.814835e-03 -5.648236e+00
    endloop
  endfacet
  facet normal 0.000000e+00 -9.238795e-01 3.826834e-01
    outer loop
      vertex   7.250000e+00 2.679492e-02 -5.600000e+00
      vertex   7.250000e+00 6.814835e-03 -5.648236e+00
      vertex   8.375000e+00 6.814835e-03 -5.648236e+00
    endloop
  endfacet
  facet normal 0.000000e+00 -9.914449e-01 1.305262e-01
    outer loop
      vertex   8.375000e+00 6.814835e-03 -5.648236e+00
      vertex   7.250000e+00 6.814835e-03 -5.648236e+00
      vertex   9.300000e+00 0.000000e+00 -5.700000e+00
    endloop
  endfacet
  facet normal -1.748612e-03 -9.950111e-01 9.974865e-02
    outer loop
      vertex   8.375000e+00 6.814835e-03 -5.648236e+00
      vertex   9.300000e+00 0.000000e+00 -5.700000e+00
      vertex   9.339018e+00 3.842944e-03 -5.660982e+00
    endloop
  endfacet
  facet normal 8.765572e-04 -9.571831e-01 2.894818e-01
    outer loop
      vertex   9.339018e+00 3.842944e-03 -5.660982e+00
      vertex   9.376537e+00 1.522409e-02 -5.623463e+00
      vertex   8.375000e+00 6.814835e-03 -5.648236e+00
    endloop
  endfacet
  facet normal -1.708400e-03 -9.238782e-01 3.826829e-01
    outer loop
      vertex   8.375000e+00 6.814835e-03 -5.648236e+00
      vertex   9.376537e+00 1.522409e-02 -5.623463e+00
      vertex   8.375000e+00 2.679492e-02 -5.600000e+00
    endloop
  endfacet
  facet normal 0.000000e+00 -9.238795e-01 3.826834e-01
    outer loop
      vertex   8.375000e+00 6.814835e-03 -5.648236e+00
      vertex   8.375000e+00 2.679492e-02 -5.600000e+00
      vertex   7.250000e+00 2.679492e-02 -5.600000e+00
    endloop
  endfacet
  facet normal 0.000000e+00 -7.933533e-01 6.087614e-01
    outer loop
      vertex   7.250000e+00 2.679492e-02 -5.600000e+00
      vertex   8.375000e+00 2.679492e-02 -5.600000e+00
      vertex   7.250000e+00 5.857864e-02 -5.558579e+00
    endloop
  endfacet
  facet normal 5.168424e-17 -7.933533e-01 6.087614e-01
    outer loop
      vertex   7.250000e+00 2.679492e-02 -5.600000e+00
      vertex   7.250000e+00 5.857864e-02 -5.558579e+00
      vertex   6.125000e+00 5.857864e-02 -5.558579e+00
    endloop
  endfacet
  facet normal 3.754783e-17 -6.087614e-01 7.933533e-01
    outer loop
      vertex   6.125000e+00 5.857864e-02 -5.558579e+00
      vertex   7.250000e+00 5.857864e-02 -5.558579e+00
      vertex   6.125000e+00 1.000000e-01 -5.526795e+00
    endloop
  endfacet
  facet normal 0.000000e+00 -6.087614e-01 7.933533e-01
    outer loop
      vertex   6.125000e+00 5.857864e-02 -5.558579e+00
      vertex   6.125000e+00 1.000000e-01 -5.526795e+00
      vertex   5.000000e+00 1.000000e-01 -5.526795e+00
    endloop
  endfacet
  facet normal 0.000000e+00 -3.826834e-01 9.238795e-01
    outer loop
      vertex   5.000000e+00 1.000000e-01 -5.526795e+00
      vertex   6.125000e+00 1.000000e-01 -5.526795e+00
      vertex   5.000000e+00 1.482362e-01 -5.506815e+00
    endloop
  endfacet
  facet normal 0.000000e+00 -3.826834e-01 9.238795e-01
    outer loop
      vertex   5.000000e+00 1.000000e-01 -5.526795e+00
      vertex   5.000000e+00 1.482362e-01 -5.506815e+00
      vertex   3.875000e+00 1.482362e-01 -5.506815e+00
    endloop
  endfacet
  facet normal 0.000000e+00 -1.305262e-01 9.914449e-01
    outer loop
      vertex   3.875000e+00 1.482362e-01 -5.506815e+00
      vertex   5.000000e+00 1.482362e-01 -5.506815e+00
      vertex   5.000001e-01 2.000000e-01 -5.500000e+00
    endloop
  endfacet
  facet normal 8.354231e-04 -8.822680e-01 4.707467e-01
    outer loop
      vertex   9.376537e+00 1.522409e-02 -5.623463e+00
      vertex   9.411114e+00 3.370608e-02 -5.588886e+00
      vertex   8.375000e+00 2.679492e-02 -5.600000e+00
    endloop
  endfacet
  facet normal -1.238099e-03 -7.933527e-01 6.087610e-01
    outer loop
      vertex   8.375000e+00 2.679492e-02 -5.600000e+00
      vertex   9.411114e+00 3.370608e-02 -5.588886e+00
      vertex   8.375000e+00 5.857864e-02 -5.558579e+00
    endloop
  endfacet
  facet normal 3.322558e-17 -7.933533e-01 6.087614e-01
    outer loop
      vertex   8.375000e+00 2.679492e-02 -5.600000e+00
      vertex   8.375000e+00 5.857864e-02 -5.558579e+00
      vertex   7.250000e+00 5.857864e-02 -5.558579e+00
    endloop
  endfacet
  facet normal 2.628348e-17 -6.087614e-01 7.933533e-01
    outer loop
      vertex   7.250000e+00 5.857864e-02 -5.558579e+00
      vertex   8.375000e+00 5.857864e-02 -5.558579e+00
      vertex   7.250000e+00 1.000000e-01 -5.526795e+00
    endloop
  endfacet
  facet normal 0.000000e+00 -6.087614e-01 7.933533e-01
    outer loop
      vertex   7.250000e+00 5.857864e-02 -5.558579e+00
      vertex   7.250000e+00 1.000000e-01 -5.526795e+00
      vertex   6.125000e+00 1.000000e-01 -5.526795e+00
    endloop
  endfacet
  facet normal 0.000000e+00 -3.826834e-01 9.238795e-01
    outer loop
      vertex   6.125000e+00 1.000000e-01 -5.526795e+00
      vertex   7.250000e+00 1.000000e-01 -5.526795e+00
      vertex   6.125000e+00 1.482362e-01 -5.506815e+00
    endloop
  endfacet
  facet normal 0.000000e+00 -3.826834e-01 9.238795e-01
    outer loop
      vertex   6.125000e+00 1.000000e-01 -5.526795e+00
      vertex   6.125000e+00 1.482362e-01 -5.506815e+00
      vertex   5.000000e+00 1.482362e-01 -5.506815e+00
    endloop
  endfacet
  facet normal 0.000000e+00 -1.790169e-01 9.838460e-01
    outer loop
      vertex   5.000000e+00 1.482362e-01 -5.506815e+00
      vertex   6.125000e+00 1.482362e-01 -5.506815e+00
      vertex   9.499037e+00 1.803966e-01 -5.500963e+00
    endloop
  endfacet
  facet normal -2.192874e-04 -1.492415e-01 9.888008e-01
    outer loop
      vertex   5.000000e+00 1.482362e-01 -5.506815e+00
      vertex   9.499037e+00 1.803966e-01 -5.500963e+00
      vertex   5.000001e-01 2.000000e-01 -5.500000e+00
    endloop
  endfacet
  facet normal 0.000000e+00 -4.906767e-02 9.987955e-01
    outer loop
      vertex   5.000001e-01 2.000000e-01 -5.500000e+00
      vertex   9.499037e+00 1.803966e-01 -5.500963e+00
      vertex   9.500000e+00 2.000000e-01 -5.500000e+00
    endloop
  endfacet
  facet normal -1.737378e-16 -7.730105e-01 6.343933e-01
    outer loop
      vertex   9.411114e+00 3.370608e-02 -5.588886e+00
      vertex   9.441422e+00 5.857864e-02 -5.558579e+00
      vertex   8.375000e+00 5.857864e-02 -5.558579e+00
    endloop
  endfacet
  facet normal -1.444734e-16 -6.343933e-01 7.730105e-01
    outer loop
      vertex   8.375000e+00 5.857864e-02 -5.558579e+00
      vertex   9.441422e+00 5.857864e-02 -5.558579e+00
      vertex   9.466294e+00 8.888595e-02 -5.533706e+00
    endloop
  endfacet
  facet normal -1.175496e-03 -6.087610e-01 7.933528e-01
    outer loop
      vertex   8.375000e+00 5.857864e-02 -5.558579e+00
      vertex   9.466294e+00 8.888595e-02 -5.533706e+00
      vertex   8.375000e+00 1.000000e-01 -5.526795e+00
    endloop
  endfacet
  facet normal 7.799642e-04 -4.717208e-01 8.817476e-01
    outer loop
      vertex   8.375000e+00 1.000000e-01 -5.526795e+00
      vertex   9.466294e+00 8.888595e-02 -5.533706e+00
      vertex   9.484776e+00 1.234633e-01 -5.515224e+00
    endloop
  endfacet
  facet normal -1.541776e-03 -3.826830e-01 9.238784e-01
    outer loop
      vertex   8.375000e+00 1.000000e-01 -5.526795e+00
      vertex   9.484776e+00 1.234633e-01 -5.515224e+00
      vertex   8.375000e+00 1.482362e-01 -5.506815e+00
    endloop
  endfacet
  facet normal 7.660622e-04 -2.904974e-01 9.568755e-01
    outer loop
      vertex   8.375000e+00 1.482362e-01 -5.506815e+00
      vertex   9.484776e+00 1.234633e-01 -5.515224e+00
      vertex   9.496157e+00 1.609819e-01 -5.503843e+00
    endloop
  endfacet
  facet normal -9.555877e-04 -1.465917e-01 9.891966e-01
    outer loop
      vertex   8.375000e+00 1.482362e-01 -5.506815e+00
      vertex   9.496157e+00 1.609819e-01 -5.503843e+00
      vertex   9.499037e+00 1.803966e-01 -5.500963e+00
    endloop
  endfacet
  facet normal -8.354231e-04 -8.822680e-01 4.707467e-01
    outer loop
      vertex   5.888861e-01 3.370608e-02 -5.588886e+00
      vertex   6.234634e-01 1.522409e-02 -5.623463e+00
      vertex   1.625000e+00 2.679492e-02 -5.600000e+00
    endloop
  endfacet
  facet normal 1.708400e-03 -9.238782e-01 3.826829e-01
    outer loop
      vertex   1.625000e+00 2.679492e-02 -5.600000e+00
      vertex   6.234634e-01 1.522409e-02 -5.623463e+00
      vertex   1.625000e+00 6.814835e-03 -5.648236e+00
    endloop
  endfacet
  facet normal 0.000000e+00 -9.238795e-01 3.826834e-01
    outer loop
      vertex   1.625000e+00 2.679492e-02 -5.600000e+00
      vertex   1.625000e+00 6.814835e-03 -5.648236e+00
      vertex   2.750000e+00 6.814835e-03 -5.648236e+00
    endloop
  endfacet
  facet normal 0.000000e+00 -9.738770e-01 2.270763e-01
    outer loop
      vertex   2.750000e+00 6.814835e-03 -5.648236e+00
      vertex   1.625000e+00 6.814835e-03 -5.648236e+00
      vertex   6.609821e-01 3.842944e-03 -5.660982e+00
    endloop
  endfacet
  facet normal -8.765572e-04 -9.571831e-01 2.894818e-01
    outer loop
      vertex   6.234634e-01 1.522409e-02 -5.623463e+00
      vertex   6.609821e-01 3.842944e-03 -5.660982e+00
      vertex   1.625000e+00 6.814835e-03 -5.648236e+00
    endloop
  endfacet
  facet normal 0.000000e+00 -9.914449e-01 1.305262e-01
    outer loop
      vertex   7.250000e+00 6.814835e-03 -5.648236e+00
      vertex   6.125000e+00 6.814835e-03 -5.648236e+00
      vertex   9.300000e+00 0.000000e+00 -5.700000e+00
    endloop
  endfacet
  facet normal 0.000000e+00 -9.914449e-01 1.305262e-01
    outer loop
      vertex   9.300000e+00 0.000000e+00 -5.700000e+00
      vertex   6.125000e+00 6.814835e-03 -5.648236e+00
      vertex   5.000000e+00 6.814835e-03 -5.648236e+00
    endloop
  endfacet
  facet normal 0.000000e+00 -9.914449e-01 1.305262e-01
    outer loop
      vertex   9.300000e+00 0.000000e+00 -5.700000e+00
      vertex   5.000000e+00 6.814835e-03 -5.648236e+00
      vertex   3.875000e+00 6.814835e-03 -5.648236e+00
    endloop
  endfacet
  facet normal 0.000000e+00 -9.238795e-01 3.826834e-01
    outer loop
      vertex   3.875000e+00 6.814835e-03 -5.648236e+00
      vertex   5.000000e+00 6.814835e-03 -5.648236e+00
      vertex   3.875000e+00 2.679492e-02 -5.600000e+00
    endloop
  endfacet
  facet normal 0.000000e+00 -9.238795e-01 3.826834e-01
    outer loop
      vertex   3.875000e+00 6.814835e-03 -5.648236e+00
      vertex   3.875000e+00 2.679492e-02 -5.600000e+00
      vertex   2.750000e+00 2.679492e-02 -5.600000e+00
    endloop
  endfacet
  facet normal 0.000000e+00 -7.933533e-01 6.087614e-01
    outer loop
      vertex   2.750000e+00 2.679492e-02 -5.600000e+00
      vertex   3.875000e+00 2.679492e-02 -5.600000e+00
      vertex   2.750000e+00 5.857864e-02 -5.558579e+00
    endloop
  endfacet
  facet normal 5.168424e-17 -7.933533e-01 6.087614e-01
    outer loop
      vertex   2.750000e+00 2.679492e-02 -5.600000e+00
      vertex   2.750000e+00 5.857864e-02 -5.558579e+00
      vertex   1.625000e+00 5.857864e-02 -5.558579e+00
    endloop
  endfacet
  facet normal 3.754783e-17 -6.087614e-01 7.933533e-01
    outer loop
      vertex   1.625000e+00 5.857864e-02 -5.558579e+00
      vertex   2.750000e+00 5.857864e-02 -5.558579e+00
      vertex   1.625000e+00 1.000000e-01 -5.526795e+00
    endloop
  endfacet
  facet normal 0.000000e+00 -9.238795e-01 3.826834e-01
    outer loop
      vertex   7.250000e+00 6.814835e-03 -5.648236e+00
      vertex   6.125000e+00 2.679492e-02 -5.600000e+00
      vertex   6.125000e+00 6.814835e-03 -5.648236e+00
    endloop
  endfacet
  facet normal 0.000000e+00 -9.238795e-01 3.826834e-01
    outer loop
      vertex   6.125000e+00 6.814835e-03 -5.648236e+00
      vertex   6.125000e+00 2.679492e-02 -5.600000e+00
      vertex   5.000000e+00 2.679492e-02 -5.600000e+00
    endloop
  endfacet
  facet normal 0.000000e+00 -9.238795e-01 3.826834e-01
    outer loop
      vertex   6.125000e+00 6.814835e-03 -5.648236e+00
      vertex   5.000000e+00 2.679492e-02 -5.600000e+00
      vertex   5.000000e+00 6.814835e-03 -5.648236e+00
    endloop
  endfacet
  facet normal 0.000000e+00 -9.238795e-01 3.826834e-01
    outer loop
      vertex   5.000000e+00 6.814835e-03 -5.648236e+00
      vertex   5.000000e+00 2.679492e-02 -5.600000e+00
      vertex   3.875000e+00 2.679492e-02 -5.600000e+00
    endloop
  endfacet
  facet normal 0.000000e+00 -7.933533e-01 6.087614e-01
    outer loop
      vertex   6.125000e+00 2.679492e-02 -5.600000e+00
      vertex   5.000000e+00 5.857864e-02 -5.558579e+00
      vertex   5.000000e+00 2.679492e-02 -5.600000e+00
    endloop
  endfacet
  facet normal -9.118576e-16 -7.933533e-01 6.087614e-01
    outer loop
      vertex   5.000000e+00 2.679492e-02 -5.600000e+00
      vertex   5.000000e+00 5.857864e-02 -5.558579e+00
      vertex   3.875000e+00 5.857864e-02 -5.558579e+00
    endloop
  endfacet
  facet normal 0.000000e+00 -7.933533e-01 6.087614e-01
    outer loop
      vertex   5.000000e+00 2.679492e-02 -5.600000e+00
      vertex   3.875000e+00 5.857864e-02 -5.558579e+00
      vertex   3.875000e+00 2.679492e-02 -5.600000e+00
    endloop
  endfacet
  facet normal 3.691731e-17 -7.933533e-01 6.087614e-01
    outer loop
      vertex   3.875000e+00 2.679492e-02 -5.600000e+00
      vertex   3.875000e+00 5.857864e-02 -5.558579e+00
      vertex   2.750000e+00 5.857864e-02 -5.558579e+00
    endloop
  endfacet
  facet normal -1.215144e-15 -6.087614e-01 7.933533e-01
    outer loop
      vertex   5.000000e+00 5.857864e-02 -5.558579e+00
      vertex   3.875000e+00 1.000000e-01 -5.526795e+00
      vertex   3.875000e+00 5.857864e-02 -5.558579e+00
    endloop
  endfacet
  facet normal 0.000000e+00 -6.087614e-01 7.933533e-01
    outer loop
      vertex   3.875000e+00 5.857864e-02 -5.558579e+00
      vertex   3.875000e+00 1.000000e-01 -5.526795e+00
      vertex   2.750000e+00 1.000000e-01 -5.526795e+00
    endloop
  endfacet
  facet normal 3.003826e-17 -6.087614e-01 7.933533e-01
    outer loop
      vertex   3.875000e+00 5.857864e-02 -5.558579e+00
      vertex   2.750000e+00 1.000000e-01 -5.526795e+00
      vertex   2.750000e+00 5.857864e-02 -5.558579e+00
    endloop
  endfacet
  facet normal 0.000000e+00 -6.087614e-01 7.933533e-01
    outer loop
      vertex   2.750000e+00 5.857864e-02 -5.558579e+00
      vertex   2.750000e+00 1.000000e-01 -5.526795e+00
      vertex   1.625000e+00 1.000000e-01 -5.526795e+00
    endloop
  endfacet
  facet normal 0.000000e+00 -6.087614e-01 7.933533e-01
    outer loop
      vertex   8.375000e+00 5.857864e-02 -5.558579e+00
      vertex   8.375000e+00 1.000000e-01 -5.526795e+00
      vertex   7.250000e+00 1.000000e-01 -5.526795e+00
    endloop
  endfacet
  facet normal 0.000000e+00 -3.826834e-01 9.238795e-01
    outer loop
      vertex   7.250000e+00 1.000000e-01 -5.526795e+00
      vertex   8.375000e+00 1.000000e-01 -5.526795e+00
      vertex   7.250000e+00 1.482362e-01 -5.506815e+00
    endloop
  endfacet
  facet normal 0.000000e+00 -3.826834e-01 9.238795e-01
    outer loop
      vertex   7.250000e+00 1.000000e-01 -5.526795e+00
      vertex   7.250000e+00 1.482362e-01 -5.506815e+00
      vertex   6.125000e+00 1.482362e-01 -5.506815e+00
    endloop
  endfacet
  facet normal 0.000000e+00 -1.790169e-01 9.838460e-01
    outer loop
      vertex   6.125000e+00 1.482362e-01 -5.506815e+00
      vertex   7.250000e+00 1.482362e-01 -5.506815e+00
      vertex   9.499037e+00 1.803966e-01 -5.500963e+00
    endloop
  endfacet
  facet normal 0.000000e+00 -3.826834e-01 9.238795e-01
    outer loop
      vertex   1.625000e+00 1.482362e-01 -5.506815e+00
      vertex   1.625000e+00 1.000000e-01 -5.526795e+00
      vertex   2.750000e+00 1.000000e-01 -5.526795e+00
    endloop
  endfacet
  facet normal 0.000000e+00 -3.826834e-01 9.238795e-01
    outer loop
      vertex   1.625000e+00 1.482362e-01 -5.506815e+00
      vertex   2.750000e+00 1.000000e-01 -5.526795e+00
      vertex   2.750000e+00 1.482362e-01 -5.506815e+00
    endloop
  endfacet
  facet normal 0.000000e+00 -3.826834e-01 9.238795e-01
    outer loop
      vertex   2.750000e+00 1.482362e-01 -5.506815e+00
      vertex   2.750000e+00 1.000000e-01 -5.526795e+00
      vertex   3.875000e+00 1.000000e-01 -5.526795e+00
    endloop
  endfacet
  facet normal 0.000000e+00 -1.790169e-01 9.838460e-01
    outer loop
      vertex   9.499037e+00 1.803966e-01 -5.500963e+00
      vertex   7.250000e+00 1.482362e-01 -5.506815e+00
      vertex   8.375000e+00 1.482362e-01 -5.506815e+00
    endloop
  endfacet
  facet normal 0.000000e+00 -3.826834e-01 9.238795e-01
    outer loop
      vertex   8.375000e+00 1.482362e-01 -5.506815e+00
      vertex   7.250000e+00 1.482362e-01 -5.506815e+00
      vertex   8.375000e+00 1.000000e-01 -5.526795e+00
    endloop
  endfacet
  facet normal 9.801714e-02 -9.951847e-01 0.000000e+00
    outer loop
      vertex   9.300000e+00 0.000000e+00 -5.700000e+00
      vertex   9.300000e+00 0.000000e+00 -1.000000e+01
      vertex   9.339018e+00 3.842944e-03 -5.660982e+00
    endloop
  endfacet
  facet normal 1.758648e-01 -9.844141e-01 -7.095747e-04
    outer loop
      vertex   9.339018e+00 3.842944e-03 -5.660982e+00
      vertex   9.300000e+00 0.000000e+00 -1.000000e+01
      vertex   9.351764e+00 6.814835e-03 -6.625000e+00
    endloop
  endfacet
  facet normal 2.894818e-01 -9.571831e-01 8.765572e-04
    outer loop
      vertex   9.339018e+00 3.842944e-03 -5.660982e+00
      vertex   9.351764e+00 6.814835e-03 -6.625000e+00
      vertex   9.376537e+00 1.522409e-02 -5.623463e+00
    endloop
  endfacet
  facet normal 3.826829e-01 -9.238782e-01 -1.708400e-03
    outer loop
      vertex   9.376537e+00 1.522409e-02 -5.623463e+00
      vertex   9.351764e+00 6.814835e-03 -6.625000e+00
      vertex   9.400000e+00 2.679492e-02 -6.625000e+00
    endloop
  endfacet
  facet normal 4.707467e-01 -8.822680e-01 8.354232e-04
    outer loop
      vertex   9.376537e+00 1.522409e-02 -5.623463e+00
      vertex   9.400000e+00 2.679492e-02 -6.625000e+00
      vertex   9.411114e+00 3.370608e-02 -5.588886e+00
    endloop
  endfacet
  facet normal 6.087610e-01 -7.933527e-01 -1.238099e-03
    outer loop
      vertex   9.411114e+00 3.370608e-02 -5.588886e+00
      vertex   9.400000e+00 2.679492e-02 -6.625000e+00
      vertex   9.441422e+00 5.857864e-02 -6.625000e+00
    endloop
  endfacet
  facet normal 6.343933e-01 -7.730105e-01 -2.100412e-16
    outer loop
      vertex   9.411114e+00 3.370608e-02 -5.588886e+00
      vertex   9.441422e+00 5.857864e-02 -6.625000e+00
      vertex   9.441422e+00 5.857864e-02 -5.558579e+00
    endloop
  endfacet
  facet normal 7.730105e-01 -6.343933e-01 -1.733681e-16
    outer loop
      vertex   9.441422e+00 5.857864e-02 -5.558579e+00
      vertex   9.441422e+00 5.857864e-02 -6.625000e+00
      vertex   9.466294e+00 8.888595e-02 -5.533706e+00
    endloop
  endfacet
  facet normal 7.933528e-01 -6.087610e-01 -1.175496e-03
    outer loop
      vertex   9.466294e+00 8.888595e-02 -5.533706e+00
      vertex   9.441422e+00 5.857864e-02 -6.625000e+00
      vertex   9.473205e+00 1.000000e-01 -6.625000e+00
    endloop
  endfacet
  facet normal 8.817476e-01 -4.717208e-01 7.799642e-04
    outer loop
      vertex   9.466294e+00 8.888595e-02 -5.533706e+00
      vertex   9.473205e+00 1.000000e-01 -6.625000e+00
      vertex   9.484776e+00 1.234633e-01 -5.515224e+00
    endloop
  endfacet
  facet normal 9.238784e-01 -3.826830e-01 -1.541776e-03
    outer loop
      vertex   9.484776e+00 1.234633e-01 -5.515224e+00
      vertex   9.473205e+00 1.000000e-01 -6.625000e+00
      vertex   9.493185e+00 1.482362e-01 -6.625000e+00
    endloop
  endfacet
  facet normal 9.568755e-01 -2.904974e-01 7.660622e-04
    outer loop
      vertex   9.484776e+00 1.234633e-01 -5.515224e+00
      vertex   9.493185e+00 1.482362e-01 -6.625000e+00
      vertex   9.496157e+00 1.609819e-01 -5.503843e+00
    endloop
  endfacet
  facet normal 9.891966e-01 -1.465917e-01 -9.555877e-04
    outer loop
      vertex   9.496157e+00 1.609819e-01 -5.503843e+00
      vertex   9.493185e+00 1.482362e-01 -6.625000e+00
      vertex   9.499037e+00 1.803966e-01 -5.500963e+00
    endloop
  endfacet
  facet normal 9.987974e-01 -4.888103e-02 -3.801219e-03
    outer loop
      vertex   9.499037e+00 1.803966e-01 -5.500963e+00
      vertex   9.493185e+00 1.482362e-01 -6.625000e+00
      vertex   9.500000e+00 2.000000e-01 -5.500000e+00
    endloop
  endfacet
  facet normal 9.914449e-01 -1.305262e-01 0.000000e+00
    outer loop
      vertex   9.500000e+00 2.000000e-01 -5.500000e+00
      vertex   9.493185e+00 1.482362e-01 -6.625000e+00
      vertex   9.493185e+00 1.482362e-01 -7.750000e+00
    endloop
  endfacet
  facet normal 9.914449e-01 -1.305262e-01 0.000000e+00
    outer loop
      vertex   9.500000e+00 2.000000e-01 -5.500000e+00
      vertex   9.493185e+00 1.482362e-01 -7.750000e+00
      vertex   9.500000e+00 2.000000e-01 -1.000000e+01
    endloop
  endfacet
  facet normal 9.914449e-01 -1.305262e-01 -2.768799e-18
    outer loop
      vertex   9.500000e+00 2.000000e-01 -1.000000e+01
      vertex   9.493185e+00 1.482362e-01 -7.750000e+00
      vertex   9.493185e+00 1.482362e-01 -8.875000e+00
    endloop
  endfacet
  facet normal 9.914449e-01 -1.305262e-01 1.568986e-17
    outer loop
      vertex   9.500000e+00 2.000000e-01 -1.000000e+01
      vertex   9.493185e+00 1.482362e-01 -8.875000e+00
      vertex   9.493185e+00 1.482362e-01 -1.000000e+01
    endloop
  endfacet
  facet normal 9.238795e-01 -3.826834e-01 4.720711e-17
    outer loop
      vertex   9.493185e+00 1.482362e-01 -1.000000e+01
      vertex   9.493185e+00 1.482362e-01 -8.875000e+00
      vertex   9.473205e+00 1.000000e-01 -1.000000e+01
    endloop
  endfacet
  facet normal 9.238795e-01 -3.826834e-01 9.441421e-17
    outer loop
      vertex   9.473205e+00 1.000000e-01 -1.000000e+01
      vertex   9.493185e+00 1.482362e-01 -8.875000e+00
      vertex   9.473205e+00 1.000000e-01 -8.875000e+00
    endloop
  endfacet
  facet normal 7.933533e-01 -6.087614e-01 1.501913e-16
    outer loop
      vertex   9.473205e+00 1.000000e-01 -1.000000e+01
      vertex   9.473205e+00 1.000000e-01 -8.875000e+00
      vertex   9.441422e+00 5.857864e-02 -1.000000e+01
    endloop
  endfacet
  facet normal 7.933533e-01 -6.087614e-01 1.539461e-16
    outer loop
      vertex   9.441422e+00 5.857864e-02 -1.000000e+01
      vertex   9.473205e+00 1.000000e-01 -8.875000e+00
      vertex   9.441422e+00 5.857864e-02 -8.875000e+00
    endloop
  endfacet
  facet normal 6.087614e-01 -7.933533e-01 2.006265e-16
    outer loop
      vertex   9.441422e+00 5.857864e-02 -1.000000e+01
      vertex   9.441422e+00 5.857864e-02 -8.875000e+00
      vertex   9.400000e+00 2.679492e-02 -1.000000e+01
    endloop
  endfacet
  facet normal 6.087614e-01 -7.933533e-01 4.648662e-17
    outer loop
      vertex   9.400000e+00 2.679492e-02 -1.000000e+01
      vertex   9.441422e+00 5.857864e-02 -8.875000e+00
      vertex   9.400000e+00 2.679492e-02 -8.875000e+00
    endloop
  endfacet
  facet normal 3.826834e-01 -9.238795e-01 5.413482e-17
    outer loop
      vertex   9.400000e+00 2.679492e-02 -1.000000e+01
      vertex   9.400000e+00 2.679492e-02 -8.875000e+00
      vertex   9.351764e+00 6.814835e-03 -1.000000e+01
    endloop
  endfacet
  facet normal 3.826834e-01 -9.238795e-01 7.123002e-18
    outer loop
      vertex   9.351764e+00 6.814835e-03 -1.000000e+01
      vertex   9.400000e+00 2.679492e-02 -8.875000e+00
      vertex   9.351764e+00 6.814835e-03 -8.875000e+00
    endloop
  endfacet
  facet normal 1.305262e-01 -9.914449e-01 7.643923e-18
    outer loop
      vertex   9.351764e+00 6.814835e-03 -1.000000e+01
      vertex   9.351764e+00 6.814835e-03 -8.875000e+00
      vertex   9.300000e+00 0.000000e+00 -1.000000e+01
    endloop
  endfacet
  facet normal 1.305262e-01 -9.914449e-01 0.000000e+00
    outer loop
      vertex   9.300000e+00 0.000000e+00 -1.000000e+01
      vertex   9.351764e+00 6.814835e-03 -8.875000e+00
      vertex   9.351764e+00 6.814835e-03 -7.750000e+00
    endloop
  endfacet
  facet normal 1.305262e-01 -9.914449e-01 0.000000e+00
    outer loop
      vertex   9.300000e+00 0.000000e+00 -1.000000e+01
      vertex   9.351764e+00 6.814835e-03 -7.750000e+00
      vertex   9.351764e+00 6.814835e-03 -6.625000e+00
    endloop
  endfacet
  facet normal 3.826834e-01 -9.238795e-01 0.000000e+00
    outer loop
      vertex   9.351764e+00 6.814835e-03 -6.625000e+00
      vertex   9.351764e+00 6.814835e-03 -7.750000e+00
      vertex   9.400000e+00 2.679492e-02 -6.625000e+00
    endloop
  endfacet
  facet normal 3.826834e-01 -9.238795e-01 0.000000e+00
    outer loop
      vertex   9.351764e+00 6.814835e-03 -7.750000e+00
      vertex   9.351764e+00 6.814835e-03 -8.875000e+00
      vertex   9.400000e+00 2.679492e-02 -7.750000e+00
    endloop
  endfacet
  facet normal 3.826834e-01 -9.238795e-01 -2.849201e-17
    outer loop
      vertex   9.400000e+00 2.679492e-02 -7.750000e+00
      vertex   9.351764e+00 6.814835e-03 -8.875000e+00
      vertex   9.400000e+00 2.679492e-02 -8.875000e+00
    endloop
  endfacet
  facet normal 6.087614e-01 -7.933533e-01 -2.446664e-17
    outer loop
      vertex   9.400000e+00 2.679492e-02 -7.750000e+00
      vertex   9.400000e+00 2.679492e-02 -8.875000e+00
      vertex   9.441422e+00 5.857864e-02 -7.750000e+00
    endloop
  endfacet
  facet normal 6.087614e-01 -7.933533e-01 0.000000e+00
    outer loop
      vertex   9.441422e+00 5.857864e-02 -7.750000e+00
      vertex   9.400000e+00 2.679492e-02 -8.875000e+00
      vertex   9.441422e+00 5.857864e-02 -8.875000e+00
    endloop
  endfacet
  facet normal 7.933533e-01 -6.087614e-01 0.000000e+00
    outer loop
      vertex   9.441422e+00 5.857864e-02 -7.750000e+00
      vertex   9.441422e+00 5.857864e-02 -8.875000e+00
      vertex   9.473205e+00 1.000000e-01 -7.750000e+00
    endloop
  endfacet
  facet normal 7.933533e-01 -6.087614e-01 -3.003827e-17
    outer loop
      vertex   9.473205e+00 1.000000e-01 -7.750000e+00
      vertex   9.441422e+00 5.857864e-02 -8.875000e+00
      vertex   9.473205e+00 1.000000e-01 -8.875000e+00
    endloop
  endfacet
  facet normal 9.238795e-01 -3.826834e-01 -1.888284e-17
    outer loop
      vertex   9.473205e+00 1.000000e-01 -7.750000e+00
      vertex   9.473205e+00 1.000000e-01 -8.875000e+00
      vertex   9.493185e+00 1.482362e-01 -7.750000e+00
    endloop
  endfacet
  facet normal 9.238795e-01 -3.826834e-01 -9.441421e-18
    outer loop
      vertex   9.493185e+00 1.482362e-01 -7.750000e+00
      vertex   9.473205e+00 1.000000e-01 -8.875000e+00
      vertex   9.493185e+00 1.482362e-01 -8.875000e+00
    endloop
  endfacet
  facet normal 6.087614e-01 -7.933533e-01 0.000000e+00
    outer loop
      vertex   9.441422e+00 5.857864e-02 -6.625000e+00
      vertex   9.400000e+00 2.679492e-02 -6.625000e+00
      vertex   9.400000e+00 2.679492e-02 -7.750000e+00
    endloop
  endfacet
  facet normal 3.826834e-01 -9.238795e-01 0.000000e+00
    outer loop
      vertex   9.400000e+00 2.679492e-02 -7.750000e+00
      vertex   9.400000e+00 2.679492e-02 -6.625000e+00
      vertex   9.351764e+00 6.814835e-03 -7.750000e+00
    endloop
  endfacet
  facet normal 6.087614e-01 -7.933533e-01 0.000000e+00
    outer loop
      vertex   9.441422e+00 5.857864e-02 -6.625000e+00
      vertex   9.400000e+00 2.679492e-02 -7.750000e+00
      vertex   9.441422e+00 5.857864e-02 -7.750000e+00
    endloop
  endfacet
  facet normal 7.933533e-01 -6.087614e-01 0.000000e+00
    outer loop
      vertex   9.473205e+00 1.000000e-01 -6.625000e+00
      vertex   9.441422e+00 5.857864e-02 -6.625000e+00
      vertex   9.441422e+00 5.857864e-02 -7.750000e+00
    endloop
  endfacet
  facet normal 7.933533e-01 -6.087614e-01 -5.256696e-17
    outer loop
      vertex   9.473205e+00 1.000000e-01 -6.625000e+00
      vertex   9.441422e+00 5.857864e-02 -7.750000e+00
      vertex   9.473205e+00 1.000000e-01 -7.750000e+00
    endloop
  endfacet
  facet normal 9.238795e-01 -3.826834e-01 -3.137972e-17
    outer loop
      vertex   9.493185e+00 1.482362e-01 -6.625000e+00
      vertex   9.473205e+00 1.000000e-01 -6.625000e+00
      vertex   9.473205e+00 1.000000e-01 -7.750000e+00
    endloop
  endfacet
  facet normal 9.238795e-01 -3.826834e-01 0.000000e+00
    outer loop
      vertex   9.493185e+00 1.482362e-01 -6.625000e+00
      vertex   9.473205e+00 1.000000e-01 -7.750000e+00
      vertex   9.493185e+00 1.482362e-01 -7.750000e+00
    endloop
  endfacet
  facet normal -0.000000e+00 -1.000000e+00 -0.000000e+00
    outer loop
      vertex   9.300000e+00 0.000000e+00 -5.700000e+00
      vertex   7.000001e-01 0.000000e+00 -5.700000e+00
      vertex   9.300000e+00 0.000000e+00 -1.000000e+01
    endloop
  endfacet
  facet normal 0.000000e+00 -1.000000e+00 0.000000e+00
    outer loop
      vertex   9.300000e+00 0.000000e+00 -1.000000e+01
      vertex   7.000001e-01 0.000000e+00 -5.700000e+00
      vertex   7.000000e-01 0.000000e+00 -1.000000e+01
    endloop
  endfacet
  facet normal -1.000000e+00 -6.832142e-16 2.980232e-08
    outer loop
      vertex   5.000001e-01 2.000000e-01 -5.500000e+00
      vertex   5.000001e-01 1.500000e+00 -5.500000e+00
      vertex   5.000000e-01 2.000000e-01 -1.000000e+01
    endloop
  endfacet
  facet normal -1.000000e+00 5.978124e-16 2.980232e-08
    outer loop
      vertex   5.000000e-01 2.000000e-01 -1.000000e+01
      vertex   5.000001e-01 1.500000e+00 -5.500000e+00
      vertex   5.000000e-01 1.500000e+00 -1.000000e+01
    endloop
  endfacet
  facet normal -9.801714e-02 -9.951847e-01 0.000000e+00
    outer loop
      vertex   5.700000e+00 0.000000e+00 -4.300000e+00
      vertex   5.700000e+00 0.000000e+00 -7.000000e-01
      vertex   5.660982e+00 3.842944e-03 -4.339018e+00
    endloop
  endfacet
  facet normal -1.747135e-01 -9.846190e-01 8.335065e-04
    outer loop
      vertex   5.660982e+00 3.842944e-03 -4.339018e+00
      vertex   5.700000e+00 0.000000e+00 -7.000000e-01
      vertex   5.648236e+00 6.814835e-03 -3.500000e+00
    endloop
  endfacet
  facet normal -2.893639e-01 -9.572186e-01 -1.005233e-03
    outer loop
      vertex   5.660982e+00 3.842944e-03 -4.339018e+00
      vertex   5.648236e+00 6.814835e-03 -3.500000e+00
      vertex   5.623463e+00 1.522409e-02 -4.376537e+00
    endloop
  endfacet
  facet normal -3.826827e-01 -9.238778e-01 1.952028e-03
    outer loop
      vertex   5.623463e+00 1.522409e-02 -4.376537e+00
      vertex   5.648236e+00 6.814835e-03 -3.500000e+00
      vertex   5.600000e+00 2.679492e-02 -3.500000e+00
    endloop
  endfacet
  facet normal -4.706563e-01 -8.823161e-01 -9.515060e-04
    outer loop
      vertex   5.623463e+00 1.522409e-02 -4.376537e+00
      vertex   5.600000e+00 2.679492e-02 -3.500000e+00
      vertex   5.588886e+00 3.370608e-02 -4.411114e+00
    endloop
  endfacet
  facet normal -6.087608e-01 -7.933526e-01 1.407959e-03
    outer loop
      vertex   5.588886e+00 3.370608e-02 -4.411114e+00
      vertex   5.600000e+00 2.679492e-02 -3.500000e+00
      vertex   5.558579e+00 5.857864e-02 -3.500000e+00
    endloop
  endfacet
  facet normal -6.343933e-01 -7.730105e-01 -2.056185e-16
    outer loop
      vertex   5.588886e+00 3.370608e-02 -4.411114e+00
      vertex   5.558579e+00 5.857864e-02 -3.500000e+00
      vertex   5.558579e+00 5.857864e-02 -4.441421e+00
    endloop
  endfacet
  facet normal -7.730105e-01 -6.343933e-01 -1.683322e-16
    outer loop
      vertex   5.558579e+00 5.857864e-02 -4.441421e+00
      vertex   5.558579e+00 5.857864e-02 -3.500000e+00
      vertex   5.533706e+00 8.888595e-02 -4.466294e+00
    endloop
  endfacet
  facet normal -7.933526e-01 -6.087609e-01 1.327558e-03
    outer loop
      vertex   5.533706e+00 8.888595e-02 -4.466294e+00
      vertex   5.558579e+00 5.857864e-02 -3.500000e+00
      vertex   5.526795e+00 1.000000e-01 -3.500000e+00
    endloop
  endfacet
  facet normal -8.817252e-01 -4.717625e-01 -8.802217e-04
    outer loop
      vertex   5.533706e+00 8.888595e-02 -4.466294e+00
      vertex   5.526795e+00 1.000000e-01 -3.500000e+00
      vertex   5.515224e+00 1.234633e-01 -4.484776e+00
    endloop
  endfacet
  facet normal -9.238781e-01 -3.826829e-01 1.737477e-03
    outer loop
      vertex   5.515224e+00 1.234633e-01 -4.484776e+00
      vertex   5.526795e+00 1.000000e-01 -3.500000e+00
      vertex   5.506815e+00 1.482362e-01 -3.500000e+00
    endloop
  endfacet
  facet normal -9.568673e-01 -2.905242e-01 -8.625565e-04
    outer loop
      vertex   5.515224e+00 1.234633e-01 -4.484776e+00
      vertex   5.506815e+00 1.482362e-01 -3.500000e+00
      vertex   5.503843e+00 1.609819e-01 -4.496157e+00
    endloop
  endfacet
  facet normal -9.891991e-01 -1.465743e-01 1.075728e-03
    outer loop
      vertex   5.503843e+00 1.609819e-01 -4.496157e+00
      vertex   5.506815e+00 1.482362e-01 -3.500000e+00
      vertex   5.500963e+00 1.803966e-01 -4.499037e+00
    endloop
  endfacet
  facet normal -9.987966e-01 -4.885759e-02 4.277579e-03
    outer loop
      vertex   5.500963e+00 1.803966e-01 -4.499037e+00
      vertex   5.506815e+00 1.482362e-01 -3.500000e+00
      vertex   5.500000e+00 2.000000e-01 -4.500000e+00
    endloop
  endfacet
  facet normal -9.914449e-01 -1.305262e-01 0.000000e+00
    outer loop
      vertex   5.500000e+00 2.000000e-01 -4.500000e+00
      vertex   5.506815e+00 1.482362e-01 -3.500000e+00
      vertex   5.506815e+00 1.482362e-01 -2.500000e+00
    endloop
  endfacet
  facet normal -9.888002e-01 -1.492445e-01 -4.934778e-04
    outer loop
      vertex   5.500000e+00 2.000000e-01 -4.500000e+00
      vertex   5.506815e+00 1.482362e-01 -2.500000e+00
      vertex   5.500963e+00 1.803966e-01 -5.009631e-01
    endloop
  endfacet
  facet normal -9.838460e-01 -1.790169e-01 0.000000e+00
    outer loop
      vertex   5.500963e+00 1.803966e-01 -5.009631e-01
      vertex   5.506815e+00 1.482362e-01 -2.500000e+00
      vertex   5.506815e+00 1.482362e-01 -1.500000e+00
    endloop
  endfacet
  facet normal -9.891991e-01 -1.465743e-01 -1.075728e-03
    outer loop
      vertex   5.500963e+00 1.803966e-01 -5.009631e-01
      vertex   5.506815e+00 1.482362e-01 -1.500000e+00
      vertex   5.503843e+00 1.609819e-01 -5.038429e-01
    endloop
  endfacet
  facet normal -9.568673e-01 -2.905242e-01 8.625565e-04
    outer loop
      vertex   5.503843e+00 1.609819e-01 -5.038429e-01
      vertex   5.506815e+00 1.482362e-01 -1.500000e+00
      vertex   5.515224e+00 1.234633e-01 -5.152241e-01
    endloop
  endfacet
  facet normal -9.238781e-01 -3.826829e-01 -1.737477e-03
    outer loop
      vertex   5.515224e+00 1.234633e-01 -5.152241e-01
      vertex   5.506815e+00 1.482362e-01 -1.500000e+00
      vertex   5.526795e+00 1.000000e-01 -1.500000e+00
    endloop
  endfacet
  facet normal -8.817252e-01 -4.717625e-01 8.802217e-04
    outer loop
      vertex   5.515224e+00 1.234633e-01 -5.152241e-01
      vertex   5.526795e+00 1.000000e-01 -1.500000e+00
      vertex   5.533706e+00 8.888595e-02 -5.337061e-01
    endloop
  endfacet
  facet normal -7.933526e-01 -6.087609e-01 -1.327558e-03
    outer loop
      vertex   5.533706e+00 8.888595e-02 -5.337061e-01
      vertex   5.526795e+00 1.000000e-01 -1.500000e+00
      vertex   5.558579e+00 5.857864e-02 -1.500000e+00
    endloop
  endfacet
  facet normal -7.730105e-01 -6.343933e-01 -1.292459e-16
    outer loop
      vertex   5.533706e+00 8.888595e-02 -5.337061e-01
      vertex   5.558579e+00 5.857864e-02 -1.500000e+00
      vertex   5.558579e+00 5.857864e-02 -5.585786e-01
    endloop
  endfacet
  facet normal -6.343933e-01 -7.730105e-01 -1.595327e-16
    outer loop
      vertex   5.558579e+00 5.857864e-02 -5.585786e-01
      vertex   5.558579e+00 5.857864e-02 -1.500000e+00
      vertex   5.588886e+00 3.370608e-02 -5.888860e-01
    endloop
  endfacet
  facet normal -6.087608e-01 -7.933526e-01 -1.407959e-03
    outer loop
      vertex   5.588886e+00 3.370608e-02 -5.888860e-01
      vertex   5.558579e+00 5.857864e-02 -1.500000e+00
      vertex   5.600000e+00 2.679492e-02 -1.500000e+00
    endloop
  endfacet
  facet normal -4.706563e-01 -8.823161e-01 9.515060e-04
    outer loop
      vertex   5.588886e+00 3.370608e-02 -5.888860e-01
      vertex   5.600000e+00 2.679492e-02 -1.500000e+00
      vertex   5.623463e+00 1.522409e-02 -6.234633e-01
    endloop
  endfacet
  facet normal -3.826827e-01 -9.238778e-01 -1.952028e-03
    outer loop
      vertex   5.623463e+00 1.522409e-02 -6.234633e-01
      vertex   5.600000e+00 2.679492e-02 -1.500000e+00
      vertex   5.648236e+00 6.814835e-03 -1.500000e+00
    endloop
  endfacet
  facet normal -2.893639e-01 -9.572186e-01 1.005233e-03
    outer loop
      vertex   5.623463e+00 1.522409e-02 -6.234633e-01
      vertex   5.648236e+00 6.814835e-03 -1.500000e+00
      vertex   5.660982e+00 3.842944e-03 -6.609819e-01
    endloop
  endfacet
  facet normal -1.000027e-01 -9.949851e-01 -2.005176e-03
    outer loop
      vertex   5.660982e+00 3.842944e-03 -6.609819e-01
      vertex   5.648236e+00 6.814835e-03 -1.500000e+00
      vertex   5.700000e+00 0.000000e+00 -7.000000e-01
    endloop
  endfacet
  facet normal -1.305262e-01 -9.914449e-01 0.000000e+00
    outer loop
      vertex   5.700000e+00 0.000000e+00 -7.000000e-01
      vertex   5.648236e+00 6.814835e-03 -1.500000e+00
      vertex   5.648236e+00 6.814835e-03 -2.500000e+00
    endloop
  endfacet
  facet normal -1.305262e-01 -9.914449e-01 0.000000e+00
    outer loop
      vertex   5.700000e+00 0.000000e+00 -7.000000e-01
      vertex   5.648236e+00 6.814835e-03 -2.500000e+00
      vertex   5.648236e+00 6.814835e-03 -3.500000e+00
    endloop
  endfacet
  facet normal -3.826834e-01 -9.238795e-01 0.000000e+00
    outer loop
      vertex   5.648236e+00 6.814835e-03 -3.500000e+00
      vertex   5.648236e+00 6.814835e-03 -2.500000e+00
      vertex   5.600000e+00 2.679492e-02 -3.500000e+00
    endloop
  endfacet
  facet normal -9.987955e-01 -4.906767e-02 0.000000e+00
    outer loop
      vertex   5.500963e+00 1.803966e-01 -5.009631e-01
      vertex   5.500000e+00 2.000000e-01 -5.000000e-01
      vertex   5.500000e+00 2.000000e-01 -4.500000e+00
    endloop
  endfacet
  facet normal -3.826834e-01 -9.238795e-01 0.000000e+00
    outer loop
      vertex   5.648236e+00 6.814835e-03 -2.500000e+00
      vertex   5.648236e+00 6.814835e-03 -1.500000e+00
      vertex   5.600000e+00 2.679492e-02 -2.500000e+00
    endloop
  endfacet
  facet normal -3.826834e-01 -9.238795e-01 0.000000e+00
    outer loop
      vertex   5.600000e+00 2.679492e-02 -2.500000e+00
      vertex   5.648236e+00 6.814835e-03 -1.500000e+00
      vertex   5.600000e+00 2.679492e-02 -1.500000e+00
    endloop
  endfacet
  facet normal -6.087614e-01 -7.933533e-01 0.000000e+00
    outer loop
      vertex   5.600000e+00 2.679492e-02 -2.500000e+00
      vertex   5.600000e+00 2.679492e-02 -1.500000e+00
      vertex   5.558579e+00 5.857864e-02 -2.500000e+00
    endloop
  endfacet
  facet normal -6.087614e-01 -7.933533e-01 9.908990e-17
    outer loop
      vertex   5.558579e+00 5.857864e-02 -2.500000e+00
      vertex   5.600000e+00 2.679492e-02 -1.500000e+00
      vertex   5.558579e+00 5.857864e-02 -1.500000e+00
    endloop
  endfacet
  facet normal -7.933533e-01 -6.087614e-01 7.603436e-17
    outer loop
      vertex   5.558579e+00 5.857864e-02 -2.500000e+00
      vertex   5.558579e+00 5.857864e-02 -1.500000e+00
      vertex   5.526795e+00 1.000000e-01 -2.500000e+00
    endloop
  endfacet
  facet normal -7.933533e-01 -6.087614e-01 0.000000e+00
    outer loop
      vertex   5.526795e+00 1.000000e-01 -2.500000e+00
      vertex   5.558579e+00 5.857864e-02 -1.500000e+00
      vertex   5.526795e+00 1.000000e-01 -1.500000e+00
    endloop
  endfacet
  facet normal -9.238795e-01 -3.826834e-01 0.000000e+00
    outer loop
      vertex   5.526795e+00 1.000000e-01 -2.500000e+00
      vertex   5.526795e+00 1.000000e-01 -1.500000e+00
      vertex   5.506815e+00 1.482362e-01 -2.500000e+00
    endloop
  endfacet
  facet normal -9.238795e-01 -3.826834e-01 0.000000e+00
    outer loop
      vertex   5.506815e+00 1.482362e-01 -2.500000e+00
      vertex   5.526795e+00 1.000000e-01 -1.500000e+00
      vertex   5.506815e+00 1.482362e-01 -1.500000e+00
    endloop
  endfacet
  facet normal -6.087614e-01 -7.933533e-01 0.000000e+00
    outer loop
      vertex   5.558579e+00 5.857864e-02 -3.500000e+00
      vertex   5.600000e+00 2.679492e-02 -3.500000e+00
      vertex   5.600000e+00 2.679492e-02 -2.500000e+00
    endloop
  endfacet
  facet normal -3.826834e-01 -9.238795e-01 -0.000000e+00
    outer loop
      vertex   5.600000e+00 2.679492e-02 -2.500000e+00
      vertex   5.600000e+00 2.679492e-02 -3.500000e+00
      vertex   5.648236e+00 6.814835e-03 -2.500000e+00
    endloop
  endfacet
  facet normal -6.087614e-01 -7.933533e-01 -9.822876e-16
    outer loop
      vertex   5.558579e+00 5.857864e-02 -3.500000e+00
      vertex   5.600000e+00 2.679492e-02 -2.500000e+00
      vertex   5.558579e+00 5.857864e-02 -2.500000e+00
    endloop
  endfacet
  facet normal -7.933533e-01 -6.087614e-01 -1.333176e-15
    outer loop
      vertex   5.526795e+00 1.000000e-01 -3.500000e+00
      vertex   5.558579e+00 5.857864e-02 -3.500000e+00
      vertex   5.558579e+00 5.857864e-02 -2.500000e+00
    endloop
  endfacet
  facet normal -7.933533e-01 -6.087614e-01 0.000000e+00
    outer loop
      vertex   5.526795e+00 1.000000e-01 -3.500000e+00
      vertex   5.558579e+00 5.857864e-02 -2.500000e+00
      vertex   5.526795e+00 1.000000e-01 -2.500000e+00
    endloop
  endfacet
  facet normal -9.238795e-01 -3.826834e-01 0.000000e+00
    outer loop
      vertex   5.506815e+00 1.482362e-01 -3.500000e+00
      vertex   5.526795e+00 1.000000e-01 -3.500000e+00
      vertex   5.526795e+00 1.000000e-01 -2.500000e+00
    endloop
  endfacet
  facet normal -9.238795e-01 -3.826834e-01 0.000000e+00
    outer loop
      vertex   5.506815e+00 1.482362e-01 -3.500000e+00
      vertex   5.526795e+00 1.000000e-01 -2.500000e+00
      vertex   5.506815e+00 1.482362e-01 -2.500000e+00
    endloop
  endfacet
  facet normal 0.000000e+00 -9.914449e-01 1.305262e-01
    outer loop
      vertex   1.000000e+01 6.814835e-03 -6.482362e-01
      vertex   8.875000e+00 6.814835e-03 -6.482362e-01
      vertex   1.000000e+01 0.000000e+00 -7.000000e-01
    endloop
  endfacet
  facet normal 0.000000e+00 -9.914449e-01 1.305262e-01
    outer loop
      vertex   1.000000e+01 0.000000e+00 -7.000000e-01
      vertex   8.875000e+00 6.814835e-03 -6.482362e-01
      vertex   7.750000e+00 6.814835e-03 -6.482362e-01
    endloop
  endfacet
  facet normal 0.000000e+00 -9.914449e-01 1.305262e-01
    outer loop
      vertex   1.000000e+01 0.000000e+00 -7.000000e-01
      vertex   7.750000e+00 6.814835e-03 -6.482362e-01
      vertex   6.625000e+00 6.814835e-03 -6.482362e-01
    endloop
  endfacet
  facet normal 0.000000e+00 -9.238795e-01 3.826834e-01
    outer loop
      vertex   6.625000e+00 6.814835e-03 -6.482362e-01
      vertex   7.750000e+00 6.814835e-03 -6.482362e-01
      vertex   6.625000e+00 2.679492e-02 -6.000000e-01
    endloop
  endfacet
  facet normal 1.708400e-03 -9.238782e-01 3.826829e-01
    outer loop
      vertex   6.625000e+00 6.814835e-03 -6.482362e-01
      vertex   6.625000e+00 2.679492e-02 -6.000000e-01
      vertex   5.623463e+00 1.522409e-02 -6.234633e-01
    endloop
  endfacet
  facet normal -8.354231e-04 -8.822680e-01 4.707467e-01
    outer loop
      vertex   5.623463e+00 1.522409e-02 -6.234633e-01
      vertex   6.625000e+00 2.679492e-02 -6.000000e-01
      vertex   5.588886e+00 3.370608e-02 -5.888860e-01
    endloop
  endfacet
  facet normal 1.238099e-03 -7.933527e-01 6.087610e-01
    outer loop
      vertex   5.588886e+00 3.370608e-02 -5.888860e-01
      vertex   6.625000e+00 2.679492e-02 -6.000000e-01
      vertex   6.625000e+00 5.857864e-02 -5.585786e-01
    endloop
  endfacet
  facet normal 2.333791e-17 -7.730105e-01 6.343933e-01
    outer loop
      vertex   5.588886e+00 3.370608e-02 -5.888860e-01
      vertex   6.625000e+00 5.857864e-02 -5.585786e-01
      vertex   5.558579e+00 5.857864e-02 -5.585786e-01
    endloop
  endfacet
  facet normal 2.063906e-17 -6.343933e-01 7.730105e-01
    outer loop
      vertex   5.558579e+00 5.857864e-02 -5.585786e-01
      vertex   6.625000e+00 5.857864e-02 -5.585786e-01
      vertex   5.533706e+00 8.888595e-02 -5.337061e-01
    endloop
  endfacet
  facet normal 1.175496e-03 -6.087610e-01 7.933528e-01
    outer loop
      vertex   5.533706e+00 8.888595e-02 -5.337061e-01
      vertex   6.625000e+00 5.857864e-02 -5.585786e-01
      vertex   6.625000e+00 1.000000e-01 -5.267949e-01
    endloop
  endfacet
  facet normal -7.799642e-04 -4.717208e-01 8.817476e-01
    outer loop
      vertex   5.533706e+00 8.888595e-02 -5.337061e-01
      vertex   6.625000e+00 1.000000e-01 -5.267949e-01
      vertex   5.515224e+00 1.234633e-01 -5.152241e-01
    endloop
  endfacet
  facet normal 1.541776e-03 -3.826830e-01 9.238784e-01
    outer loop
      vertex   5.515224e+00 1.234633e-01 -5.152241e-01
      vertex   6.625000e+00 1.000000e-01 -5.267949e-01
      vertex   6.625000e+00 1.482362e-01 -5.068148e-01
    endloop
  endfacet
  facet normal -7.660622e-04 -2.904974e-01 9.568755e-01
    outer loop
      vertex   5.515224e+00 1.234633e-01 -5.152241e-01
      vertex   6.625000e+00 1.482362e-01 -5.068148e-01
      vertex   5.503843e+00 1.609819e-01 -5.038429e-01
    endloop
  endfacet
  facet normal 9.555877e-04 -1.465917e-01 9.891966e-01
    outer loop
      vertex   5.503843e+00 1.609819e-01 -5.038429e-01
      vertex   6.625000e+00 1.482362e-01 -5.068148e-01
      vertex   5.500963e+00 1.803966e-01 -5.009631e-01
    endloop
  endfacet
  facet normal 3.801219e-03 -4.888103e-02 9.987974e-01
    outer loop
      vertex   5.500963e+00 1.803966e-01 -5.009631e-01
      vertex   6.625000e+00 1.482362e-01 -5.068148e-01
      vertex   5.500000e+00 2.000000e-01 -5.000000e-01
    endloop
  endfacet
  facet normal 0.000000e+00 -1.305262e-01 9.914449e-01
    outer loop
      vertex   5.500000e+00 2.000000e-01 -5.000000e-01
      vertex   6.625000e+00 1.482362e-01 -5.068148e-01
      vertex   7.750000e+00 1.482362e-01 -5.068148e-01
    endloop
  endfacet
  facet normal 2.446055e-17 -1.305262e-01 9.914449e-01
    outer loop
      vertex   5.500000e+00 2.000000e-01 -5.000000e-01
      vertex   7.750000e+00 1.482362e-01 -5.068148e-01
      vertex   1.000000e+01 2.000000e-01 -5.000000e-01
    endloop
  endfacet
  facet normal 0.000000e+00 -1.305262e-01 9.914449e-01
    outer loop
      vertex   1.000000e+01 2.000000e-01 -5.000000e-01
      vertex   7.750000e+00 1.482362e-01 -5.068148e-01
      vertex   8.875000e+00 1.482362e-01 -5.068148e-01
    endloop
  endfacet
  facet normal 9.783088e-17 -1.305262e-01 9.914449e-01
    outer loop
      vertex   1.000000e+01 2.000000e-01 -5.000000e-01
      vertex   8.875000e+00 1.482362e-01 -5.068148e-01
      vertex   1.000000e+01 1.482362e-01 -5.068148e-01
    endloop
  endfacet
  facet normal 9.117443e-17 -3.826834e-01 9.238795e-01
    outer loop
      vertex   1.000000e+01 1.482362e-01 -5.068148e-01
      vertex   8.875000e+00 1.482362e-01 -5.068148e-01
      vertex   1.000000e+01 1.000000e-01 -5.267949e-01
    endloop
  endfacet
  facet normal -4.720711e-18 -3.826834e-01 9.238795e-01
    outer loop
      vertex   1.000000e+01 1.000000e-01 -5.267949e-01
      vertex   8.875000e+00 1.482362e-01 -5.068148e-01
      vertex   8.875000e+00 1.000000e-01 -5.267949e-01
    endloop
  endfacet
  facet normal -7.509566e-18 -6.087614e-01 7.933533e-01
    outer loop
      vertex   1.000000e+01 1.000000e-01 -5.267949e-01
      vertex   8.875000e+00 1.000000e-01 -5.267949e-01
      vertex   1.000000e+01 5.857864e-02 -5.585786e-01
    endloop
  endfacet
  facet normal -1.126435e-17 -6.087614e-01 7.933533e-01
    outer loop
      vertex   1.000000e+01 5.857864e-02 -5.585786e-01
      vertex   8.875000e+00 1.000000e-01 -5.267949e-01
      vertex   8.875000e+00 5.857864e-02 -5.585786e-01
    endloop
  endfacet
  facet normal -1.467999e-17 -7.933533e-01 6.087614e-01
    outer loop
      vertex   1.000000e+01 5.857864e-02 -5.585786e-01
      vertex   8.875000e+00 5.857864e-02 -5.585786e-01
      vertex   1.000000e+01 2.679492e-02 -6.000000e-01
    endloop
  endfacet
  facet normal 0.000000e+00 -7.933533e-01 6.087614e-01
    outer loop
      vertex   1.000000e+01 2.679492e-02 -6.000000e-01
      vertex   8.875000e+00 5.857864e-02 -5.585786e-01
      vertex   8.875000e+00 2.679492e-02 -6.000000e-01
    endloop
  endfacet
  facet normal 0.000000e+00 -9.238795e-01 3.826834e-01
    outer loop
      vertex   1.000000e+01 2.679492e-02 -6.000000e-01
      vertex   8.875000e+00 2.679492e-02 -6.000000e-01
      vertex   1.000000e+01 6.814835e-03 -6.482362e-01
    endloop
  endfacet
  facet normal 0.000000e+00 -9.238795e-01 3.826834e-01
    outer loop
      vertex   1.000000e+01 6.814835e-03 -6.482362e-01
      vertex   8.875000e+00 2.679492e-02 -6.000000e-01
      vertex   8.875000e+00 6.814835e-03 -6.482362e-01
    endloop
  endfacet
  facet normal -8.765572e-04 -9.571831e-01 2.894818e-01
    outer loop
      vertex   5.623463e+00 1.522409e-02 -6.234633e-01
      vertex   5.660982e+00 3.842944e-03 -6.609819e-01
      vertex   6.625000e+00 6.814835e-03 -6.482362e-01
    endloop
  endfacet
  facet normal 7.095747e-04 -9.844141e-01 1.758648e-01
    outer loop
      vertex   6.625000e+00 6.814835e-03 -6.482362e-01
      vertex   5.660982e+00 3.842944e-03 -6.609819e-01
      vertex   1.000000e+01 0.000000e+00 -7.000000e-01
    endloop
  endfacet
  facet normal 0.000000e+00 -9.951847e-01 9.801714e-02
    outer loop
      vertex   5.660982e+00 3.842944e-03 -6.609819e-01
      vertex   5.700000e+00 0.000000e+00 -7.000000e-01
      vertex   1.000000e+01 0.000000e+00 -7.000000e-01
    endloop
  endfacet
  facet normal 0.000000e+00 -9.238795e-01 3.826834e-01
    outer loop
      vertex   7.750000e+00 6.814835e-03 -6.482362e-01
      vertex   8.875000e+00 6.814835e-03 -6.482362e-01
      vertex   7.750000e+00 2.679492e-02 -6.000000e-01
    endloop
  endfacet
  facet normal 0.000000e+00 -9.238795e-01 3.826834e-01
    outer loop
      vertex   7.750000e+00 2.679492e-02 -6.000000e-01
      vertex   8.875000e+00 6.814835e-03 -6.482362e-01
      vertex   8.875000e+00 2.679492e-02 -6.000000e-01
    endloop
  endfacet
  facet normal 0.000000e+00 -7.933533e-01 6.087614e-01
    outer loop
      vertex   7.750000e+00 2.679492e-02 -6.000000e-01
      vertex   8.875000e+00 2.679492e-02 -6.000000e-01
      vertex   7.750000e+00 5.857864e-02 -5.585786e-01
    endloop
  endfacet
  facet normal 0.000000e+00 -7.933533e-01 6.087614e-01
    outer loop
      vertex   7.750000e+00 5.857864e-02 -5.585786e-01
      vertex   8.875000e+00 2.679492e-02 -6.000000e-01
      vertex   8.875000e+00 5.857864e-02 -5.585786e-01
    endloop
  endfacet
  facet normal 0.000000e+00 -6.087614e-01 7.933533e-01
    outer loop
      vertex   7.750000e+00 5.857864e-02 -5.585786e-01
      vertex   8.875000e+00 5.857864e-02 -5.585786e-01
      vertex   7.750000e+00 1.000000e-01 -5.267949e-01
    endloop
  endfacet
  facet normal 0.000000e+00 -6.087614e-01 7.933533e-01
    outer loop
      vertex   7.750000e+00 1.000000e-01 -5.267949e-01
      vertex   8.875000e+00 5.857864e-02 -5.585786e-01
      vertex   8.875000e+00 1.000000e-01 -5.267949e-01
    endloop
  endfacet
  facet normal 0.000000e+00 -3.826834e-01 9.238795e-01
    outer loop
      vertex   7.750000e+00 1.000000e-01 -5.267949e-01
      vertex   8.875000e+00 1.000000e-01 -5.267949e-01
      vertex   7.750000e+00 1.482362e-01 -5.068148e-01
    endloop
  endfacet
  facet normal 0.000000e+00 -3.826834e-01 9.238795e-01
    outer loop
      vertex   7.750000e+00 1.482362e-01 -5.068148e-01
      vertex   8.875000e+00 1.000000e-01 -5.267949e-01
      vertex   8.875000e+00 1.482362e-01 -5.068148e-01
    endloop
  endfacet
  facet normal 0.000000e+00 -7.933533e-01 6.087614e-01
    outer loop
      vertex   6.625000e+00 5.857864e-02 -5.585786e-01
      vertex   6.625000e+00 2.679492e-02 -6.000000e-01
      vertex   7.750000e+00 2.679492e-02 -6.000000e-01
    endloop
  endfacet
  facet normal 0.000000e+00 -9.238795e-01 3.826834e-01
    outer loop
      vertex   7.750000e+00 2.679492e-02 -6.000000e-01
      vertex   6.625000e+00 2.679492e-02 -6.000000e-01
      vertex   7.750000e+00 6.814835e-03 -6.482362e-01
    endloop
  endfacet
  facet normal 1.467999e-17 -7.933533e-01 6.087614e-01
    outer loop
      vertex   6.625000e+00 5.857864e-02 -5.585786e-01
      vertex   7.750000e+00 2.679492e-02 -6.000000e-01
      vertex   7.750000e+00 5.857864e-02 -5.585786e-01
    endloop
  endfacet
  facet normal 1.107519e-17 -6.087614e-01 7.933533e-01
    outer loop
      vertex   6.625000e+00 1.000000e-01 -5.267949e-01
      vertex   6.625000e+00 5.857864e-02 -5.585786e-01
      vertex   7.750000e+00 5.857864e-02 -5.585786e-01
    endloop
  endfacet
  facet normal 7.509566e-18 -6.087614e-01 7.933533e-01
    outer loop
      vertex   6.625000e+00 1.000000e-01 -5.267949e-01
      vertex   7.750000e+00 5.857864e-02 -5.585786e-01
      vertex   7.750000e+00 1.000000e-01 -5.267949e-01
    endloop
  endfacet
  facet normal 5.537597e-18 -3.826834e-01 9.238795e-01
    outer loop
      vertex   6.625000e+00 1.482362e-01 -5.068148e-01
      vertex   6.625000e+00 1.000000e-01 -5.267949e-01
      vertex   7.750000e+00 1.000000e-01 -5.267949e-01
    endloop
  endfacet
  facet normal 0.000000e+00 -3.826834e-01 9.238795e-01
    outer loop
      vertex   6.625000e+00 1.482362e-01 -5.068148e-01
      vertex   7.750000e+00 1.000000e-01 -5.267949e-01
      vertex   7.750000e+00 1.482362e-01 -5.068148e-01
    endloop
  endfacet
  facet normal 2.467162e-17 0.000000e+00 1.000000e+00
    outer loop
      vertex   1.000000e+01 1.500000e+00 -5.000000e-01
      vertex   5.500000e+00 1.500000e+00 -5.000000e-01
      vertex   1.000000e+01 2.000000e-01 -5.000000e-01
    endloop
  endfacet
  facet normal 2.467162e-17 0.000000e+00 1.000000e+00
    outer loop
      vertex   1.000000e+01 2.000000e-01 -5.000000e-01
      vertex   5.500000e+00 1.500000e+00 -5.000000e-01
      vertex   5.500000e+00 2.000000e-01 -5.000000e-01
    endloop
  endfacet
  facet normal -0.000000e+00 -1.000000e+00 -0.000000e+00
    outer loop
      vertex   1.000000e+01 0.000000e+00 -7.000000e-01
      vertex   5.700000e+00 0.000000e+00 -7.000000e-01
      vertex   1.000000e+01 0.000000e+00 -4.300000e+00
    endloop
  endfacet
  facet normal -0.000000e+00 -1.000000e+00 0.000000e+00
    outer loop
      vertex   1.000000e+01 0.000000e+00 -4.300000e+00
      vertex   5.700000e+00 0.000000e+00 -7.000000e-01
      vertex   5.700000e+00 0.000000e+00 -4.300000e+00
    endloop
  endfacet
  facet normal 9.801714e-02 -9.951847e-01 -2.418242e-17
    outer loop
      vertex   4.300000e+00 0.000000e+00 -7.000000e-01
      vertex   4.300000e+00 0.000000e+00 -4.300000e+00
      vertex   4.339018e+00 3.842944e-03 -6.609819e-01
    endloop
  endfacet
  facet normal 1.747135e-01 -9.846190e-01 -8.335065e-04
    outer loop
      vertex   4.339018e+00 3.842944e-03 -6.609819e-01
      vertex   4.300000e+00 0.000000e+00 -4.300000e+00
      vertex   4.351764e+00 6.814835e-03 -1.500000e+00
    endloop
  endfacet
  facet normal 2.893639e-01 -9.572186e-01 1.005233e-03
    outer loop
      vertex   4.339018e+00 3.842944e-03 -6.609819e-01
      vertex   4.351764e+00 6.814835e-03 -1.500000e+00
      vertex   4.376537e+00 1.522409e-02 -6.234633e-01
    endloop
  endfacet
  facet normal 3.826827e-01 -9.238778e-01 -1.952028e-03
    outer loop
      vertex   4.376537e+00 1.522409e-02 -6.234633e-01
      vertex   4.351764e+00 6.814835e-03 -1.500000e+00
      vertex   4.400000e+00 2.679492e-02 -1.500000e+00
    endloop
  endfacet
  facet normal 4.706563e-01 -8.823161e-01 9.515060e-04
    outer loop
      vertex   4.376537e+00 1.522409e-02 -6.234633e-01
      vertex   4.400000e+00 2.679492e-02 -1.500000e+00
      vertex   4.411114e+00 3.370608e-02 -5.888860e-01
    endloop
  endfacet
  facet normal 6.087608e-01 -7.933526e-01 -1.407959e-03
    outer loop
      vertex   4.411114e+00 3.370608e-02 -5.888860e-01
      vertex   4.400000e+00 2.679492e-02 -1.500000e+00
      vertex   4.441421e+00 5.857864e-02 -1.500000e+00
    endloop
  endfacet
  facet normal 6.343933e-01 -7.730105e-01 4.699852e-17
    outer loop
      vertex   4.411114e+00 3.370608e-02 -5.888860e-01
      vertex   4.441421e+00 5.857864e-02 -1.500000e+00
      vertex   4.441421e+00 5.857864e-02 -5.585786e-01
    endloop
  endfacet
  facet normal 7.730105e-01 -6.343933e-01 3.740716e-17
    outer loop
      vertex   4.441421e+00 5.857864e-02 -5.585786e-01
      vertex   4.441421e+00 5.857864e-02 -1.500000e+00
      vertex   4.466294e+00 8.888595e-02 -5.337061e-01
    endloop
  endfacet
  facet normal 7.933526e-01 -6.087609e-01 -1.327558e-03
    outer loop
      vertex   4.466294e+00 8.888595e-02 -5.337061e-01
      vertex   4.441421e+00 5.857864e-02 -1.500000e+00
      vertex   4.473205e+00 1.000000e-01 -1.500000e+00
    endloop
  endfacet
  facet normal 8.817252e-01 -4.717625e-01 8.802217e-04
    outer loop
      vertex   4.466294e+00 8.888595e-02 -5.337061e-01
      vertex   4.473205e+00 1.000000e-01 -1.500000e+00
      vertex   4.484776e+00 1.234633e-01 -5.152241e-01
    endloop
  endfacet
  facet normal 9.238781e-01 -3.826829e-01 -1.737477e-03
    outer loop
      vertex   4.484776e+00 1.234633e-01 -5.152241e-01
      vertex   4.473205e+00 1.000000e-01 -1.500000e+00
      vertex   4.493185e+00 1.482362e-01 -1.500000e+00
    endloop
  endfacet
  facet normal 9.568673e-01 -2.905242e-01 8.625565e-04
    outer loop
      vertex   4.484776e+00 1.234633e-01 -5.152241e-01
      vertex   4.493185e+00 1.482362e-01 -1.500000e+00
      vertex   4.496157e+00 1.609819e-01 -5.038429e-01
    endloop
  endfacet
  facet normal 9.891991e-01 -1.465743e-01 -1.075728e-03
    outer loop
      vertex   4.496157e+00 1.609819e-01 -5.038429e-01
      vertex   4.493185e+00 1.482362e-01 -1.500000e+00
      vertex   4.499037e+00 1.803966e-01 -5.009631e-01
    endloop
  endfacet
  facet normal 9.987966e-01 -4.885759e-02 -4.277579e-03
    outer loop
      vertex   4.499037e+00 1.803966e-01 -5.009631e-01
      vertex   4.493185e+00 1.482362e-01 -1.500000e+00
      vertex   4.500000e+00 2.000000e-01 -5.000000e-01
    endloop
  endfacet
  facet normal 9.914449e-01 -1.305262e-01 0.000000e+00
    outer loop
      vertex   4.500000e+00 2.000000e-01 -5.000000e-01
      vertex   4.493185e+00 1.482362e-01 -1.500000e+00
      vertex   4.493185e+00 1.482362e-01 -2.500000e+00
    endloop
  endfacet
  facet normal 9.888002e-01 -1.492445e-01 4.934778e-04
    outer loop
      vertex   4.500000e+00 2.000000e-01 -5.000000e-01
      vertex   4.493185e+00 1.482362e-01 -2.500000e+00
      vertex   4.499037e+00 1.803966e-01 -4.499037e+00
    endloop
  endfacet
  facet normal 9.838460e-01 -1.790169e-01 0.000000e+00
    outer loop
      vertex   4.499037e+00 1.803966e-01 -4.499037e+00
      vertex   4.493185e+00 1.482362e-01 -2.500000e+00
      vertex   4.493185e+00 1.482362e-01 -3.500000e+00
    endloop
  endfacet
  facet normal 9.891991e-01 -1.465743e-01 1.075728e-03
    outer loop
      vertex   4.499037e+00 1.803966e-01 -4.499037e+00
      vertex   4.493185e+00 1.482362e-01 -3.500000e+00
      vertex   4.496157e+00 1.609819e-01 -4.496157e+00
    endloop
  endfacet
  facet normal 9.568673e-01 -2.905242e-01 -8.625565e-04
    outer loop
      vertex   4.496157e+00 1.609819e-01 -4.496157e+00
      vertex   4.493185e+00 1.482362e-01 -3.500000e+00
      vertex   4.484776e+00 1.234633e-01 -4.484776e+00
    endloop
  endfacet
  facet normal 9.238781e-01 -3.826829e-01 1.737477e-03
    outer loop
      vertex   4.484776e+00 1.234633e-01 -4.484776e+00
      vertex   4.493185e+00 1.482362e-01 -3.500000e+00
      vertex   4.473205e+00 1.000000e-01 -3.500000e+00
    endloop
  endfacet
  facet normal 8.817252e-01 -4.717625e-01 -8.802217e-04
    outer loop
      vertex   4.484776e+00 1.234633e-01 -4.484776e+00
      vertex   4.473205e+00 1.000000e-01 -3.500000e+00
      vertex   4.466294e+00 8.888595e-02 -4.466294e+00
    endloop
  endfacet
  facet normal 7.933526e-01 -6.087609e-01 1.327558e-03
    outer loop
      vertex   4.466294e+00 8.888595e-02 -4.466294e+00
      vertex   4.473205e+00 1.000000e-01 -3.500000e+00
      vertex   4.441421e+00 5.857864e-02 -3.500000e+00
    endloop
  endfacet
  facet normal 7.730105e-01 -6.343933e-01 -4.699852e-17
    outer loop
      vertex   4.466294e+00 8.888595e-02 -4.466294e+00
      vertex   4.441421e+00 5.857864e-02 -3.500000e+00
      vertex   4.441421e+00 5.857864e-02 -4.441421e+00
    endloop
  endfacet
  facet normal 6.343933e-01 -7.730105e-01 -5.697595e-17
    outer loop
      vertex   4.441421e+00 5.857864e-02 -4.441421e+00
      vertex   4.441421e+00 5.857864e-02 -3.500000e+00
      vertex   4.411114e+00 3.370608e-02 -4.411114e+00
    endloop
  endfacet
  facet normal 6.087608e-01 -7.933526e-01 1.407959e-03
    outer loop
      vertex   4.411114e+00 3.370608e-02 -4.411114e+00
      vertex   4.441421e+00 5.857864e-02 -3.500000e+00
      vertex   4.400000e+00 2.679492e-02 -3.500000e+00
    endloop
  endfacet
  facet normal 4.706563e-01 -8.823161e-01 -9.515060e-04
    outer loop
      vertex   4.411114e+00 3.370608e-02 -4.411114e+00
      vertex   4.400000e+00 2.679492e-02 -3.500000e+00
      vertex   4.376537e+00 1.522409e-02 -4.376537e+00
    endloop
  endfacet
  facet normal 3.826827e-01 -9.238778e-01 1.952028e-03
    outer loop
      vertex   4.376537e+00 1.522409e-02 -4.376537e+00
      vertex   4.400000e+00 2.679492e-02 -3.500000e+00
      vertex   4.351764e+00 6.814835e-03 -3.500000e+00
    endloop
  endfacet
  facet normal 2.893639e-01 -9.572186e-01 -1.005233e-03
    outer loop
      vertex   4.376537e+00 1.522409e-02 -4.376537e+00
      vertex   4.351764e+00 6.814835e-03 -3.500000e+00
      vertex   4.339018e+00 3.842944e-03 -4.339018e+00
    endloop
  endfacet
  facet normal 1.000027e-01 -9.949851e-01 2.005176e-03
    outer loop
      vertex   4.339018e+00 3.842944e-03 -4.339018e+00
      vertex   4.351764e+00 6.814835e-03 -3.500000e+00
      vertex   4.300000e+00 0.000000e+00 -4.300000e+00
    endloop
  endfacet
  facet normal 1.305262e-01 -9.914449e-01 0.000000e+00
    outer loop
      vertex   4.300000e+00 0.000000e+00 -4.300000e+00
      vertex   4.351764e+00 6.814835e-03 -3.500000e+00
      vertex   4.351764e+00 6.814835e-03 -2.500000e+00
    endloop
  endfacet
  facet normal 1.305262e-01 -9.914449e-01 0.000000e+00
    outer loop
      vertex   4.300000e+00 0.000000e+00 -4.300000e+00
      vertex   4.351764e+00 6.814835e-03 -2.500000e+00
      vertex   4.351764e+00 6.814835e-03 -1.500000e+00
    endloop
  endfacet
  facet normal 3.826834e-01 -9.238795e-01 0.000000e+00
    outer loop
      vertex   4.351764e+00 6.814835e-03 -1.500000e+00
      vertex   4.351764e+00 6.814835e-03 -2.500000e+00
      vertex   4.400000e+00 2.679492e-02 -1.500000e+00
    endloop
  endfacet
  facet normal 9.987955e-01 -4.906767e-02 0.000000e+00
    outer loop
      vertex   4.499037e+00 1.803966e-01 -4.499037e+00
      vertex   4.500000e+00 2.000000e-01 -4.500000e+00
      vertex   4.500000e+00 2.000000e-01 -5.000000e-01
    endloop
  endfacet
  facet normal 3.826834e-01 -9.238795e-01 0.000000e+00
    outer loop
      vertex   4.351764e+00 6.814835e-03 -2.500000e+00
      vertex   4.351764e+00 6.814835e-03 -3.500000e+00
      vertex   4.400000e+00 2.679492e-02 -2.500000e+00
    endloop
  endfacet
  facet normal 3.826834e-01 -9.238795e-01 0.000000e+00
    outer loop
      vertex   4.400000e+00 2.679492e-02 -2.500000e+00
      vertex   4.351764e+00 6.814835e-03 -3.500000e+00
      vertex   4.400000e+00 2.679492e-02 -3.500000e+00
    endloop
  endfacet
  facet normal 6.087614e-01 -7.933533e-01 0.000000e+00
    outer loop
      vertex   4.400000e+00 2.679492e-02 -2.500000e+00
      vertex   4.400000e+00 2.679492e-02 -3.500000e+00
      vertex   4.441421e+00 5.857864e-02 -2.500000e+00
    endloop
  endfacet
  facet normal 6.087614e-01 -7.933533e-01 -4.526088e-16
    outer loop
      vertex   4.441421e+00 5.857864e-02 -2.500000e+00
      vertex   4.400000e+00 2.679492e-02 -3.500000e+00
      vertex   4.441421e+00 5.857864e-02 -3.500000e+00
    endloop
  endfacet
  facet normal 7.933533e-01 -6.087614e-01 -6.370532e-16
    outer loop
      vertex   4.441421e+00 5.857864e-02 -2.500000e+00
      vertex   4.441421e+00 5.857864e-02 -3.500000e+00
      vertex   4.473205e+00 1.000000e-01 -2.500000e+00
    endloop
  endfacet
  facet normal 7.933533e-01 -6.087614e-01 0.000000e+00
    outer loop
      vertex   4.473205e+00 1.000000e-01 -2.500000e+00
      vertex   4.441421e+00 5.857864e-02 -3.500000e+00
      vertex   4.473205e+00 1.000000e-01 -3.500000e+00
    endloop
  endfacet
  facet normal 9.238795e-01 -3.826834e-01 0.000000e+00
    outer loop
      vertex   4.473205e+00 1.000000e-01 -2.500000e+00
      vertex   4.473205e+00 1.000000e-01 -3.500000e+00
      vertex   4.493185e+00 1.482362e-01 -2.500000e+00
    endloop
  endfacet
  facet normal 9.238795e-01 -3.826834e-01 0.000000e+00
    outer loop
      vertex   4.493185e+00 1.482362e-01 -2.500000e+00
      vertex   4.473205e+00 1.000000e-01 -3.500000e+00
      vertex   4.493185e+00 1.482362e-01 -3.500000e+00
    endloop
  endfacet
  facet normal 6.087614e-01 -7.933533e-01 0.000000e+00
    outer loop
      vertex   4.441421e+00 5.857864e-02 -1.500000e+00
      vertex   4.400000e+00 2.679492e-02 -1.500000e+00
      vertex   4.400000e+00 2.679492e-02 -2.500000e+00
    endloop
  endfacet
  facet normal 3.826834e-01 -9.238795e-01 0.000000e+00
    outer loop
      vertex   4.400000e+00 2.679492e-02 -2.500000e+00
      vertex   4.400000e+00 2.679492e-02 -1.500000e+00
      vertex   4.351764e+00 6.814835e-03 -2.500000e+00
    endloop
  endfacet
  facet normal 6.087614e-01 -7.933533e-01 7.706992e-17
    outer loop
      vertex   4.441421e+00 5.857864e-02 -1.500000e+00
      vertex   4.400000e+00 2.679492e-02 -2.500000e+00
      vertex   4.441421e+00 5.857864e-02 -2.500000e+00
    endloop
  endfacet
  facet normal 7.933533e-01 -6.087614e-01 5.814477e-17
    outer loop
      vertex   4.473205e+00 1.000000e-01 -1.500000e+00
      vertex   4.441421e+00 5.857864e-02 -1.500000e+00
      vertex   4.441421e+00 5.857864e-02 -2.500000e+00
    endloop
  endfacet
  facet normal 7.933533e-01 -6.087614e-01 0.000000e+00
    outer loop
      vertex   4.473205e+00 1.000000e-01 -1.500000e+00
      vertex   4.441421e+00 5.857864e-02 -2.500000e+00
      vertex   4.473205e+00 1.000000e-01 -2.500000e+00
    endloop
  endfacet
  facet normal 9.238795e-01 -3.826834e-01 0.000000e+00
    outer loop
      vertex   4.493185e+00 1.482362e-01 -1.500000e+00
      vertex   4.473205e+00 1.000000e-01 -1.500000e+00
      vertex   4.473205e+00 1.000000e-01 -2.500000e+00
    endloop
  endfacet
  facet normal 9.238795e-01 -3.826834e-01 0.000000e+00
    outer loop
      vertex   4.493185e+00 1.482362e-01 -1.500000e+00
      vertex   4.473205e+00 1.000000e-01 -2.500000e+00
      vertex   4.493185e+00 1.482362e-01 -2.500000e+00
    endloop
  endfacet
  facet normal 1.012287e-17 -9.951847e-01 -9.801714e-02
    outer loop
      vertex   4.300000e+00 0.000000e+00 -4.300000e+00
      vertex   -4.300000e+00 0.000000e+00 -4.300000e+00
      vertex   4.339018e+00 3.842944e-03 -4.339018e+00
    endloop
  endfacet
  facet normal -2.807458e-04 -9.872153e-01 -1.593923e-01
    outer loop
      vertex   4.339018e+00 3.842944e-03 -4.339018e+00
      vertex   -4.300000e+00 0.000000e+00 -4.300000e+00
      vertex   1.125000e+00 6.814835e-03 -4.351764e+00
    endloop
  endfacet
  facet normal 0.000000e+00 -9.738770e-01 -2.270763e-01
    outer loop
      vertex   4.339018e+00 3.842944e-03 -4.339018e+00
      vertex   1.125000e+00 6.814835e-03 -4.351764e+00
      vertex   2.250000e+00 6.814835e-03 -4.351764e+00
    endloop
  endfacet
  facet normal -0.000000e+00 -9.238795e-01 -3.826834e-01
    outer loop
      vertex   2.250000e+00 6.814835e-03 -4.351764e+00
      vertex   1.125000e+00 6.814835e-03 -4.351764e+00
      vertex   2.250000e+00 2.679492e-02 -4.400000e+00
    endloop
  endfacet
  facet normal 0.000000e+00 -9.238795e-01 -3.826834e-01
    outer loop
      vertex   2.250000e+00 6.814835e-03 -4.351764e+00
      vertex   2.250000e+00 2.679492e-02 -4.400000e+00
      vertex   3.375000e+00 2.679492e-02 -4.400000e+00
    endloop
  endfacet
  facet normal -0.000000e+00 -7.933533e-01 -6.087614e-01
    outer loop
      vertex   3.375000e+00 2.679492e-02 -4.400000e+00
      vertex   2.250000e+00 2.679492e-02 -4.400000e+00
      vertex   3.375000e+00 5.857864e-02 -4.441421e+00
    endloop
  endfacet
  facet normal -1.238099e-03 -7.933527e-01 -6.087610e-01
    outer loop
      vertex   3.375000e+00 2.679492e-02 -4.400000e+00
      vertex   3.375000e+00 5.857864e-02 -4.441421e+00
      vertex   4.411114e+00 3.370608e-02 -4.411114e+00
    endloop
  endfacet
  facet normal -1.296550e-16 -7.730105e-01 -6.343933e-01
    outer loop
      vertex   4.411114e+00 3.370608e-02 -4.411114e+00
      vertex   3.375000e+00 5.857864e-02 -4.441421e+00
      vertex   4.441421e+00 5.857864e-02 -4.441421e+00
    endloop
  endfacet
  facet normal -1.073231e-16 -6.343933e-01 -7.730105e-01
    outer loop
      vertex   4.441421e+00 5.857864e-02 -4.441421e+00
      vertex   3.375000e+00 5.857864e-02 -4.441421e+00
      vertex   4.466294e+00 8.888595e-02 -4.466294e+00
    endloop
  endfacet
  facet normal -1.175496e-03 -6.087610e-01 -7.933528e-01
    outer loop
      vertex   4.466294e+00 8.888595e-02 -4.466294e+00
      vertex   3.375000e+00 5.857864e-02 -4.441421e+00
      vertex   3.375000e+00 1.000000e-01 -4.473205e+00
    endloop
  endfacet
  facet normal 7.799642e-04 -4.717208e-01 -8.817476e-01
    outer loop
      vertex   4.466294e+00 8.888595e-02 -4.466294e+00
      vertex   3.375000e+00 1.000000e-01 -4.473205e+00
      vertex   4.484776e+00 1.234633e-01 -4.484776e+00
    endloop
  endfacet
  facet normal -1.541776e-03 -3.826830e-01 -9.238784e-01
    outer loop
      vertex   4.484776e+00 1.234633e-01 -4.484776e+00
      vertex   3.375000e+00 1.000000e-01 -4.473205e+00
      vertex   3.375000e+00 1.482362e-01 -4.493185e+00
    endloop
  endfacet
  facet normal 7.660622e-04 -2.904974e-01 -9.568755e-01
    outer loop
      vertex   4.484776e+00 1.234633e-01 -4.484776e+00
      vertex   3.375000e+00 1.482362e-01 -4.493185e+00
      vertex   4.496157e+00 1.609819e-01 -4.496157e+00
    endloop
  endfacet
  facet normal -9.555877e-04 -1.465917e-01 -9.891966e-01
    outer loop
      vertex   4.496157e+00 1.609819e-01 -4.496157e+00
      vertex   3.375000e+00 1.482362e-01 -4.493185e+00
      vertex   4.499037e+00 1.803966e-01 -4.499037e+00
    endloop
  endfacet
  facet normal -3.801219e-03 -4.888103e-02 -9.987974e-01
    outer loop
      vertex   4.499037e+00 1.803966e-01 -4.499037e+00
      vertex   3.375000e+00 1.482362e-01 -4.493185e+00
      vertex   4.500000e+00 2.000000e-01 -4.500000e+00
    endloop
  endfacet
  facet normal 0.000000e+00 -1.305262e-01 -9.914449e-01
    outer loop
      vertex   4.500000e+00 2.000000e-01 -4.500000e+00
      vertex   3.375000e+00 1.482362e-01 -4.493185e+00
      vertex   2.250000e+00 1.482362e-01 -4.493185e+00
    endloop
  endfacet
  facet normal 0.000000e+00 -1.305262e-01 -9.914449e-01
    outer loop
      vertex   4.500000e+00 2.000000e-01 -4.500000e+00
      vertex   2.250000e+00 1.482362e-01 -4.493185e+00
      vertex   1.125000e+00 1.482362e-01 -4.493185e+00
    endloop
  endfacet
  facet normal 0.000000e+00 -3.826834e-01 -9.238795e-01
    outer loop
      vertex   1.125000e+00 1.482362e-01 -4.493185e+00
      vertex   2.250000e+00 1.482362e-01 -4.493185e+00
      vertex   1.125000e+00 1.000000e-01 -4.473205e+00
    endloop
  endfacet
  facet normal 0.000000e+00 -3.826834e-01 -9.238795e-01
    outer loop
      vertex   1.125000e+00 1.482362e-01 -4.493185e+00
      vertex   1.125000e+00 1.000000e-01 -4.473205e+00
      vertex   -5.551115e-16 1.000000e-01 -4.473205e+00
    endloop
  endfacet
  facet normal 0.000000e+00 -6.087614e-01 -7.933533e-01
    outer loop
      vertex   -5.551115e-16 1.000000e-01 -4.473205e+00
      vertex   1.125000e+00 1.000000e-01 -4.473205e+00
      vertex   -5.551115e-16 5.857864e-02 -4.441421e+00
    endloop
  endfacet
  facet normal -3.691731e-17 -6.087614e-01 -7.933533e-01
    outer loop
      vertex   -5.551115e-16 1.000000e-01 -4.473205e+00
      vertex   -5.551115e-16 5.857864e-02 -4.441421e+00
      vertex   -1.125000e+00 5.857864e-02 -4.441421e+00
    endloop
  endfacet
  facet normal -4.893329e-17 -7.933533e-01 -6.087614e-01
    outer loop
      vertex   -1.125000e+00 5.857864e-02 -4.441421e+00
      vertex   -5.551115e-16 5.857864e-02 -4.441421e+00
      vertex   -1.125000e+00 2.679492e-02 -4.400000e+00
    endloop
  endfacet
  facet normal 0.000000e+00 -7.933533e-01 -6.087614e-01
    outer loop
      vertex   -1.125000e+00 5.857864e-02 -4.441421e+00
      vertex   -1.125000e+00 2.679492e-02 -4.400000e+00
      vertex   -2.250000e+00 2.679492e-02 -4.400000e+00
    endloop
  endfacet
  facet normal 0.000000e+00 -9.238795e-01 -3.826834e-01
    outer loop
      vertex   -2.250000e+00 2.679492e-02 -4.400000e+00
      vertex   -1.125000e+00 2.679492e-02 -4.400000e+00
      vertex   -2.250000e+00 6.814835e-03 -4.351764e+00
    endloop
  endfacet
  facet normal 0.000000e+00 -9.238795e-01 -3.826834e-01
    outer loop
      vertex   -2.250000e+00 2.679492e-02 -4.400000e+00
      vertex   -2.250000e+00 6.814835e-03 -4.351764e+00
      vertex   -3.375000e+00 6.814835e-03 -4.351764e+00
    endloop
  endfacet
  facet normal 0.000000e+00 -9.914449e-01 -1.305262e-01
    outer loop
      vertex   -3.375000e+00 6.814835e-03 -4.351764e+00
      vertex   -2.250000e+00 6.814835e-03 -4.351764e+00
      vertex   -4.300000e+00 0.000000e+00 -4.300000e+00
    endloop
  endfacet
  facet normal 1.748612e-03 -9.950111e-01 -9.974865e-02
    outer loop
      vertex   -3.375000e+00 6.814835e-03 -4.351764e+00
      vertex   -4.300000e+00 0.000000e+00 -4.300000e+00
      vertex   -4.339018e+00 3.842944e-03 -4.339018e+00
    endloop
  endfacet
  facet normal -8.765572e-04 -9.571831e-01 -2.894818e-01
    outer loop
      vertex   -4.339018e+00 3.842944e-03 -4.339018e+00
      vertex   -4.376537e+00 1.522409e-02 -4.376537e+00
      vertex   -3.375000e+00 6.814835e-03 -4.351764e+00
    endloop
  endfacet
  facet normal 1.708400e-03 -9.238782e-01 -3.826829e-01
    outer loop
      vertex   -3.375000e+00 6.814835e-03 -4.351764e+00
      vertex   -4.376537e+00 1.522409e-02 -4.376537e+00
      vertex   -3.375000e+00 2.679492e-02 -4.400000e+00
    endloop
  endfacet
  facet normal 0.000000e+00 -9.238795e-01 -3.826834e-01
    outer loop
      vertex   -3.375000e+00 6.814835e-03 -4.351764e+00
      vertex   -3.375000e+00 2.679492e-02 -4.400000e+00
      vertex   -2.250000e+00 2.679492e-02 -4.400000e+00
    endloop
  endfacet
  facet normal -0.000000e+00 -7.933533e-01 -6.087614e-01
    outer loop
      vertex   -2.250000e+00 2.679492e-02 -4.400000e+00
      vertex   -3.375000e+00 2.679492e-02 -4.400000e+00
      vertex   -2.250000e+00 5.857864e-02 -4.441421e+00
    endloop
  endfacet
  facet normal -3.691731e-17 -7.933533e-01 -6.087614e-01
    outer loop
      vertex   -2.250000e+00 2.679492e-02 -4.400000e+00
      vertex   -2.250000e+00 5.857864e-02 -4.441421e+00
      vertex   -1.125000e+00 5.857864e-02 -4.441421e+00
    endloop
  endfacet
  facet normal -3.003826e-17 -6.087614e-01 -7.933533e-01
    outer loop
      vertex   -1.125000e+00 5.857864e-02 -4.441421e+00
      vertex   -2.250000e+00 5.857864e-02 -4.441421e+00
      vertex   -1.125000e+00 1.000000e-01 -4.473205e+00
    endloop
  endfacet
  facet normal 0.000000e+00 -6.087614e-01 -7.933533e-01
    outer loop
      vertex   -1.125000e+00 5.857864e-02 -4.441421e+00
      vertex   -1.125000e+00 1.000000e-01 -4.473205e+00
      vertex   -5.551115e-16 1.000000e-01 -4.473205e+00
    endloop
  endfacet
  facet normal -0.000000e+00 -3.826834e-01 -9.238795e-01
    outer loop
      vertex   -5.551115e-16 1.000000e-01 -4.473205e+00
      vertex   -1.125000e+00 1.000000e-01 -4.473205e+00
      vertex   -5.551115e-16 1.482362e-01 -4.493185e+00
    endloop
  endfacet
  facet normal 0.000000e+00 -3.826834e-01 -9.238795e-01
    outer loop
      vertex   -5.551115e-16 1.000000e-01 -4.473205e+00
      vertex   -5.551115e-16 1.482362e-01 -4.493185e+00
      vertex   1.125000e+00 1.482362e-01 -4.493185e+00
    endloop
  endfacet
  facet normal -0.000000e+00 -1.305262e-01 -9.914449e-01
    outer loop
      vertex   1.125000e+00 1.482362e-01 -4.493185e+00
      vertex   -5.551115e-16 1.482362e-01 -4.493185e+00
      vertex   4.500000e+00 2.000000e-01 -4.500000e+00
    endloop
  endfacet
  facet normal -8.354231e-04 -8.822680e-01 -4.707467e-01
    outer loop
      vertex   -4.376537e+00 1.522409e-02 -4.376537e+00
      vertex   -4.411114e+00 3.370608e-02 -4.411114e+00
      vertex   -3.375000e+00 2.679492e-02 -4.400000e+00
    endloop
  endfacet
  facet normal 1.238099e-03 -7.933527e-01 -6.087610e-01
    outer loop
      vertex   -3.375000e+00 2.679492e-02 -4.400000e+00
      vertex   -4.411114e+00 3.370608e-02 -4.411114e+00
      vertex   -3.375000e+00 5.857864e-02 -4.441421e+00
    endloop
  endfacet
  facet normal -4.060904e-17 -7.933533e-01 -6.087614e-01
    outer loop
      vertex   -3.375000e+00 2.679492e-02 -4.400000e+00
      vertex   -3.375000e+00 5.857864e-02 -4.441421e+00
      vertex   -2.250000e+00 5.857864e-02 -4.441421e+00
    endloop
  endfacet
  facet normal -3.003826e-17 -6.087614e-01 -7.933533e-01
    outer loop
      vertex   -2.250000e+00 5.857864e-02 -4.441421e+00
      vertex   -3.375000e+00 5.857864e-02 -4.441421e+00
      vertex   -2.250000e+00 1.000000e-01 -4.473205e+00
    endloop
  endfacet
  facet normal 0.000000e+00 -6.087614e-01 -7.933533e-01
    outer loop
      vertex   -2.250000e+00 5.857864e-02 -4.441421e+00
      vertex   -2.250000e+00 1.000000e-01 -4.473205e+00
      vertex   -1.125000e+00 1.000000e-01 -4.473205e+00
    endloop
  endfacet
  facet normal -0.000000e+00 -3.826834e-01 -9.238795e-01
    outer loop
      vertex   -1.125000e+00 1.000000e-01 -4.473205e+00
      vertex   -2.250000e+00 1.000000e-01 -4.473205e+00
      vertex   -1.125000e+00 1.482362e-01 -4.493185e+00
    endloop
  endfacet
  facet normal 0.000000e+00 -3.826834e-01 -9.238795e-01
    outer loop
      vertex   -1.125000e+00 1.000000e-01 -4.473205e+00
      vertex   -1.125000e+00 1.482362e-01 -4.493185e+00
      vertex   -5.551115e-16 1.482362e-01 -4.493185e+00
    endloop
  endfacet
  facet normal -0.000000e+00 -1.790169e-01 -9.838460e-01
    outer loop
      vertex   -5.551115e-16 1.482362e-01 -4.493185e+00
      vertex   -1.125000e+00 1.482362e-01 -4.493185e+00
      vertex   -4.499037e+00 1.803966e-01 -4.499037e+00
    endloop
  endfacet
  facet normal 2.192874e-04 -1.492415e-01 -9.888008e-01
    outer loop
      vertex   -5.551115e-16 1.482362e-01 -4.493185e+00
      vertex   -4.499037e+00 1.803966e-01 -4.499037e+00
      vertex   4.500000e+00 2.000000e-01 -4.500000e+00
    endloop
  endfacet
  facet normal -0.000000e+00 -4.906767e-02 -9.987955e-01
    outer loop
      vertex   4.500000e+00 2.000000e-01 -4.500000e+00
      vertex   -4.499037e+00 1.803966e-01 -4.499037e+00
      vertex   -4.500000e+00 2.000000e-01 -4.500000e+00
    endloop
  endfacet
  facet normal 1.011309e-16 -7.730105e-01 -6.343933e-01
    outer loop
      vertex   -4.411114e+00 3.370608e-02 -4.411114e+00
      vertex   -4.441421e+00 5.857864e-02 -4.441421e+00
      vertex   -3.375000e+00 5.857864e-02 -4.441421e+00
    endloop
  endfacet
  facet normal 8.255625e-17 -6.343933e-01 -7.730105e-01
    outer loop
      vertex   -3.375000e+00 5.857864e-02 -4.441421e+00
      vertex   -4.441421e+00 5.857864e-02 -4.441421e+00
      vertex   -4.466294e+00 8.888595e-02 -4.466294e+00
    endloop
  endfacet
  facet normal 1.175496e-03 -6.087610e-01 -7.933528e-01
    outer loop
      vertex   -3.375000e+00 5.857864e-02 -4.441421e+00
      vertex   -4.466294e+00 8.888595e-02 -4.466294e+00
      vertex   -3.375000e+00 1.000000e-01 -4.473205e+00
    endloop
  endfacet
  facet normal -7.799642e-04 -4.717208e-01 -8.817476e-01
    outer loop
      vertex   -3.375000e+00 1.000000e-01 -4.473205e+00
      vertex   -4.466294e+00 8.888595e-02 -4.466294e+00
      vertex   -4.484776e+00 1.234633e-01 -4.484776e+00
    endloop
  endfacet
  facet normal 1.541776e-03 -3.826830e-01 -9.238784e-01
    outer loop
      vertex   -3.375000e+00 1.000000e-01 -4.473205e+00
      vertex   -4.484776e+00 1.234633e-01 -4.484776e+00
      vertex   -3.375000e+00 1.482362e-01 -4.493185e+00
    endloop
  endfacet
  facet normal -7.660622e-04 -2.904974e-01 -9.568755e-01
    outer loop
      vertex   -3.375000e+00 1.482362e-01 -4.493185e+00
      vertex   -4.484776e+00 1.234633e-01 -4.484776e+00
      vertex   -4.496157e+00 1.609819e-01 -4.496157e+00
    endloop
  endfacet
  facet normal 9.555877e-04 -1.465917e-01 -9.891966e-01
    outer loop
      vertex   -3.375000e+00 1.482362e-01 -4.493185e+00
      vertex   -4.496157e+00 1.609819e-01 -4.496157e+00
      vertex   -4.499037e+00 1.803966e-01 -4.499037e+00
    endloop
  endfacet
  facet normal 8.354231e-04 -8.822680e-01 -4.707467e-01
    outer loop
      vertex   4.411114e+00 3.370608e-02 -4.411114e+00
      vertex   4.376537e+00 1.522409e-02 -4.376537e+00
      vertex   3.375000e+00 2.679492e-02 -4.400000e+00
    endloop
  endfacet
  facet normal -1.708400e-03 -9.238782e-01 -3.826829e-01
    outer loop
      vertex   3.375000e+00 2.679492e-02 -4.400000e+00
      vertex   4.376537e+00 1.522409e-02 -4.376537e+00
      vertex   3.375000e+00 6.814835e-03 -4.351764e+00
    endloop
  endfacet
  facet normal 0.000000e+00 -9.238795e-01 -3.826834e-01
    outer loop
      vertex   3.375000e+00 2.679492e-02 -4.400000e+00
      vertex   3.375000e+00 6.814835e-03 -4.351764e+00
      vertex   2.250000e+00 6.814835e-03 -4.351764e+00
    endloop
  endfacet
  facet normal 0.000000e+00 -9.738770e-01 -2.270763e-01
    outer loop
      vertex   2.250000e+00 6.814835e-03 -4.351764e+00
      vertex   3.375000e+00 6.814835e-03 -4.351764e+00
      vertex   4.339018e+00 3.842944e-03 -4.339018e+00
    endloop
  endfacet
  facet normal 8.765572e-04 -9.571831e-01 -2.894818e-01
    outer loop
      vertex   4.376537e+00 1.522409e-02 -4.376537e+00
      vertex   4.339018e+00 3.842944e-03 -4.339018e+00
      vertex   3.375000e+00 6.814835e-03 -4.351764e+00
    endloop
  endfacet
  facet normal 0.000000e+00 -9.914449e-01 -1.305262e-01
    outer loop
      vertex   -2.250000e+00 6.814835e-03 -4.351764e+00
      vertex   -1.125000e+00 6.814835e-03 -4.351764e+00
      vertex   -4.300000e+00 0.000000e+00 -4.300000e+00
    endloop
  endfacet
  facet normal 0.000000e+00 -9.914449e-01 -1.305262e-01
    outer loop
      vertex   -4.300000e+00 0.000000e+00 -4.300000e+00
      vertex   -1.125000e+00 6.814835e-03 -4.351764e+00
      vertex   -5.551115e-16 6.814835e-03 -4.351764e+00
    endloop
  endfacet
  facet normal 0.000000e+00 -9.914449e-01 -1.305262e-01
    outer loop
      vertex   -4.300000e+00 0.000000e+00 -4.300000e+00
      vertex   -5.551115e-16 6.814835e-03 -4.351764e+00
      vertex   1.125000e+00 6.814835e-03 -4.351764e+00
    endloop
  endfacet
  facet normal -0.000000e+00 -9.238795e-01 -3.826834e-01
    outer loop
      vertex   1.125000e+00 6.814835e-03 -4.351764e+00
      vertex   -5.551115e-16 6.814835e-03 -4.351764e+00
      vertex   1.125000e+00 2.679492e-02 -4.400000e+00
    endloop
  endfacet
  facet normal 0.000000e+00 -9.238795e-01 -3.826834e-01
    outer loop
      vertex   1.125000e+00 6.814835e-03 -4.351764e+00
      vertex   1.125000e+00 2.679492e-02 -4.400000e+00
      vertex   2.250000e+00 2.679492e-02 -4.400000e+00
    endloop
  endfacet
  facet normal -0.000000e+00 -7.933533e-01 -6.087614e-01
    outer loop
      vertex   2.250000e+00 2.679492e-02 -4.400000e+00
      vertex   1.125000e+00 2.679492e-02 -4.400000e+00
      vertex   2.250000e+00 5.857864e-02 -4.441421e+00
    endloop
  endfacet
  facet normal -4.799251e-17 -7.933533e-01 -6.087614e-01
    outer loop
      vertex   2.250000e+00 2.679492e-02 -4.400000e+00
      vertex   2.250000e+00 5.857864e-02 -4.441421e+00
      vertex   3.375000e+00 5.857864e-02 -4.441421e+00
    endloop
  endfacet
  facet normal -3.754783e-17 -6.087614e-01 -7.933533e-01
    outer loop
      vertex   3.375000e+00 5.857864e-02 -4.441421e+00
      vertex   2.250000e+00 5.857864e-02 -4.441421e+00
      vertex   3.375000e+00 1.000000e-01 -4.473205e+00
    endloop
  endfacet
  facet normal 0.000000e+00 -9.238795e-01 -3.826834e-01
    outer loop
      vertex   -2.250000e+00 6.814835e-03 -4.351764e+00
      vertex   -1.125000e+00 2.679492e-02 -4.400000e+00
      vertex   -1.125000e+00 6.814835e-03 -4.351764e+00
    endloop
  endfacet
  facet normal 0.000000e+00 -9.238795e-01 -3.826834e-01
    outer loop
      vertex   -1.125000e+00 6.814835e-03 -4.351764e+00
      vertex   -1.125000e+00 2.679492e-02 -4.400000e+00
      vertex   -5.551115e-16 2.679492e-02 -4.400000e+00
    endloop
  endfacet
  facet normal 0.000000e+00 -9.238795e-01 -3.826834e-01
    outer loop
      vertex   -1.125000e+00 6.814835e-03 -4.351764e+00
      vertex   -5.551115e-16 2.679492e-02 -4.400000e+00
      vertex   -5.551115e-16 6.814835e-03 -4.351764e+00
    endloop
  endfacet
  facet normal 0.000000e+00 -9.238795e-01 -3.826834e-01
    outer loop
      vertex   -5.551115e-16 6.814835e-03 -4.351764e+00
      vertex   -5.551115e-16 2.679492e-02 -4.400000e+00
      vertex   1.125000e+00 2.679492e-02 -4.400000e+00
    endloop
  endfacet
  facet normal 0.000000e+00 -7.933533e-01 -6.087614e-01
    outer loop
      vertex   -1.125000e+00 2.679492e-02 -4.400000e+00
      vertex   -5.551115e-16 5.857864e-02 -4.441421e+00
      vertex   -5.551115e-16 2.679492e-02 -4.400000e+00
    endloop
  endfacet
  facet normal -3.691731e-17 -7.933533e-01 -6.087614e-01
    outer loop
      vertex   -5.551115e-16 2.679492e-02 -4.400000e+00
      vertex   -5.551115e-16 5.857864e-02 -4.441421e+00
      vertex   1.125000e+00 5.857864e-02 -4.441421e+00
    endloop
  endfacet
  facet normal 0.000000e+00 -7.933533e-01 -6.087614e-01
    outer loop
      vertex   -5.551115e-16 2.679492e-02 -4.400000e+00
      vertex   1.125000e+00 5.857864e-02 -4.441421e+00
      vertex   1.125000e+00 2.679492e-02 -4.400000e+00
    endloop
  endfacet
  facet normal -3.322558e-17 -7.933533e-01 -6.087614e-01
    outer loop
      vertex   1.125000e+00 2.679492e-02 -4.400000e+00
      vertex   1.125000e+00 5.857864e-02 -4.441421e+00
      vertex   2.250000e+00 5.857864e-02 -4.441421e+00
    endloop
  endfacet
  facet normal -2.628348e-17 -6.087614e-01 -7.933533e-01
    outer loop
      vertex   -5.551115e-16 5.857864e-02 -4.441421e+00
      vertex   1.125000e+00 1.000000e-01 -4.473205e+00
      vertex   1.125000e+00 5.857864e-02 -4.441421e+00
    endloop
  endfacet
  facet normal 0.000000e+00 -6.087614e-01 -7.933533e-01
    outer loop
      vertex   1.125000e+00 5.857864e-02 -4.441421e+00
      vertex   1.125000e+00 1.000000e-01 -4.473205e+00
      vertex   2.250000e+00 1.000000e-01 -4.473205e+00
    endloop
  endfacet
  facet normal -2.628348e-17 -6.087614e-01 -7.933533e-01
    outer loop
      vertex   1.125000e+00 5.857864e-02 -4.441421e+00
      vertex   2.250000e+00 1.000000e-01 -4.473205e+00
      vertex   2.250000e+00 5.857864e-02 -4.441421e+00
    endloop
  endfacet
  facet normal 0.000000e+00 -6.087614e-01 -7.933533e-01
    outer loop
      vertex   2.250000e+00 5.857864e-02 -4.441421e+00
      vertex   2.250000e+00 1.000000e-01 -4.473205e+00
      vertex   3.375000e+00 1.000000e-01 -4.473205e+00
    endloop
  endfacet
  facet normal 0.000000e+00 -6.087614e-01 -7.933533e-01
    outer loop
      vertex   -3.375000e+00 5.857864e-02 -4.441421e+00
      vertex   -3.375000e+00 1.000000e-01 -4.473205e+00
      vertex   -2.250000e+00 1.000000e-01 -4.473205e+00
    endloop
  endfacet
  facet normal -0.000000e+00 -3.826834e-01 -9.238795e-01
    outer loop
      vertex   -2.250000e+00 1.000000e-01 -4.473205e+00
      vertex   -3.375000e+00 1.000000e-01 -4.473205e+00
      vertex   -2.250000e+00 1.482362e-01 -4.493185e+00
    endloop
  endfacet
  facet normal 0.000000e+00 -3.826834e-01 -9.238795e-01
    outer loop
      vertex   -2.250000e+00 1.000000e-01 -4.473205e+00
      vertex   -2.250000e+00 1.482362e-01 -4.493185e+00
      vertex   -1.125000e+00 1.482362e-01 -4.493185e+00
    endloop
  endfacet
  facet normal -0.000000e+00 -1.790169e-01 -9.838460e-01
    outer loop
      vertex   -1.125000e+00 1.482362e-01 -4.493185e+00
      vertex   -2.250000e+00 1.482362e-01 -4.493185e+00
      vertex   -4.499037e+00 1.803966e-01 -4.499037e+00
    endloop
  endfacet
  facet normal 0.000000e+00 -3.826834e-01 -9.238795e-01
    outer loop
      vertex   3.375000e+00 1.482362e-01 -4.493185e+00
      vertex   3.375000e+00 1.000000e-01 -4.473205e+00
      vertex   2.250000e+00 1.000000e-01 -4.473205e+00
    endloop
  endfacet
  facet normal -0.000000e+00 -3.826834e-01 -9.238795e-01
    outer loop
      vertex   3.375000e+00 1.482362e-01 -4.493185e+00
      vertex   2.250000e+00 1.000000e-01 -4.473205e+00
      vertex   2.250000e+00 1.482362e-01 -4.493185e+00
    endloop
  endfacet
  facet normal 0.000000e+00 -3.826834e-01 -9.238795e-01
    outer loop
      vertex   2.250000e+00 1.482362e-01 -4.493185e+00
      vertex   2.250000e+00 1.000000e-01 -4.473205e+00
      vertex   1.125000e+00 1.000000e-01 -4.473205e+00
    endloop
  endfacet
  facet normal 0.000000e+00 -1.790169e-01 -9.838460e-01
    outer loop
      vertex   -4.499037e+00 1.803966e-01 -4.499037e+00
      vertex   -2.250000e+00 1.482362e-01 -4.493185e+00
      vertex   -3.375000e+00 1.482362e-01 -4.493185e+00
    endloop
  endfacet
  facet normal 0.000000e+00 -3.826834e-01 -9.238795e-01
    outer loop
      vertex   -3.375000e+00 1.482362e-01 -4.493185e+00
      vertex   -2.250000e+00 1.482362e-01 -4.493185e+00
      vertex   -3.375000e+00 1.000000e-01 -4.473205e+00
    endloop
  endfacet
  facet normal -9.801714e-02 -9.951847e-01 -2.418242e-17
    outer loop
      vertex   -4.300000e+00 0.000000e+00 -4.300000e+00
      vertex   -4.300000e+00 0.000000e+00 -7.000000e-01
      vertex   -4.339018e+00 3.842944e-03 -4.339018e+00
    endloop
  endfacet
  facet normal -1.747135e-01 -9.846190e-01 8.335065e-04
    outer loop
      vertex   -4.339018e+00 3.842944e-03 -4.339018e+00
      vertex   -4.300000e+00 0.000000e+00 -7.000000e-01
      vertex   -4.351764e+00 6.814835e-03 -3.500000e+00
    endloop
  endfacet
  facet normal -2.893639e-01 -9.572186e-01 -1.005233e-03
    outer loop
      vertex   -4.339018e+00 3.842944e-03 -4.339018e+00
      vertex   -4.351764e+00 6.814835e-03 -3.500000e+00
      vertex   -4.376537e+00 1.522409e-02 -4.376537e+00
    endloop
  endfacet
  facet normal -3.826827e-01 -9.238778e-01 1.952028e-03
    outer loop
      vertex   -4.376537e+00 1.522409e-02 -4.376537e+00
      vertex   -4.351764e+00 6.814835e-03 -3.500000e+00
      vertex   -4.400000e+00 2.679492e-02 -3.500000e+00
    endloop
  endfacet
  facet normal -4.706563e-01 -8.823161e-01 -9.515060e-04
    outer loop
      vertex   -4.376537e+00 1.522409e-02 -4.376537e+00
      vertex   -4.400000e+00 2.679492e-02 -3.500000e+00
      vertex   -4.411114e+00 3.370608e-02 -4.411114e+00
    endloop
  endfacet
  facet normal -6.087608e-01 -7.933526e-01 1.407959e-03
    outer loop
      vertex   -4.411114e+00 3.370608e-02 -4.411114e+00
      vertex   -4.400000e+00 2.679492e-02 -3.500000e+00
      vertex   -4.441421e+00 5.857864e-02 -3.500000e+00
    endloop
  endfacet
  facet normal -6.343933e-01 -7.730105e-01 0.000000e+00
    outer loop
      vertex   -4.411114e+00 3.370608e-02 -4.411114e+00
      vertex   -4.441421e+00 5.857864e-02 -3.500000e+00
      vertex   -4.441421e+00 5.857864e-02 -4.441421e+00
    endloop
  endfacet
  facet normal -7.730105e-01 -6.343933e-01 0.000000e+00
    outer loop
      vertex   -4.441421e+00 5.857864e-02 -4.441421e+00
      vertex   -4.441421e+00 5.857864e-02 -3.500000e+00
      vertex   -4.466294e+00 8.888595e-02 -4.466294e+00
    endloop
  endfacet
  facet normal -7.933526e-01 -6.087609e-01 1.327558e-03
    outer loop
      vertex   -4.466294e+00 8.888595e-02 -4.466294e+00
      vertex   -4.441421e+00 5.857864e-02 -3.500000e+00
      vertex   -4.473205e+00 1.000000e-01 -3.500000e+00
    endloop
  endfacet
  facet normal -8.817252e-01 -4.717625e-01 -8.802217e-04
    outer loop
      vertex   -4.466294e+00 8.888595e-02 -4.466294e+00
      vertex   -4.473205e+00 1.000000e-01 -3.500000e+00
      vertex   -4.484776e+00 1.234633e-01 -4.484776e+00
    endloop
  endfacet
  facet normal -9.238781e-01 -3.826829e-01 1.737477e-03
    outer loop
      vertex   -4.484776e+00 1.234633e-01 -4.484776e+00
      vertex   -4.473205e+00 1.000000e-01 -3.500000e+00
      vertex   -4.493185e+00 1.482362e-01 -3.500000e+00
    endloop
  endfacet
  facet normal -9.568673e-01 -2.905242e-01 -8.625565e-04
    outer loop
      vertex   -4.484776e+00 1.234633e-01 -4.484776e+00
      vertex   -4.493185e+00 1.482362e-01 -3.500000e+00
      vertex   -4.496157e+00 1.609819e-01 -4.496157e+00
    endloop
  endfacet
  facet normal -9.891991e-01 -1.465743e-01 1.075728e-03
    outer loop
      vertex   -4.496157e+00 1.609819e-01 -4.496157e+00
      vertex   -4.493185e+00 1.482362e-01 -3.500000e+00
      vertex   -4.499037e+00 1.803966e-01 -4.499037e+00
    endloop
  endfacet
  facet normal -9.987966e-01 -4.885759e-02 4.277579e-03
    outer loop
      vertex   -4.499037e+00 1.803966e-01 -4.499037e+00
      vertex   -4.493185e+00 1.482362e-01 -3.500000e+00
      vertex   -4.500000e+00 2.000000e-01 -4.500000e+00
    endloop
  endfacet
  facet normal -9.914449e-01 -1.305262e-01 0.000000e+00
    outer loop
      vertex   -4.500000e+00 2.000000e-01 -4.500000e+00
      vertex   -4.493185e+00 1.482362e-01 -3.500000e+00
      vertex   -4.493185e+00 1.482362e-01 -2.500000e+00
    endloop
  endfacet
  facet normal -9.888002e-01 -1.492445e-01 -4.934778e-04
    outer loop
      vertex   -4.500000e+00 2.000000e-01 -4.500000e+00
      vertex   -4.493185e+00 1.482362e-01 -2.500000e+00
      vertex   -4.499037e+00 1.803966e-01 -5.009631e-01
    endloop
  endfacet
  facet normal -9.838460e-01 -1.790169e-01 0.000000e+00
    outer loop
      vertex   -4.499037e+00 1.803966e-01 -5.009631e-01
      vertex   -4.493185e+00 1.482362e-01 -2.500000e+00
      vertex   -4.493185e+00 1.482362e-01 -1.500000e+00
    endloop
  endfacet
  facet normal -9.891991e-01 -1.465743e-01 -1.075728e-03
    outer loop
      vertex   -4.499037e+00 1.803966e-01 -5.009631e-01
      vertex   -4.493185e+00 1.482362e-01 -1.500000e+00
      vertex   -4.496157e+00 1.609819e-01 -5.038429e-01
    endloop
  endfacet
  facet normal -9.568673e-01 -2.905242e-01 8.625565e-04
    outer loop
      vertex   -4.496157e+00 1.609819e-01 -5.038429e-01
      vertex   -4.493185e+00 1.482362e-01 -1.500000e+00
      vertex   -4.484776e+00 1.234633e-01 -5.152241e-01
    endloop
  endfacet
  facet normal -9.238781e-01 -3.826829e-01 -1.737477e-03
    outer loop
      vertex   -4.484776e+00 1.234633e-01 -5.152241e-01
      vertex   -4.493185e+00 1.482362e-01 -1.500000e+00
      vertex   -4.473205e+00 1.000000e-01 -1.500000e+00
    endloop
  endfacet
  facet normal -8.817252e-01 -4.717625e-01 8.802217e-04
    outer loop
      vertex   -4.484776e+00 1.234633e-01 -5.152241e-01
      vertex   -4.473205e+00 1.000000e-01 -1.500000e+00
      vertex   -4.466294e+00 8.888595e-02 -5.337061e-01
    endloop
  endfacet
  facet normal -7.933526e-01 -6.087609e-01 -1.327558e-03
    outer loop
      vertex   -4.466294e+00 8.888595e-02 -5.337061e-01
      vertex   -4.473205e+00 1.000000e-01 -1.500000e+00
      vertex   -4.441421e+00 5.857864e-02 -1.500000e+00
    endloop
  endfacet
  facet normal -7.730105e-01 -6.343933e-01 -1.086841e-16
    outer loop
      vertex   -4.466294e+00 8.888595e-02 -5.337061e-01
      vertex   -4.441421e+00 5.857864e-02 -1.500000e+00
      vertex   -4.441421e+00 5.857864e-02 -5.585786e-01
    endloop
  endfacet
  facet normal -6.343933e-01 -7.730105e-01 -1.310447e-16
    outer loop
      vertex   -4.441421e+00 5.857864e-02 -5.585786e-01
      vertex   -4.441421e+00 5.857864e-02 -1.500000e+00
      vertex   -4.411114e+00 3.370608e-02 -5.888860e-01
    endloop
  endfacet
  facet normal -6.087608e-01 -7.933526e-01 -1.407959e-03
    outer loop
      vertex   -4.411114e+00 3.370608e-02 -5.888860e-01
      vertex   -4.441421e+00 5.857864e-02 -1.500000e+00
      vertex   -4.400000e+00 2.679492e-02 -1.500000e+00
    endloop
  endfacet
  facet normal -4.706563e-01 -8.823161e-01 9.515060e-04
    outer loop
      vertex   -4.411114e+00 3.370608e-02 -5.888860e-01
      vertex   -4.400000e+00 2.679492e-02 -1.500000e+00
      vertex   -4.376537e+00 1.522409e-02 -6.234633e-01
    endloop
  endfacet
  facet normal -3.826827e-01 -9.238778e-01 -1.952028e-03
    outer loop
      vertex   -4.376537e+00 1.522409e-02 -6.234633e-01
      vertex   -4.400000e+00 2.679492e-02 -1.500000e+00
      vertex   -4.351764e+00 6.814835e-03 -1.500000e+00
    endloop
  endfacet
  facet normal -2.893639e-01 -9.572186e-01 1.005233e-03
    outer loop
      vertex   -4.376537e+00 1.522409e-02 -6.234633e-01
      vertex   -4.351764e+00 6.814835e-03 -1.500000e+00
      vertex   -4.339018e+00 3.842944e-03 -6.609819e-01
    endloop
  endfacet
  facet normal -1.000027e-01 -9.949851e-01 -2.005176e-03
    outer loop
      vertex   -4.339018e+00 3.842944e-03 -6.609819e-01
      vertex   -4.351764e+00 6.814835e-03 -1.500000e+00
      vertex   -4.300000e+00 0.000000e+00 -7.000000e-01
    endloop
  endfacet
  facet normal -1.305262e-01 -9.914449e-01 0.000000e+00
    outer loop
      vertex   -4.300000e+00 0.000000e+00 -7.000000e-01
      vertex   -4.351764e+00 6.814835e-03 -1.500000e+00
      vertex   -4.351764e+00 6.814835e-03 -2.500000e+00
    endloop
  endfacet
  facet normal -1.305262e-01 -9.914449e-01 0.000000e+00
    outer loop
      vertex   -4.300000e+00 0.000000e+00 -7.000000e-01
      vertex   -4.351764e+00 6.814835e-03 -2.500000e+00
      vertex   -4.351764e+00 6.814835e-03 -3.500000e+00
    endloop
  endfacet
  facet normal -3.826834e-01 -9.238795e-01 0.000000e+00
    outer loop
      vertex   -4.351764e+00 6.814835e-03 -3.500000e+00
      vertex   -4.351764e+00 6.814835e-03 -2.500000e+00
      vertex   -4.400000e+00 2.679492e-02 -3.500000e+00
    endloop
  endfacet
  facet normal -9.987955e-01 -4.906767e-02 0.000000e+00
    outer loop
      vertex   -4.499037e+00 1.803966e-01 -5.009631e-01
      vertex   -4.500000e+00 2.000000e-01 -5.000000e-01
      vertex   -4.500000e+00 2.000000e-01 -4.500000e+00
    endloop
  endfacet
  facet normal -3.826834e-01 -9.238795e-01 0.000000e+00
    outer loop
      vertex   -4.351764e+00 6.814835e-03 -2.500000e+00
      vertex   -4.351764e+00 6.814835e-03 -1.500000e+00
      vertex   -4.400000e+00 2.679492e-02 -2.500000e+00
    endloop
  endfacet
  facet normal -3.826834e-01 -9.238795e-01 0.000000e+00
    outer loop
      vertex   -4.400000e+00 2.679492e-02 -2.500000e+00
      vertex   -4.351764e+00 6.814835e-03 -1.500000e+00
      vertex   -4.400000e+00 2.679492e-02 -1.500000e+00
    endloop
  endfacet
  facet normal -6.087614e-01 -7.933533e-01 0.000000e+00
    outer loop
      vertex   -4.400000e+00 2.679492e-02 -2.500000e+00
      vertex   -4.400000e+00 2.679492e-02 -1.500000e+00
      vertex   -4.441421e+00 5.857864e-02 -2.500000e+00
    endloop
  endfacet
  facet normal -6.087614e-01 -7.933533e-01 5.504995e-17
    outer loop
      vertex   -4.441421e+00 5.857864e-02 -2.500000e+00
      vertex   -4.400000e+00 2.679492e-02 -1.500000e+00
      vertex   -4.441421e+00 5.857864e-02 -1.500000e+00
    endloop
  endfacet
  facet normal -7.933533e-01 -6.087614e-01 4.224131e-17
    outer loop
      vertex   -4.441421e+00 5.857864e-02 -2.500000e+00
      vertex   -4.441421e+00 5.857864e-02 -1.500000e+00
      vertex   -4.473205e+00 1.000000e-01 -2.500000e+00
    endloop
  endfacet
  facet normal -7.933533e-01 -6.087614e-01 0.000000e+00
    outer loop
      vertex   -4.473205e+00 1.000000e-01 -2.500000e+00
      vertex   -4.441421e+00 5.857864e-02 -1.500000e+00
      vertex   -4.473205e+00 1.000000e-01 -1.500000e+00
    endloop
  endfacet
  facet normal -9.238795e-01 -3.826834e-01 0.000000e+00
    outer loop
      vertex   -4.473205e+00 1.000000e-01 -2.500000e+00
      vertex   -4.473205e+00 1.000000e-01 -1.500000e+00
      vertex   -4.493185e+00 1.482362e-01 -2.500000e+00
    endloop
  endfacet
  facet normal -9.238795e-01 -3.826834e-01 0.000000e+00
    outer loop
      vertex   -4.493185e+00 1.482362e-01 -2.500000e+00
      vertex   -4.473205e+00 1.000000e-01 -1.500000e+00
      vertex   -4.493185e+00 1.482362e-01 -1.500000e+00
    endloop
  endfacet
  facet normal -6.087614e-01 -7.933533e-01 0.000000e+00
    outer loop
      vertex   -4.441421e+00 5.857864e-02 -3.500000e+00
      vertex   -4.400000e+00 2.679492e-02 -3.500000e+00
      vertex   -4.400000e+00 2.679492e-02 -2.500000e+00
    endloop
  endfacet
  facet normal -3.826834e-01 -9.238795e-01 -0.000000e+00
    outer loop
      vertex   -4.400000e+00 2.679492e-02 -2.500000e+00
      vertex   -4.400000e+00 2.679492e-02 -3.500000e+00
      vertex   -4.351764e+00 6.814835e-03 -2.500000e+00
    endloop
  endfacet
  facet normal -6.087614e-01 -7.933533e-01 5.504995e-17
    outer loop
      vertex   -4.441421e+00 5.857864e-02 -3.500000e+00
      vertex   -4.400000e+00 2.679492e-02 -2.500000e+00
      vertex   -4.441421e+00 5.857864e-02 -2.500000e+00
    endloop
  endfacet
  facet normal -7.933533e-01 -6.087614e-01 4.568517e-17
    outer loop
      vertex   -4.473205e+00 1.000000e-01 -3.500000e+00
      vertex   -4.441421e+00 5.857864e-02 -3.500000e+00
      vertex   -4.441421e+00 5.857864e-02 -2.500000e+00
    endloop
  endfacet
  facet normal -7.933533e-01 -6.087614e-01 0.000000e+00
    outer loop
      vertex   -4.473205e+00 1.000000e-01 -3.500000e+00
      vertex   -4.441421e+00 5.857864e-02 -2.500000e+00
      vertex   -4.473205e+00 1.000000e-01 -2.500000e+00
    endloop
  endfacet
  facet normal -9.238795e-01 -3.826834e-01 0.000000e+00
    outer loop
      vertex   -4.493185e+00 1.482362e-01 -3.500000e+00
      vertex   -4.473205e+00 1.000000e-01 -3.500000e+00
      vertex   -4.473205e+00 1.000000e-01 -2.500000e+00
    endloop
  endfacet
  facet normal -9.238795e-01 -3.826834e-01 0.000000e+00
    outer loop
      vertex   -4.493185e+00 1.482362e-01 -3.500000e+00
      vertex   -4.473205e+00 1.000000e-01 -2.500000e+00
      vertex   -4.493185e+00 1.482362e-01 -2.500000e+00
    endloop
  endfacet
  facet normal 0.000000e+00 -4.906767e-02 9.987955e-01
    outer loop
      vertex   4.500000e+00 2.000000e-01 -5.000000e-01
      vertex   -4.500000e+00 2.000000e-01 -5.000000e-01
      vertex   4.499037e+00 1.803966e-01 -5.009631e-01
    endloop
  endfacet
  facet normal -2.192874e-04 -1.492415e-01 9.888008e-01
    outer loop
      vertex   4.499037e+00 1.803966e-01 -5.009631e-01
      vertex   -4.500000e+00 2.000000e-01 -5.000000e-01
      vertex   0.000000e+00 1.482362e-01 -5.068148e-01
    endloop
  endfacet
  facet normal 0.000000e+00 -1.790169e-01 9.838460e-01
    outer loop
      vertex   4.499037e+00 1.803966e-01 -5.009631e-01
      vertex   0.000000e+00 1.482362e-01 -5.068148e-01
      vertex   1.125000e+00 1.482362e-01 -5.068148e-01
    endloop
  endfacet
  facet normal 0.000000e+00 -3.826834e-01 9.238795e-01
    outer loop
      vertex   1.125000e+00 1.482362e-01 -5.068148e-01
      vertex   0.000000e+00 1.482362e-01 -5.068148e-01
      vertex   1.125000e+00 1.000000e-01 -5.267949e-01
    endloop
  endfacet
  facet normal 0.000000e+00 -3.826834e-01 9.238795e-01
    outer loop
      vertex   1.125000e+00 1.482362e-01 -5.068148e-01
      vertex   1.125000e+00 1.000000e-01 -5.267949e-01
      vertex   2.250000e+00 1.000000e-01 -5.267949e-01
    endloop
  endfacet
  facet normal 0.000000e+00 -6.087614e-01 7.933533e-01
    outer loop
      vertex   2.250000e+00 1.000000e-01 -5.267949e-01
      vertex   1.125000e+00 1.000000e-01 -5.267949e-01
      vertex   2.250000e+00 5.857864e-02 -5.585786e-01
    endloop
  endfacet
  facet normal 0.000000e+00 -6.087614e-01 7.933533e-01
    outer loop
      vertex   2.250000e+00 1.000000e-01 -5.267949e-01
      vertex   2.250000e+00 5.857864e-02 -5.585786e-01
      vertex   3.375000e+00 5.857864e-02 -5.585786e-01
    endloop
  endfacet
  facet normal 0.000000e+00 -7.933533e-01 6.087614e-01
    outer loop
      vertex   3.375000e+00 5.857864e-02 -5.585786e-01
      vertex   2.250000e+00 5.857864e-02 -5.585786e-01
      vertex   3.375000e+00 2.679492e-02 -6.000000e-01
    endloop
  endfacet
  facet normal -1.238099e-03 -7.933527e-01 6.087610e-01
    outer loop
      vertex   3.375000e+00 5.857864e-02 -5.585786e-01
      vertex   3.375000e+00 2.679492e-02 -6.000000e-01
      vertex   4.411114e+00 3.370608e-02 -5.888860e-01
    endloop
  endfacet
  facet normal 8.354231e-04 -8.822680e-01 4.707467e-01
    outer loop
      vertex   4.411114e+00 3.370608e-02 -5.888860e-01
      vertex   3.375000e+00 2.679492e-02 -6.000000e-01
      vertex   4.376537e+00 1.522409e-02 -6.234633e-01
    endloop
  endfacet
  facet normal -1.708400e-03 -9.238782e-01 3.826829e-01
    outer loop
      vertex   4.376537e+00 1.522409e-02 -6.234633e-01
      vertex   3.375000e+00 2.679492e-02 -6.000000e-01
      vertex   3.375000e+00 6.814835e-03 -6.482362e-01
    endloop
  endfacet
  facet normal 8.765572e-04 -9.571831e-01 2.894818e-01
    outer loop
      vertex   4.376537e+00 1.522409e-02 -6.234633e-01
      vertex   3.375000e+00 6.814835e-03 -6.482362e-01
      vertex   4.339018e+00 3.842944e-03 -6.609819e-01
    endloop
  endfacet
  facet normal -1.748612e-03 -9.950111e-01 9.974865e-02
    outer loop
      vertex   4.339018e+00 3.842944e-03 -6.609819e-01
      vertex   3.375000e+00 6.814835e-03 -6.482362e-01
      vertex   4.300000e+00 0.000000e+00 -7.000000e-01
    endloop
  endfacet
  facet normal 0.000000e+00 -9.914449e-01 1.305262e-01
    outer loop
      vertex   4.300000e+00 0.000000e+00 -7.000000e-01
      vertex   3.375000e+00 6.814835e-03 -6.482362e-01
      vertex   2.250000e+00 6.814835e-03 -6.482362e-01
    endloop
  endfacet
  facet normal 0.000000e+00 -9.914449e-01 1.305262e-01
    outer loop
      vertex   4.300000e+00 0.000000e+00 -7.000000e-01
      vertex   2.250000e+00 6.814835e-03 -6.482362e-01
      vertex   1.125000e+00 6.814835e-03 -6.482362e-01
    endloop
  endfacet
  facet normal 0.000000e+00 -9.238795e-01 3.826834e-01
    outer loop
      vertex   1.125000e+00 6.814835e-03 -6.482362e-01
      vertex   2.250000e+00 6.814835e-03 -6.482362e-01
      vertex   1.125000e+00 2.679492e-02 -6.000000e-01
    endloop
  endfacet
  facet normal 0.000000e+00 -9.238795e-01 3.826834e-01
    outer loop
      vertex   1.125000e+00 6.814835e-03 -6.482362e-01
      vertex   1.125000e+00 2.679492e-02 -6.000000e-01
      vertex   0.000000e+00 2.679492e-02 -6.000000e-01
    endloop
  endfacet
  facet normal 0.000000e+00 -7.933533e-01 6.087614e-01
    outer loop
      vertex   0.000000e+00 2.679492e-02 -6.000000e-01
      vertex   1.125000e+00 2.679492e-02 -6.000000e-01
      vertex   0.000000e+00 5.857864e-02 -5.585786e-01
    endloop
  endfacet
  facet normal 0.000000e+00 -7.933533e-01 6.087614e-01
    outer loop
      vertex   0.000000e+00 2.679492e-02 -6.000000e-01
      vertex   0.000000e+00 5.857864e-02 -5.585786e-01
      vertex   -1.125000e+00 5.857864e-02 -5.585786e-01
    endloop
  endfacet
  facet normal 0.000000e+00 -6.087614e-01 7.933533e-01
    outer loop
      vertex   -1.125000e+00 5.857864e-02 -5.585786e-01
      vertex   0.000000e+00 5.857864e-02 -5.585786e-01
      vertex   -1.125000e+00 1.000000e-01 -5.267949e-01
    endloop
  endfacet
  facet normal 0.000000e+00 -6.087614e-01 7.933533e-01
    outer loop
      vertex   -1.125000e+00 5.857864e-02 -5.585786e-01
      vertex   -1.125000e+00 1.000000e-01 -5.267949e-01
      vertex   -2.250000e+00 1.000000e-01 -5.267949e-01
    endloop
  endfacet
  facet normal 0.000000e+00 -3.826834e-01 9.238795e-01
    outer loop
      vertex   -2.250000e+00 1.000000e-01 -5.267949e-01
      vertex   -1.125000e+00 1.000000e-01 -5.267949e-01
      vertex   -2.250000e+00 1.482362e-01 -5.068148e-01
    endloop
  endfacet
  facet normal 0.000000e+00 -3.826834e-01 9.238795e-01
    outer loop
      vertex   -2.250000e+00 1.000000e-01 -5.267949e-01
      vertex   -2.250000e+00 1.482362e-01 -5.068148e-01
      vertex   -3.375000e+00 1.482362e-01 -5.068148e-01
    endloop
  endfacet
  facet normal 0.000000e+00 -1.305262e-01 9.914449e-01
    outer loop
      vertex   -3.375000e+00 1.482362e-01 -5.068148e-01
      vertex   -2.250000e+00 1.482362e-01 -5.068148e-01
      vertex   -4.500000e+00 2.000000e-01 -5.000000e-01
    endloop
  endfacet
  facet normal 3.801219e-03 -4.888103e-02 9.987974e-01
    outer loop
      vertex   -3.375000e+00 1.482362e-01 -5.068148e-01
      vertex   -4.500000e+00 2.000000e-01 -5.000000e-01
      vertex   -4.499037e+00 1.803966e-01 -5.009631e-01
    endloop
  endfacet
  facet normal 9.555877e-04 -1.465917e-01 9.891966e-01
    outer loop
      vertex   -4.499037e+00 1.803966e-01 -5.009631e-01
      vertex   -4.496157e+00 1.609819e-01 -5.038429e-01
      vertex   -3.375000e+00 1.482362e-01 -5.068148e-01
    endloop
  endfacet
  facet normal -7.660622e-04 -2.904974e-01 9.568755e-01
    outer loop
      vertex   -3.375000e+00 1.482362e-01 -5.068148e-01
      vertex   -4.496157e+00 1.609819e-01 -5.038429e-01
      vertex   -4.484776e+00 1.234633e-01 -5.152241e-01
    endloop
  endfacet
  facet normal 1.541776e-03 -3.826830e-01 9.238784e-01
    outer loop
      vertex   -3.375000e+00 1.482362e-01 -5.068148e-01
      vertex   -4.484776e+00 1.234633e-01 -5.152241e-01
      vertex   -3.375000e+00 1.000000e-01 -5.267949e-01
    endloop
  endfacet
  facet normal -7.799642e-04 -4.717208e-01 8.817476e-01
    outer loop
      vertex   -3.375000e+00 1.000000e-01 -5.267949e-01
      vertex   -4.484776e+00 1.234633e-01 -5.152241e-01
      vertex   -4.466294e+00 8.888595e-02 -5.337061e-01
    endloop
  endfacet
  facet normal 1.175496e-03 -6.087610e-01 7.933528e-01
    outer loop
      vertex   -3.375000e+00 1.000000e-01 -5.267949e-01
      vertex   -4.466294e+00 8.888595e-02 -5.337061e-01
      vertex   -3.375000e+00 5.857864e-02 -5.585786e-01
    endloop
  endfacet
  facet normal -1.754158e-16 -6.343933e-01 7.730105e-01
    outer loop
      vertex   -3.375000e+00 5.857864e-02 -5.585786e-01
      vertex   -4.466294e+00 8.888595e-02 -5.337061e-01
      vertex   -4.441421e+00 5.857864e-02 -5.585786e-01
    endloop
  endfacet
  facet normal -1.817294e-16 -7.730105e-01 6.343933e-01
    outer loop
      vertex   -3.375000e+00 5.857864e-02 -5.585786e-01
      vertex   -4.441421e+00 5.857864e-02 -5.585786e-01
      vertex   -4.411114e+00 3.370608e-02 -5.888860e-01
    endloop
  endfacet
  facet normal 1.238099e-03 -7.933527e-01 6.087610e-01
    outer loop
      vertex   -3.375000e+00 5.857864e-02 -5.585786e-01
      vertex   -4.411114e+00 3.370608e-02 -5.888860e-01
      vertex   -3.375000e+00 2.679492e-02 -6.000000e-01
    endloop
  endfacet
  facet normal -8.354231e-04 -8.822680e-01 4.707467e-01
    outer loop
      vertex   -3.375000e+00 2.679492e-02 -6.000000e-01
      vertex   -4.411114e+00 3.370608e-02 -5.888860e-01
      vertex   -4.376537e+00 1.522409e-02 -6.234633e-01
    endloop
  endfacet
  facet normal 1.708400e-03 -9.238782e-01 3.826829e-01
    outer loop
      vertex   -3.375000e+00 2.679492e-02 -6.000000e-01
      vertex   -4.376537e+00 1.522409e-02 -6.234633e-01
      vertex   -3.375000e+00 6.814835e-03 -6.482362e-01
    endloop
  endfacet
  facet normal -8.765572e-04 -9.571831e-01 2.894818e-01
    outer loop
      vertex   -3.375000e+00 6.814835e-03 -6.482362e-01
      vertex   -4.376537e+00 1.522409e-02 -6.234633e-01
      vertex   -4.339018e+00 3.842944e-03 -6.609819e-01
    endloop
  endfacet
  facet normal 0.000000e+00 -9.738770e-01 2.270763e-01
    outer loop
      vertex   -3.375000e+00 6.814835e-03 -6.482362e-01
      vertex   -4.339018e+00 3.842944e-03 -6.609819e-01
      vertex   -2.250000e+00 6.814835e-03 -6.482362e-01
    endloop
  endfacet
  facet normal 0.000000e+00 -9.738770e-01 2.270763e-01
    outer loop
      vertex   -2.250000e+00 6.814835e-03 -6.482362e-01
      vertex   -4.339018e+00 3.842944e-03 -6.609819e-01
      vertex   -1.125000e+00 6.814835e-03 -6.482362e-01
    endloop
  endfacet
  facet normal 0.000000e+00 -9.238795e-01 3.826834e-01
    outer loop
      vertex   -2.250000e+00 6.814835e-03 -6.482362e-01
      vertex   -1.125000e+00 6.814835e-03 -6.482362e-01
      vertex   -2.250000e+00 2.679492e-02 -6.000000e-01
    endloop
  endfacet
  facet normal 0.000000e+00 -9.238795e-01 3.826834e-01
    outer loop
      vertex   -2.250000e+00 2.679492e-02 -6.000000e-01
      vertex   -1.125000e+00 6.814835e-03 -6.482362e-01
      vertex   -1.125000e+00 2.679492e-02 -6.000000e-01
    endloop
  endfacet
  facet normal 0.000000e+00 -7.933533e-01 6.087614e-01
    outer loop
      vertex   -2.250000e+00 2.679492e-02 -6.000000e-01
      vertex   -1.125000e+00 2.679492e-02 -6.000000e-01
      vertex   -2.250000e+00 5.857864e-02 -5.585786e-01
    endloop
  endfacet
  facet normal 0.000000e+00 -7.933533e-01 6.087614e-01
    outer loop
      vertex   -2.250000e+00 5.857864e-02 -5.585786e-01
      vertex   -1.125000e+00 2.679492e-02 -6.000000e-01
      vertex   -1.125000e+00 5.857864e-02 -5.585786e-01
    endloop
  endfacet
  facet normal 0.000000e+00 -6.087614e-01 7.933533e-01
    outer loop
      vertex   -2.250000e+00 5.857864e-02 -5.585786e-01
      vertex   -1.125000e+00 5.857864e-02 -5.585786e-01
      vertex   -2.250000e+00 1.000000e-01 -5.267949e-01
    endloop
  endfacet
  facet normal 0.000000e+00 -9.951847e-01 9.801714e-02
    outer loop
      vertex   -4.300000e+00 0.000000e+00 -7.000000e-01
      vertex   4.300000e+00 0.000000e+00 -7.000000e-01
      vertex   -4.339018e+00 3.842944e-03 -6.609819e-01
    endloop
  endfacet
  facet normal 2.807458e-04 -9.872153e-01 1.593923e-01
    outer loop
      vertex   -4.339018e+00 3.842944e-03 -6.609819e-01
      vertex   4.300000e+00 0.000000e+00 -7.000000e-01
      vertex   -1.125000e+00 6.814835e-03 -6.482362e-01
    endloop
  endfacet
  facet normal -2.593101e-17 -7.730105e-01 6.343933e-01
    outer loop
      vertex   4.411114e+00 3.370608e-02 -5.888860e-01
      vertex   4.441421e+00 5.857864e-02 -5.585786e-01
      vertex   3.375000e+00 5.857864e-02 -5.585786e-01
    endloop
  endfacet
  facet normal -2.063906e-17 -6.343933e-01 7.730105e-01
    outer loop
      vertex   3.375000e+00 5.857864e-02 -5.585786e-01
      vertex   4.441421e+00 5.857864e-02 -5.585786e-01
      vertex   4.466294e+00 8.888595e-02 -5.337061e-01
    endloop
  endfacet
  facet normal -1.175496e-03 -6.087610e-01 7.933528e-01
    outer loop
      vertex   3.375000e+00 5.857864e-02 -5.585786e-01
      vertex   4.466294e+00 8.888595e-02 -5.337061e-01
      vertex   3.375000e+00 1.000000e-01 -5.267949e-01
    endloop
  endfacet
  facet normal 7.799642e-04 -4.717208e-01 8.817476e-01
    outer loop
      vertex   3.375000e+00 1.000000e-01 -5.267949e-01
      vertex   4.466294e+00 8.888595e-02 -5.337061e-01
      vertex   4.484776e+00 1.234633e-01 -5.152241e-01
    endloop
  endfacet
  facet normal -1.541776e-03 -3.826830e-01 9.238784e-01
    outer loop
      vertex   3.375000e+00 1.000000e-01 -5.267949e-01
      vertex   4.484776e+00 1.234633e-01 -5.152241e-01
      vertex   3.375000e+00 1.482362e-01 -5.068148e-01
    endloop
  endfacet
  facet normal 7.660622e-04 -2.904974e-01 9.568755e-01
    outer loop
      vertex   3.375000e+00 1.482362e-01 -5.068148e-01
      vertex   4.484776e+00 1.234633e-01 -5.152241e-01
      vertex   4.496157e+00 1.609819e-01 -5.038429e-01
    endloop
  endfacet
  facet normal -9.555877e-04 -1.465917e-01 9.891966e-01
    outer loop
      vertex   3.375000e+00 1.482362e-01 -5.068148e-01
      vertex   4.496157e+00 1.609819e-01 -5.038429e-01
      vertex   4.499037e+00 1.803966e-01 -5.009631e-01
    endloop
  endfacet
  facet normal 0.000000e+00 -1.305262e-01 9.914449e-01
    outer loop
      vertex   0.000000e+00 1.482362e-01 -5.068148e-01
      vertex   -4.500000e+00 2.000000e-01 -5.000000e-01
      vertex   -1.125000e+00 1.482362e-01 -5.068148e-01
    endloop
  endfacet
  facet normal 0.000000e+00 -1.305262e-01 9.914449e-01
    outer loop
      vertex   -1.125000e+00 1.482362e-01 -5.068148e-01
      vertex   -4.500000e+00 2.000000e-01 -5.000000e-01
      vertex   -2.250000e+00 1.482362e-01 -5.068148e-01
    endloop
  endfacet
  facet normal 0.000000e+00 -3.826834e-01 9.238795e-01
    outer loop
      vertex   -1.125000e+00 1.482362e-01 -5.068148e-01
      vertex   -2.250000e+00 1.482362e-01 -5.068148e-01
      vertex   -1.125000e+00 1.000000e-01 -5.267949e-01
    endloop
  endfacet
  facet normal 0.000000e+00 -3.826834e-01 9.238795e-01
    outer loop
      vertex   0.000000e+00 1.482362e-01 -5.068148e-01
      vertex   -1.125000e+00 1.482362e-01 -5.068148e-01
      vertex   0.000000e+00 1.000000e-01 -5.267949e-01
    endloop
  endfacet
  facet normal 0.000000e+00 -3.826834e-01 9.238795e-01
    outer loop
      vertex   0.000000e+00 1.000000e-01 -5.267949e-01
      vertex   -1.125000e+00 1.482362e-01 -5.068148e-01
      vertex   -1.125000e+00 1.000000e-01 -5.267949e-01
    endloop
  endfacet
  facet normal 0.000000e+00 -6.087614e-01 7.933533e-01
    outer loop
      vertex   0.000000e+00 1.000000e-01 -5.267949e-01
      vertex   -1.125000e+00 1.000000e-01 -5.267949e-01
      vertex   0.000000e+00 5.857864e-02 -5.585786e-01
    endloop
  endfacet
  facet normal 0.000000e+00 -1.790169e-01 9.838460e-01
    outer loop
      vertex   3.375000e+00 1.482362e-01 -5.068148e-01
      vertex   4.499037e+00 1.803966e-01 -5.009631e-01
      vertex   2.250000e+00 1.482362e-01 -5.068148e-01
    endloop
  endfacet
  facet normal 0.000000e+00 -1.790169e-01 9.838460e-01
    outer loop
      vertex   2.250000e+00 1.482362e-01 -5.068148e-01
      vertex   4.499037e+00 1.803966e-01 -5.009631e-01
      vertex   1.125000e+00 1.482362e-01 -5.068148e-01
    endloop
  endfacet
  facet normal 0.000000e+00 -3.826834e-01 9.238795e-01
    outer loop
      vertex   2.250000e+00 1.482362e-01 -5.068148e-01
      vertex   1.125000e+00 1.482362e-01 -5.068148e-01
      vertex   2.250000e+00 1.000000e-01 -5.267949e-01
    endloop
  endfacet
  facet normal 0.000000e+00 -3.826834e-01 9.238795e-01
    outer loop
      vertex   3.375000e+00 1.000000e-01 -5.267949e-01
      vertex   3.375000e+00 1.482362e-01 -5.068148e-01
      vertex   2.250000e+00 1.482362e-01 -5.068148e-01
    endloop
  endfacet
  facet normal 0.000000e+00 -3.826834e-01 9.238795e-01
    outer loop
      vertex   3.375000e+00 1.000000e-01 -5.267949e-01
      vertex   2.250000e+00 1.482362e-01 -5.068148e-01
      vertex   2.250000e+00 1.000000e-01 -5.267949e-01
    endloop
  endfacet
  facet normal 0.000000e+00 -6.087614e-01 7.933533e-01
    outer loop
      vertex   -2.250000e+00 5.857864e-02 -5.585786e-01
      vertex   -2.250000e+00 1.000000e-01 -5.267949e-01
      vertex   -3.375000e+00 1.000000e-01 -5.267949e-01
    endloop
  endfacet
  facet normal 0.000000e+00 -3.826834e-01 9.238795e-01
    outer loop
      vertex   -3.375000e+00 1.000000e-01 -5.267949e-01
      vertex   -2.250000e+00 1.000000e-01 -5.267949e-01
      vertex   -3.375000e+00 1.482362e-01 -5.068148e-01
    endloop
  endfacet
  facet normal 0.000000e+00 -3.826834e-01 9.238795e-01
    outer loop
      vertex   0.000000e+00 1.482362e-01 -5.068148e-01
      vertex   0.000000e+00 1.000000e-01 -5.267949e-01
      vertex   1.125000e+00 1.000000e-01 -5.267949e-01
    endloop
  endfacet
  facet normal 0.000000e+00 -6.087614e-01 7.933533e-01
    outer loop
      vertex   1.125000e+00 1.000000e-01 -5.267949e-01
      vertex   0.000000e+00 1.000000e-01 -5.267949e-01
      vertex   1.125000e+00 5.857864e-02 -5.585786e-01
    endloop
  endfacet
  facet normal -6.645116e-17 -6.087614e-01 7.933533e-01
    outer loop
      vertex   1.125000e+00 1.000000e-01 -5.267949e-01
      vertex   1.125000e+00 5.857864e-02 -5.585786e-01
      vertex   2.250000e+00 5.857864e-02 -5.585786e-01
    endloop
  endfacet
  facet normal -4.539654e-17 -7.933533e-01 6.087614e-01
    outer loop
      vertex   2.250000e+00 5.857864e-02 -5.585786e-01
      vertex   1.125000e+00 5.857864e-02 -5.585786e-01
      vertex   2.250000e+00 2.679492e-02 -6.000000e-01
    endloop
  endfacet
  facet normal 0.000000e+00 -7.933533e-01 6.087614e-01
    outer loop
      vertex   2.250000e+00 5.857864e-02 -5.585786e-01
      vertex   2.250000e+00 2.679492e-02 -6.000000e-01
      vertex   3.375000e+00 2.679492e-02 -6.000000e-01
    endloop
  endfacet
  facet normal 0.000000e+00 -9.238795e-01 3.826834e-01
    outer loop
      vertex   3.375000e+00 2.679492e-02 -6.000000e-01
      vertex   2.250000e+00 2.679492e-02 -6.000000e-01
      vertex   3.375000e+00 6.814835e-03 -6.482362e-01
    endloop
  endfacet
  facet normal 0.000000e+00 -6.087614e-01 7.933533e-01
    outer loop
      vertex   1.125000e+00 5.857864e-02 -5.585786e-01
      vertex   0.000000e+00 1.000000e-01 -5.267949e-01
      vertex   0.000000e+00 5.857864e-02 -5.585786e-01
    endloop
  endfacet
  facet normal 0.000000e+00 -6.087614e-01 7.933533e-01
    outer loop
      vertex   3.375000e+00 5.857864e-02 -5.585786e-01
      vertex   3.375000e+00 1.000000e-01 -5.267949e-01
      vertex   2.250000e+00 1.000000e-01 -5.267949e-01
    endloop
  endfacet
  facet normal 0.000000e+00 -7.933533e-01 6.087614e-01
    outer loop
      vertex   -2.250000e+00 2.679492e-02 -6.000000e-01
      vertex   -2.250000e+00 5.857864e-02 -5.585786e-01
      vertex   -3.375000e+00 5.857864e-02 -5.585786e-01
    endloop
  endfacet
  facet normal 0.000000e+00 -6.087614e-01 7.933533e-01
    outer loop
      vertex   -3.375000e+00 5.857864e-02 -5.585786e-01
      vertex   -2.250000e+00 5.857864e-02 -5.585786e-01
      vertex   -3.375000e+00 1.000000e-01 -5.267949e-01
    endloop
  endfacet
  facet normal 0.000000e+00 -7.933533e-01 6.087614e-01
    outer loop
      vertex   0.000000e+00 2.679492e-02 -6.000000e-01
      vertex   -1.125000e+00 5.857864e-02 -5.585786e-01
      vertex   -1.125000e+00 2.679492e-02 -6.000000e-01
    endloop
  endfacet
  facet normal 0.000000e+00 -7.933533e-01 6.087614e-01
    outer loop
      vertex   2.250000e+00 2.679492e-02 -6.000000e-01
      vertex   1.125000e+00 5.857864e-02 -5.585786e-01
      vertex   1.125000e+00 2.679492e-02 -6.000000e-01
    endloop
  endfacet
  facet normal 0.000000e+00 -7.933533e-01 6.087614e-01
    outer loop
      vertex   1.125000e+00 2.679492e-02 -6.000000e-01
      vertex   1.125000e+00 5.857864e-02 -5.585786e-01
      vertex   0.000000e+00 5.857864e-02 -5.585786e-01
    endloop
  endfacet
  facet normal 0.000000e+00 -9.238795e-01 3.826834e-01
    outer loop
      vertex   -2.250000e+00 6.814835e-03 -6.482362e-01
      vertex   -2.250000e+00 2.679492e-02 -6.000000e-01
      vertex   -3.375000e+00 2.679492e-02 -6.000000e-01
    endloop
  endfacet
  facet normal 0.000000e+00 -7.933533e-01 6.087614e-01
    outer loop
      vertex   -3.375000e+00 2.679492e-02 -6.000000e-01
      vertex   -2.250000e+00 2.679492e-02 -6.000000e-01
      vertex   -3.375000e+00 5.857864e-02 -5.585786e-01
    endloop
  endfacet
  facet normal 0.000000e+00 -9.238795e-01 3.826834e-01
    outer loop
      vertex   -3.375000e+00 6.814835e-03 -6.482362e-01
      vertex   -2.250000e+00 6.814835e-03 -6.482362e-01
      vertex   -3.375000e+00 2.679492e-02 -6.000000e-01
    endloop
  endfacet
  facet normal 0.000000e+00 -9.238795e-01 3.826834e-01
    outer loop
      vertex   0.000000e+00 2.679492e-02 -6.000000e-01
      vertex   -1.125000e+00 2.679492e-02 -6.000000e-01
      vertex   0.000000e+00 6.814835e-03 -6.482362e-01
    endloop
  endfacet
  facet normal 0.000000e+00 -9.238795e-01 3.826834e-01
    outer loop
      vertex   0.000000e+00 6.814835e-03 -6.482362e-01
      vertex   -1.125000e+00 2.679492e-02 -6.000000e-01
      vertex   -1.125000e+00 6.814835e-03 -6.482362e-01
    endloop
  endfacet
  facet normal 0.000000e+00 -9.914449e-01 1.305262e-01
    outer loop
      vertex   0.000000e+00 6.814835e-03 -6.482362e-01
      vertex   -1.125000e+00 6.814835e-03 -6.482362e-01
      vertex   4.300000e+00 0.000000e+00 -7.000000e-01
    endloop
  endfacet
  facet normal 0.000000e+00 -9.238795e-01 3.826834e-01
    outer loop
      vertex   3.375000e+00 6.814835e-03 -6.482362e-01
      vertex   2.250000e+00 2.679492e-02 -6.000000e-01
      vertex   2.250000e+00 6.814835e-03 -6.482362e-01
    endloop
  endfacet
  facet normal 0.000000e+00 -9.238795e-01 3.826834e-01
    outer loop
      vertex   2.250000e+00 6.814835e-03 -6.482362e-01
      vertex   2.250000e+00 2.679492e-02 -6.000000e-01
      vertex   1.125000e+00 2.679492e-02 -6.000000e-01
    endloop
  endfacet
  facet normal 0.000000e+00 -9.914449e-01 1.305262e-01
    outer loop
      vertex   4.300000e+00 0.000000e+00 -7.000000e-01
      vertex   1.125000e+00 6.814835e-03 -6.482362e-01
      vertex   0.000000e+00 6.814835e-03 -6.482362e-01
    endloop
  endfacet
  facet normal 0.000000e+00 -9.238795e-01 3.826834e-01
    outer loop
      vertex   0.000000e+00 6.814835e-03 -6.482362e-01
      vertex   1.125000e+00 6.814835e-03 -6.482362e-01
      vertex   0.000000e+00 2.679492e-02 -6.000000e-01
    endloop
  endfacet
  facet normal 0.000000e+00 0.000000e+00 1.000000e+00
    outer loop
      vertex   -4.500000e+00 2.000000e-01 -5.000000e-01
      vertex   4.500000e+00 2.000000e-01 -5.000000e-01
      vertex   -4.500000e+00 1.500000e+00 -5.000000e-01
    endloop
  endfacet
  facet normal -0.000000e+00 0.000000e+00 1.000000e+00
    outer loop
      vertex   -4.500000e+00 1.500000e+00 -5.000000e-01
      vertex   4.500000e+00 2.000000e-01 -5.000000e-01
      vertex   4.500000e+00 1.500000e+00 -5.000000e-01
    endloop
  endfacet
  facet normal 1.000000e+00 -0.000000e+00 0.000000e+00
    outer loop
      vertex   4.500000e+00 2.000000e-01 -5.000000e-01
      vertex   4.500000e+00 2.000000e-01 -4.500000e+00
      vertex   4.500000e+00 1.500000e+00 -5.000000e-01
    endloop
  endfacet
  facet normal 1.000000e+00 0.000000e+00 0.000000e+00
    outer loop
      vertex   4.500000e+00 1.500000e+00 -5.000000e-01
      vertex   4.500000e+00 2.000000e-01 -4.500000e+00
      vertex   4.500000e+00 1.500000e+00 -4.500000e+00
    endloop
  endfacet
  facet normal -0.000000e+00 -1.000000e+00 0.000000e+00
    outer loop
      vertex   4.300000e+00 0.000000e+00 -7.000000e-01
      vertex   -4.300000e+00 0.000000e+00 -7.000000e-01
      vertex   4.300000e+00 0.000000e+00 -4.300000e+00
    endloop
  endfacet
  facet normal -0.000000e+00 -1.000000e+00 0.000000e+00
    outer loop
      vertex   4.300000e+00 0.000000e+00 -4.300000e+00
      vertex   -4.300000e+00 0.000000e+00 -7.000000e-01
      vertex   -4.300000e+00 0.000000e+00 -4.300000e+00
    endloop
  endfacet
  facet normal 9.801714e-02 -9.951847e-01 0.000000e+00
    outer loop
      vertex   -5.700000e+00 0.000000e+00 -7.000000e-01
      vertex   -5.700000e+00 0.000000e+00 -4.300000e+00
      vertex   -5.660982e+00 3.842944e-03 -6.609819e-01
    endloop
  endfacet
  facet normal 1.747135e-01 -9.846190e-01 -8.335065e-04
    outer loop
      vertex   -5.660982e+00 3.842944e-03 -6.609819e-01
      vertex   -5.700000e+00 0.000000e+00 -4.300000e+00
      vertex   -5.648236e+00 6.814835e-03 -1.500000e+00
    endloop
  endfacet
  facet normal 2.893639e-01 -9.572186e-01 1.005233e-03
    outer loop
      vertex   -5.660982e+00 3.842944e-03 -6.609819e-01
      vertex   -5.648236e+00 6.814835e-03 -1.500000e+00
      vertex   -5.623463e+00 1.522409e-02 -6.234633e-01
    endloop
  endfacet
  facet normal 3.826827e-01 -9.238778e-01 -1.952028e-03
    outer loop
      vertex   -5.623463e+00 1.522409e-02 -6.234633e-01
      vertex   -5.648236e+00 6.814835e-03 -1.500000e+00
      vertex   -5.600000e+00 2.679492e-02 -1.500000e+00
    endloop
  endfacet
  facet normal 4.706563e-01 -8.823161e-01 9.515060e-04
    outer loop
      vertex   -5.623463e+00 1.522409e-02 -6.234633e-01
      vertex   -5.600000e+00 2.679492e-02 -1.500000e+00
      vertex   -5.588886e+00 3.370608e-02 -5.888860e-01
    endloop
  endfacet
  facet normal 6.087608e-01 -7.933526e-01 -1.407959e-03
    outer loop
      vertex   -5.588886e+00 3.370608e-02 -5.888860e-01
      vertex   -5.600000e+00 2.679492e-02 -1.500000e+00
      vertex   -5.558579e+00 5.857864e-02 -1.500000e+00
    endloop
  endfacet
  facet normal 6.343933e-01 -7.730105e-01 1.028093e-16
    outer loop
      vertex   -5.588886e+00 3.370608e-02 -5.888860e-01
      vertex   -5.558579e+00 5.857864e-02 -1.500000e+00
      vertex   -5.558579e+00 5.857864e-02 -5.585786e-01
    endloop
  endfacet
  facet normal 7.730105e-01 -6.343933e-01 8.416611e-17
    outer loop
      vertex   -5.558579e+00 5.857864e-02 -5.585786e-01
      vertex   -5.558579e+00 5.857864e-02 -1.500000e+00
      vertex   -5.533706e+00 8.888595e-02 -5.337061e-01
    endloop
  endfacet
  facet normal 7.933526e-01 -6.087609e-01 -1.327558e-03
    outer loop
      vertex   -5.533706e+00 8.888595e-02 -5.337061e-01
      vertex   -5.558579e+00 5.857864e-02 -1.500000e+00
      vertex   -5.526795e+00 1.000000e-01 -1.500000e+00
    endloop
  endfacet
  facet normal 8.817252e-01 -4.717625e-01 8.802217e-04
    outer loop
      vertex   -5.533706e+00 8.888595e-02 -5.337061e-01
      vertex   -5.526795e+00 1.000000e-01 -1.500000e+00
      vertex   -5.515224e+00 1.234633e-01 -5.152241e-01
    endloop
  endfacet
  facet normal 9.238781e-01 -3.826829e-01 -1.737477e-03
    outer loop
      vertex   -5.515224e+00 1.234633e-01 -5.152241e-01
      vertex   -5.526795e+00 1.000000e-01 -1.500000e+00
      vertex   -5.506815e+00 1.482362e-01 -1.500000e+00
    endloop
  endfacet
  facet normal 9.568673e-01 -2.905242e-01 8.625565e-04
    outer loop
      vertex   -5.515224e+00 1.234633e-01 -5.152241e-01
      vertex   -5.506815e+00 1.482362e-01 -1.500000e+00
      vertex   -5.503843e+00 1.609819e-01 -5.038429e-01
    endloop
  endfacet
  facet normal 9.891991e-01 -1.465743e-01 -1.075728e-03
    outer loop
      vertex   -5.503843e+00 1.609819e-01 -5.038429e-01
      vertex   -5.506815e+00 1.482362e-01 -1.500000e+00
      vertex   -5.500963e+00 1.803966e-01 -5.009631e-01
    endloop
  endfacet
  facet normal 9.987966e-01 -4.885759e-02 -4.277579e-03
    outer loop
      vertex   -5.500963e+00 1.803966e-01 -5.009631e-01
      vertex   -5.506815e+00 1.482362e-01 -1.500000e+00
      vertex   -5.500000e+00 2.000000e-01 -5.000000e-01
    endloop
  endfacet
  facet normal 9.914449e-01 -1.305262e-01 0.000000e+00
    outer loop
      vertex   -5.500000e+00 2.000000e-01 -5.000000e-01
      vertex   -5.506815e+00 1.482362e-01 -1.500000e+00
      vertex   -5.506815e+00 1.482362e-01 -2.500000e+00
    endloop
  endfacet
  facet normal 9.888002e-01 -1.492445e-01 4.934778e-04
    outer loop
      vertex   -5.500000e+00 2.000000e-01 -5.000000e-01
      vertex   -5.506815e+00 1.482362e-01 -2.500000e+00
      vertex   -5.500963e+00 1.803966e-01 -4.499037e+00
    endloop
  endfacet
  facet normal 9.838460e-01 -1.790169e-01 0.000000e+00
    outer loop
      vertex   -5.500963e+00 1.803966e-01 -4.499037e+00
      vertex   -5.506815e+00 1.482362e-01 -2.500000e+00
      vertex   -5.506815e+00 1.482362e-01 -3.500000e+00
    endloop
  endfacet
  facet normal 9.891991e-01 -1.465743e-01 1.075728e-03
    outer loop
      vertex   -5.500963e+00 1.803966e-01 -4.499037e+00
      vertex   -5.506815e+00 1.482362e-01 -3.500000e+00
      vertex   -5.503843e+00 1.609819e-01 -4.496157e+00
    endloop
  endfacet
  facet normal 9.568673e-01 -2.905242e-01 -8.625565e-04
    outer loop
      vertex   -5.503843e+00 1.609819e-01 -4.496157e+00
      vertex   -5.506815e+00 1.482362e-01 -3.500000e+00
      vertex   -5.515224e+00 1.234633e-01 -4.484776e+00
    endloop
  endfacet
  facet normal 9.238781e-01 -3.826829e-01 1.737477e-03
    outer loop
      vertex   -5.515224e+00 1.234633e-01 -4.484776e+00
      vertex   -5.506815e+00 1.482362e-01 -3.500000e+00
      vertex   -5.526795e+00 1.000000e-01 -3.500000e+00
    endloop
  endfacet
  facet normal 8.817252e-01 -4.717625e-01 -8.802217e-04
    outer loop
      vertex   -5.515224e+00 1.234633e-01 -4.484776e+00
      vertex   -5.526795e+00 1.000000e-01 -3.500000e+00
      vertex   -5.533706e+00 8.888595e-02 -4.466294e+00
    endloop
  endfacet
  facet normal 7.933526e-01 -6.087609e-01 1.327558e-03
    outer loop
      vertex   -5.533706e+00 8.888595e-02 -4.466294e+00
      vertex   -5.526795e+00 1.000000e-01 -3.500000e+00
      vertex   -5.558579e+00 5.857864e-02 -3.500000e+00
    endloop
  endfacet
  facet normal 7.730105e-01 -6.343933e-01 1.174963e-16
    outer loop
      vertex   -5.533706e+00 8.888595e-02 -4.466294e+00
      vertex   -5.558579e+00 5.857864e-02 -3.500000e+00
      vertex   -5.558579e+00 5.857864e-02 -4.441421e+00
    endloop
  endfacet
  facet normal 6.343933e-01 -7.730105e-01 1.424399e-16
    outer loop
      vertex   -5.558579e+00 5.857864e-02 -4.441421e+00
      vertex   -5.558579e+00 5.857864e-02 -3.500000e+00
      vertex   -5.588886e+00 3.370608e-02 -4.411114e+00
    endloop
  endfacet
  facet normal 6.087608e-01 -7.933526e-01 1.407959e-03
    outer loop
      vertex   -5.588886e+00 3.370608e-02 -4.411114e+00
      vertex   -5.558579e+00 5.857864e-02 -3.500000e+00
      vertex   -5.600000e+00 2.679492e-02 -3.500000e+00
    endloop
  endfacet
  facet normal 4.706563e-01 -8.823161e-01 -9.515060e-04
    outer loop
      vertex   -5.588886e+00 3.370608e-02 -4.411114e+00
      vertex   -5.600000e+00 2.679492e-02 -3.500000e+00
      vertex   -5.623463e+00 1.522409e-02 -4.376537e+00
    endloop
  endfacet
  facet normal 3.826827e-01 -9.238778e-01 1.952028e-03
    outer loop
      vertex   -5.623463e+00 1.522409e-02 -4.376537e+00
      vertex   -5.600000e+00 2.679492e-02 -3.500000e+00
      vertex   -5.648236e+00 6.814835e-03 -3.500000e+00
    endloop
  endfacet
  facet normal 2.893639e-01 -9.572186e-01 -1.005233e-03
    outer loop
      vertex   -5.623463e+00 1.522409e-02 -4.376537e+00
      vertex   -5.648236e+00 6.814835e-03 -3.500000e+00
      vertex   -5.660982e+00 3.842944e-03 -4.339018e+00
    endloop
  endfacet
  facet normal 1.000027e-01 -9.949851e-01 2.005176e-03
    outer loop
      vertex   -5.660982e+00 3.842944e-03 -4.339018e+00
      vertex   -5.648236e+00 6.814835e-03 -3.500000e+00
      vertex   -5.700000e+00 0.000000e+00 -4.300000e+00
    endloop
  endfacet
  facet normal 1.305262e-01 -9.914449e-01 0.000000e+00
    outer loop
      vertex   -5.700000e+00 0.000000e+00 -4.300000e+00
      vertex   -5.648236e+00 6.814835e-03 -3.500000e+00
      vertex   -5.648236e+00 6.814835e-03 -2.500000e+00
    endloop
  endfacet
  facet normal 1.305262e-01 -9.914449e-01 0.000000e+00
    outer loop
      vertex   -5.700000e+00 0.000000e+00 -4.300000e+00
      vertex   -5.648236e+00 6.814835e-03 -2.500000e+00
      vertex   -5.648236e+00 6.814835e-03 -1.500000e+00
    endloop
  endfacet
  facet normal 3.826834e-01 -9.238795e-01 0.000000e+00
    outer loop
      vertex   -5.648236e+00 6.814835e-03 -1.500000e+00
      vertex   -5.648236e+00 6.814835e-03 -2.500000e+00
      vertex   -5.600000e+00 2.679492e-02 -1.500000e+00
    endloop
  endfacet
  facet normal 9.987955e-01 -4.906767e-02 0.000000e+00
    outer loop
      vertex   -5.500963e+00 1.803966e-01 -4.499037e+00
      vertex   -5.500000e+00 2.000000e-01 -4.500000e+00
      vertex   -5.500000e+00 2.000000e-01 -5.000000e-01
    endloop
  endfacet
  facet normal 3.826834e-01 -9.238795e-01 0.000000e+00
    outer loop
      vertex   -5.648236e+00 6.814835e-03 -2.500000e+00
      vertex   -5.648236e+00 6.814835e-03 -3.500000e+00
      vertex   -5.600000e+00 2.679492e-02 -2.500000e+00
    endloop
  endfacet
  facet normal 3.826834e-01 -9.238795e-01 0.000000e+00
    outer loop
      vertex   -5.600000e+00 2.679492e-02 -2.500000e+00
      vertex   -5.648236e+00 6.814835e-03 -3.500000e+00
      vertex   -5.600000e+00 2.679492e-02 -3.500000e+00
    endloop
  endfacet
  facet normal 6.087614e-01 -7.933533e-01 0.000000e+00
    outer loop
      vertex   -5.600000e+00 2.679492e-02 -2.500000e+00
      vertex   -5.600000e+00 2.679492e-02 -3.500000e+00
      vertex   -5.558579e+00 5.857864e-02 -2.500000e+00
    endloop
  endfacet
  facet normal 6.087614e-01 -7.933533e-01 -1.100999e-16
    outer loop
      vertex   -5.558579e+00 5.857864e-02 -2.500000e+00
      vertex   -5.600000e+00 2.679492e-02 -3.500000e+00
      vertex   -5.558579e+00 5.857864e-02 -3.500000e+00
    endloop
  endfacet
  facet normal 7.933533e-01 -6.087614e-01 -8.448262e-17
    outer loop
      vertex   -5.558579e+00 5.857864e-02 -2.500000e+00
      vertex   -5.558579e+00 5.857864e-02 -3.500000e+00
      vertex   -5.526795e+00 1.000000e-01 -2.500000e+00
    endloop
  endfacet
  facet normal 7.933533e-01 -6.087614e-01 0.000000e+00
    outer loop
      vertex   -5.526795e+00 1.000000e-01 -2.500000e+00
      vertex   -5.558579e+00 5.857864e-02 -3.500000e+00
      vertex   -5.526795e+00 1.000000e-01 -3.500000e+00
    endloop
  endfacet
  facet normal 9.238795e-01 -3.826834e-01 0.000000e+00
    outer loop
      vertex   -5.526795e+00 1.000000e-01 -2.500000e+00
      vertex   -5.526795e+00 1.000000e-01 -3.500000e+00
      vertex   -5.506815e+00 1.482362e-01 -2.500000e+00
    endloop
  endfacet
  facet normal 9.238795e-01 -3.826834e-01 0.000000e+00
    outer loop
      vertex   -5.506815e+00 1.482362e-01 -2.500000e+00
      vertex   -5.526795e+00 1.000000e-01 -3.500000e+00
      vertex   -5.506815e+00 1.482362e-01 -3.500000e+00
    endloop
  endfacet
  facet normal 6.087614e-01 -7.933533e-01 0.000000e+00
    outer loop
      vertex   -5.558579e+00 5.857864e-02 -1.500000e+00
      vertex   -5.600000e+00 2.679492e-02 -1.500000e+00
      vertex   -5.600000e+00 2.679492e-02 -2.500000e+00
    endloop
  endfacet
  facet normal 3.826834e-01 -9.238795e-01 0.000000e+00
    outer loop
      vertex   -5.600000e+00 2.679492e-02 -2.500000e+00
      vertex   -5.600000e+00 2.679492e-02 -1.500000e+00
      vertex   -5.648236e+00 6.814835e-03 -2.500000e+00
    endloop
  endfacet
  facet normal 6.087614e-01 -7.933533e-01 9.547626e-16
    outer loop
      vertex   -5.558579e+00 5.857864e-02 -1.500000e+00
      vertex   -5.600000e+00 2.679492e-02 -2.500000e+00
      vertex   -5.558579e+00 5.857864e-02 -2.500000e+00
    endloop
  endfacet
  facet normal 7.933533e-01 -6.087614e-01 1.312410e-15
    outer loop
      vertex   -5.526795e+00 1.000000e-01 -1.500000e+00
      vertex   -5.558579e+00 5.857864e-02 -1.500000e+00
      vertex   -5.558579e+00 5.857864e-02 -2.500000e+00
    endloop
  endfacet
  facet normal 7.933533e-01 -6.087614e-01 0.000000e+00
    outer loop
      vertex   -5.526795e+00 1.000000e-01 -1.500000e+00
      vertex   -5.558579e+00 5.857864e-02 -2.500000e+00
      vertex   -5.526795e+00 1.000000e-01 -2.500000e+00
    endloop
  endfacet
  facet normal 9.238795e-01 -3.826834e-01 0.000000e+00
    outer loop
      vertex   -5.506815e+00 1.482362e-01 -1.500000e+00
      vertex   -5.526795e+00 1.000000e-01 -1.500000e+00
      vertex   -5.526795e+00 1.000000e-01 -2.500000e+00
    endloop
  endfacet
  facet normal 9.238795e-01 -3.826834e-01 0.000000e+00
    outer loop
      vertex   -5.506815e+00 1.482362e-01 -1.500000e+00
      vertex   -5.526795e+00 1.000000e-01 -2.500000e+00
      vertex   -5.506815e+00 1.482362e-01 -2.500000e+00
    endloop
  endfacet
  facet normal 1.012287e-17 -9.951847e-01 -9.801714e-02
    outer loop
      vertex   -5.700000e+00 0.000000e+00 -4.300000e+00
      vertex   -1.430000e+01 0.000000e+00 -4.300000e+00
      vertex   -5.660982e+00 3.842944e-03 -4.339018e+00
    endloop
  endfacet
  facet normal -2.807458e-04 -9.872153e-01 -1.593923e-01
    outer loop
      vertex   -5.660982e+00 3.842944e-03 -4.339018e+00
      vertex   -1.430000e+01 0.000000e+00 -4.300000e+00
      vertex   -8.875000e+00 6.814835e-03 -4.351764e+00
    endloop
  endfacet
  facet normal 0.000000e+00 -9.738770e-01 -2.270763e-01
    outer loop
      vertex   -5.660982e+00 3.842944e-03 -4.339018e+00
      vertex   -8.875000e+00 6.814835e-03 -4.351764e+00
      vertex   -7.750000e+00 6.814835e-03 -4.351764e+00
    endloop
  endfacet
  facet normal -0.000000e+00 -9.238795e-01 -3.826834e-01
    outer loop
      vertex   -7.750000e+00 6.814835e-03 -4.351764e+00
      vertex   -8.875000e+00 6.814835e-03 -4.351764e+00
      vertex   -7.750000e+00 2.679492e-02 -4.400000e+00
    endloop
  endfacet
  facet normal 0.000000e+00 -9.238795e-01 -3.826834e-01
    outer loop
      vertex   -7.750000e+00 6.814835e-03 -4.351764e+00
      vertex   -7.750000e+00 2.679492e-02 -4.400000e+00
      vertex   -6.625000e+00 2.679492e-02 -4.400000e+00
    endloop
  endfacet
  facet normal -0.000000e+00 -7.933533e-01 -6.087614e-01
    outer loop
      vertex   -6.625000e+00 2.679492e-02 -4.400000e+00
      vertex   -7.750000e+00 2.679492e-02 -4.400000e+00
      vertex   -6.625000e+00 5.857864e-02 -4.441421e+00
    endloop
  endfacet
  facet normal -1.238099e-03 -7.933527e-01 -6.087610e-01
    outer loop
      vertex   -6.625000e+00 2.679492e-02 -4.400000e+00
      vertex   -6.625000e+00 5.857864e-02 -4.441421e+00
      vertex   -5.588886e+00 3.370608e-02 -4.411114e+00
    endloop
  endfacet
  facet normal -4.926892e-17 -7.730105e-01 -6.343933e-01
    outer loop
      vertex   -5.588886e+00 3.370608e-02 -4.411114e+00
      vertex   -6.625000e+00 5.857864e-02 -4.441421e+00
      vertex   -5.558579e+00 5.857864e-02 -4.441421e+00
    endloop
  endfacet
  facet normal -4.127813e-17 -6.343933e-01 -7.730105e-01
    outer loop
      vertex   -5.558579e+00 5.857864e-02 -4.441421e+00
      vertex   -6.625000e+00 5.857864e-02 -4.441421e+00
      vertex   -5.533706e+00 8.888595e-02 -4.466294e+00
    endloop
  endfacet
  facet normal -1.175496e-03 -6.087610e-01 -7.933528e-01
    outer loop
      vertex   -5.533706e+00 8.888595e-02 -4.466294e+00
      vertex   -6.625000e+00 5.857864e-02 -4.441421e+00
      vertex   -6.625000e+00 1.000000e-01 -4.473205e+00
    endloop
  endfacet
  facet normal 7.799642e-04 -4.717208e-01 -8.817476e-01
    outer loop
      vertex   -5.533706e+00 8.888595e-02 -4.466294e+00
      vertex   -6.625000e+00 1.000000e-01 -4.473205e+00
      vertex   -5.515224e+00 1.234633e-01 -4.484776e+00
    endloop
  endfacet
  facet normal -1.541776e-03 -3.826830e-01 -9.238784e-01
    outer loop
      vertex   -5.515224e+00 1.234633e-01 -4.484776e+00
      vertex   -6.625000e+00 1.000000e-01 -4.473205e+00
      vertex   -6.625000e+00 1.482362e-01 -4.493185e+00
    endloop
  endfacet
  facet normal 7.660622e-04 -2.904974e-01 -9.568755e-01
    outer loop
      vertex   -5.515224e+00 1.234633e-01 -4.484776e+00
      vertex   -6.625000e+00 1.482362e-01 -4.493185e+00
      vertex   -5.503843e+00 1.609819e-01 -4.496157e+00
    endloop
  endfacet
  facet normal -9.555877e-04 -1.465917e-01 -9.891966e-01
    outer loop
      vertex   -5.503843e+00 1.609819e-01 -4.496157e+00
      vertex   -6.625000e+00 1.482362e-01 -4.493185e+00
      vertex   -5.500963e+00 1.803966e-01 -4.499037e+00
    endloop
  endfacet
  facet normal -3.801219e-03 -4.888103e-02 -9.987974e-01
    outer loop
      vertex   -5.500963e+00 1.803966e-01 -4.499037e+00
      vertex   -6.625000e+00 1.482362e-01 -4.493185e+00
      vertex   -5.500000e+00 2.000000e-01 -4.500000e+00
    endloop
  endfacet
  facet normal 0.000000e+00 -1.305262e-01 -9.914449e-01
    outer loop
      vertex   -5.500000e+00 2.000000e-01 -4.500000e+00
      vertex   -6.625000e+00 1.482362e-01 -4.493185e+00
      vertex   -7.750000e+00 1.482362e-01 -4.493185e+00
    endloop
  endfacet
  facet normal 0.000000e+00 -1.305262e-01 -9.914449e-01
    outer loop
      vertex   -5.500000e+00 2.000000e-01 -4.500000e+00
      vertex   -7.750000e+00 1.482362e-01 -4.493185e+00
      vertex   -8.875000e+00 1.482362e-01 -4.493185e+00
    endloop
  endfacet
  facet normal 0.000000e+00 -3.826834e-01 -9.238795e-01
    outer loop
      vertex   -8.875000e+00 1.482362e-01 -4.493185e+00
      vertex   -7.750000e+00 1.482362e-01 -4.493185e+00
      vertex   -8.875000e+00 1.000000e-01 -4.473205e+00
    endloop
  endfacet
  facet normal 0.000000e+00 -3.826834e-01 -9.238795e-01
    outer loop
      vertex   -8.875000e+00 1.482362e-01 -4.493185e+00
      vertex   -8.875000e+00 1.000000e-01 -4.473205e+00
      vertex   -1.000000e+01 1.000000e-01 -4.473205e+00
    endloop
  endfacet
  facet normal 0.000000e+00 -6.087614e-01 -7.933533e-01
    outer loop
      vertex   -1.000000e+01 1.000000e-01 -4.473205e+00
      vertex   -8.875000e+00 1.000000e-01 -4.473205e+00
      vertex   -1.000000e+01 5.857864e-02 -4.441421e+00
    endloop
  endfacet
  facet normal -3.322558e-17 -6.087614e-01 -7.933533e-01
    outer loop
      vertex   -1.000000e+01 1.000000e-01 -4.473205e+00
      vertex   -1.000000e+01 5.857864e-02 -4.441421e+00
      vertex   -1.112500e+01 5.857864e-02 -4.441421e+00
    endloop
  endfacet
  facet normal -3.914663e-17 -7.933533e-01 -6.087614e-01
    outer loop
      vertex   -1.112500e+01 5.857864e-02 -4.441421e+00
      vertex   -1.000000e+01 5.857864e-02 -4.441421e+00
      vertex   -1.112500e+01 2.679492e-02 -4.400000e+00
    endloop
  endfacet
  facet normal 0.000000e+00 -7.933533e-01 -6.087614e-01
    outer loop
      vertex   -1.112500e+01 5.857864e-02 -4.441421e+00
      vertex   -1.112500e+01 2.679492e-02 -4.400000e+00
      vertex   -1.225000e+01 2.679492e-02 -4.400000e+00
    endloop
  endfacet
  facet normal 0.000000e+00 -9.238795e-01 -3.826834e-01
    outer loop
      vertex   -1.225000e+01 2.679492e-02 -4.400000e+00
      vertex   -1.112500e+01 2.679492e-02 -4.400000e+00
      vertex   -1.225000e+01 6.814835e-03 -4.351764e+00
    endloop
  endfacet
  facet normal 0.000000e+00 -9.238795e-01 -3.826834e-01
    outer loop
      vertex   -1.225000e+01 2.679492e-02 -4.400000e+00
      vertex   -1.225000e+01 6.814835e-03 -4.351764e+00
      vertex   -1.337500e+01 6.814835e-03 -4.351764e+00
    endloop
  endfacet
  facet normal 0.000000e+00 -9.914449e-01 -1.305262e-01
    outer loop
      vertex   -1.337500e+01 6.814835e-03 -4.351764e+00
      vertex   -1.225000e+01 6.814835e-03 -4.351764e+00
      vertex   -1.430000e+01 0.000000e+00 -4.300000e+00
    endloop
  endfacet
  facet normal 1.748612e-03 -9.950111e-01 -9.974865e-02
    outer loop
      vertex   -1.337500e+01 6.814835e-03 -4.351764e+00
      vertex   -1.430000e+01 0.000000e+00 -4.300000e+00
      vertex   -1.433902e+01 3.842944e-03 -4.339018e+00
    endloop
  endfacet
  facet normal -8.765572e-04 -9.571831e-01 -2.894818e-01
    outer loop
      vertex   -1.433902e+01 3.842944e-03 -4.339018e+00
      vertex   -1.437654e+01 1.522409e-02 -4.376537e+00
      vertex   -1.337500e+01 6.814835e-03 -4.351764e+00
    endloop
  endfacet
  facet normal 1.708400e-03 -9.238782e-01 -3.826829e-01
    outer loop
      vertex   -1.337500e+01 6.814835e-03 -4.351764e+00
      vertex   -1.437654e+01 1.522409e-02 -4.376537e+00
      vertex   -1.337500e+01 2.679492e-02 -4.400000e+00
    endloop
  endfacet
  facet normal 0.000000e+00 -9.238795e-01 -3.826834e-01
    outer loop
      vertex   -1.337500e+01 6.814835e-03 -4.351764e+00
      vertex   -1.337500e+01 2.679492e-02 -4.400000e+00
      vertex   -1.225000e+01 2.679492e-02 -4.400000e+00
    endloop
  endfacet
  facet normal -0.000000e+00 -7.933533e-01 -6.087614e-01
    outer loop
      vertex   -1.225000e+01 2.679492e-02 -4.400000e+00
      vertex   -1.337500e+01 2.679492e-02 -4.400000e+00
      vertex   -1.225000e+01 5.857864e-02 -4.441421e+00
    endloop
  endfacet
  facet normal -1.845866e-17 -7.933533e-01 -6.087614e-01
    outer loop
      vertex   -1.225000e+01 2.679492e-02 -4.400000e+00
      vertex   -1.225000e+01 5.857864e-02 -4.441421e+00
      vertex   -1.112500e+01 5.857864e-02 -4.441421e+00
    endloop
  endfacet
  facet normal -1.501913e-17 -6.087614e-01 -7.933533e-01
    outer loop
      vertex   -1.112500e+01 5.857864e-02 -4.441421e+00
      vertex   -1.225000e+01 5.857864e-02 -4.441421e+00
      vertex   -1.112500e+01 1.000000e-01 -4.473205e+00
    endloop
  endfacet
  facet normal 0.000000e+00 -6.087614e-01 -7.933533e-01
    outer loop
      vertex   -1.112500e+01 5.857864e-02 -4.441421e+00
      vertex   -1.112500e+01 1.000000e-01 -4.473205e+00
      vertex   -1.000000e+01 1.000000e-01 -4.473205e+00
    endloop
  endfacet
  facet normal -0.000000e+00 -3.826834e-01 -9.238795e-01
    outer loop
      vertex   -1.000000e+01 1.000000e-01 -4.473205e+00
      vertex   -1.112500e+01 1.000000e-01 -4.473205e+00
      vertex   -1.000000e+01 1.482362e-01 -4.493185e+00
    endloop
  endfacet
  facet normal 0.000000e+00 -3.826834e-01 -9.238795e-01
    outer loop
      vertex   -1.000000e+01 1.000000e-01 -4.473205e+00
      vertex   -1.000000e+01 1.482362e-01 -4.493185e+00
      vertex   -8.875000e+00 1.482362e-01 -4.493185e+00
    endloop
  endfacet
  facet normal -0.000000e+00 -1.305262e-01 -9.914449e-01
    outer loop
      vertex   -8.875000e+00 1.482362e-01 -4.493185e+00
      vertex   -1.000000e+01 1.482362e-01 -4.493185e+00
      vertex   -5.500000e+00 2.000000e-01 -4.500000e+00
    endloop
  endfacet
  facet normal -8.354231e-04 -8.822680e-01 -4.707467e-01
    outer loop
      vertex   -1.437654e+01 1.522409e-02 -4.376537e+00
      vertex   -1.441111e+01 3.370608e-02 -4.411114e+00
      vertex   -1.337500e+01 2.679492e-02 -4.400000e+00
    endloop
  endfacet
  facet normal 1.238099e-03 -7.933527e-01 -6.087610e-01
    outer loop
      vertex   -1.337500e+01 2.679492e-02 -4.400000e+00
      vertex   -1.441111e+01 3.370608e-02 -4.411114e+00
      vertex   -1.337500e+01 5.857864e-02 -4.441421e+00
    endloop
  endfacet
  facet normal -4.060904e-17 -7.933533e-01 -6.087614e-01
    outer loop
      vertex   -1.337500e+01 2.679492e-02 -4.400000e+00
      vertex   -1.337500e+01 5.857864e-02 -4.441421e+00
      vertex   -1.225000e+01 5.857864e-02 -4.441421e+00
    endloop
  endfacet
  facet normal -3.003826e-17 -6.087614e-01 -7.933533e-01
    outer loop
      vertex   -1.225000e+01 5.857864e-02 -4.441421e+00
      vertex   -1.337500e+01 5.857864e-02 -4.441421e+00
      vertex   -1.225000e+01 1.000000e-01 -4.473205e+00
    endloop
  endfacet
  facet normal 0.000000e+00 -6.087614e-01 -7.933533e-01
    outer loop
      vertex   -1.225000e+01 5.857864e-02 -4.441421e+00
      vertex   -1.225000e+01 1.000000e-01 -4.473205e+00
      vertex   -1.112500e+01 1.000000e-01 -4.473205e+00
    endloop
  endfacet
  facet normal -0.000000e+00 -3.826834e-01 -9.238795e-01
    outer loop
      vertex   -1.112500e+01 1.000000e-01 -4.473205e+00
      vertex   -1.225000e+01 1.000000e-01 -4.473205e+00
      vertex   -1.112500e+01 1.482362e-01 -4.493185e+00
    endloop
  endfacet
  facet normal 0.000000e+00 -3.826834e-01 -9.238795e-01
    outer loop
      vertex   -1.112500e+01 1.000000e-01 -4.473205e+00
      vertex   -1.112500e+01 1.482362e-01 -4.493185e+00
      vertex   -1.000000e+01 1.482362e-01 -4.493185e+00
    endloop
  endfacet
  facet normal -0.000000e+00 -1.790169e-01 -9.838460e-01
    outer loop
      vertex   -1.000000e+01 1.482362e-01 -4.493185e+00
      vertex   -1.112500e+01 1.482362e-01 -4.493185e+00
      vertex   -1.449904e+01 1.803966e-01 -4.499037e+00
    endloop
  endfacet
  facet normal 2.192874e-04 -1.492415e-01 -9.888008e-01
    outer loop
      vertex   -1.000000e+01 1.482362e-01 -4.493185e+00
      vertex   -1.449904e+01 1.803966e-01 -4.499037e+00
      vertex   -5.500000e+00 2.000000e-01 -4.500000e+00
    endloop
  endfacet
  facet normal -0.000000e+00 -4.906767e-02 -9.987955e-01
    outer loop
      vertex   -5.500000e+00 2.000000e-01 -4.500000e+00
      vertex   -1.449904e+01 1.803966e-01 -4.499037e+00
      vertex   -1.450000e+01 2.000000e-01 -4.500000e+00
    endloop
  endfacet
  facet normal 1.089102e-16 -7.730105e-01 -6.343933e-01
    outer loop
      vertex   -1.441111e+01 3.370608e-02 -4.411114e+00
      vertex   -1.444142e+01 5.857864e-02 -4.441421e+00
      vertex   -1.337500e+01 5.857864e-02 -4.441421e+00
    endloop
  endfacet
  facet normal 9.081188e-17 -6.343933e-01 -7.730105e-01
    outer loop
      vertex   -1.337500e+01 5.857864e-02 -4.441421e+00
      vertex   -1.444142e+01 5.857864e-02 -4.441421e+00
      vertex   -1.446629e+01 8.888595e-02 -4.466294e+00
    endloop
  endfacet
  facet normal 1.175496e-03 -6.087610e-01 -7.933528e-01
    outer loop
      vertex   -1.337500e+01 5.857864e-02 -4.441421e+00
      vertex   -1.446629e+01 8.888595e-02 -4.466294e+00
      vertex   -1.337500e+01 1.000000e-01 -4.473205e+00
    endloop
  endfacet
  facet normal -7.799642e-04 -4.717208e-01 -8.817476e-01
    outer loop
      vertex   -1.337500e+01 1.000000e-01 -4.473205e+00
      vertex   -1.446629e+01 8.888595e-02 -4.466294e+00
      vertex   -1.448478e+01 1.234633e-01 -4.484776e+00
    endloop
  endfacet
  facet normal 1.541776e-03 -3.826830e-01 -9.238784e-01
    outer loop
      vertex   -1.337500e+01 1.000000e-01 -4.473205e+00
      vertex   -1.448478e+01 1.234633e-01 -4.484776e+00
      vertex   -1.337500e+01 1.482362e-01 -4.493185e+00
    endloop
  endfacet
  facet normal -7.660622e-04 -2.904974e-01 -9.568755e-01
    outer loop
      vertex   -1.337500e+01 1.482362e-01 -4.493185e+00
      vertex   -1.448478e+01 1.234633e-01 -4.484776e+00
      vertex   -1.449616e+01 1.609819e-01 -4.496157e+00
    endloop
  endfacet
  facet normal 9.555877e-04 -1.465917e-01 -9.891966e-01
    outer loop
      vertex   -1.337500e+01 1.482362e-01 -4.493185e+00
      vertex   -1.449616e+01 1.609819e-01 -4.496157e+00
      vertex   -1.449904e+01 1.803966e-01 -4.499037e+00
    endloop
  endfacet
  facet normal 8.354231e-04 -8.822680e-01 -4.707467e-01
    outer loop
      vertex   -5.588886e+00 3.370608e-02 -4.411114e+00
      vertex   -5.623463e+00 1.522409e-02 -4.376537e+00
      vertex   -6.625000e+00 2.679492e-02 -4.400000e+00
    endloop
  endfacet
  facet normal -1.708400e-03 -9.238782e-01 -3.826829e-01
    outer loop
      vertex   -6.625000e+00 2.679492e-02 -4.400000e+00
      vertex   -5.623463e+00 1.522409e-02 -4.376537e+00
      vertex   -6.625000e+00 6.814835e-03 -4.351764e+00
    endloop
  endfacet
  facet normal 0.000000e+00 -9.238795e-01 -3.826834e-01
    outer loop
      vertex   -6.625000e+00 2.679492e-02 -4.400000e+00
      vertex   -6.625000e+00 6.814835e-03 -4.351764e+00
      vertex   -7.750000e+00 6.814835e-03 -4.351764e+00
    endloop
  endfacet
  facet normal 0.000000e+00 -9.738770e-01 -2.270763e-01
    outer loop
      vertex   -7.750000e+00 6.814835e-03 -4.351764e+00
      vertex   -6.625000e+00 6.814835e-03 -4.351764e+00
      vertex   -5.660982e+00 3.842944e-03 -4.339018e+00
    endloop
  endfacet
  facet normal 8.765572e-04 -9.571831e-01 -2.894818e-01
    outer loop
      vertex   -5.623463e+00 1.522409e-02 -4.376537e+00
      vertex   -5.660982e+00 3.842944e-03 -4.339018e+00
      vertex   -6.625000e+00 6.814835e-03 -4.351764e+00
    endloop
  endfacet
  facet normal 0.000000e+00 -9.914449e-01 -1.305262e-01
    outer loop
      vertex   -1.225000e+01 6.814835e-03 -4.351764e+00
      vertex   -1.112500e+01 6.814835e-03 -4.351764e+00
      vertex   -1.430000e+01 0.000000e+00 -4.300000e+00
    endloop
  endfacet
  facet normal 0.000000e+00 -9.914449e-01 -1.305262e-01
    outer loop
      vertex   -1.430000e+01 0.000000e+00 -4.300000e+00
      vertex   -1.112500e+01 6.814835e-03 -4.351764e+00
      vertex   -1.000000e+01 6.814835e-03 -4.351764e+00
    endloop
  endfacet
  facet normal 0.000000e+00 -9.914449e-01 -1.305262e-01
    outer loop
      vertex   -1.430000e+01 0.000000e+00 -4.300000e+00
      vertex   -1.000000e+01 6.814835e-03 -4.351764e+00
      vertex   -8.875000e+00 6.814835e-03 -4.351764e+00
    endloop
  endfacet
  facet normal -0.000000e+00 -9.238795e-01 -3.826834e-01
    outer loop
      vertex   -8.875000e+00 6.814835e-03 -4.351764e+00
      vertex   -1.000000e+01 6.814835e-03 -4.351764e+00
      vertex   -8.875000e+00 2.679492e-02 -4.400000e+00
    endloop
  endfacet
  facet normal 0.000000e+00 -9.238795e-01 -3.826834e-01
    outer loop
      vertex   -8.875000e+00 6.814835e-03 -4.351764e+00
      vertex   -8.875000e+00 2.679492e-02 -4.400000e+00
      vertex   -7.750000e+00 2.679492e-02 -4.400000e+00
    endloop
  endfacet
  facet normal -0.000000e+00 -7.933533e-01 -6.087614e-01
    outer loop
      vertex   -7.750000e+00 2.679492e-02 -4.400000e+00
      vertex   -8.875000e+00 2.679492e-02 -4.400000e+00
      vertex   -7.750000e+00 5.857864e-02 -4.441421e+00
    endloop
  endfacet
  facet normal -3.691731e-17 -7.933533e-01 -6.087614e-01
    outer loop
      vertex   -7.750000e+00 2.679492e-02 -4.400000e+00
      vertex   -7.750000e+00 5.857864e-02 -4.441421e+00
      vertex   -6.625000e+00 5.857864e-02 -4.441421e+00
    endloop
  endfacet
  facet normal -3.003826e-17 -6.087614e-01 -7.933533e-01
    outer loop
      vertex   -6.625000e+00 5.857864e-02 -4.441421e+00
      vertex   -7.750000e+00 5.857864e-02 -4.441421e+00
      vertex   -6.625000e+00 1.000000e-01 -4.473205e+00
    endloop
  endfacet
  facet normal 0.000000e+00 -9.238795e-01 -3.826834e-01
    outer loop
      vertex   -1.225000e+01 6.814835e-03 -4.351764e+00
      vertex   -1.112500e+01 2.679492e-02 -4.400000e+00
      vertex   -1.112500e+01 6.814835e-03 -4.351764e+00
    endloop
  endfacet
  facet normal 0.000000e+00 -9.238795e-01 -3.826834e-01
    outer loop
      vertex   -1.112500e+01 6.814835e-03 -4.351764e+00
      vertex   -1.112500e+01 2.679492e-02 -4.400000e+00
      vertex   -1.000000e+01 2.679492e-02 -4.400000e+00
    endloop
  endfacet
  facet normal 0.000000e+00 -9.238795e-01 -3.826834e-01
    outer loop
      vertex   -1.112500e+01 6.814835e-03 -4.351764e+00
      vertex   -1.000000e+01 2.679492e-02 -4.400000e+00
      vertex   -1.000000e+01 6.814835e-03 -4.351764e+00
    endloop
  endfacet
  facet normal 0.000000e+00 -9.238795e-01 -3.826834e-01
    outer loop
      vertex   -1.000000e+01 6.814835e-03 -4.351764e+00
      vertex   -1.000000e+01 2.679492e-02 -4.400000e+00
      vertex   -8.875000e+00 2.679492e-02 -4.400000e+00
    endloop
  endfacet
  facet normal 0.000000e+00 -7.933533e-01 -6.087614e-01
    outer loop
      vertex   -1.112500e+01 2.679492e-02 -4.400000e+00
      vertex   -1.000000e+01 5.857864e-02 -4.441421e+00
      vertex   -1.000000e+01 2.679492e-02 -4.400000e+00
    endloop
  endfacet
  facet normal -2.215039e-17 -7.933533e-01 -6.087614e-01
    outer loop
      vertex   -1.000000e+01 2.679492e-02 -4.400000e+00
      vertex   -1.000000e+01 5.857864e-02 -4.441421e+00
      vertex   -8.875000e+00 5.857864e-02 -4.441421e+00
    endloop
  endfacet
  facet normal 0.000000e+00 -7.933533e-01 -6.087614e-01
    outer loop
      vertex   -1.000000e+01 2.679492e-02 -4.400000e+00
      vertex   -8.875000e+00 5.857864e-02 -4.441421e+00
      vertex   -8.875000e+00 2.679492e-02 -4.400000e+00
    endloop
  endfacet
  facet normal -3.691731e-17 -7.933533e-01 -6.087614e-01
    outer loop
      vertex   -8.875000e+00 2.679492e-02 -4.400000e+00
      vertex   -8.875000e+00 5.857864e-02 -4.441421e+00
      vertex   -7.750000e+00 5.857864e-02 -4.441421e+00
    endloop
  endfacet
  facet normal -1.877392e-17 -6.087614e-01 -7.933533e-01
    outer loop
      vertex   -1.000000e+01 5.857864e-02 -4.441421e+00
      vertex   -8.875000e+00 1.000000e-01 -4.473205e+00
      vertex   -8.875000e+00 5.857864e-02 -4.441421e+00
    endloop
  endfacet
  facet normal 0.000000e+00 -6.087614e-01 -7.933533e-01
    outer loop
      vertex   -8.875000e+00 5.857864e-02 -4.441421e+00
      vertex   -8.875000e+00 1.000000e-01 -4.473205e+00
      vertex   -7.750000e+00 1.000000e-01 -4.473205e+00
    endloop
  endfacet
  facet normal -2.628348e-17 -6.087614e-01 -7.933533e-01
    outer loop
      vertex   -8.875000e+00 5.857864e-02 -4.441421e+00
      vertex   -7.750000e+00 1.000000e-01 -4.473205e+00
      vertex   -7.750000e+00 5.857864e-02 -4.441421e+00
    endloop
  endfacet
  facet normal 0.000000e+00 -6.087614e-01 -7.933533e-01
    outer loop
      vertex   -7.750000e+00 5.857864e-02 -4.441421e+00
      vertex   -7.750000e+00 1.000000e-01 -4.473205e+00
      vertex   -6.625000e+00 1.000000e-01 -4.473205e+00
    endloop
  endfacet
  facet normal 0.000000e+00 -6.087614e-01 -7.933533e-01
    outer loop
      vertex   -1.337500e+01 5.857864e-02 -4.441421e+00
      vertex   -1.337500e+01 1.000000e-01 -4.473205e+00
      vertex   -1.225000e+01 1.000000e-01 -4.473205e+00
    endloop
  endfacet
  facet normal -0.000000e+00 -3.826834e-01 -9.238795e-01
    outer loop
      vertex   -1.225000e+01 1.000000e-01 -4.473205e+00
      vertex   -1.337500e+01 1.000000e-01 -4.473205e+00
      vertex   -1.225000e+01 1.482362e-01 -4.493185e+00
    endloop
  endfacet
  facet normal 0.000000e+00 -3.826834e-01 -9.238795e-01
    outer loop
      vertex   -1.225000e+01 1.000000e-01 -4.473205e+00
      vertex   -1.225000e+01 1.482362e-01 -4.493185e+00
      vertex   -1.112500e+01 1.482362e-01 -4.493185e+00
    endloop
  endfacet
  facet normal -0.000000e+00 -1.790169e-01 -9.838460e-01
    outer loop
      vertex   -1.112500e+01 1.482362e-01 -4.493185e+00
      vertex   -1.225000e+01 1.482362e-01 -4.493185e+00
      vertex   -1.449904e+01 1.803966e-01 -4.499037e+00
    endloop
  endfacet
  facet normal 0.000000e+00 -3.826834e-01 -9.238795e-01
    outer loop
      vertex   -6.625000e+00 1.482362e-01 -4.493185e+00
      vertex   -6.625000e+00 1.000000e-01 -4.473205e+00
      vertex   -7.750000e+00 1.000000e-01 -4.473205e+00
    endloop
  endfacet
  facet normal -0.000000e+00 -3.826834e-01 -9.238795e-01
    outer loop
      vertex   -6.625000e+00 1.482362e-01 -4.493185e+00
      vertex   -7.750000e+00 1.000000e-01 -4.473205e+00
      vertex   -7.750000e+00 1.482362e-01 -4.493185e+00
    endloop
  endfacet
  facet normal 0.000000e+00 -3.826834e-01 -9.238795e-01
    outer loop
      vertex   -7.750000e+00 1.482362e-01 -4.493185e+00
      vertex   -7.750000e+00 1.000000e-01 -4.473205e+00
      vertex   -8.875000e+00 1.000000e-01 -4.473205e+00
    endloop
  endfacet
  facet normal 0.000000e+00 -1.790169e-01 -9.838460e-01
    outer loop
      vertex   -1.449904e+01 1.803966e-01 -4.499037e+00
      vertex   -1.225000e+01 1.482362e-01 -4.493185e+00
      vertex   -1.337500e+01 1.482362e-01 -4.493185e+00
    endloop
  endfacet
  facet normal 0.000000e+00 -3.826834e-01 -9.238795e-01
    outer loop
      vertex   -1.337500e+01 1.482362e-01 -4.493185e+00
      vertex   -1.225000e+01 1.482362e-01 -4.493185e+00
      vertex   -1.337500e+01 1.000000e-01 -4.473205e+00
    endloop
  endfacet
  facet normal -9.987955e-01 -4.906767e-02 -0.000000e+00
    outer loop
      vertex   -1.450000e+01 2.000000e-01 -5.000000e-01
      vertex   -1.450000e+01 2.000000e-01 -4.500000e+00
      vertex   -1.449904e+01 1.803966e-01 -5.009631e-01
    endloop
  endfacet
  facet normal -9.888002e-01 -1.492445e-01 -4.934778e-04
    outer loop
      vertex   -1.449904e+01 1.803966e-01 -5.009631e-01
      vertex   -1.450000e+01 2.000000e-01 -4.500000e+00
      vertex   -1.449319e+01 1.482362e-01 -2.500000e+00
    endloop
  endfacet
  facet normal -9.838460e-01 -1.790169e-01 0.000000e+00
    outer loop
      vertex   -1.449904e+01 1.803966e-01 -5.009631e-01
      vertex   -1.449319e+01 1.482362e-01 -2.500000e+00
      vertex   -1.449319e+01 1.482362e-01 -1.500000e+00
    endloop
  endfacet
  facet normal -9.238795e-01 -3.826834e-01 -0.000000e+00
    outer loop
      vertex   -1.449319e+01 1.482362e-01 -1.500000e+00
      vertex   -1.449319e+01 1.482362e-01 -2.500000e+00
      vertex   -1.447321e+01 1.000000e-01 -1.500000e+00
    endloop
  endfacet
  facet normal -9.238781e-01 -3.826829e-01 -1.737477e-03
    outer loop
      vertex   -1.449319e+01 1.482362e-01 -1.500000e+00
      vertex   -1.447321e+01 1.000000e-01 -1.500000e+00
      vertex   -1.448478e+01 1.234633e-01 -5.152241e-01
    endloop
  endfacet
  facet normal -8.817252e-01 -4.717625e-01 8.802217e-04
    outer loop
      vertex   -1.448478e+01 1.234633e-01 -5.152241e-01
      vertex   -1.447321e+01 1.000000e-01 -1.500000e+00
      vertex   -1.446629e+01 8.888595e-02 -5.337061e-01
    endloop
  endfacet
  facet normal -7.933526e-01 -6.087609e-01 -1.327558e-03
    outer loop
      vertex   -1.446629e+01 8.888595e-02 -5.337061e-01
      vertex   -1.447321e+01 1.000000e-01 -1.500000e+00
      vertex   -1.444142e+01 5.857864e-02 -1.500000e+00
    endloop
  endfacet
  facet normal -7.730105e-01 -6.343933e-01 -2.232430e-16
    outer loop
      vertex   -1.446629e+01 8.888595e-02 -5.337061e-01
      vertex   -1.444142e+01 5.857864e-02 -1.500000e+00
      vertex   -1.444142e+01 5.857864e-02 -5.585786e-01
    endloop
  endfacet
  facet normal -6.343933e-01 -7.730105e-01 -2.734846e-16
    outer loop
      vertex   -1.444142e+01 5.857864e-02 -5.585786e-01
      vertex   -1.444142e+01 5.857864e-02 -1.500000e+00
      vertex   -1.441111e+01 3.370608e-02 -5.888860e-01
    endloop
  endfacet
  facet normal -6.087608e-01 -7.933526e-01 -1.407959e-03
    outer loop
      vertex   -1.441111e+01 3.370608e-02 -5.888860e-01
      vertex   -1.444142e+01 5.857864e-02 -1.500000e+00
      vertex   -1.440000e+01 2.679492e-02 -1.500000e+00
    endloop
  endfacet
  facet normal -4.706563e-01 -8.823161e-01 9.515060e-04
    outer loop
      vertex   -1.441111e+01 3.370608e-02 -5.888860e-01
      vertex   -1.440000e+01 2.679492e-02 -1.500000e+00
      vertex   -1.437654e+01 1.522409e-02 -6.234633e-01
    endloop
  endfacet
  facet normal -3.826827e-01 -9.238778e-01 -1.952028e-03
    outer loop
      vertex   -1.437654e+01 1.522409e-02 -6.234633e-01
      vertex   -1.440000e+01 2.679492e-02 -1.500000e+00
      vertex   -1.435176e+01 6.814835e-03 -1.500000e+00
    endloop
  endfacet
  facet normal -2.893639e-01 -9.572186e-01 1.005233e-03
    outer loop
      vertex   -1.437654e+01 1.522409e-02 -6.234633e-01
      vertex   -1.435176e+01 6.814835e-03 -1.500000e+00
      vertex   -1.433902e+01 3.842944e-03 -6.609819e-01
    endloop
  endfacet
  facet normal -1.000027e-01 -9.949851e-01 -2.005176e-03
    outer loop
      vertex   -1.433902e+01 3.842944e-03 -6.609819e-01
      vertex   -1.435176e+01 6.814835e-03 -1.500000e+00
      vertex   -1.430000e+01 0.000000e+00 -7.000000e-01
    endloop
  endfacet
  facet normal -1.305262e-01 -9.914449e-01 0.000000e+00
    outer loop
      vertex   -1.430000e+01 0.000000e+00 -7.000000e-01
      vertex   -1.435176e+01 6.814835e-03 -1.500000e+00
      vertex   -1.435176e+01 6.814835e-03 -2.500000e+00
    endloop
  endfacet
  facet normal -1.305262e-01 -9.914449e-01 0.000000e+00
    outer loop
      vertex   -1.430000e+01 0.000000e+00 -7.000000e-01
      vertex   -1.435176e+01 6.814835e-03 -2.500000e+00
      vertex   -1.435176e+01 6.814835e-03 -3.500000e+00
    endloop
  endfacet
  facet normal -3.826834e-01 -9.238795e-01 0.000000e+00
    outer loop
      vertex   -1.435176e+01 6.814835e-03 -3.500000e+00
      vertex   -1.435176e+01 6.814835e-03 -2.500000e+00
      vertex   -1.440000e+01 2.679492e-02 -3.500000e+00
    endloop
  endfacet
  facet normal -3.826827e-01 -9.238778e-01 1.952028e-03
    outer loop
      vertex   -1.435176e+01 6.814835e-03 -3.500000e+00
      vertex   -1.440000e+01 2.679492e-02 -3.500000e+00
      vertex   -1.437654e+01 1.522409e-02 -4.376537e+00
    endloop
  endfacet
  facet normal -4.706563e-01 -8.823161e-01 -9.515060e-04
    outer loop
      vertex   -1.437654e+01 1.522409e-02 -4.376537e+00
      vertex   -1.440000e+01 2.679492e-02 -3.500000e+00
      vertex   -1.441111e+01 3.370608e-02 -4.411114e+00
    endloop
  endfacet
  facet normal -6.087608e-01 -7.933526e-01 1.407959e-03
    outer loop
      vertex   -1.441111e+01 3.370608e-02 -4.411114e+00
      vertex   -1.440000e+01 2.679492e-02 -3.500000e+00
      vertex   -1.444142e+01 5.857864e-02 -3.500000e+00
    endloop
  endfacet
  facet normal -6.343933e-01 -7.730105e-01 1.380582e-16
    outer loop
      vertex   -1.441111e+01 3.370608e-02 -4.411114e+00
      vertex   -1.444142e+01 5.857864e-02 -3.500000e+00
      vertex   -1.444142e+01 5.857864e-02 -4.441421e+00
    endloop
  endfacet
  facet normal -7.730105e-01 -6.343933e-01 1.122215e-16
    outer loop
      vertex   -1.444142e+01 5.857864e-02 -4.441421e+00
      vertex   -1.444142e+01 5.857864e-02 -3.500000e+00
      vertex   -1.446629e+01 8.888595e-02 -4.466294e+00
    endloop
  endfacet
  facet normal -7.933526e-01 -6.087609e-01 1.327558e-03
    outer loop
      vertex   -1.446629e+01 8.888595e-02 -4.466294e+00
      vertex   -1.444142e+01 5.857864e-02 -3.500000e+00
      vertex   -1.447321e+01 1.000000e-01 -3.500000e+00
    endloop
  endfacet
  facet normal -8.817252e-01 -4.717625e-01 -8.802217e-04
    outer loop
      vertex   -1.446629e+01 8.888595e-02 -4.466294e+00
      vertex   -1.447321e+01 1.000000e-01 -3.500000e+00
      vertex   -1.448478e+01 1.234633e-01 -4.484776e+00
    endloop
  endfacet
  facet normal -9.238781e-01 -3.826829e-01 1.737477e-03
    outer loop
      vertex   -1.448478e+01 1.234633e-01 -4.484776e+00
      vertex   -1.447321e+01 1.000000e-01 -3.500000e+00
      vertex   -1.449319e+01 1.482362e-01 -3.500000e+00
    endloop
  endfacet
  facet normal -9.568673e-01 -2.905242e-01 -8.625565e-04
    outer loop
      vertex   -1.448478e+01 1.234633e-01 -4.484776e+00
      vertex   -1.449319e+01 1.482362e-01 -3.500000e+00
      vertex   -1.449616e+01 1.609819e-01 -4.496157e+00
    endloop
  endfacet
  facet normal -9.891991e-01 -1.465743e-01 1.075728e-03
    outer loop
      vertex   -1.449616e+01 1.609819e-01 -4.496157e+00
      vertex   -1.449319e+01 1.482362e-01 -3.500000e+00
      vertex   -1.449904e+01 1.803966e-01 -4.499037e+00
    endloop
  endfacet
  facet normal -9.987966e-01 -4.885759e-02 4.277579e-03
    outer loop
      vertex   -1.449904e+01 1.803966e-01 -4.499037e+00
      vertex   -1.449319e+01 1.482362e-01 -3.500000e+00
      vertex   -1.450000e+01 2.000000e-01 -4.500000e+00
    endloop
  endfacet
  facet normal -9.914449e-01 -1.305262e-01 0.000000e+00
    outer loop
      vertex   -1.450000e+01 2.000000e-01 -4.500000e+00
      vertex   -1.449319e+01 1.482362e-01 -3.500000e+00
      vertex   -1.449319e+01 1.482362e-01 -2.500000e+00
    endloop
  endfacet
  facet normal -2.893639e-01 -9.572186e-01 -1.005233e-03
    outer loop
      vertex   -1.437654e+01 1.522409e-02 -4.376537e+00
      vertex   -1.433902e+01 3.842944e-03 -4.339018e+00
      vertex   -1.435176e+01 6.814835e-03 -3.500000e+00
    endloop
  endfacet
  facet normal -1.747135e-01 -9.846190e-01 8.335065e-04
    outer loop
      vertex   -1.435176e+01 6.814835e-03 -3.500000e+00
      vertex   -1.433902e+01 3.842944e-03 -4.339018e+00
      vertex   -1.430000e+01 0.000000e+00 -7.000000e-01
    endloop
  endfacet
  facet normal -9.801714e-02 -9.951847e-01 0.000000e+00
    outer loop
      vertex   -1.433902e+01 3.842944e-03 -4.339018e+00
      vertex   -1.430000e+01 0.000000e+00 -4.300000e+00
      vertex   -1.430000e+01 0.000000e+00 -7.000000e-01
    endloop
  endfacet
  facet normal -9.568673e-01 -2.905242e-01 8.625565e-04
    outer loop
      vertex   -1.448478e+01 1.234633e-01 -5.152241e-01
      vertex   -1.449616e+01 1.609819e-01 -5.038429e-01
      vertex   -1.449319e+01 1.482362e-01 -1.500000e+00
    endloop
  endfacet
  facet normal -9.891991e-01 -1.465743e-01 -1.075728e-03
    outer loop
      vertex   -1.449319e+01 1.482362e-01 -1.500000e+00
      vertex   -1.449616e+01 1.609819e-01 -5.038429e-01
      vertex   -1.449904e+01 1.803966e-01 -5.009631e-01
    endloop
  endfacet
  facet normal -9.238795e-01 -3.826834e-01 -0.000000e+00
    outer loop
      vertex   -1.449319e+01 1.482362e-01 -2.500000e+00
      vertex   -1.449319e+01 1.482362e-01 -3.500000e+00
      vertex   -1.447321e+01 1.000000e-01 -2.500000e+00
    endloop
  endfacet
  facet normal -9.238795e-01 -3.826834e-01 -0.000000e+00
    outer loop
      vertex   -1.447321e+01 1.000000e-01 -2.500000e+00
      vertex   -1.449319e+01 1.482362e-01 -3.500000e+00
      vertex   -1.447321e+01 1.000000e-01 -3.500000e+00
    endloop
  endfacet
  facet normal -7.933533e-01 -6.087614e-01 -0.000000e+00
    outer loop
      vertex   -1.447321e+01 1.000000e-01 -2.500000e+00
      vertex   -1.447321e+01 1.000000e-01 -3.500000e+00
      vertex   -1.444142e+01 5.857864e-02 -2.500000e+00
    endloop
  endfacet
  facet normal -7.933533e-01 -6.087614e-01 -8.448262e-18
    outer loop
      vertex   -1.444142e+01 5.857864e-02 -2.500000e+00
      vertex   -1.447321e+01 1.000000e-01 -3.500000e+00
      vertex   -1.444142e+01 5.857864e-02 -3.500000e+00
    endloop
  endfacet
  facet normal -6.087614e-01 -7.933533e-01 -1.100999e-17
    outer loop
      vertex   -1.444142e+01 5.857864e-02 -2.500000e+00
      vertex   -1.444142e+01 5.857864e-02 -3.500000e+00
      vertex   -1.440000e+01 2.679492e-02 -2.500000e+00
    endloop
  endfacet
  facet normal -6.087614e-01 -7.933533e-01 -0.000000e+00
    outer loop
      vertex   -1.440000e+01 2.679492e-02 -2.500000e+00
      vertex   -1.444142e+01 5.857864e-02 -3.500000e+00
      vertex   -1.440000e+01 2.679492e-02 -3.500000e+00
    endloop
  endfacet
  facet normal -3.826834e-01 -9.238795e-01 -0.000000e+00
    outer loop
      vertex   -1.440000e+01 2.679492e-02 -2.500000e+00
      vertex   -1.440000e+01 2.679492e-02 -3.500000e+00
      vertex   -1.435176e+01 6.814835e-03 -2.500000e+00
    endloop
  endfacet
  facet normal -7.933533e-01 -6.087614e-01 0.000000e+00
    outer loop
      vertex   -1.444142e+01 5.857864e-02 -1.500000e+00
      vertex   -1.447321e+01 1.000000e-01 -1.500000e+00
      vertex   -1.447321e+01 1.000000e-01 -2.500000e+00
    endloop
  endfacet
  facet normal -9.238795e-01 -3.826834e-01 0.000000e+00
    outer loop
      vertex   -1.447321e+01 1.000000e-01 -2.500000e+00
      vertex   -1.447321e+01 1.000000e-01 -1.500000e+00
      vertex   -1.449319e+01 1.482362e-01 -2.500000e+00
    endloop
  endfacet
  facet normal -7.933533e-01 -6.087614e-01 -8.448262e-18
    outer loop
      vertex   -1.444142e+01 5.857864e-02 -1.500000e+00
      vertex   -1.447321e+01 1.000000e-01 -2.500000e+00
      vertex   -1.444142e+01 5.857864e-02 -2.500000e+00
    endloop
  endfacet
  facet normal -6.087614e-01 -7.933533e-01 -1.245959e-17
    outer loop
      vertex   -1.440000e+01 2.679492e-02 -1.500000e+00
      vertex   -1.444142e+01 5.857864e-02 -1.500000e+00
      vertex   -1.444142e+01 5.857864e-02 -2.500000e+00
    endloop
  endfacet
  facet normal -6.087614e-01 -7.933533e-01 -0.000000e+00
    outer loop
      vertex   -1.440000e+01 2.679492e-02 -1.500000e+00
      vertex   -1.444142e+01 5.857864e-02 -2.500000e+00
      vertex   -1.440000e+01 2.679492e-02 -2.500000e+00
    endloop
  endfacet
  facet normal -3.826834e-01 -9.238795e-01 0.000000e+00
    outer loop
      vertex   -1.435176e+01 6.814835e-03 -1.500000e+00
      vertex   -1.440000e+01 2.679492e-02 -1.500000e+00
      vertex   -1.440000e+01 2.679492e-02 -2.500000e+00
    endloop
  endfacet
  facet normal -3.826834e-01 -9.238795e-01 -0.000000e+00
    outer loop
      vertex   -1.435176e+01 6.814835e-03 -1.500000e+00
      vertex   -1.440000e+01 2.679492e-02 -2.500000e+00
      vertex   -1.435176e+01 6.814835e-03 -2.500000e+00
    endloop
  endfacet
  facet normal 0.000000e+00 -9.951847e-01 9.801714e-02
    outer loop
      vertex   -1.430000e+01 0.000000e+00 -7.000000e-01
      vertex   -5.700000e+00 0.000000e+00 -7.000000e-01
      vertex   -1.433902e+01 3.842944e-03 -6.609819e-01
    endloop
  endfacet
  facet normal 2.807458e-04 -9.872153e-01 1.593923e-01
    outer loop
      vertex   -1.433902e+01 3.842944e-03 -6.609819e-01
      vertex   -5.700000e+00 0.000000e+00 -7.000000e-01
      vertex   -1.112500e+01 6.814835e-03 -6.482362e-01
    endloop
  endfacet
  facet normal 0.000000e+00 -9.738770e-01 2.270763e-01
    outer loop
      vertex   -1.433902e+01 3.842944e-03 -6.609819e-01
      vertex   -1.112500e+01 6.814835e-03 -6.482362e-01
      vertex   -1.225000e+01 6.814835e-03 -6.482362e-01
    endloop
  endfacet
  facet normal 0.000000e+00 -9.238795e-01 3.826834e-01
    outer loop
      vertex   -1.225000e+01 6.814835e-03 -6.482362e-01
      vertex   -1.112500e+01 6.814835e-03 -6.482362e-01
      vertex   -1.225000e+01 2.679492e-02 -6.000000e-01
    endloop
  endfacet
  facet normal 0.000000e+00 -9.238795e-01 3.826834e-01
    outer loop
      vertex   -1.225000e+01 6.814835e-03 -6.482362e-01
      vertex   -1.225000e+01 2.679492e-02 -6.000000e-01
      vertex   -1.337500e+01 2.679492e-02 -6.000000e-01
    endloop
  endfacet
  facet normal 0.000000e+00 -7.933533e-01 6.087614e-01
    outer loop
      vertex   -1.337500e+01 2.679492e-02 -6.000000e-01
      vertex   -1.225000e+01 2.679492e-02 -6.000000e-01
      vertex   -1.337500e+01 5.857864e-02 -5.585786e-01
    endloop
  endfacet
  facet normal 1.238099e-03 -7.933527e-01 6.087610e-01
    outer loop
      vertex   -1.337500e+01 2.679492e-02 -6.000000e-01
      vertex   -1.337500e+01 5.857864e-02 -5.585786e-01
      vertex   -1.441111e+01 3.370608e-02 -5.888860e-01
    endloop
  endfacet
  facet normal 2.333791e-17 -7.730105e-01 6.343933e-01
    outer loop
      vertex   -1.441111e+01 3.370608e-02 -5.888860e-01
      vertex   -1.337500e+01 5.857864e-02 -5.585786e-01
      vertex   -1.444142e+01 5.857864e-02 -5.585786e-01
    endloop
  endfacet
  facet normal 2.063906e-17 -6.343933e-01 7.730105e-01
    outer loop
      vertex   -1.444142e+01 5.857864e-02 -5.585786e-01
      vertex   -1.337500e+01 5.857864e-02 -5.585786e-01
      vertex   -1.446629e+01 8.888595e-02 -5.337061e-01
    endloop
  endfacet
  facet normal 1.175496e-03 -6.087610e-01 7.933528e-01
    outer loop
      vertex   -1.446629e+01 8.888595e-02 -5.337061e-01
      vertex   -1.337500e+01 5.857864e-02 -5.585786e-01
      vertex   -1.337500e+01 1.000000e-01 -5.267949e-01
    endloop
  endfacet
  facet normal -7.799642e-04 -4.717208e-01 8.817476e-01
    outer loop
      vertex   -1.446629e+01 8.888595e-02 -5.337061e-01
      vertex   -1.337500e+01 1.000000e-01 -5.267949e-01
      vertex   -1.448478e+01 1.234633e-01 -5.152241e-01
    endloop
  endfacet
  facet normal 1.541776e-03 -3.826830e-01 9.238784e-01
    outer loop
      vertex   -1.448478e+01 1.234633e-01 -5.152241e-01
      vertex   -1.337500e+01 1.000000e-01 -5.267949e-01
      vertex   -1.337500e+01 1.482362e-01 -5.068148e-01
    endloop
  endfacet
  facet normal -7.660622e-04 -2.904974e-01 9.568755e-01
    outer loop
      vertex   -1.448478e+01 1.234633e-01 -5.152241e-01
      vertex   -1.337500e+01 1.482362e-01 -5.068148e-01
      vertex   -1.449616e+01 1.609819e-01 -5.038429e-01
    endloop
  endfacet
  facet normal 9.555877e-04 -1.465917e-01 9.891966e-01
    outer loop
      vertex   -1.449616e+01 1.609819e-01 -5.038429e-01
      vertex   -1.337500e+01 1.482362e-01 -5.068148e-01
      vertex   -1.449904e+01 1.803966e-01 -5.009631e-01
    endloop
  endfacet
  facet normal 3.801219e-03 -4.888103e-02 9.987974e-01
    outer loop
      vertex   -1.449904e+01 1.803966e-01 -5.009631e-01
      vertex   -1.337500e+01 1.482362e-01 -5.068148e-01
      vertex   -1.450000e+01 2.000000e-01 -5.000000e-01
    endloop
  endfacet
  facet normal 0.000000e+00 -1.305262e-01 9.914449e-01
    outer loop
      vertex   -1.450000e+01 2.000000e-01 -5.000000e-01
      vertex   -1.337500e+01 1.482362e-01 -5.068148e-01
      vertex   -1.225000e+01 1.482362e-01 -5.068148e-01
    endloop
  endfacet
  facet normal 0.000000e+00 -1.305262e-01 9.914449e-01
    outer loop
      vertex   -1.450000e+01 2.000000e-01 -5.000000e-01
      vertex   -1.225000e+01 1.482362e-01 -5.068148e-01
      vertex   -1.112500e+01 1.482362e-01 -5.068148e-01
    endloop
  endfacet
  facet normal 0.000000e+00 -3.826834e-01 9.238795e-01
    outer loop
      vertex   -1.112500e+01 1.482362e-01 -5.068148e-01
      vertex   -1.225000e+01 1.482362e-01 -5.068148e-01
      vertex   -1.112500e+01 1.000000e-01 -5.267949e-01
    endloop
  endfacet
  facet normal 0.000000e+00 -3.826834e-01 9.238795e-01
    outer loop
      vertex   -1.112500e+01 1.482362e-01 -5.068148e-01
      vertex   -1.112500e+01 1.000000e-01 -5.267949e-01
      vertex   -1.000000e+01 1.000000e-01 -5.267949e-01
    endloop
  endfacet
  facet normal 0.000000e+00 -6.087614e-01 7.933533e-01
    outer loop
      vertex   -1.000000e+01 1.000000e-01 -5.267949e-01
      vertex   -1.112500e+01 1.000000e-01 -5.267949e-01
      vertex   -1.000000e+01 5.857864e-02 -5.585786e-01
    endloop
  endfacet
  facet normal 0.000000e+00 -6.087614e-01 7.933533e-01
    outer loop
      vertex   -1.000000e+01 1.000000e-01 -5.267949e-01
      vertex   -1.000000e+01 5.857864e-02 -5.585786e-01
      vertex   -8.875000e+00 5.857864e-02 -5.585786e-01
    endloop
  endfacet
  facet normal 0.000000e+00 -7.933533e-01 6.087614e-01
    outer loop
      vertex   -8.875000e+00 5.857864e-02 -5.585786e-01
      vertex   -1.000000e+01 5.857864e-02 -5.585786e-01
      vertex   -8.875000e+00 2.679492e-02 -6.000000e-01
    endloop
  endfacet
  facet normal 0.000000e+00 -7.933533e-01 6.087614e-01
    outer loop
      vertex   -8.875000e+00 5.857864e-02 -5.585786e-01
      vertex   -8.875000e+00 2.679492e-02 -6.000000e-01
      vertex   -7.750000e+00 2.679492e-02 -6.000000e-01
    endloop
  endfacet
  facet normal 0.000000e+00 -9.238795e-01 3.826834e-01
    outer loop
      vertex   -7.750000e+00 2.679492e-02 -6.000000e-01
      vertex   -8.875000e+00 2.679492e-02 -6.000000e-01
      vertex   -7.750000e+00 6.814835e-03 -6.482362e-01
    endloop
  endfacet
  facet normal 0.000000e+00 -9.238795e-01 3.826834e-01
    outer loop
      vertex   -7.750000e+00 2.679492e-02 -6.000000e-01
      vertex   -7.750000e+00 6.814835e-03 -6.482362e-01
      vertex   -6.625000e+00 6.814835e-03 -6.482362e-01
    endloop
  endfacet
  facet normal 0.000000e+00 -9.914449e-01 1.305262e-01
    outer loop
      vertex   -6.625000e+00 6.814835e-03 -6.482362e-01
      vertex   -7.750000e+00 6.814835e-03 -6.482362e-01
      vertex   -5.700000e+00 0.000000e+00 -7.000000e-01
    endloop
  endfacet
  facet normal -1.748612e-03 -9.950111e-01 9.974865e-02
    outer loop
      vertex   -6.625000e+00 6.814835e-03 -6.482362e-01
      vertex   -5.700000e+00 0.000000e+00 -7.000000e-01
      vertex   -5.660982e+00 3.842944e-03 -6.609819e-01
    endloop
  endfacet
  facet normal 8.765572e-04 -9.571831e-01 2.894818e-01
    outer loop
      vertex   -5.660982e+00 3.842944e-03 -6.609819e-01
      vertex   -5.623463e+00 1.522409e-02 -6.234633e-01
      vertex   -6.625000e+00 6.814835e-03 -6.482362e-01
    endloop
  endfacet
  facet normal -1.708400e-03 -9.238782e-01 3.826829e-01
    outer loop
      vertex   -6.625000e+00 6.814835e-03 -6.482362e-01
      vertex   -5.623463e+00 1.522409e-02 -6.234633e-01
      vertex   -6.625000e+00 2.679492e-02 -6.000000e-01
    endloop
  endfacet
  facet normal 0.000000e+00 -9.238795e-01 3.826834e-01
    outer loop
      vertex   -6.625000e+00 6.814835e-03 -6.482362e-01
      vertex   -6.625000e+00 2.679492e-02 -6.000000e-01
      vertex   -7.750000e+00 2.679492e-02 -6.000000e-01
    endloop
  endfacet
  facet normal 0.000000e+00 -7.933533e-01 6.087614e-01
    outer loop
      vertex   -7.750000e+00 2.679492e-02 -6.000000e-01
      vertex   -6.625000e+00 2.679492e-02 -6.000000e-01
      vertex   -7.750000e+00 5.857864e-02 -5.585786e-01
    endloop
  endfacet
  facet normal 0.000000e+00 -7.933533e-01 6.087614e-01
    outer loop
      vertex   -7.750000e+00 2.679492e-02 -6.000000e-01
      vertex   -7.750000e+00 5.857864e-02 -5.585786e-01
      vertex   -8.875000e+00 5.857864e-02 -5.585786e-01
    endloop
  endfacet
  facet normal 0.000000e+00 -6.087614e-01 7.933533e-01
    outer loop
      vertex   -8.875000e+00 5.857864e-02 -5.585786e-01
      vertex   -7.750000e+00 5.857864e-02 -5.585786e-01
      vertex   -8.875000e+00 1.000000e-01 -5.267949e-01
    endloop
  endfacet
  facet normal 0.000000e+00 -6.087614e-01 7.933533e-01
    outer loop
      vertex   -8.875000e+00 5.857864e-02 -5.585786e-01
      vertex   -8.875000e+00 1.000000e-01 -5.267949e-01
      vertex   -1.000000e+01 1.000000e-01 -5.267949e-01
    endloop
  endfacet
  facet normal 0.000000e+00 -3.826834e-01 9.238795e-01
    outer loop
      vertex   -1.000000e+01 1.000000e-01 -5.267949e-01
      vertex   -8.875000e+00 1.000000e-01 -5.267949e-01
      vertex   -1.000000e+01 1.482362e-01 -5.068148e-01
    endloop
  endfacet
  facet normal 0.000000e+00 -3.826834e-01 9.238795e-01
    outer loop
      vertex   -1.000000e+01 1.000000e-01 -5.267949e-01
      vertex   -1.000000e+01 1.482362e-01 -5.068148e-01
      vertex   -1.112500e+01 1.482362e-01 -5.068148e-01
    endloop
  endfacet
  facet normal 0.000000e+00 -1.305262e-01 9.914449e-01
    outer loop
      vertex   -1.112500e+01 1.482362e-01 -5.068148e-01
      vertex   -1.000000e+01 1.482362e-01 -5.068148e-01
      vertex   -1.450000e+01 2.000000e-01 -5.000000e-01
    endloop
  endfacet
  facet normal 8.354231e-04 -8.822680e-01 4.707467e-01
    outer loop
      vertex   -5.623463e+00 1.522409e-02 -6.234633e-01
      vertex   -5.588886e+00 3.370608e-02 -5.888860e-01
      vertex   -6.625000e+00 2.679492e-02 -6.000000e-01
    endloop
  endfacet
  facet normal -1.238099e-03 -7.933527e-01 6.087610e-01
    outer loop
      vertex   -6.625000e+00 2.679492e-02 -6.000000e-01
      vertex   -5.588886e+00 3.370608e-02 -5.888860e-01
      vertex   -6.625000e+00 5.857864e-02 -5.585786e-01
    endloop
  endfacet
  facet normal 0.000000e+00 -7.933533e-01 6.087614e-01
    outer loop
      vertex   -6.625000e+00 2.679492e-02 -6.000000e-01
      vertex   -6.625000e+00 5.857864e-02 -5.585786e-01
      vertex   -7.750000e+00 5.857864e-02 -5.585786e-01
    endloop
  endfacet
  facet normal 0.000000e+00 -6.087614e-01 7.933533e-01
    outer loop
      vertex   -7.750000e+00 5.857864e-02 -5.585786e-01
      vertex   -6.625000e+00 5.857864e-02 -5.585786e-01
      vertex   -7.750000e+00 1.000000e-01 -5.267949e-01
    endloop
  endfacet
  facet normal 0.000000e+00 -6.087614e-01 7.933533e-01
    outer loop
      vertex   -7.750000e+00 5.857864e-02 -5.585786e-01
      vertex   -7.750000e+00 1.000000e-01 -5.267949e-01
      vertex   -8.875000e+00 1.000000e-01 -5.267949e-01
    endloop
  endfacet
  facet normal 0.000000e+00 -3.826834e-01 9.238795e-01
    outer loop
      vertex   -8.875000e+00 1.000000e-01 -5.267949e-01
      vertex   -7.750000e+00 1.000000e-01 -5.267949e-01
      vertex   -8.875000e+00 1.482362e-01 -5.068148e-01
    endloop
  endfacet
  facet normal 0.000000e+00 -3.826834e-01 9.238795e-01
    outer loop
      vertex   -8.875000e+00 1.000000e-01 -5.267949e-01
      vertex   -8.875000e+00 1.482362e-01 -5.068148e-01
      vertex   -1.000000e+01 1.482362e-01 -5.068148e-01
    endloop
  endfacet
  facet normal 0.000000e+00 -1.790169e-01 9.838460e-01
    outer loop
      vertex   -1.000000e+01 1.482362e-01 -5.068148e-01
      vertex   -8.875000e+00 1.482362e-01 -5.068148e-01
      vertex   -5.500963e+00 1.803966e-01 -5.009631e-01
    endloop
  endfacet
  facet normal -2.192874e-04 -1.492415e-01 9.888008e-01
    outer loop
      vertex   -1.000000e+01 1.482362e-01 -5.068148e-01
      vertex   -5.500963e+00 1.803966e-01 -5.009631e-01
      vertex   -1.450000e+01 2.000000e-01 -5.000000e-01
    endloop
  endfacet
  facet normal 0.000000e+00 -4.906767e-02 9.987955e-01
    outer loop
      vertex   -1.450000e+01 2.000000e-01 -5.000000e-01
      vertex   -5.500963e+00 1.803966e-01 -5.009631e-01
      vertex   -5.500000e+00 2.000000e-01 -5.000000e-01
    endloop
  endfacet
  facet normal -2.593101e-17 -7.730105e-01 6.343933e-01
    outer loop
      vertex   -5.588886e+00 3.370608e-02 -5.888860e-01
      vertex   -5.558579e+00 5.857864e-02 -5.585786e-01
      vertex   -6.625000e+00 5.857864e-02 -5.585786e-01
    endloop
  endfacet
  facet normal -2.063906e-17 -6.343933e-01 7.730105e-01
    outer loop
      vertex   -6.625000e+00 5.857864e-02 -5.585786e-01
      vertex   -5.558579e+00 5.857864e-02 -5.585786e-01
      vertex   -5.533706e+00 8.888595e-02 -5.337061e-01
    endloop
  endfacet
  facet normal -1.175496e-03 -6.087610e-01 7.933528e-01
    outer loop
      vertex   -6.625000e+00 5.857864e-02 -5.585786e-01
      vertex   -5.533706e+00 8.888595e-02 -5.337061e-01
      vertex   -6.625000e+00 1.000000e-01 -5.267949e-01
    endloop
  endfacet
  facet normal 7.799642e-04 -4.717208e-01 8.817476e-01
    outer loop
      vertex   -6.625000e+00 1.000000e-01 -5.267949e-01
      vertex   -5.533706e+00 8.888595e-02 -5.337061e-01
      vertex   -5.515224e+00 1.234633e-01 -5.152241e-01
    endloop
  endfacet
  facet normal -1.541776e-03 -3.826830e-01 9.238784e-01
    outer loop
      vertex   -6.625000e+00 1.000000e-01 -5.267949e-01
      vertex   -5.515224e+00 1.234633e-01 -5.152241e-01
      vertex   -6.625000e+00 1.482362e-01 -5.068148e-01
    endloop
  endfacet
  facet normal 7.660622e-04 -2.904974e-01 9.568755e-01
    outer loop
      vertex   -6.625000e+00 1.482362e-01 -5.068148e-01
      vertex   -5.515224e+00 1.234633e-01 -5.152241e-01
      vertex   -5.503843e+00 1.609819e-01 -5.038429e-01
    endloop
  endfacet
  facet normal -9.555877e-04 -1.465917e-01 9.891966e-01
    outer loop
      vertex   -6.625000e+00 1.482362e-01 -5.068148e-01
      vertex   -5.503843e+00 1.609819e-01 -5.038429e-01
      vertex   -5.500963e+00 1.803966e-01 -5.009631e-01
    endloop
  endfacet
  facet normal -8.354231e-04 -8.822680e-01 4.707467e-01
    outer loop
      vertex   -1.441111e+01 3.370608e-02 -5.888860e-01
      vertex   -1.437654e+01 1.522409e-02 -6.234633e-01
      vertex   -1.337500e+01 2.679492e-02 -6.000000e-01
    endloop
  endfacet
  facet normal 1.708400e-03 -9.238782e-01 3.826829e-01
    outer loop
      vertex   -1.337500e+01 2.679492e-02 -6.000000e-01
      vertex   -1.437654e+01 1.522409e-02 -6.234633e-01
      vertex   -1.337500e+01 6.814835e-03 -6.482362e-01
    endloop
  endfacet
  facet normal 0.000000e+00 -9.238795e-01 3.826834e-01
    outer loop
      vertex   -1.337500e+01 2.679492e-02 -6.000000e-01
      vertex   -1.337500e+01 6.814835e-03 -6.482362e-01
      vertex   -1.225000e+01 6.814835e-03 -6.482362e-01
    endloop
  endfacet
  facet normal 0.000000e+00 -9.738770e-01 2.270763e-01
    outer loop
      vertex   -1.225000e+01 6.814835e-03 -6.482362e-01
      vertex   -1.337500e+01 6.814835e-03 -6.482362e-01
      vertex   -1.433902e+01 3.842944e-03 -6.609819e-01
    endloop
  endfacet
  facet normal -8.765572e-04 -9.571831e-01 2.894818e-01
    outer loop
      vertex   -1.437654e+01 1.522409e-02 -6.234633e-01
      vertex   -1.433902e+01 3.842944e-03 -6.609819e-01
      vertex   -1.337500e+01 6.814835e-03 -6.482362e-01
    endloop
  endfacet
  facet normal 0.000000e+00 -9.914449e-01 1.305262e-01
    outer loop
      vertex   -7.750000e+00 6.814835e-03 -6.482362e-01
      vertex   -8.875000e+00 6.814835e-03 -6.482362e-01
      vertex   -5.700000e+00 0.000000e+00 -7.000000e-01
    endloop
  endfacet
  facet normal 0.000000e+00 -9.914449e-01 1.305262e-01
    outer loop
      vertex   -5.700000e+00 0.000000e+00 -7.000000e-01
      vertex   -8.875000e+00 6.814835e-03 -6.482362e-01
      vertex   -1.000000e+01 6.814835e-03 -6.482362e-01
    endloop
  endfacet
  facet normal 0.000000e+00 -9.914449e-01 1.305262e-01
    outer loop
      vertex   -5.700000e+00 0.000000e+00 -7.000000e-01
      vertex   -1.000000e+01 6.814835e-03 -6.482362e-01
      vertex   -1.112500e+01 6.814835e-03 -6.482362e-01
    endloop
  endfacet
  facet normal 0.000000e+00 -9.238795e-01 3.826834e-01
    outer loop
      vertex   -1.112500e+01 6.814835e-03 -6.482362e-01
      vertex   -1.000000e+01 6.814835e-03 -6.482362e-01
      vertex   -1.112500e+01 2.679492e-02 -6.000000e-01
    endloop
  endfacet
  facet normal 0.000000e+00 -9.238795e-01 3.826834e-01
    outer loop
      vertex   -1.112500e+01 6.814835e-03 -6.482362e-01
      vertex   -1.112500e+01 2.679492e-02 -6.000000e-01
      vertex   -1.225000e+01 2.679492e-02 -6.000000e-01
    endloop
  endfacet
  facet normal 0.000000e+00 -7.933533e-01 6.087614e-01
    outer loop
      vertex   -1.225000e+01 2.679492e-02 -6.000000e-01
      vertex   -1.112500e+01 2.679492e-02 -6.000000e-01
      vertex   -1.225000e+01 5.857864e-02 -5.585786e-01
    endloop
  endfacet
  facet normal 0.000000e+00 -7.933533e-01 6.087614e-01
    outer loop
      vertex   -1.225000e+01 2.679492e-02 -6.000000e-01
      vertex   -1.225000e+01 5.857864e-02 -5.585786e-01
      vertex   -1.337500e+01 5.857864e-02 -5.585786e-01
    endloop
  endfacet
  facet normal 0.000000e+00 -6.087614e-01 7.933533e-01
    outer loop
      vertex   -1.337500e+01 5.857864e-02 -5.585786e-01
      vertex   -1.225000e+01 5.857864e-02 -5.585786e-01
      vertex   -1.337500e+01 1.000000e-01 -5.267949e-01
    endloop
  endfacet
  facet normal 0.000000e+00 -9.238795e-01 3.826834e-01
    outer loop
      vertex   -7.750000e+00 6.814835e-03 -6.482362e-01
      vertex   -8.875000e+00 2.679492e-02 -6.000000e-01
      vertex   -8.875000e+00 6.814835e-03 -6.482362e-01
    endloop
  endfacet
  facet normal 0.000000e+00 -9.238795e-01 3.826834e-01
    outer loop
      vertex   -8.875000e+00 6.814835e-03 -6.482362e-01
      vertex   -8.875000e+00 2.679492e-02 -6.000000e-01
      vertex   -1.000000e+01 2.679492e-02 -6.000000e-01
    endloop
  endfacet
  facet normal 0.000000e+00 -9.238795e-01 3.826834e-01
    outer loop
      vertex   -8.875000e+00 6.814835e-03 -6.482362e-01
      vertex   -1.000000e+01 2.679492e-02 -6.000000e-01
      vertex   -1.000000e+01 6.814835e-03 -6.482362e-01
    endloop
  endfacet
  facet normal 0.000000e+00 -9.238795e-01 3.826834e-01
    outer loop
      vertex   -1.000000e+01 6.814835e-03 -6.482362e-01
      vertex   -1.000000e+01 2.679492e-02 -6.000000e-01
      vertex   -1.112500e+01 2.679492e-02 -6.000000e-01
    endloop
  endfacet
  facet normal 0.000000e+00 -7.933533e-01 6.087614e-01
    outer loop
      vertex   -8.875000e+00 2.679492e-02 -6.000000e-01
      vertex   -1.000000e+01 5.857864e-02 -5.585786e-01
      vertex   -1.000000e+01 2.679492e-02 -6.000000e-01
    endloop
  endfacet
  facet normal 0.000000e+00 -7.933533e-01 6.087614e-01
    outer loop
      vertex   -1.000000e+01 2.679492e-02 -6.000000e-01
      vertex   -1.000000e+01 5.857864e-02 -5.585786e-01
      vertex   -1.112500e+01 5.857864e-02 -5.585786e-01
    endloop
  endfacet
  facet normal 0.000000e+00 -7.933533e-01 6.087614e-01
    outer loop
      vertex   -1.000000e+01 2.679492e-02 -6.000000e-01
      vertex   -1.112500e+01 5.857864e-02 -5.585786e-01
      vertex   -1.112500e+01 2.679492e-02 -6.000000e-01
    endloop
  endfacet
  facet normal 0.000000e+00 -7.933533e-01 6.087614e-01
    outer loop
      vertex   -1.112500e+01 2.679492e-02 -6.000000e-01
      vertex   -1.112500e+01 5.857864e-02 -5.585786e-01
      vertex   -1.225000e+01 5.857864e-02 -5.585786e-01
    endloop
  endfacet
  facet normal 0.000000e+00 -6.087614e-01 7.933533e-01
    outer loop
      vertex   -1.000000e+01 5.857864e-02 -5.585786e-01
      vertex   -1.112500e+01 1.000000e-01 -5.267949e-01
      vertex   -1.112500e+01 5.857864e-02 -5.585786e-01
    endloop
  endfacet
  facet normal 0.000000e+00 -6.087614e-01 7.933533e-01
    outer loop
      vertex   -1.112500e+01 5.857864e-02 -5.585786e-01
      vertex   -1.112500e+01 1.000000e-01 -5.267949e-01
      vertex   -1.225000e+01 1.000000e-01 -5.267949e-01
    endloop
  endfacet
  facet normal 0.000000e+00 -6.087614e-01 7.933533e-01
    outer loop
      vertex   -1.112500e+01 5.857864e-02 -5.585786e-01
      vertex   -1.225000e+01 1.000000e-01 -5.267949e-01
      vertex   -1.225000e+01 5.857864e-02 -5.585786e-01
    endloop
  endfacet
  facet normal 0.000000e+00 -6.087614e-01 7.933533e-01
    outer loop
      vertex   -1.225000e+01 5.857864e-02 -5.585786e-01
      vertex   -1.225000e+01 1.000000e-01 -5.267949e-01
      vertex   -1.337500e+01 1.000000e-01 -5.267949e-01
    endloop
  endfacet
  facet normal 0.000000e+00 -6.087614e-01 7.933533e-01
    outer loop
      vertex   -6.625000e+00 5.857864e-02 -5.585786e-01
      vertex   -6.625000e+00 1.000000e-01 -5.267949e-01
      vertex   -7.750000e+00 1.000000e-01 -5.267949e-01
    endloop
  endfacet
  facet normal 0.000000e+00 -3.826834e-01 9.238795e-01
    outer loop
      vertex   -7.750000e+00 1.000000e-01 -5.267949e-01
      vertex   -6.625000e+00 1.000000e-01 -5.267949e-01
      vertex   -7.750000e+00 1.482362e-01 -5.068148e-01
    endloop
  endfacet
  facet normal 0.000000e+00 -3.826834e-01 9.238795e-01
    outer loop
      vertex   -7.750000e+00 1.000000e-01 -5.267949e-01
      vertex   -7.750000e+00 1.482362e-01 -5.068148e-01
      vertex   -8.875000e+00 1.482362e-01 -5.068148e-01
    endloop
  endfacet
  facet normal 0.000000e+00 -1.790169e-01 9.838460e-01
    outer loop
      vertex   -8.875000e+00 1.482362e-01 -5.068148e-01
      vertex   -7.750000e+00 1.482362e-01 -5.068148e-01
      vertex   -5.500963e+00 1.803966e-01 -5.009631e-01
    endloop
  endfacet
  facet normal 0.000000e+00 -3.826834e-01 9.238795e-01
    outer loop
      vertex   -1.337500e+01 1.482362e-01 -5.068148e-01
      vertex   -1.337500e+01 1.000000e-01 -5.267949e-01
      vertex   -1.225000e+01 1.000000e-01 -5.267949e-01
    endloop
  endfacet
  facet normal 0.000000e+00 -3.826834e-01 9.238795e-01
    outer loop
      vertex   -1.337500e+01 1.482362e-01 -5.068148e-01
      vertex   -1.225000e+01 1.000000e-01 -5.267949e-01
      vertex   -1.225000e+01 1.482362e-01 -5.068148e-01
    endloop
  endfacet
  facet normal 0.000000e+00 -3.826834e-01 9.238795e-01
    outer loop
      vertex   -1.225000e+01 1.482362e-01 -5.068148e-01
      vertex   -1.225000e+01 1.000000e-01 -5.267949e-01
      vertex   -1.112500e+01 1.000000e-01 -5.267949e-01
    endloop
  endfacet
  facet normal 0.000000e+00 -1.790169e-01 9.838460e-01
    outer loop
      vertex   -5.500963e+00 1.803966e-01 -5.009631e-01
      vertex   -7.750000e+00 1.482362e-01 -5.068148e-01
      vertex   -6.625000e+00 1.482362e-01 -5.068148e-01
    endloop
  endfacet
  facet normal 0.000000e+00 -3.826834e-01 9.238795e-01
    outer loop
      vertex   -6.625000e+00 1.482362e-01 -5.068148e-01
      vertex   -7.750000e+00 1.482362e-01 -5.068148e-01
      vertex   -6.625000e+00 1.000000e-01 -5.267949e-01
    endloop
  endfacet
  facet normal 0.000000e+00 0.000000e+00 1.000000e+00
    outer loop
      vertex   -1.450000e+01 2.000000e-01 -5.000000e-01
      vertex   -5.500000e+00 2.000000e-01 -5.000000e-01
      vertex   -1.450000e+01 1.500000e+00 -5.000000e-01
    endloop
  endfacet
  facet normal -0.000000e+00 0.000000e+00 1.000000e+00
    outer loop
      vertex   -1.450000e+01 1.500000e+00 -5.000000e-01
      vertex   -5.500000e+00 2.000000e-01 -5.000000e-01
      vertex   -5.500000e+00 1.500000e+00 -5.000000e-01
    endloop
  endfacet
  facet normal 1.000000e+00 -0.000000e+00 0.000000e+00
    outer loop
      vertex   -5.500000e+00 2.000000e-01 -5.000000e-01
      vertex   -5.500000e+00 2.000000e-01 -4.500000e+00
      vertex   -5.500000e+00 1.500000e+00 -5.000000e-01
    endloop
  endfacet
  facet normal 1.000000e+00 0.000000e+00 0.000000e+00
    outer loop
      vertex   -5.500000e+00 1.500000e+00 -5.000000e-01
      vertex   -5.500000e+00 2.000000e-01 -4.500000e+00
      vertex   -5.500000e+00 1.500000e+00 -4.500000e+00
    endloop
  endfacet
  facet normal -0.000000e+00 -1.000000e+00 -0.000000e+00
    outer loop
      vertex   -5.700000e+00 0.000000e+00 -7.000000e-01
      vertex   -1.430000e+01 0.000000e+00 -7.000000e-01
      vertex   -5.700000e+00 0.000000e+00 -4.300000e+00
    endloop
  endfacet
  facet normal -0.000000e+00 -1.000000e+00 0.000000e+00
    outer loop
      vertex   -5.700000e+00 0.000000e+00 -4.300000e+00
      vertex   -1.430000e+01 0.000000e+00 -7.000000e-01
      vertex   -1.430000e+01 0.000000e+00 -4.300000e+00
    endloop
  endfacet
  facet normal -1.232095e-16 -4.906767e-02 9.987955e-01
    outer loop
      vertex   -1.550000e+01 2.000000e-01 -5.000000e-01
      vertex   -2.000000e+01 2.000000e-01 -5.000000e-01
      vertex   -1.550096e+01 1.803966e-01 -5.009631e-01
    endloop
  endfacet
  facet normal -4.386325e-04 -1.492439e-01 9.888003e-01
    outer loop
      vertex   -1.550096e+01 1.803966e-01 -5.009631e-01
      vertex   -2.000000e+01 2.000000e-01 -5.000000e-01
      vertex   -1.775000e+01 1.482362e-01 -5.068148e-01
    endloop
  endfacet
  facet normal 0.000000e+00 -1.790169e-01 9.838460e-01
    outer loop
      vertex   -1.550096e+01 1.803966e-01 -5.009631e-01
      vertex   -1.775000e+01 1.482362e-01 -5.068148e-01
      vertex   -1.662500e+01 1.482362e-01 -5.068148e-01
    endloop
  endfacet
  facet normal 0.000000e+00 -3.826834e-01 9.238795e-01
    outer loop
      vertex   -1.662500e+01 1.482362e-01 -5.068148e-01
      vertex   -1.775000e+01 1.482362e-01 -5.068148e-01
      vertex   -1.662500e+01 1.000000e-01 -5.267949e-01
    endloop
  endfacet
  facet normal -1.541776e-03 -3.826830e-01 9.238784e-01
    outer loop
      vertex   -1.662500e+01 1.482362e-01 -5.068148e-01
      vertex   -1.662500e+01 1.000000e-01 -5.267949e-01
      vertex   -1.551522e+01 1.234633e-01 -5.152241e-01
    endloop
  endfacet
  facet normal 7.799642e-04 -4.717208e-01 8.817476e-01
    outer loop
      vertex   -1.551522e+01 1.234633e-01 -5.152241e-01
      vertex   -1.662500e+01 1.000000e-01 -5.267949e-01
      vertex   -1.553371e+01 8.888595e-02 -5.337061e-01
    endloop
  endfacet
  facet normal -1.175496e-03 -6.087610e-01 7.933528e-01
    outer loop
      vertex   -1.553371e+01 8.888595e-02 -5.337061e-01
      vertex   -1.662500e+01 1.000000e-01 -5.267949e-01
      vertex   -1.662500e+01 5.857864e-02 -5.585786e-01
    endloop
  endfacet
  facet normal -7.260683e-17 -6.343933e-01 7.730105e-01
    outer loop
      vertex   -1.553371e+01 8.888595e-02 -5.337061e-01
      vertex   -1.662500e+01 5.857864e-02 -5.585786e-01
      vertex   -1.555858e+01 5.857864e-02 -5.585786e-01
    endloop
  endfacet
  facet normal -5.598550e-17 -7.730105e-01 6.343933e-01
    outer loop
      vertex   -1.555858e+01 5.857864e-02 -5.585786e-01
      vertex   -1.662500e+01 5.857864e-02 -5.585786e-01
      vertex   -1.558889e+01 3.370608e-02 -5.888860e-01
    endloop
  endfacet
  facet normal -1.238099e-03 -7.933527e-01 6.087610e-01
    outer loop
      vertex   -1.558889e+01 3.370608e-02 -5.888860e-01
      vertex   -1.662500e+01 5.857864e-02 -5.585786e-01
      vertex   -1.662500e+01 2.679492e-02 -6.000000e-01
    endloop
  endfacet
  facet normal 8.354232e-04 -8.822680e-01 4.707467e-01
    outer loop
      vertex   -1.558889e+01 3.370608e-02 -5.888860e-01
      vertex   -1.662500e+01 2.679492e-02 -6.000000e-01
      vertex   -1.562346e+01 1.522409e-02 -6.234633e-01
    endloop
  endfacet
  facet normal -1.708400e-03 -9.238782e-01 3.826829e-01
    outer loop
      vertex   -1.562346e+01 1.522409e-02 -6.234633e-01
      vertex   -1.662500e+01 2.679492e-02 -6.000000e-01
      vertex   -1.662500e+01 6.814835e-03 -6.482362e-01
    endloop
  endfacet
  facet normal 8.765572e-04 -9.571831e-01 2.894818e-01
    outer loop
      vertex   -1.562346e+01 1.522409e-02 -6.234633e-01
      vertex   -1.662500e+01 6.814835e-03 -6.482362e-01
      vertex   -1.566098e+01 3.842944e-03 -6.609819e-01
    endloop
  endfacet
  facet normal -1.748612e-03 -9.950111e-01 9.974865e-02
    outer loop
      vertex   -1.566098e+01 3.842944e-03 -6.609819e-01
      vertex   -1.662500e+01 6.814835e-03 -6.482362e-01
      vertex   -1.570000e+01 0.000000e+00 -7.000000e-01
    endloop
  endfacet
  facet normal 0.000000e+00 -9.914449e-01 1.305262e-01
    outer loop
      vertex   -1.570000e+01 0.000000e+00 -7.000000e-01
      vertex   -1.662500e+01 6.814835e-03 -6.482362e-01
      vertex   -1.775000e+01 6.814835e-03 -6.482362e-01
    endloop
  endfacet
  facet normal -1.685037e-17 -9.914449e-01 1.305262e-01
    outer loop
      vertex   -1.570000e+01 0.000000e+00 -7.000000e-01
      vertex   -1.775000e+01 6.814835e-03 -6.482362e-01
      vertex   -2.000000e+01 0.000000e+00 -7.000000e-01
    endloop
  endfacet
  facet normal 0.000000e+00 -9.914449e-01 1.305262e-01
    outer loop
      vertex   -2.000000e+01 0.000000e+00 -7.000000e-01
      vertex   -1.775000e+01 6.814835e-03 -6.482362e-01
      vertex   -1.887500e+01 6.814835e-03 -6.482362e-01
    endloop
  endfacet
  facet normal -2.215039e-17 -9.914449e-01 1.305262e-01
    outer loop
      vertex   -2.000000e+01 0.000000e+00 -7.000000e-01
      vertex   -1.887500e+01 6.814835e-03 -6.482362e-01
      vertex   -2.000000e+01 6.814835e-03 -6.482362e-01
    endloop
  endfacet
  facet normal -2.136901e-17 -9.238795e-01 3.826834e-01
    outer loop
      vertex   -2.000000e+01 6.814835e-03 -6.482362e-01
      vertex   -1.887500e+01 6.814835e-03 -6.482362e-01
      vertex   -2.000000e+01 2.679492e-02 -6.000000e-01
    endloop
  endfacet
  facet normal 2.636888e-17 -9.238795e-01 3.826834e-01
    outer loop
      vertex   -2.000000e+01 2.679492e-02 -6.000000e-01
      vertex   -1.887500e+01 6.814835e-03 -6.482362e-01
      vertex   -1.887500e+01 2.679492e-02 -6.000000e-01
    endloop
  endfacet
  facet normal 5.028987e-17 -7.933533e-01 6.087614e-01
    outer loop
      vertex   -2.000000e+01 2.679492e-02 -6.000000e-01
      vertex   -1.887500e+01 2.679492e-02 -6.000000e-01
      vertex   -2.000000e+01 5.857864e-02 -5.585786e-01
    endloop
  endfacet
  facet normal -2.582323e-17 -7.933533e-01 6.087614e-01
    outer loop
      vertex   -2.000000e+01 5.857864e-02 -5.585786e-01
      vertex   -1.887500e+01 2.679492e-02 -6.000000e-01
      vertex   -1.887500e+01 5.857864e-02 -5.585786e-01
    endloop
  endfacet
  facet normal -5.200978e-17 -6.087614e-01 7.933533e-01
    outer loop
      vertex   -2.000000e+01 5.857864e-02 -5.585786e-01
      vertex   -1.887500e+01 5.857864e-02 -5.585786e-01
      vertex   -2.000000e+01 1.000000e-01 -5.267949e-01
    endloop
  endfacet
  facet normal -1.501913e-17 -6.087614e-01 7.933533e-01
    outer loop
      vertex   -2.000000e+01 1.000000e-01 -5.267949e-01
      vertex   -1.887500e+01 5.857864e-02 -5.585786e-01
      vertex   -1.887500e+01 1.000000e-01 -5.267949e-01
    endloop
  endfacet
  facet normal -9.441422e-18 -3.826834e-01 9.238795e-01
    outer loop
      vertex   -2.000000e+01 1.000000e-01 -5.267949e-01
      vertex   -1.887500e+01 1.000000e-01 -5.267949e-01
      vertex   -2.000000e+01 1.482362e-01 -5.068148e-01
    endloop
  endfacet
  facet normal -9.117443e-17 -3.826834e-01 9.238795e-01
    outer loop
      vertex   -2.000000e+01 1.482362e-01 -5.068148e-01
      vertex   -1.887500e+01 1.000000e-01 -5.267949e-01
      vertex   -1.887500e+01 1.482362e-01 -5.068148e-01
    endloop
  endfacet
  facet normal -9.784222e-17 -1.305262e-01 9.914449e-01
    outer loop
      vertex   -2.000000e+01 1.482362e-01 -5.068148e-01
      vertex   -1.887500e+01 1.482362e-01 -5.068148e-01
      vertex   -2.000000e+01 2.000000e-01 -5.000000e-01
    endloop
  endfacet
  facet normal 0.000000e+00 -1.305262e-01 9.914449e-01
    outer loop
      vertex   -2.000000e+01 2.000000e-01 -5.000000e-01
      vertex   -1.887500e+01 1.482362e-01 -5.068148e-01
      vertex   -1.775000e+01 1.482362e-01 -5.068148e-01
    endloop
  endfacet
  facet normal 7.660622e-04 -2.904974e-01 9.568755e-01
    outer loop
      vertex   -1.551522e+01 1.234633e-01 -5.152241e-01
      vertex   -1.550384e+01 1.609819e-01 -5.038429e-01
      vertex   -1.662500e+01 1.482362e-01 -5.068148e-01
    endloop
  endfacet
  facet normal -9.555877e-04 -1.465917e-01 9.891966e-01
    outer loop
      vertex   -1.662500e+01 1.482362e-01 -5.068148e-01
      vertex   -1.550384e+01 1.609819e-01 -5.038429e-01
      vertex   -1.550096e+01 1.803966e-01 -5.009631e-01
    endloop
  endfacet
  facet normal 0.000000e+00 -3.826834e-01 9.238795e-01
    outer loop
      vertex   -1.775000e+01 1.482362e-01 -5.068148e-01
      vertex   -1.887500e+01 1.482362e-01 -5.068148e-01
      vertex   -1.775000e+01 1.000000e-01 -5.267949e-01
    endloop
  endfacet
  facet normal 0.000000e+00 -3.826834e-01 9.238795e-01
    outer loop
      vertex   -1.775000e+01 1.000000e-01 -5.267949e-01
      vertex   -1.887500e+01 1.482362e-01 -5.068148e-01
      vertex   -1.887500e+01 1.000000e-01 -5.267949e-01
    endloop
  endfacet
  facet normal 0.000000e+00 -6.087614e-01 7.933533e-01
    outer loop
      vertex   -1.775000e+01 1.000000e-01 -5.267949e-01
      vertex   -1.887500e+01 1.000000e-01 -5.267949e-01
      vertex   -1.775000e+01 5.857864e-02 -5.585786e-01
    endloop
  endfacet
  facet normal 2.628348e-17 -6.087614e-01 7.933533e-01
    outer loop
      vertex   -1.775000e+01 5.857864e-02 -5.585786e-01
      vertex   -1.887500e+01 1.000000e-01 -5.267949e-01
      vertex   -1.887500e+01 5.857864e-02 -5.585786e-01
    endloop
  endfacet
  facet normal 3.425330e-17 -7.933533e-01 6.087614e-01
    outer loop
      vertex   -1.775000e+01 5.857864e-02 -5.585786e-01
      vertex   -1.887500e+01 5.857864e-02 -5.585786e-01
      vertex   -1.775000e+01 2.679492e-02 -6.000000e-01
    endloop
  endfacet
  facet normal 0.000000e+00 -7.933533e-01 6.087614e-01
    outer loop
      vertex   -1.775000e+01 2.679492e-02 -6.000000e-01
      vertex   -1.887500e+01 5.857864e-02 -5.585786e-01
      vertex   -1.887500e+01 2.679492e-02 -6.000000e-01
    endloop
  endfacet
  facet normal 0.000000e+00 -9.238795e-01 3.826834e-01
    outer loop
      vertex   -1.775000e+01 2.679492e-02 -6.000000e-01
      vertex   -1.887500e+01 2.679492e-02 -6.000000e-01
      vertex   -1.775000e+01 6.814835e-03 -6.482362e-01
    endloop
  endfacet
  facet normal 0.000000e+00 -9.238795e-01 3.826834e-01
    outer loop
      vertex   -1.775000e+01 6.814835e-03 -6.482362e-01
      vertex   -1.887500e+01 2.679492e-02 -6.000000e-01
      vertex   -1.887500e+01 6.814835e-03 -6.482362e-01
    endloop
  endfacet
  facet normal 0.000000e+00 -6.087614e-01 7.933533e-01
    outer loop
      vertex   -1.662500e+01 5.857864e-02 -5.585786e-01
      vertex   -1.662500e+01 1.000000e-01 -5.267949e-01
      vertex   -1.775000e+01 1.000000e-01 -5.267949e-01
    endloop
  endfacet
  facet normal 0.000000e+00 -3.826834e-01 9.238795e-01
    outer loop
      vertex   -1.775000e+01 1.000000e-01 -5.267949e-01
      vertex   -1.662500e+01 1.000000e-01 -5.267949e-01
      vertex   -1.775000e+01 1.482362e-01 -5.068148e-01
    endloop
  endfacet
  facet normal 2.252870e-17 -6.087614e-01 7.933533e-01
    outer loop
      vertex   -1.662500e+01 5.857864e-02 -5.585786e-01
      vertex   -1.775000e+01 1.000000e-01 -5.267949e-01
      vertex   -1.775000e+01 5.857864e-02 -5.585786e-01
    endloop
  endfacet
  facet normal 2.584212e-17 -7.933533e-01 6.087614e-01
    outer loop
      vertex   -1.662500e+01 2.679492e-02 -6.000000e-01
      vertex   -1.662500e+01 5.857864e-02 -5.585786e-01
      vertex   -1.775000e+01 5.857864e-02 -5.585786e-01
    endloop
  endfacet
  facet normal 0.000000e+00 -7.933533e-01 6.087614e-01
    outer loop
      vertex   -1.662500e+01 2.679492e-02 -6.000000e-01
      vertex   -1.775000e+01 5.857864e-02 -5.585786e-01
      vertex   -1.775000e+01 2.679492e-02 -6.000000e-01
    endloop
  endfacet
  facet normal 0.000000e+00 -9.238795e-01 3.826834e-01
    outer loop
      vertex   -1.662500e+01 6.814835e-03 -6.482362e-01
      vertex   -1.662500e+01 2.679492e-02 -6.000000e-01
      vertex   -1.775000e+01 2.679492e-02 -6.000000e-01
    endloop
  endfacet
  facet normal 0.000000e+00 -9.238795e-01 3.826834e-01
    outer loop
      vertex   -1.662500e+01 6.814835e-03 -6.482362e-01
      vertex   -1.775000e+01 2.679492e-02 -6.000000e-01
      vertex   -1.775000e+01 6.814835e-03 -6.482362e-01
    endloop
  endfacet
  facet normal 9.987955e-01 -4.906767e-02 0.000000e+00
    outer loop
      vertex   -1.550000e+01 2.000000e-01 -4.500000e+00
      vertex   -1.550000e+01 2.000000e-01 -5.000000e-01
      vertex   -1.550096e+01 1.803966e-01 -4.499037e+00
    endloop
  endfacet
  facet normal 9.888002e-01 -1.492445e-01 4.934778e-04
    outer loop
      vertex   -1.550096e+01 1.803966e-01 -4.499037e+00
      vertex   -1.550000e+01 2.000000e-01 -5.000000e-01
      vertex   -1.550682e+01 1.482362e-01 -2.500000e+00
    endloop
  endfacet
  facet normal 9.838460e-01 -1.790169e-01 0.000000e+00
    outer loop
      vertex   -1.550096e+01 1.803966e-01 -4.499037e+00
      vertex   -1.550682e+01 1.482362e-01 -2.500000e+00
      vertex   -1.550682e+01 1.482362e-01 -3.500000e+00
    endloop
  endfacet
  facet normal 9.238795e-01 -3.826834e-01 0.000000e+00
    outer loop
      vertex   -1.550682e+01 1.482362e-01 -3.500000e+00
      vertex   -1.550682e+01 1.482362e-01 -2.500000e+00
      vertex   -1.552680e+01 1.000000e-01 -3.500000e+00
    endloop
  endfacet
  facet normal 9.238781e-01 -3.826829e-01 1.737477e-03
    outer loop
      vertex   -1.550682e+01 1.482362e-01 -3.500000e+00
      vertex   -1.552680e+01 1.000000e-01 -3.500000e+00
      vertex   -1.551522e+01 1.234633e-01 -4.484776e+00
    endloop
  endfacet
  facet normal 8.817252e-01 -4.717625e-01 -8.802217e-04
    outer loop
      vertex   -1.551522e+01 1.234633e-01 -4.484776e+00
      vertex   -1.552680e+01 1.000000e-01 -3.500000e+00
      vertex   -1.553371e+01 8.888595e-02 -4.466294e+00
    endloop
  endfacet
  facet normal 7.933526e-01 -6.087609e-01 1.327558e-03
    outer loop
      vertex   -1.553371e+01 8.888595e-02 -4.466294e+00
      vertex   -1.552680e+01 1.000000e-01 -3.500000e+00
      vertex   -1.555858e+01 5.857864e-02 -3.500000e+00
    endloop
  endfacet
  facet normal 7.730105e-01 -6.343933e-01 1.968063e-16
    outer loop
      vertex   -1.553371e+01 8.888595e-02 -4.466294e+00
      vertex   -1.555858e+01 5.857864e-02 -3.500000e+00
      vertex   -1.555858e+01 5.857864e-02 -4.441421e+00
    endloop
  endfacet
  facet normal 6.343933e-01 -7.730105e-01 2.392990e-16
    outer loop
      vertex   -1.555858e+01 5.857864e-02 -4.441421e+00
      vertex   -1.555858e+01 5.857864e-02 -3.500000e+00
      vertex   -1.558889e+01 3.370608e-02 -4.411114e+00
    endloop
  endfacet
  facet normal 6.087608e-01 -7.933526e-01 1.407959e-03
    outer loop
      vertex   -1.558889e+01 3.370608e-02 -4.411114e+00
      vertex   -1.555858e+01 5.857864e-02 -3.500000e+00
      vertex   -1.560000e+01 2.679492e-02 -3.500000e+00
    endloop
  endfacet
  facet normal 4.706563e-01 -8.823161e-01 -9.515060e-04
    outer loop
      vertex   -1.558889e+01 3.370608e-02 -4.411114e+00
      vertex   -1.560000e+01 2.679492e-02 -3.500000e+00
      vertex   -1.562346e+01 1.522409e-02 -4.376537e+00
    endloop
  endfacet
  facet normal 3.826827e-01 -9.238778e-01 1.952028e-03
    outer loop
      vertex   -1.562346e+01 1.522409e-02 -4.376537e+00
      vertex   -1.560000e+01 2.679492e-02 -3.500000e+00
      vertex   -1.564824e+01 6.814835e-03 -3.500000e+00
    endloop
  endfacet
  facet normal 2.893639e-01 -9.572186e-01 -1.005233e-03
    outer loop
      vertex   -1.562346e+01 1.522409e-02 -4.376537e+00
      vertex   -1.564824e+01 6.814835e-03 -3.500000e+00
      vertex   -1.566098e+01 3.842944e-03 -4.339018e+00
    endloop
  endfacet
  facet normal 1.000027e-01 -9.949851e-01 2.005176e-03
    outer loop
      vertex   -1.566098e+01 3.842944e-03 -4.339018e+00
      vertex   -1.564824e+01 6.814835e-03 -3.500000e+00
      vertex   -1.570000e+01 0.000000e+00 -4.300000e+00
    endloop
  endfacet
  facet normal 1.305262e-01 -9.914449e-01 0.000000e+00
    outer loop
      vertex   -1.570000e+01 0.000000e+00 -4.300000e+00
      vertex   -1.564824e+01 6.814835e-03 -3.500000e+00
      vertex   -1.564824e+01 6.814835e-03 -2.500000e+00
    endloop
  endfacet
  facet normal 1.305262e-01 -9.914449e-01 0.000000e+00
    outer loop
      vertex   -1.570000e+01 0.000000e+00 -4.300000e+00
      vertex   -1.564824e+01 6.814835e-03 -2.500000e+00
      vertex   -1.564824e+01 6.814835e-03 -1.500000e+00
    endloop
  endfacet
  facet normal 3.826834e-01 -9.238795e-01 0.000000e+00
    outer loop
      vertex   -1.564824e+01 6.814835e-03 -1.500000e+00
      vertex   -1.564824e+01 6.814835e-03 -2.500000e+00
      vertex   -1.560000e+01 2.679492e-02 -1.500000e+00
    endloop
  endfacet
  facet normal 3.826827e-01 -9.238778e-01 -1.952028e-03
    outer loop
      vertex   -1.564824e+01 6.814835e-03 -1.500000e+00
      vertex   -1.560000e+01 2.679492e-02 -1.500000e+00
      vertex   -1.562346e+01 1.522409e-02 -6.234633e-01
    endloop
  endfacet
  facet normal 4.706563e-01 -8.823161e-01 9.515060e-04
    outer loop
      vertex   -1.562346e+01 1.522409e-02 -6.234633e-01
      vertex   -1.560000e+01 2.679492e-02 -1.500000e+00
      vertex   -1.558889e+01 3.370608e-02 -5.888860e-01
    endloop
  endfacet
  facet normal 6.087608e-01 -7.933526e-01 -1.407959e-03
    outer loop
      vertex   -1.558889e+01 3.370608e-02 -5.888860e-01
      vertex   -1.560000e+01 2.679492e-02 -1.500000e+00
      vertex   -1.555858e+01 5.857864e-02 -1.500000e+00
    endloop
  endfacet
  facet normal 6.343933e-01 -7.730105e-01 -2.408674e-16
    outer loop
      vertex   -1.558889e+01 3.370608e-02 -5.888860e-01
      vertex   -1.555858e+01 5.857864e-02 -1.500000e+00
      vertex   -1.555858e+01 5.857864e-02 -5.585786e-01
    endloop
  endfacet
  facet normal 7.730105e-01 -6.343933e-01 -1.963876e-16
    outer loop
      vertex   -1.555858e+01 5.857864e-02 -5.585786e-01
      vertex   -1.555858e+01 5.857864e-02 -1.500000e+00
      vertex   -1.553371e+01 8.888595e-02 -5.337061e-01
    endloop
  endfacet
  facet normal 7.933526e-01 -6.087609e-01 -1.327558e-03
    outer loop
      vertex   -1.553371e+01 8.888595e-02 -5.337061e-01
      vertex   -1.555858e+01 5.857864e-02 -1.500000e+00
      vertex   -1.552680e+01 1.000000e-01 -1.500000e+00
    endloop
  endfacet
  facet normal 8.817252e-01 -4.717625e-01 8.802217e-04
    outer loop
      vertex   -1.553371e+01 8.888595e-02 -5.337061e-01
      vertex   -1.552680e+01 1.000000e-01 -1.500000e+00
      vertex   -1.551522e+01 1.234633e-01 -5.152241e-01
    endloop
  endfacet
  facet normal 9.238781e-01 -3.826829e-01 -1.737477e-03
    outer loop
      vertex   -1.551522e+01 1.234633e-01 -5.152241e-01
      vertex   -1.552680e+01 1.000000e-01 -1.500000e+00
      vertex   -1.550682e+01 1.482362e-01 -1.500000e+00
    endloop
  endfacet
  facet normal 9.568673e-01 -2.905242e-01 8.625565e-04
    outer loop
      vertex   -1.551522e+01 1.234633e-01 -5.152241e-01
      vertex   -1.550682e+01 1.482362e-01 -1.500000e+00
      vertex   -1.550384e+01 1.609819e-01 -5.038429e-01
    endloop
  endfacet
  facet normal 9.891991e-01 -1.465743e-01 -1.075728e-03
    outer loop
      vertex   -1.550384e+01 1.609819e-01 -5.038429e-01
      vertex   -1.550682e+01 1.482362e-01 -1.500000e+00
      vertex   -1.550096e+01 1.803966e-01 -5.009631e-01
    endloop
  endfacet
  facet normal 9.987966e-01 -4.885759e-02 -4.277579e-03
    outer loop
      vertex   -1.550096e+01 1.803966e-01 -5.009631e-01
      vertex   -1.550682e+01 1.482362e-01 -1.500000e+00
      vertex   -1.550000e+01 2.000000e-01 -5.000000e-01
    endloop
  endfacet
  facet normal 9.914449e-01 -1.305262e-01 0.000000e+00
    outer loop
      vertex   -1.550000e+01 2.000000e-01 -5.000000e-01
      vertex   -1.550682e+01 1.482362e-01 -1.500000e+00
      vertex   -1.550682e+01 1.482362e-01 -2.500000e+00
    endloop
  endfacet
  facet normal 2.893639e-01 -9.572186e-01 1.005233e-03
    outer loop
      vertex   -1.562346e+01 1.522409e-02 -6.234633e-01
      vertex   -1.566098e+01 3.842944e-03 -6.609819e-01
      vertex   -1.564824e+01 6.814835e-03 -1.500000e+00
    endloop
  endfacet
  facet normal 1.747135e-01 -9.846190e-01 -8.335065e-04
    outer loop
      vertex   -1.564824e+01 6.814835e-03 -1.500000e+00
      vertex   -1.566098e+01 3.842944e-03 -6.609819e-01
      vertex   -1.570000e+01 0.000000e+00 -4.300000e+00
    endloop
  endfacet
  facet normal 9.801714e-02 -9.951847e-01 0.000000e+00
    outer loop
      vertex   -1.566098e+01 3.842944e-03 -6.609819e-01
      vertex   -1.570000e+01 0.000000e+00 -7.000000e-01
      vertex   -1.570000e+01 0.000000e+00 -4.300000e+00
    endloop
  endfacet
  facet normal 9.568673e-01 -2.905242e-01 -8.625565e-04
    outer loop
      vertex   -1.551522e+01 1.234633e-01 -4.484776e+00
      vertex   -1.550384e+01 1.609819e-01 -4.496157e+00
      vertex   -1.550682e+01 1.482362e-01 -3.500000e+00
    endloop
  endfacet
  facet normal 9.891991e-01 -1.465743e-01 1.075728e-03
    outer loop
      vertex   -1.550682e+01 1.482362e-01 -3.500000e+00
      vertex   -1.550384e+01 1.609819e-01 -4.496157e+00
      vertex   -1.550096e+01 1.803966e-01 -4.499037e+00
    endloop
  endfacet
  facet normal 9.238795e-01 -3.826834e-01 0.000000e+00
    outer loop
      vertex   -1.550682e+01 1.482362e-01 -2.500000e+00
      vertex   -1.550682e+01 1.482362e-01 -1.500000e+00
      vertex   -1.552680e+01 1.000000e-01 -2.500000e+00
    endloop
  endfacet
  facet normal 9.238795e-01 -3.826834e-01 0.000000e+00
    outer loop
      vertex   -1.552680e+01 1.000000e-01 -2.500000e+00
      vertex   -1.550682e+01 1.482362e-01 -1.500000e+00
      vertex   -1.552680e+01 1.000000e-01 -1.500000e+00
    endloop
  endfacet
  facet normal 7.933533e-01 -6.087614e-01 0.000000e+00
    outer loop
      vertex   -1.552680e+01 1.000000e-01 -2.500000e+00
      vertex   -1.552680e+01 1.000000e-01 -1.500000e+00
      vertex   -1.555858e+01 5.857864e-02 -2.500000e+00
    endloop
  endfacet
  facet normal 7.933533e-01 -6.087614e-01 0.000000e+00
    outer loop
      vertex   -1.555858e+01 5.857864e-02 -2.500000e+00
      vertex   -1.552680e+01 1.000000e-01 -1.500000e+00
      vertex   -1.555858e+01 5.857864e-02 -1.500000e+00
    endloop
  endfacet
  facet normal 6.087614e-01 -7.933533e-01 0.000000e+00
    outer loop
      vertex   -1.555858e+01 5.857864e-02 -2.500000e+00
      vertex   -1.555858e+01 5.857864e-02 -1.500000e+00
      vertex   -1.560000e+01 2.679492e-02 -2.500000e+00
    endloop
  endfacet
  facet normal 6.087614e-01 -7.933533e-01 0.000000e+00
    outer loop
      vertex   -1.560000e+01 2.679492e-02 -2.500000e+00
      vertex   -1.555858e+01 5.857864e-02 -1.500000e+00
      vertex   -1.560000e+01 2.679492e-02 -1.500000e+00
    endloop
  endfacet
  facet normal 3.826834e-01 -9.238795e-01 0.000000e+00
    outer loop
      vertex   -1.560000e+01 2.679492e-02 -2.500000e+00
      vertex   -1.560000e+01 2.679492e-02 -1.500000e+00
      vertex   -1.564824e+01 6.814835e-03 -2.500000e+00
    endloop
  endfacet
  facet normal 7.933533e-01 -6.087614e-01 0.000000e+00
    outer loop
      vertex   -1.555858e+01 5.857864e-02 -3.500000e+00
      vertex   -1.552680e+01 1.000000e-01 -3.500000e+00
      vertex   -1.552680e+01 1.000000e-01 -2.500000e+00
    endloop
  endfacet
  facet normal 9.238795e-01 -3.826834e-01 0.000000e+00
    outer loop
      vertex   -1.552680e+01 1.000000e-01 -2.500000e+00
      vertex   -1.552680e+01 1.000000e-01 -3.500000e+00
      vertex   -1.550682e+01 1.482362e-01 -2.500000e+00
    endloop
  endfacet
  facet normal 7.933533e-01 -6.087614e-01 0.000000e+00
    outer loop
      vertex   -1.555858e+01 5.857864e-02 -3.500000e+00
      vertex   -1.552680e+01 1.000000e-01 -2.500000e+00
      vertex   -1.555858e+01 5.857864e-02 -2.500000e+00
    endloop
  endfacet
  facet normal 6.087614e-01 -7.933533e-01 0.000000e+00
    outer loop
      vertex   -1.560000e+01 2.679492e-02 -3.500000e+00
      vertex   -1.555858e+01 5.857864e-02 -3.500000e+00
      vertex   -1.555858e+01 5.857864e-02 -2.500000e+00
    endloop
  endfacet
  facet normal 6.087614e-01 -7.933533e-01 0.000000e+00
    outer loop
      vertex   -1.560000e+01 2.679492e-02 -3.500000e+00
      vertex   -1.555858e+01 5.857864e-02 -2.500000e+00
      vertex   -1.560000e+01 2.679492e-02 -2.500000e+00
    endloop
  endfacet
  facet normal 3.826834e-01 -9.238795e-01 0.000000e+00
    outer loop
      vertex   -1.564824e+01 6.814835e-03 -3.500000e+00
      vertex   -1.560000e+01 2.679492e-02 -3.500000e+00
      vertex   -1.560000e+01 2.679492e-02 -2.500000e+00
    endloop
  endfacet
  facet normal 3.826834e-01 -9.238795e-01 0.000000e+00
    outer loop
      vertex   -1.564824e+01 6.814835e-03 -3.500000e+00
      vertex   -1.560000e+01 2.679492e-02 -2.500000e+00
      vertex   -1.564824e+01 6.814835e-03 -2.500000e+00
    endloop
  endfacet
  facet normal -2.024575e-17 -9.951847e-01 -9.801714e-02
    outer loop
      vertex   -1.570000e+01 0.000000e+00 -4.300000e+00
      vertex   -2.000000e+01 0.000000e+00 -4.300000e+00
      vertex   -1.566098e+01 3.842944e-03 -4.339018e+00
    endloop
  endfacet
  facet normal -7.095747e-04 -9.844141e-01 -1.758648e-01
    outer loop
      vertex   -1.566098e+01 3.842944e-03 -4.339018e+00
      vertex   -2.000000e+01 0.000000e+00 -4.300000e+00
      vertex   -1.662500e+01 6.814835e-03 -4.351764e+00
    endloop
  endfacet
  facet normal 8.765572e-04 -9.571831e-01 -2.894818e-01
    outer loop
      vertex   -1.566098e+01 3.842944e-03 -4.339018e+00
      vertex   -1.662500e+01 6.814835e-03 -4.351764e+00
      vertex   -1.562346e+01 1.522409e-02 -4.376537e+00
    endloop
  endfacet
  facet normal -1.708400e-03 -9.238782e-01 -3.826829e-01
    outer loop
      vertex   -1.562346e+01 1.522409e-02 -4.376537e+00
      vertex   -1.662500e+01 6.814835e-03 -4.351764e+00
      vertex   -1.662500e+01 2.679492e-02 -4.400000e+00
    endloop
  endfacet
  facet normal 8.354232e-04 -8.822680e-01 -4.707467e-01
    outer loop
      vertex   -1.562346e+01 1.522409e-02 -4.376537e+00
      vertex   -1.662500e+01 2.679492e-02 -4.400000e+00
      vertex   -1.558889e+01 3.370608e-02 -4.411114e+00
    endloop
  endfacet
  facet normal -1.238099e-03 -7.933527e-01 -6.087610e-01
    outer loop
      vertex   -1.558889e+01 3.370608e-02 -4.411114e+00
      vertex   -1.662500e+01 2.679492e-02 -4.400000e+00
      vertex   -1.662500e+01 5.857864e-02 -4.441421e+00
    endloop
  endfacet
  facet normal -7.779303e-18 -7.730105e-01 -6.343933e-01
    outer loop
      vertex   -1.558889e+01 3.370608e-02 -4.411114e+00
      vertex   -1.662500e+01 5.857864e-02 -4.441421e+00
      vertex   -1.555858e+01 5.857864e-02 -4.441421e+00
    endloop
  endfacet
  facet normal -8.255626e-18 -6.343933e-01 -7.730105e-01
    outer loop
      vertex   -1.555858e+01 5.857864e-02 -4.441421e+00
      vertex   -1.662500e+01 5.857864e-02 -4.441421e+00
      vertex   -1.553371e+01 8.888595e-02 -4.466294e+00
    endloop
  endfacet
  facet normal -1.175496e-03 -6.087610e-01 -7.933528e-01
    outer loop
      vertex   -1.553371e+01 8.888595e-02 -4.466294e+00
      vertex   -1.662500e+01 5.857864e-02 -4.441421e+00
      vertex   -1.662500e+01 1.000000e-01 -4.473205e+00
    endloop
  endfacet
  facet normal 7.799642e-04 -4.717208e-01 -8.817476e-01
    outer loop
      vertex   -1.553371e+01 8.888595e-02 -4.466294e+00
      vertex   -1.662500e+01 1.000000e-01 -4.473205e+00
      vertex   -1.551522e+01 1.234633e-01 -4.484776e+00
    endloop
  endfacet
  facet normal -1.541776e-03 -3.826830e-01 -9.238784e-01
    outer loop
      vertex   -1.551522e+01 1.234633e-01 -4.484776e+00
      vertex   -1.662500e+01 1.000000e-01 -4.473205e+00
      vertex   -1.662500e+01 1.482362e-01 -4.493185e+00
    endloop
  endfacet
  facet normal 7.660622e-04 -2.904974e-01 -9.568755e-01
    outer loop
      vertex   -1.551522e+01 1.234633e-01 -4.484776e+00
      vertex   -1.662500e+01 1.482362e-01 -4.493185e+00
      vertex   -1.550384e+01 1.609819e-01 -4.496157e+00
    endloop
  endfacet
  facet normal -9.555877e-04 -1.465917e-01 -9.891966e-01
    outer loop
      vertex   -1.550384e+01 1.609819e-01 -4.496157e+00
      vertex   -1.662500e+01 1.482362e-01 -4.493185e+00
      vertex   -1.550096e+01 1.803966e-01 -4.499037e+00
    endloop
  endfacet
  facet normal -3.801219e-03 -4.888103e-02 -9.987974e-01
    outer loop
      vertex   -1.550096e+01 1.803966e-01 -4.499037e+00
      vertex   -1.662500e+01 1.482362e-01 -4.493185e+00
      vertex   -1.550000e+01 2.000000e-01 -4.500000e+00
    endloop
  endfacet
  facet normal 0.000000e+00 -1.305262e-01 -9.914449e-01
    outer loop
      vertex   -1.550000e+01 2.000000e-01 -4.500000e+00
      vertex   -1.662500e+01 1.482362e-01 -4.493185e+00
      vertex   -1.775000e+01 1.482362e-01 -4.493185e+00
    endloop
  endfacet
  facet normal -0.000000e+00 -1.305262e-01 -9.914449e-01
    outer loop
      vertex   -1.550000e+01 2.000000e-01 -4.500000e+00
      vertex   -1.775000e+01 1.482362e-01 -4.493185e+00
      vertex   -2.000000e+01 2.000000e-01 -4.500000e+00
    endloop
  endfacet
  facet normal 2.768799e-18 -1.305262e-01 -9.914449e-01
    outer loop
      vertex   -2.000000e+01 2.000000e-01 -4.500000e+00
      vertex   -1.775000e+01 1.482362e-01 -4.493185e+00
      vertex   -1.887500e+01 1.482362e-01 -4.493185e+00
    endloop
  endfacet
  facet normal 3.691732e-18 -1.305262e-01 -9.914449e-01
    outer loop
      vertex   -2.000000e+01 2.000000e-01 -4.500000e+00
      vertex   -1.887500e+01 1.482362e-01 -4.493185e+00
      vertex   -2.000000e+01 1.482362e-01 -4.493185e+00
    endloop
  endfacet
  facet normal 9.441422e-18 -3.826834e-01 -9.238795e-01
    outer loop
      vertex   -2.000000e+01 1.482362e-01 -4.493185e+00
      vertex   -1.887500e+01 1.482362e-01 -4.493185e+00
      vertex   -2.000000e+01 1.000000e-01 -4.473205e+00
    endloop
  endfacet
  facet normal -1.416213e-17 -3.826834e-01 -9.238795e-01
    outer loop
      vertex   -2.000000e+01 1.000000e-01 -4.473205e+00
      vertex   -1.887500e+01 1.482362e-01 -4.493185e+00
      vertex   -1.887500e+01 1.000000e-01 -4.473205e+00
    endloop
  endfacet
  facet normal -2.252870e-17 -6.087614e-01 -7.933533e-01
    outer loop
      vertex   -2.000000e+01 1.000000e-01 -4.473205e+00
      vertex   -1.887500e+01 1.000000e-01 -4.473205e+00
      vertex   -2.000000e+01 5.857864e-02 -4.441421e+00
    endloop
  endfacet
  facet normal 7.885045e-17 -6.087614e-01 -7.933533e-01
    outer loop
      vertex   -2.000000e+01 5.857864e-02 -4.441421e+00
      vertex   -1.887500e+01 1.000000e-01 -4.473205e+00
      vertex   -1.887500e+01 5.857864e-02 -4.441421e+00
    endloop
  endfacet
  facet normal 1.027599e-16 -7.933533e-01 -6.087614e-01
    outer loop
      vertex   -2.000000e+01 5.857864e-02 -4.441421e+00
      vertex   -1.887500e+01 5.857864e-02 -4.441421e+00
      vertex   -2.000000e+01 2.679492e-02 -4.400000e+00
    endloop
  endfacet
  facet normal -2.691331e-17 -7.933533e-01 -6.087614e-01
    outer loop
      vertex   -2.000000e+01 2.679492e-02 -4.400000e+00
      vertex   -1.887500e+01 5.857864e-02 -4.441421e+00
      vertex   -1.887500e+01 2.679492e-02 -4.400000e+00
    endloop
  endfacet
  facet normal -3.134121e-17 -9.238795e-01 -3.826834e-01
    outer loop
      vertex   -2.000000e+01 2.679492e-02 -4.400000e+00
      vertex   -1.887500e+01 2.679492e-02 -4.400000e+00
      vertex   -2.000000e+01 6.814835e-03 -4.351764e+00
    endloop
  endfacet
  facet normal -1.424601e-17 -9.238795e-01 -3.826834e-01
    outer loop
      vertex   -2.000000e+01 6.814835e-03 -4.351764e+00
      vertex   -1.887500e+01 2.679492e-02 -4.400000e+00
      vertex   -1.887500e+01 6.814835e-03 -4.351764e+00
    endloop
  endfacet
  facet normal -1.528785e-17 -9.914449e-01 -1.305262e-01
    outer loop
      vertex   -2.000000e+01 6.814835e-03 -4.351764e+00
      vertex   -1.887500e+01 6.814835e-03 -4.351764e+00
      vertex   -2.000000e+01 0.000000e+00 -4.300000e+00
    endloop
  endfacet
  facet normal 0.000000e+00 -9.914449e-01 -1.305262e-01
    outer loop
      vertex   -2.000000e+01 0.000000e+00 -4.300000e+00
      vertex   -1.887500e+01 6.814835e-03 -4.351764e+00
      vertex   -1.775000e+01 6.814835e-03 -4.351764e+00
    endloop
  endfacet
  facet normal 0.000000e+00 -9.914449e-01 -1.305262e-01
    outer loop
      vertex   -2.000000e+01 0.000000e+00 -4.300000e+00
      vertex   -1.775000e+01 6.814835e-03 -4.351764e+00
      vertex   -1.662500e+01 6.814835e-03 -4.351764e+00
    endloop
  endfacet
  facet normal -0.000000e+00 -9.238795e-01 -3.826834e-01
    outer loop
      vertex   -1.662500e+01 6.814835e-03 -4.351764e+00
      vertex   -1.775000e+01 6.814835e-03 -4.351764e+00
      vertex   -1.662500e+01 2.679492e-02 -4.400000e+00
    endloop
  endfacet
  facet normal -0.000000e+00 -9.238795e-01 -3.826834e-01
    outer loop
      vertex   -1.775000e+01 6.814835e-03 -4.351764e+00
      vertex   -1.887500e+01 6.814835e-03 -4.351764e+00
      vertex   -1.775000e+01 2.679492e-02 -4.400000e+00
    endloop
  endfacet
  facet normal 2.849201e-17 -9.238795e-01 -3.826834e-01
    outer loop
      vertex   -1.775000e+01 2.679492e-02 -4.400000e+00
      vertex   -1.887500e+01 6.814835e-03 -4.351764e+00
      vertex   -1.887500e+01 2.679492e-02 -4.400000e+00
    endloop
  endfacet
  facet normal 2.446664e-17 -7.933533e-01 -6.087614e-01
    outer loop
      vertex   -1.775000e+01 2.679492e-02 -4.400000e+00
      vertex   -1.887500e+01 2.679492e-02 -4.400000e+00
      vertex   -1.775000e+01 5.857864e-02 -4.441421e+00
    endloop
  endfacet
  facet normal 1.467999e-17 -7.933533e-01 -6.087614e-01
    outer loop
      vertex   -1.775000e+01 5.857864e-02 -4.441421e+00
      vertex   -1.887500e+01 2.679492e-02 -4.400000e+00
      vertex   -1.887500e+01 5.857864e-02 -4.441421e+00
    endloop
  endfacet
  facet normal 1.126435e-17 -6.087614e-01 -7.933533e-01
    outer loop
      vertex   -1.775000e+01 5.857864e-02 -4.441421e+00
      vertex   -1.887500e+01 5.857864e-02 -4.441421e+00
      vertex   -1.775000e+01 1.000000e-01 -4.473205e+00
    endloop
  endfacet
  facet normal 1.501913e-17 -6.087614e-01 -7.933533e-01
    outer loop
      vertex   -1.775000e+01 1.000000e-01 -4.473205e+00
      vertex   -1.887500e+01 5.857864e-02 -4.441421e+00
      vertex   -1.887500e+01 1.000000e-01 -4.473205e+00
    endloop
  endfacet
  facet normal 9.441422e-18 -3.826834e-01 -9.238795e-01
    outer loop
      vertex   -1.775000e+01 1.000000e-01 -4.473205e+00
      vertex   -1.887500e+01 1.000000e-01 -4.473205e+00
      vertex   -1.775000e+01 1.482362e-01 -4.493185e+00
    endloop
  endfacet
  facet normal 9.441422e-18 -3.826834e-01 -9.238795e-01
    outer loop
      vertex   -1.775000e+01 1.482362e-01 -4.493185e+00
      vertex   -1.887500e+01 1.000000e-01 -4.473205e+00
      vertex   -1.887500e+01 1.482362e-01 -4.493185e+00
    endloop
  endfacet
  facet normal 2.584212e-17 -7.933533e-01 -6.087614e-01
    outer loop
      vertex   -1.662500e+01 5.857864e-02 -4.441421e+00
      vertex   -1.662500e+01 2.679492e-02 -4.400000e+00
      vertex   -1.775000e+01 2.679492e-02 -4.400000e+00
    endloop
  endfacet
  facet normal 2.849201e-17 -9.238795e-01 -3.826834e-01
    outer loop
      vertex   -1.775000e+01 2.679492e-02 -4.400000e+00
      vertex   -1.662500e+01 2.679492e-02 -4.400000e+00
      vertex   -1.775000e+01 6.814835e-03 -4.351764e+00
    endloop
  endfacet
  facet normal 1.957332e-17 -7.933533e-01 -6.087614e-01
    outer loop
      vertex   -1.662500e+01 5.857864e-02 -4.441421e+00
      vertex   -1.775000e+01 2.679492e-02 -4.400000e+00
      vertex   -1.775000e+01 5.857864e-02 -4.441421e+00
    endloop
  endfacet
  facet normal 1.476693e-17 -6.087614e-01 -7.933533e-01
    outer loop
      vertex   -1.662500e+01 1.000000e-01 -4.473205e+00
      vertex   -1.662500e+01 5.857864e-02 -4.441421e+00
      vertex   -1.775000e+01 5.857864e-02 -4.441421e+00
    endloop
  endfacet
  facet normal 2.252870e-17 -6.087614e-01 -7.933533e-01
    outer loop
      vertex   -1.662500e+01 1.000000e-01 -4.473205e+00
      vertex   -1.775000e+01 5.857864e-02 -4.441421e+00
      vertex   -1.775000e+01 1.000000e-01 -4.473205e+00
    endloop
  endfacet
  facet normal 1.476693e-17 -3.826834e-01 -9.238795e-01
    outer loop
      vertex   -1.662500e+01 1.482362e-01 -4.493185e+00
      vertex   -1.662500e+01 1.000000e-01 -4.473205e+00
      vertex   -1.775000e+01 1.000000e-01 -4.473205e+00
    endloop
  endfacet
  facet normal -0.000000e+00 -3.826834e-01 -9.238795e-01
    outer loop
      vertex   -1.662500e+01 1.482362e-01 -4.493185e+00
      vertex   -1.775000e+01 1.000000e-01 -4.473205e+00
      vertex   -1.775000e+01 1.482362e-01 -4.493185e+00
    endloop
  endfacet
  facet normal -1.233581e-16 -3.416071e-16 1.000000e+00
    outer loop
      vertex   -2.000000e+01 2.000000e-01 -5.000000e-01
      vertex   -1.550000e+01 2.000000e-01 -5.000000e-01
      vertex   -2.000000e+01 1.500000e+00 -5.000000e-01
    endloop
  endfacet
  facet normal -2.467162e-17 0.000000e+00 1.000000e+00
    outer loop
      vertex   -2.000000e+01 1.500000e+00 -5.000000e-01
      vertex   -1.550000e+01 2.000000e-01 -5.000000e-01
      vertex   -1.550000e+01 1.500000e+00 -5.000000e-01
    endloop
  endfacet
  facet normal 1.000000e+00 -0.000000e+00 0.000000e+00
    outer loop
      vertex   -1.550000e+01 2.000000e-01 -5.000000e-01
      vertex   -1.550000e+01 2.000000e-01 -4.500000e+00
      vertex   -1.550000e+01 1.500000e+00 -5.000000e-01
    endloop
  endfacet
  facet normal 1.000000e+00 0.000000e+00 0.000000e+00
    outer loop
      vertex   -1.550000e+01 1.500000e+00 -5.000000e-01
      vertex   -1.550000e+01 2.000000e-01 -4.500000e+00
      vertex   -1.550000e+01 1.500000e+00 -4.500000e+00
    endloop
  endfacet
  facet normal 0.000000e+00 0.000000e+00 -1.000000e+00
    outer loop
      vertex   -1.550000e+01 2.000000e-01 -4.500000e+00
      vertex   -2.000000e+01 2.000000e-01 -4.500000e+00
      vertex   -1.550000e+01 1.500000e+00 -4.500000e+00
    endloop
  endfacet
  facet normal -0.000000e+00 0.000000e+00 -1.000000e+00
    outer loop
      vertex   -1.550000e+01 1.500000e+00 -4.500000e+00
      vertex   -2.000000e+01 2.000000e-01 -4.500000e+00
      vertex   -2.000000e+01 1.500000e+00 -4.500000e+00
    endloop
  endfacet
  facet normal 0.000000e+00 -4.906767e-02 9.987955e-01
    outer loop
      vertex   -1.050000e+01 2.000000e-01 4.500000e+00
      vertex   -2.000000e+01 2.000000e-01 4.500000e+00
      vertex   -1.050096e+01 1.803966e-01 4.499037e+00
    endloop
  endfacet
  facet normal -2.131946e-04 -1.518626e-01 9.884016e-01
    outer loop
      vertex   -1.050096e+01 1.803966e-01 4.499037e+00
      vertex   -2.000000e+01 2.000000e-01 4.500000e+00
      vertex   -1.472222e+01 1.482362e-01 4.493185e+00
    endloop
  endfacet
  facet normal 0.000000e+00 -1.790169e-01 9.838460e-01
    outer loop
      vertex   -1.050096e+01 1.803966e-01 4.499037e+00
      vertex   -1.472222e+01 1.482362e-01 4.493185e+00
      vertex   -1.366667e+01 1.482362e-01 4.493185e+00
    endloop
  endfacet
  facet normal 0.000000e+00 -3.826834e-01 9.238795e-01
    outer loop
      vertex   -1.366667e+01 1.482362e-01 4.493185e+00
      vertex   -1.472222e+01 1.482362e-01 4.493185e+00
      vertex   -1.366667e+01 1.000000e-01 4.473205e+00
    endloop
  endfacet
  facet normal 0.000000e+00 -3.826834e-01 9.238795e-01
    outer loop
      vertex   -1.366667e+01 1.482362e-01 4.493185e+00
      vertex   -1.366667e+01 1.000000e-01 4.473205e+00
      vertex   -1.261111e+01 1.000000e-01 4.473205e+00
    endloop
  endfacet
  facet normal 0.000000e+00 -6.087614e-01 7.933533e-01
    outer loop
      vertex   -1.261111e+01 1.000000e-01 4.473205e+00
      vertex   -1.366667e+01 1.000000e-01 4.473205e+00
      vertex   -1.261111e+01 5.857864e-02 4.441421e+00
    endloop
  endfacet
  facet normal 0.000000e+00 -6.087614e-01 7.933533e-01
    outer loop
      vertex   -1.261111e+01 1.000000e-01 4.473205e+00
      vertex   -1.261111e+01 5.857864e-02 4.441421e+00
      vertex   -1.155556e+01 5.857864e-02 4.441421e+00
    endloop
  endfacet
  facet normal 0.000000e+00 -7.933533e-01 6.087614e-01
    outer loop
      vertex   -1.155556e+01 5.857864e-02 4.441421e+00
      vertex   -1.261111e+01 5.857864e-02 4.441421e+00
      vertex   -1.155556e+01 2.679492e-02 4.400000e+00
    endloop
  endfacet
  facet normal -1.327042e-03 -7.933526e-01 6.087609e-01
    outer loop
      vertex   -1.155556e+01 5.857864e-02 4.441421e+00
      vertex   -1.155556e+01 2.679492e-02 4.400000e+00
      vertex   -1.058889e+01 3.370608e-02 4.411114e+00
    endloop
  endfacet
  facet normal 8.961626e-04 -8.822932e-01 4.706994e-01
    outer loop
      vertex   -1.058889e+01 3.370608e-02 4.411114e+00
      vertex   -1.155556e+01 2.679492e-02 4.400000e+00
      vertex   -1.062346e+01 1.522409e-02 4.376537e+00
    endloop
  endfacet
  facet normal -1.835682e-03 -9.238780e-01 3.826828e-01
    outer loop
      vertex   -1.062346e+01 1.522409e-02 4.376537e+00
      vertex   -1.155556e+01 2.679492e-02 4.400000e+00
      vertex   -1.155556e+01 6.814835e-03 4.351764e+00
    endloop
  endfacet
  facet normal 9.436654e-04 -9.572017e-01 2.894203e-01
    outer loop
      vertex   -1.062346e+01 1.522409e-02 4.376537e+00
      vertex   -1.155556e+01 6.814835e-03 4.351764e+00
      vertex   -1.066098e+01 3.842944e-03 4.339018e+00
    endloop
  endfacet
  facet normal -1.882422e-03 -9.949976e-01 9.988113e-02
    outer loop
      vertex   -1.066098e+01 3.842944e-03 4.339018e+00
      vertex   -1.155556e+01 6.814835e-03 4.351764e+00
      vertex   -1.070000e+01 0.000000e+00 4.300000e+00
    endloop
  endfacet
  facet normal 0.000000e+00 -9.914449e-01 1.305262e-01
    outer loop
      vertex   -1.070000e+01 0.000000e+00 4.300000e+00
      vertex   -1.155556e+01 6.814835e-03 4.351764e+00
      vertex   -1.261111e+01 6.814835e-03 4.351764e+00
    endloop
  endfacet
  facet normal 0.000000e+00 -9.914449e-01 1.305262e-01
    outer loop
      vertex   -1.070000e+01 0.000000e+00 4.300000e+00
      vertex   -1.261111e+01 6.814835e-03 4.351764e+00
      vertex   -1.366667e+01 6.814835e-03 4.351764e+00
    endloop
  endfacet
  facet normal 0.000000e+00 -9.238795e-01 3.826834e-01
    outer loop
      vertex   -1.366667e+01 6.814835e-03 4.351764e+00
      vertex   -1.261111e+01 6.814835e-03 4.351764e+00
      vertex   -1.366667e+01 2.679492e-02 4.400000e+00
    endloop
  endfacet
  facet normal 0.000000e+00 -9.238795e-01 3.826834e-01
    outer loop
      vertex   -1.366667e+01 6.814835e-03 4.351764e+00
      vertex   -1.366667e+01 2.679492e-02 4.400000e+00
      vertex   -1.472222e+01 2.679492e-02 4.400000e+00
    endloop
  endfacet
  facet normal 0.000000e+00 -7.933533e-01 6.087614e-01
    outer loop
      vertex   -1.472222e+01 2.679492e-02 4.400000e+00
      vertex   -1.366667e+01 2.679492e-02 4.400000e+00
      vertex   -1.472222e+01 5.857864e-02 4.441421e+00
    endloop
  endfacet
  facet normal 7.869217e-18 -7.933533e-01 6.087614e-01
    outer loop
      vertex   -1.472222e+01 2.679492e-02 4.400000e+00
      vertex   -1.472222e+01 5.857864e-02 4.441421e+00
      vertex   -1.577778e+01 5.857864e-02 4.441421e+00
    endloop
  endfacet
  facet normal 8.003617e-18 -6.087614e-01 7.933533e-01
    outer loop
      vertex   -1.577778e+01 5.857864e-02 4.441421e+00
      vertex   -1.472222e+01 5.857864e-02 4.441421e+00
      vertex   -1.577778e+01 1.000000e-01 4.473205e+00
    endloop
  endfacet
  facet normal 0.000000e+00 -6.087614e-01 7.933533e-01
    outer loop
      vertex   -1.577778e+01 5.857864e-02 4.441421e+00
      vertex   -1.577778e+01 1.000000e-01 4.473205e+00
      vertex   -1.683333e+01 1.000000e-01 4.473205e+00
    endloop
  endfacet
  facet normal 0.000000e+00 -3.826834e-01 9.238795e-01
    outer loop
      vertex   -1.683333e+01 1.000000e-01 4.473205e+00
      vertex   -1.577778e+01 1.000000e-01 4.473205e+00
      vertex   -1.683333e+01 1.482362e-01 4.493185e+00
    endloop
  endfacet
  facet normal 0.000000e+00 -3.826834e-01 9.238795e-01
    outer loop
      vertex   -1.683333e+01 1.000000e-01 4.473205e+00
      vertex   -1.683333e+01 1.482362e-01 4.493185e+00
      vertex   -1.788889e+01 1.482362e-01 4.493185e+00
    endloop
  endfacet
  facet normal 0.000000e+00 -1.305262e-01 9.914449e-01
    outer loop
      vertex   -1.788889e+01 1.482362e-01 4.493185e+00
      vertex   -1.683333e+01 1.482362e-01 4.493185e+00
      vertex   -2.000000e+01 2.000000e-01 4.500000e+00
    endloop
  endfacet
  facet normal 0.000000e+00 -1.305262e-01 9.914449e-01
    outer loop
      vertex   -1.788889e+01 1.482362e-01 4.493185e+00
      vertex   -2.000000e+01 2.000000e-01 4.500000e+00
      vertex   -1.894444e+01 1.482362e-01 4.493185e+00
    endloop
  endfacet
  facet normal 3.432154e-18 -1.305262e-01 9.914449e-01
    outer loop
      vertex   -1.894444e+01 1.482362e-01 4.493185e+00
      vertex   -2.000000e+01 2.000000e-01 4.500000e+00
      vertex   -2.000000e+01 1.482362e-01 4.493185e+00
    endloop
  endfacet
  facet normal 1.006257e-17 -3.826834e-01 9.238795e-01
    outer loop
      vertex   -1.894444e+01 1.482362e-01 4.493185e+00
      vertex   -2.000000e+01 1.482362e-01 4.493185e+00
      vertex   -1.894444e+01 1.000000e-01 4.473205e+00
    endloop
  endfacet
  facet normal -3.018770e-17 -3.826834e-01 9.238795e-01
    outer loop
      vertex   -1.894444e+01 1.000000e-01 4.473205e+00
      vertex   -2.000000e+01 1.482362e-01 4.493185e+00
      vertex   -2.000000e+01 1.000000e-01 4.473205e+00
    endloop
  endfacet
  facet normal -4.802170e-17 -6.087614e-01 7.933533e-01
    outer loop
      vertex   -1.894444e+01 1.000000e-01 4.473205e+00
      vertex   -2.000000e+01 1.000000e-01 4.473205e+00
      vertex   -1.894444e+01 5.857864e-02 4.441421e+00
    endloop
  endfacet
  facet normal 6.402893e-17 -6.087614e-01 7.933533e-01
    outer loop
      vertex   -1.894444e+01 5.857864e-02 4.441421e+00
      vertex   -2.000000e+01 1.000000e-01 4.473205e+00
      vertex   -2.000000e+01 5.857864e-02 4.441421e+00
    endloop
  endfacet
  facet normal 8.344413e-17 -7.933533e-01 6.087614e-01
    outer loop
      vertex   -1.894444e+01 5.857864e-02 4.441421e+00
      vertex   -2.000000e+01 5.857864e-02 4.441421e+00
      vertex   -1.894444e+01 2.679492e-02 4.400000e+00
    endloop
  endfacet
  facet normal -5.215258e-17 -7.933533e-01 6.087614e-01
    outer loop
      vertex   -1.894444e+01 2.679492e-02 4.400000e+00
      vertex   -2.000000e+01 5.857864e-02 4.441421e+00
      vertex   -2.000000e+01 2.679492e-02 4.400000e+00
    endloop
  endfacet
  facet normal -6.073297e-17 -9.238795e-01 3.826834e-01
    outer loop
      vertex   -1.894444e+01 2.679492e-02 4.400000e+00
      vertex   -2.000000e+01 2.679492e-02 4.400000e+00
      vertex   -1.894444e+01 6.814835e-03 4.351764e+00
    endloop
  endfacet
  facet normal -3.036648e-17 -9.238795e-01 3.826834e-01
    outer loop
      vertex   -1.894444e+01 6.814835e-03 4.351764e+00
      vertex   -2.000000e+01 2.679492e-02 4.400000e+00
      vertex   -2.000000e+01 6.814835e-03 4.351764e+00
    endloop
  endfacet
  facet normal -3.258725e-17 -9.914449e-01 1.305262e-01
    outer loop
      vertex   -1.894444e+01 6.814835e-03 4.351764e+00
      vertex   -2.000000e+01 6.814835e-03 4.351764e+00
      vertex   -2.000000e+01 0.000000e+00 4.300000e+00
    endloop
  endfacet
  facet normal -1.246565e-17 -9.914449e-01 1.305262e-01
    outer loop
      vertex   -1.070000e+01 0.000000e+00 4.300000e+00
      vertex   -1.577778e+01 6.814835e-03 4.351764e+00
      vertex   -2.000000e+01 0.000000e+00 4.300000e+00
    endloop
  endfacet
  facet normal 0.000000e+00 -9.914449e-01 1.305262e-01
    outer loop
      vertex   -2.000000e+01 0.000000e+00 4.300000e+00
      vertex   -1.577778e+01 6.814835e-03 4.351764e+00
      vertex   -1.683333e+01 6.814835e-03 4.351764e+00
    endloop
  endfacet
  facet normal 0.000000e+00 -9.914449e-01 1.305262e-01
    outer loop
      vertex   -2.000000e+01 0.000000e+00 4.300000e+00
      vertex   -1.683333e+01 6.814835e-03 4.351764e+00
      vertex   -1.788889e+01 6.814835e-03 4.351764e+00
    endloop
  endfacet
  facet normal 0.000000e+00 -9.238795e-01 3.826834e-01
    outer loop
      vertex   -1.788889e+01 6.814835e-03 4.351764e+00
      vertex   -1.683333e+01 6.814835e-03 4.351764e+00
      vertex   -1.788889e+01 2.679492e-02 4.400000e+00
    endloop
  endfacet
  facet normal 0.000000e+00 -9.238795e-01 3.826834e-01
    outer loop
      vertex   -1.788889e+01 6.814835e-03 4.351764e+00
      vertex   -1.788889e+01 2.679492e-02 4.400000e+00
      vertex   -1.894444e+01 2.679492e-02 4.400000e+00
    endloop
  endfacet
  facet normal 0.000000e+00 -7.933533e-01 6.087614e-01
    outer loop
      vertex   -1.894444e+01 2.679492e-02 4.400000e+00
      vertex   -1.788889e+01 2.679492e-02 4.400000e+00
      vertex   -1.894444e+01 5.857864e-02 4.441421e+00
    endloop
  endfacet
  facet normal -8.321170e-18 -7.730105e-01 6.343933e-01
    outer loop
      vertex   -1.058889e+01 3.370608e-02 4.411114e+00
      vertex   -1.055858e+01 5.857864e-02 4.441421e+00
      vertex   -1.155556e+01 5.857864e-02 4.441421e+00
    endloop
  endfacet
  facet normal -8.830671e-18 -6.343933e-01 7.730105e-01
    outer loop
      vertex   -1.155556e+01 5.857864e-02 4.441421e+00
      vertex   -1.055858e+01 5.857864e-02 4.441421e+00
      vertex   -1.053371e+01 8.888595e-02 4.466294e+00
    endloop
  endfacet
  facet normal -1.255382e-03 -6.087609e-01 7.933527e-01
    outer loop
      vertex   -1.155556e+01 5.857864e-02 4.441421e+00
      vertex   -1.053371e+01 8.888595e-02 4.466294e+00
      vertex   -1.155556e+01 1.000000e-01 4.473205e+00
    endloop
  endfacet
  facet normal 8.326528e-04 -4.717427e-01 8.817359e-01
    outer loop
      vertex   -1.155556e+01 1.000000e-01 4.473205e+00
      vertex   -1.053371e+01 8.888595e-02 4.466294e+00
      vertex   -1.051522e+01 1.234633e-01 4.484776e+00
    endloop
  endfacet
  facet normal -1.644693e-03 -3.826829e-01 9.238783e-01
    outer loop
      vertex   -1.155556e+01 1.000000e-01 4.473205e+00
      vertex   -1.051522e+01 1.234633e-01 4.484776e+00
      vertex   -1.155556e+01 1.482362e-01 4.493185e+00
    endloop
  endfacet
  facet normal 8.168281e-04 -2.905115e-01 9.568712e-01
    outer loop
      vertex   -1.155556e+01 1.482362e-01 4.493185e+00
      vertex   -1.051522e+01 1.234633e-01 4.484776e+00
      vertex   -1.050384e+01 1.609819e-01 4.496157e+00
    endloop
  endfacet
  facet normal -1.018800e-03 -1.465825e-01 9.891979e-01
    outer loop
      vertex   -1.155556e+01 1.482362e-01 4.493185e+00
      vertex   -1.050384e+01 1.609819e-01 4.496157e+00
      vertex   -1.050096e+01 1.803966e-01 4.499037e+00
    endloop
  endfacet
  facet normal 0.000000e+00 -3.826834e-01 9.238795e-01
    outer loop
      vertex   -1.788889e+01 1.482362e-01 4.493185e+00
      vertex   -1.894444e+01 1.482362e-01 4.493185e+00
      vertex   -1.788889e+01 1.000000e-01 4.473205e+00
    endloop
  endfacet
  facet normal 5.031284e-18 -3.826834e-01 9.238795e-01
    outer loop
      vertex   -1.788889e+01 1.000000e-01 4.473205e+00
      vertex   -1.894444e+01 1.482362e-01 4.493185e+00
      vertex   -1.894444e+01 1.000000e-01 4.473205e+00
    endloop
  endfacet
  facet normal 8.003617e-18 -6.087614e-01 7.933533e-01
    outer loop
      vertex   -1.788889e+01 1.000000e-01 4.473205e+00
      vertex   -1.894444e+01 1.000000e-01 4.473205e+00
      vertex   -1.788889e+01 5.857864e-02 4.441421e+00
    endloop
  endfacet
  facet normal 1.200543e-17 -6.087614e-01 7.933533e-01
    outer loop
      vertex   -1.788889e+01 5.857864e-02 4.441421e+00
      vertex   -1.894444e+01 1.000000e-01 4.473205e+00
      vertex   -1.894444e+01 5.857864e-02 4.441421e+00
    endloop
  endfacet
  facet normal 1.564577e-17 -7.933533e-01 6.087614e-01
    outer loop
      vertex   -1.788889e+01 5.857864e-02 4.441421e+00
      vertex   -1.894444e+01 5.857864e-02 4.441421e+00
      vertex   -1.788889e+01 2.679492e-02 4.400000e+00
    endloop
  endfacet
  facet normal 0.000000e+00 -1.305262e-01 9.914449e-01
    outer loop
      vertex   -1.472222e+01 1.482362e-01 4.493185e+00
      vertex   -2.000000e+01 2.000000e-01 4.500000e+00
      vertex   -1.577778e+01 1.482362e-01 4.493185e+00
    endloop
  endfacet
  facet normal 0.000000e+00 -1.305262e-01 9.914449e-01
    outer loop
      vertex   -1.577778e+01 1.482362e-01 4.493185e+00
      vertex   -2.000000e+01 2.000000e-01 4.500000e+00
      vertex   -1.683333e+01 1.482362e-01 4.493185e+00
    endloop
  endfacet
  facet normal 0.000000e+00 -3.826834e-01 9.238795e-01
    outer loop
      vertex   -1.577778e+01 1.482362e-01 4.493185e+00
      vertex   -1.683333e+01 1.482362e-01 4.493185e+00
      vertex   -1.577778e+01 1.000000e-01 4.473205e+00
    endloop
  endfacet
  facet normal 0.000000e+00 -3.826834e-01 9.238795e-01
    outer loop
      vertex   -1.472222e+01 1.482362e-01 4.493185e+00
      vertex   -1.577778e+01 1.482362e-01 4.493185e+00
      vertex   -1.472222e+01 1.000000e-01 4.473205e+00
    endloop
  endfacet
  facet normal 5.031284e-18 -3.826834e-01 9.238795e-01
    outer loop
      vertex   -1.472222e+01 1.000000e-01 4.473205e+00
      vertex   -1.577778e+01 1.482362e-01 4.493185e+00
      vertex   -1.577778e+01 1.000000e-01 4.473205e+00
    endloop
  endfacet
  facet normal 8.003617e-18 -6.087614e-01 7.933533e-01
    outer loop
      vertex   -1.472222e+01 1.000000e-01 4.473205e+00
      vertex   -1.577778e+01 1.000000e-01 4.473205e+00
      vertex   -1.472222e+01 5.857864e-02 4.441421e+00
    endloop
  endfacet
  facet normal 9.414409e-18 -1.790169e-01 9.838460e-01
    outer loop
      vertex   -1.155556e+01 1.482362e-01 4.493185e+00
      vertex   -1.050096e+01 1.803966e-01 4.499037e+00
      vertex   -1.261111e+01 1.482362e-01 4.493185e+00
    endloop
  endfacet
  facet normal 0.000000e+00 -1.790169e-01 9.838460e-01
    outer loop
      vertex   -1.261111e+01 1.482362e-01 4.493185e+00
      vertex   -1.050096e+01 1.803966e-01 4.499037e+00
      vertex   -1.366667e+01 1.482362e-01 4.493185e+00
    endloop
  endfacet
  facet normal 0.000000e+00 -3.826834e-01 9.238795e-01
    outer loop
      vertex   -1.261111e+01 1.482362e-01 4.493185e+00
      vertex   -1.366667e+01 1.482362e-01 4.493185e+00
      vertex   -1.261111e+01 1.000000e-01 4.473205e+00
    endloop
  endfacet
  facet normal 1.967304e-17 -3.826834e-01 9.238795e-01
    outer loop
      vertex   -1.155556e+01 1.000000e-01 4.473205e+00
      vertex   -1.155556e+01 1.482362e-01 4.493185e+00
      vertex   -1.261111e+01 1.482362e-01 4.493185e+00
    endloop
  endfacet
  facet normal 5.031284e-18 -3.826834e-01 9.238795e-01
    outer loop
      vertex   -1.155556e+01 1.000000e-01 4.473205e+00
      vertex   -1.261111e+01 1.482362e-01 4.493185e+00
      vertex   -1.261111e+01 1.000000e-01 4.473205e+00
    endloop
  endfacet
  facet normal 5.901913e-18 -3.826834e-01 9.238795e-01
    outer loop
      vertex   -1.788889e+01 1.482362e-01 4.493185e+00
      vertex   -1.788889e+01 1.000000e-01 4.473205e+00
      vertex   -1.683333e+01 1.000000e-01 4.473205e+00
    endloop
  endfacet
  facet normal 8.003617e-18 -6.087614e-01 7.933533e-01
    outer loop
      vertex   -1.683333e+01 1.000000e-01 4.473205e+00
      vertex   -1.788889e+01 1.000000e-01 4.473205e+00
      vertex   -1.683333e+01 5.857864e-02 4.441421e+00
    endloop
  endfacet
  facet normal 0.000000e+00 -6.087614e-01 7.933533e-01
    outer loop
      vertex   -1.683333e+01 1.000000e-01 4.473205e+00
      vertex   -1.683333e+01 5.857864e-02 4.441421e+00
      vertex   -1.577778e+01 5.857864e-02 4.441421e+00
    endloop
  endfacet
  facet normal 0.000000e+00 -7.933533e-01 6.087614e-01
    outer loop
      vertex   -1.577778e+01 5.857864e-02 4.441421e+00
      vertex   -1.683333e+01 5.857864e-02 4.441421e+00
      vertex   -1.577778e+01 2.679492e-02 4.400000e+00
    endloop
  endfacet
  facet normal 0.000000e+00 -7.933533e-01 6.087614e-01
    outer loop
      vertex   -1.577778e+01 5.857864e-02 4.441421e+00
      vertex   -1.577778e+01 2.679492e-02 4.400000e+00
      vertex   -1.472222e+01 2.679492e-02 4.400000e+00
    endloop
  endfacet
  facet normal 0.000000e+00 -9.238795e-01 3.826834e-01
    outer loop
      vertex   -1.472222e+01 2.679492e-02 4.400000e+00
      vertex   -1.577778e+01 2.679492e-02 4.400000e+00
      vertex   -1.472222e+01 6.814835e-03 4.351764e+00
    endloop
  endfacet
  facet normal 0.000000e+00 -9.238795e-01 3.826834e-01
    outer loop
      vertex   -1.472222e+01 2.679492e-02 4.400000e+00
      vertex   -1.472222e+01 6.814835e-03 4.351764e+00
      vertex   -1.366667e+01 6.814835e-03 4.351764e+00
    endloop
  endfacet
  facet normal 0.000000e+00 -9.914449e-01 1.305262e-01
    outer loop
      vertex   -1.366667e+01 6.814835e-03 4.351764e+00
      vertex   -1.472222e+01 6.814835e-03 4.351764e+00
      vertex   -1.070000e+01 0.000000e+00 4.300000e+00
    endloop
  endfacet
  facet normal 1.200543e-17 -6.087614e-01 7.933533e-01
    outer loop
      vertex   -1.683333e+01 5.857864e-02 4.441421e+00
      vertex   -1.788889e+01 1.000000e-01 4.473205e+00
      vertex   -1.788889e+01 5.857864e-02 4.441421e+00
    endloop
  endfacet
  facet normal 1.180383e-17 -3.826834e-01 9.238795e-01
    outer loop
      vertex   -1.472222e+01 1.482362e-01 4.493185e+00
      vertex   -1.472222e+01 1.000000e-01 4.473205e+00
      vertex   -1.366667e+01 1.000000e-01 4.473205e+00
    endloop
  endfacet
  facet normal 1.600723e-17 -6.087614e-01 7.933533e-01
    outer loop
      vertex   -1.366667e+01 1.000000e-01 4.473205e+00
      vertex   -1.472222e+01 1.000000e-01 4.473205e+00
      vertex   -1.366667e+01 5.857864e-02 4.441421e+00
    endloop
  endfacet
  facet normal 7.869217e-18 -6.087614e-01 7.933533e-01
    outer loop
      vertex   -1.366667e+01 1.000000e-01 4.473205e+00
      vertex   -1.366667e+01 5.857864e-02 4.441421e+00
      vertex   -1.261111e+01 5.857864e-02 4.441421e+00
    endloop
  endfacet
  facet normal 1.043052e-17 -7.933533e-01 6.087614e-01
    outer loop
      vertex   -1.261111e+01 5.857864e-02 4.441421e+00
      vertex   -1.366667e+01 5.857864e-02 4.441421e+00
      vertex   -1.261111e+01 2.679492e-02 4.400000e+00
    endloop
  endfacet
  facet normal -2.754226e-17 -7.933533e-01 6.087614e-01
    outer loop
      vertex   -1.261111e+01 5.857864e-02 4.441421e+00
      vertex   -1.261111e+01 2.679492e-02 4.400000e+00
      vertex   -1.155556e+01 2.679492e-02 4.400000e+00
    endloop
  endfacet
  facet normal -3.036648e-17 -9.238795e-01 3.826834e-01
    outer loop
      vertex   -1.155556e+01 2.679492e-02 4.400000e+00
      vertex   -1.261111e+01 2.679492e-02 4.400000e+00
      vertex   -1.155556e+01 6.814835e-03 4.351764e+00
    endloop
  endfacet
  facet normal 0.000000e+00 -6.087614e-01 7.933533e-01
    outer loop
      vertex   -1.366667e+01 5.857864e-02 4.441421e+00
      vertex   -1.472222e+01 1.000000e-01 4.473205e+00
      vertex   -1.472222e+01 5.857864e-02 4.441421e+00
    endloop
  endfacet
  facet normal 7.869217e-18 -6.087614e-01 7.933533e-01
    outer loop
      vertex   -1.155556e+01 5.857864e-02 4.441421e+00
      vertex   -1.155556e+01 1.000000e-01 4.473205e+00
      vertex   -1.261111e+01 1.000000e-01 4.473205e+00
    endloop
  endfacet
  facet normal 1.564577e-17 -7.933533e-01 6.087614e-01
    outer loop
      vertex   -1.683333e+01 5.857864e-02 4.441421e+00
      vertex   -1.788889e+01 5.857864e-02 4.441421e+00
      vertex   -1.683333e+01 2.679492e-02 4.400000e+00
    endloop
  endfacet
  facet normal 0.000000e+00 -7.933533e-01 6.087614e-01
    outer loop
      vertex   -1.683333e+01 2.679492e-02 4.400000e+00
      vertex   -1.788889e+01 5.857864e-02 4.441421e+00
      vertex   -1.788889e+01 2.679492e-02 4.400000e+00
    endloop
  endfacet
  facet normal 0.000000e+00 -9.238795e-01 3.826834e-01
    outer loop
      vertex   -1.683333e+01 2.679492e-02 4.400000e+00
      vertex   -1.788889e+01 2.679492e-02 4.400000e+00
      vertex   -1.683333e+01 6.814835e-03 4.351764e+00
    endloop
  endfacet
  facet normal 2.607629e-17 -7.933533e-01 6.087614e-01
    outer loop
      vertex   -1.261111e+01 2.679492e-02 4.400000e+00
      vertex   -1.366667e+01 5.857864e-02 4.441421e+00
      vertex   -1.366667e+01 2.679492e-02 4.400000e+00
    endloop
  endfacet
  facet normal 0.000000e+00 -7.933533e-01 6.087614e-01
    outer loop
      vertex   -1.366667e+01 2.679492e-02 4.400000e+00
      vertex   -1.366667e+01 5.857864e-02 4.441421e+00
      vertex   -1.472222e+01 5.857864e-02 4.441421e+00
    endloop
  endfacet
  facet normal 0.000000e+00 -9.238795e-01 3.826834e-01
    outer loop
      vertex   -1.788889e+01 6.814835e-03 4.351764e+00
      vertex   -1.894444e+01 2.679492e-02 4.400000e+00
      vertex   -1.894444e+01 6.814835e-03 4.351764e+00
    endloop
  endfacet
  facet normal 2.360765e-17 -7.933533e-01 6.087614e-01
    outer loop
      vertex   -1.683333e+01 5.857864e-02 4.441421e+00
      vertex   -1.683333e+01 2.679492e-02 4.400000e+00
      vertex   -1.577778e+01 2.679492e-02 4.400000e+00
    endloop
  endfacet
  facet normal 3.036648e-17 -9.238795e-01 3.826834e-01
    outer loop
      vertex   -1.577778e+01 2.679492e-02 4.400000e+00
      vertex   -1.683333e+01 2.679492e-02 4.400000e+00
      vertex   -1.577778e+01 6.814835e-03 4.351764e+00
    endloop
  endfacet
  facet normal 0.000000e+00 -9.238795e-01 3.826834e-01
    outer loop
      vertex   -1.577778e+01 2.679492e-02 4.400000e+00
      vertex   -1.577778e+01 6.814835e-03 4.351764e+00
      vertex   -1.472222e+01 6.814835e-03 4.351764e+00
    endloop
  endfacet
  facet normal 0.000000e+00 -9.914449e-01 1.305262e-01
    outer loop
      vertex   -1.472222e+01 6.814835e-03 4.351764e+00
      vertex   -1.577778e+01 6.814835e-03 4.351764e+00
      vertex   -1.070000e+01 0.000000e+00 4.300000e+00
    endloop
  endfacet
  facet normal 0.000000e+00 -9.238795e-01 3.826834e-01
    outer loop
      vertex   -1.577778e+01 6.814835e-03 4.351764e+00
      vertex   -1.683333e+01 2.679492e-02 4.400000e+00
      vertex   -1.683333e+01 6.814835e-03 4.351764e+00
    endloop
  endfacet
  facet normal 0.000000e+00 -9.238795e-01 3.826834e-01
    outer loop
      vertex   -1.155556e+01 6.814835e-03 4.351764e+00
      vertex   -1.261111e+01 2.679492e-02 4.400000e+00
      vertex   -1.261111e+01 6.814835e-03 4.351764e+00
    endloop
  endfacet
  facet normal 2.950956e-17 -9.238795e-01 3.826834e-01
    outer loop
      vertex   -1.261111e+01 6.814835e-03 4.351764e+00
      vertex   -1.261111e+01 2.679492e-02 4.400000e+00
      vertex   -1.366667e+01 2.679492e-02 4.400000e+00
    endloop
  endfacet
  facet normal 0.000000e+00 -9.914449e-01 1.305262e-01
    outer loop
      vertex   -2.000000e+01 0.000000e+00 4.300000e+00
      vertex   -1.788889e+01 6.814835e-03 4.351764e+00
      vertex   -1.894444e+01 6.814835e-03 4.351764e+00
    endloop
  endfacet
  facet normal 9.801714e-02 -9.951847e-01 0.000000e+00
    outer loop
      vertex   -1.070000e+01 0.000000e+00 4.300000e+00
      vertex   -1.070000e+01 0.000000e+00 7.000000e-01
      vertex   -1.066098e+01 3.842944e-03 4.339018e+00
    endloop
  endfacet
  facet normal 1.747135e-01 -9.846190e-01 -8.335065e-04
    outer loop
      vertex   -1.066098e+01 3.842944e-03 4.339018e+00
      vertex   -1.070000e+01 0.000000e+00 7.000000e-01
      vertex   -1.064824e+01 6.814835e-03 3.500000e+00
    endloop
  endfacet
  facet normal 2.893639e-01 -9.572186e-01 1.005233e-03
    outer loop
      vertex   -1.066098e+01 3.842944e-03 4.339018e+00
      vertex   -1.064824e+01 6.814835e-03 3.500000e+00
      vertex   -1.062346e+01 1.522409e-02 4.376537e+00
    endloop
  endfacet
  facet normal 3.826827e-01 -9.238778e-01 -1.952028e-03
    outer loop
      vertex   -1.062346e+01 1.522409e-02 4.376537e+00
      vertex   -1.064824e+01 6.814835e-03 3.500000e+00
      vertex   -1.060000e+01 2.679492e-02 3.500000e+00
    endloop
  endfacet
  facet normal 4.706563e-01 -8.823161e-01 9.515060e-04
    outer loop
      vertex   -1.062346e+01 1.522409e-02 4.376537e+00
      vertex   -1.060000e+01 2.679492e-02 3.500000e+00
      vertex   -1.058889e+01 3.370608e-02 4.411114e+00
    endloop
  endfacet
  facet normal 6.087608e-01 -7.933526e-01 -1.407959e-03
    outer loop
      vertex   -1.058889e+01 3.370608e-02 4.411114e+00
      vertex   -1.060000e+01 2.679492e-02 3.500000e+00
      vertex   -1.055858e+01 5.857864e-02 3.500000e+00
    endloop
  endfacet
  facet normal 6.343933e-01 -7.730105e-01 -2.408674e-16
    outer loop
      vertex   -1.058889e+01 3.370608e-02 4.411114e+00
      vertex   -1.055858e+01 5.857864e-02 3.500000e+00
      vertex   -1.055858e+01 5.857864e-02 4.441421e+00
    endloop
  endfacet
  facet normal 7.730105e-01 -6.343933e-01 -1.963876e-16
    outer loop
      vertex   -1.055858e+01 5.857864e-02 4.441421e+00
      vertex   -1.055858e+01 5.857864e-02 3.500000e+00
      vertex   -1.053371e+01 8.888595e-02 4.466294e+00
    endloop
  endfacet
  facet normal 7.933526e-01 -6.087609e-01 -1.327558e-03
    outer loop
      vertex   -1.053371e+01 8.888595e-02 4.466294e+00
      vertex   -1.055858e+01 5.857864e-02 3.500000e+00
      vertex   -1.052680e+01 1.000000e-01 3.500000e+00
    endloop
  endfacet
  facet normal 8.817252e-01 -4.717625e-01 8.802217e-04
    outer loop
      vertex   -1.053371e+01 8.888595e-02 4.466294e+00
      vertex   -1.052680e+01 1.000000e-01 3.500000e+00
      vertex   -1.051522e+01 1.234633e-01 4.484776e+00
    endloop
  endfacet
  facet normal 9.238781e-01 -3.826829e-01 -1.737477e-03
    outer loop
      vertex   -1.051522e+01 1.234633e-01 4.484776e+00
      vertex   -1.052680e+01 1.000000e-01 3.500000e+00
      vertex   -1.050681e+01 1.482362e-01 3.500000e+00
    endloop
  endfacet
  facet normal 9.568673e-01 -2.905242e-01 8.625565e-04
    outer loop
      vertex   -1.051522e+01 1.234633e-01 4.484776e+00
      vertex   -1.050681e+01 1.482362e-01 3.500000e+00
      vertex   -1.050384e+01 1.609819e-01 4.496157e+00
    endloop
  endfacet
  facet normal 9.891991e-01 -1.465743e-01 -1.075728e-03
    outer loop
      vertex   -1.050384e+01 1.609819e-01 4.496157e+00
      vertex   -1.050681e+01 1.482362e-01 3.500000e+00
      vertex   -1.050096e+01 1.803966e-01 4.499037e+00
    endloop
  endfacet
  facet normal 9.987966e-01 -4.885759e-02 -4.277579e-03
    outer loop
      vertex   -1.050096e+01 1.803966e-01 4.499037e+00
      vertex   -1.050681e+01 1.482362e-01 3.500000e+00
      vertex   -1.050000e+01 2.000000e-01 4.500000e+00
    endloop
  endfacet
  facet normal 9.914449e-01 -1.305262e-01 0.000000e+00
    outer loop
      vertex   -1.050000e+01 2.000000e-01 4.500000e+00
      vertex   -1.050681e+01 1.482362e-01 3.500000e+00
      vertex   -1.050681e+01 1.482362e-01 2.500000e+00
    endloop
  endfacet
  facet normal 9.888002e-01 -1.492445e-01 4.934778e-04
    outer loop
      vertex   -1.050000e+01 2.000000e-01 4.500000e+00
      vertex   -1.050681e+01 1.482362e-01 2.500000e+00
      vertex   -1.050096e+01 1.803966e-01 5.009631e-01
    endloop
  endfacet
  facet normal 9.838460e-01 -1.790169e-01 0.000000e+00
    outer loop
      vertex   -1.050096e+01 1.803966e-01 5.009631e-01
      vertex   -1.050681e+01 1.482362e-01 2.500000e+00
      vertex   -1.050681e+01 1.482362e-01 1.500000e+00
    endloop
  endfacet
  facet normal 9.891991e-01 -1.465743e-01 1.075728e-03
    outer loop
      vertex   -1.050096e+01 1.803966e-01 5.009631e-01
      vertex   -1.050681e+01 1.482362e-01 1.500000e+00
      vertex   -1.050384e+01 1.609819e-01 5.038429e-01
    endloop
  endfacet
  facet normal 9.568673e-01 -2.905242e-01 -8.625565e-04
    outer loop
      vertex   -1.050384e+01 1.609819e-01 5.038429e-01
      vertex   -1.050681e+01 1.482362e-01 1.500000e+00
      vertex   -1.051522e+01 1.234633e-01 5.152241e-01
    endloop
  endfacet
  facet normal 9.238781e-01 -3.826829e-01 1.737477e-03
    outer loop
      vertex   -1.051522e+01 1.234633e-01 5.152241e-01
      vertex   -1.050681e+01 1.482362e-01 1.500000e+00
      vertex   -1.052680e+01 1.000000e-01 1.500000e+00
    endloop
  endfacet
  facet normal 8.817252e-01 -4.717625e-01 -8.802217e-04
    outer loop
      vertex   -1.051522e+01 1.234633e-01 5.152241e-01
      vertex   -1.052680e+01 1.000000e-01 1.500000e+00
      vertex   -1.053371e+01 8.888595e-02 5.337061e-01
    endloop
  endfacet
  facet normal 7.933526e-01 -6.087609e-01 1.327558e-03
    outer loop
      vertex   -1.053371e+01 8.888595e-02 5.337061e-01
      vertex   -1.052680e+01 1.000000e-01 1.500000e+00
      vertex   -1.055858e+01 5.857864e-02 1.500000e+00
    endloop
  endfacet
  facet normal 7.730105e-01 -6.343933e-01 1.968063e-16
    outer loop
      vertex   -1.053371e+01 8.888595e-02 5.337061e-01
      vertex   -1.055858e+01 5.857864e-02 1.500000e+00
      vertex   -1.055858e+01 5.857864e-02 5.585786e-01
    endloop
  endfacet
  facet normal 6.343933e-01 -7.730105e-01 2.392990e-16
    outer loop
      vertex   -1.055858e+01 5.857864e-02 5.585786e-01
      vertex   -1.055858e+01 5.857864e-02 1.500000e+00
      vertex   -1.058889e+01 3.370608e-02 5.888860e-01
    endloop
  endfacet
  facet normal 6.087608e-01 -7.933526e-01 1.407959e-03
    outer loop
      vertex   -1.058889e+01 3.370608e-02 5.888860e-01
      vertex   -1.055858e+01 5.857864e-02 1.500000e+00
      vertex   -1.060000e+01 2.679492e-02 1.500000e+00
    endloop
  endfacet
  facet normal 4.706563e-01 -8.823161e-01 -9.515060e-04
    outer loop
      vertex   -1.058889e+01 3.370608e-02 5.888860e-01
      vertex   -1.060000e+01 2.679492e-02 1.500000e+00
      vertex   -1.062346e+01 1.522409e-02 6.234633e-01
    endloop
  endfacet
  facet normal 3.826827e-01 -9.238778e-01 1.952028e-03
    outer loop
      vertex   -1.062346e+01 1.522409e-02 6.234633e-01
      vertex   -1.060000e+01 2.679492e-02 1.500000e+00
      vertex   -1.064824e+01 6.814835e-03 1.500000e+00
    endloop
  endfacet
  facet normal 2.893639e-01 -9.572186e-01 -1.005233e-03
    outer loop
      vertex   -1.062346e+01 1.522409e-02 6.234633e-01
      vertex   -1.064824e+01 6.814835e-03 1.500000e+00
      vertex   -1.066098e+01 3.842944e-03 6.609819e-01
    endloop
  endfacet
  facet normal 1.000027e-01 -9.949851e-01 2.005176e-03
    outer loop
      vertex   -1.066098e+01 3.842944e-03 6.609819e-01
      vertex   -1.064824e+01 6.814835e-03 1.500000e+00
      vertex   -1.070000e+01 0.000000e+00 7.000000e-01
    endloop
  endfacet
  facet normal 1.305262e-01 -9.914449e-01 0.000000e+00
    outer loop
      vertex   -1.070000e+01 0.000000e+00 7.000000e-01
      vertex   -1.064824e+01 6.814835e-03 1.500000e+00
      vertex   -1.064824e+01 6.814835e-03 2.500000e+00
    endloop
  endfacet
  facet normal 1.305262e-01 -9.914449e-01 0.000000e+00
    outer loop
      vertex   -1.070000e+01 0.000000e+00 7.000000e-01
      vertex   -1.064824e+01 6.814835e-03 2.500000e+00
      vertex   -1.064824e+01 6.814835e-03 3.500000e+00
    endloop
  endfacet
  facet normal 3.826834e-01 -9.238795e-01 0.000000e+00
    outer loop
      vertex   -1.064824e+01 6.814835e-03 3.500000e+00
      vertex   -1.064824e+01 6.814835e-03 2.500000e+00
      vertex   -1.060000e+01 2.679492e-02 3.500000e+00
    endloop
  endfacet
  facet normal 9.987955e-01 -4.906767e-02 0.000000e+00
    outer loop
      vertex   -1.050096e+01 1.803966e-01 5.009631e-01
      vertex   -1.050000e+01 2.000000e-01 5.000000e-01
      vertex   -1.050000e+01 2.000000e-01 4.500000e+00
    endloop
  endfacet
  facet normal 3.826834e-01 -9.238795e-01 0.000000e+00
    outer loop
      vertex   -1.064824e+01 6.814835e-03 2.500000e+00
      vertex   -1.064824e+01 6.814835e-03 1.500000e+00
      vertex   -1.060000e+01 2.679492e-02 2.500000e+00
    endloop
  endfacet
  facet normal 3.826834e-01 -9.238795e-01 0.000000e+00
    outer loop
      vertex   -1.060000e+01 2.679492e-02 2.500000e+00
      vertex   -1.064824e+01 6.814835e-03 1.500000e+00
      vertex   -1.060000e+01 2.679492e-02 1.500000e+00
    endloop
  endfacet
  facet normal 6.087614e-01 -7.933533e-01 0.000000e+00
    outer loop
      vertex   -1.060000e+01 2.679492e-02 2.500000e+00
      vertex   -1.060000e+01 2.679492e-02 1.500000e+00
      vertex   -1.055858e+01 5.857864e-02 2.500000e+00
    endloop
  endfacet
  facet normal 6.087614e-01 -7.933533e-01 0.000000e+00
    outer loop
      vertex   -1.055858e+01 5.857864e-02 2.500000e+00
      vertex   -1.060000e+01 2.679492e-02 1.500000e+00
      vertex   -1.055858e+01 5.857864e-02 1.500000e+00
    endloop
  endfacet
  facet normal 7.933533e-01 -6.087614e-01 0.000000e+00
    outer loop
      vertex   -1.055858e+01 5.857864e-02 2.500000e+00
      vertex   -1.055858e+01 5.857864e-02 1.500000e+00
      vertex   -1.052680e+01 1.000000e-01 2.500000e+00
    endloop
  endfacet
  facet normal 7.933533e-01 -6.087614e-01 0.000000e+00
    outer loop
      vertex   -1.052680e+01 1.000000e-01 2.500000e+00
      vertex   -1.055858e+01 5.857864e-02 1.500000e+00
      vertex   -1.052680e+01 1.000000e-01 1.500000e+00
    endloop
  endfacet
  facet normal 9.238795e-01 -3.826834e-01 0.000000e+00
    outer loop
      vertex   -1.052680e+01 1.000000e-01 2.500000e+00
      vertex   -1.052680e+01 1.000000e-01 1.500000e+00
      vertex   -1.050681e+01 1.482362e-01 2.500000e+00
    endloop
  endfacet
  facet normal 9.238795e-01 -3.826834e-01 0.000000e+00
    outer loop
      vertex   -1.050681e+01 1.482362e-01 2.500000e+00
      vertex   -1.052680e+01 1.000000e-01 1.500000e+00
      vertex   -1.050681e+01 1.482362e-01 1.500000e+00
    endloop
  endfacet
  facet normal 6.087614e-01 -7.933533e-01 0.000000e+00
    outer loop
      vertex   -1.055858e+01 5.857864e-02 3.500000e+00
      vertex   -1.060000e+01 2.679492e-02 3.500000e+00
      vertex   -1.060000e+01 2.679492e-02 2.500000e+00
    endloop
  endfacet
  facet normal 3.826834e-01 -9.238795e-01 0.000000e+00
    outer loop
      vertex   -1.060000e+01 2.679492e-02 2.500000e+00
      vertex   -1.060000e+01 2.679492e-02 3.500000e+00
      vertex   -1.064824e+01 6.814835e-03 2.500000e+00
    endloop
  endfacet
  facet normal 6.087614e-01 -7.933533e-01 0.000000e+00
    outer loop
      vertex   -1.055858e+01 5.857864e-02 3.500000e+00
      vertex   -1.060000e+01 2.679492e-02 2.500000e+00
      vertex   -1.055858e+01 5.857864e-02 2.500000e+00
    endloop
  endfacet
  facet normal 7.933533e-01 -6.087614e-01 0.000000e+00
    outer loop
      vertex   -1.052680e+01 1.000000e-01 3.500000e+00
      vertex   -1.055858e+01 5.857864e-02 3.500000e+00
      vertex   -1.055858e+01 5.857864e-02 2.500000e+00
    endloop
  endfacet
  facet normal 7.933533e-01 -6.087614e-01 0.000000e+00
    outer loop
      vertex   -1.052680e+01 1.000000e-01 3.500000e+00
      vertex   -1.055858e+01 5.857864e-02 2.500000e+00
      vertex   -1.052680e+01 1.000000e-01 2.500000e+00
    endloop
  endfacet
  facet normal 9.238795e-01 -3.826834e-01 0.000000e+00
    outer loop
      vertex   -1.050681e+01 1.482362e-01 3.500000e+00
      vertex   -1.052680e+01 1.000000e-01 3.500000e+00
      vertex   -1.052680e+01 1.000000e-01 2.500000e+00
    endloop
  endfacet
  facet normal 9.238795e-01 -3.826834e-01 0.000000e+00
    outer loop
      vertex   -1.050681e+01 1.482362e-01 3.500000e+00
      vertex   -1.052680e+01 1.000000e-01 2.500000e+00
      vertex   -1.050681e+01 1.482362e-01 2.500000e+00
    endloop
  endfacet
  facet normal -5.850585e-18 -9.951847e-01 -9.801714e-02
    outer loop
      vertex   -1.070000e+01 0.000000e+00 7.000000e-01
      vertex   -2.000000e+01 0.000000e+00 7.000000e-01
      vertex   -1.066098e+01 3.842944e-03 6.609819e-01
    endloop
  endfacet
  facet normal -2.795858e-04 -9.864477e-01 -1.640758e-01
    outer loop
      vertex   -1.066098e+01 3.842944e-03 6.609819e-01
      vertex   -2.000000e+01 0.000000e+00 7.000000e-01
      vertex   -1.366667e+01 6.814835e-03 6.482362e-01
    endloop
  endfacet
  facet normal 0.000000e+00 -9.738770e-01 -2.270763e-01
    outer loop
      vertex   -1.066098e+01 3.842944e-03 6.609819e-01
      vertex   -1.366667e+01 6.814835e-03 6.482362e-01
      vertex   -1.261111e+01 6.814835e-03 6.482362e-01
    endloop
  endfacet
  facet normal -0.000000e+00 -9.238795e-01 -3.826834e-01
    outer loop
      vertex   -1.261111e+01 6.814835e-03 6.482362e-01
      vertex   -1.366667e+01 6.814835e-03 6.482362e-01
      vertex   -1.261111e+01 2.679492e-02 6.000000e-01
    endloop
  endfacet
  facet normal 0.000000e+00 -9.238795e-01 -3.826834e-01
    outer loop
      vertex   -1.261111e+01 6.814835e-03 6.482362e-01
      vertex   -1.261111e+01 2.679492e-02 6.000000e-01
      vertex   -1.155556e+01 2.679492e-02 6.000000e-01
    endloop
  endfacet
  facet normal -0.000000e+00 -7.933533e-01 -6.087614e-01
    outer loop
      vertex   -1.155556e+01 2.679492e-02 6.000000e-01
      vertex   -1.261111e+01 2.679492e-02 6.000000e-01
      vertex   -1.155556e+01 5.857864e-02 5.585786e-01
    endloop
  endfacet
  facet normal -1.327042e-03 -7.933526e-01 -6.087609e-01
    outer loop
      vertex   -1.155556e+01 2.679492e-02 6.000000e-01
      vertex   -1.155556e+01 5.857864e-02 5.585786e-01
      vertex   -1.058889e+01 3.370608e-02 5.888860e-01
    endloop
  endfacet
  facet normal 1.109489e-17 -7.730105e-01 -6.343933e-01
    outer loop
      vertex   -1.058889e+01 3.370608e-02 5.888860e-01
      vertex   -1.155556e+01 5.857864e-02 5.585786e-01
      vertex   -1.055858e+01 5.857864e-02 5.585786e-01
    endloop
  endfacet
  facet normal 8.830671e-18 -6.343933e-01 -7.730105e-01
    outer loop
      vertex   -1.055858e+01 5.857864e-02 5.585786e-01
      vertex   -1.155556e+01 5.857864e-02 5.585786e-01
      vertex   -1.053371e+01 8.888595e-02 5.337061e-01
    endloop
  endfacet
  facet normal -1.255382e-03 -6.087609e-01 -7.933527e-01
    outer loop
      vertex   -1.053371e+01 8.888595e-02 5.337061e-01
      vertex   -1.155556e+01 5.857864e-02 5.585786e-01
      vertex   -1.155556e+01 1.000000e-01 5.267949e-01
    endloop
  endfacet
  facet normal 8.326528e-04 -4.717427e-01 -8.817359e-01
    outer loop
      vertex   -1.053371e+01 8.888595e-02 5.337061e-01
      vertex   -1.155556e+01 1.000000e-01 5.267949e-01
      vertex   -1.051522e+01 1.234633e-01 5.152241e-01
    endloop
  endfacet
  facet normal -1.644693e-03 -3.826829e-01 -9.238783e-01
    outer loop
      vertex   -1.051522e+01 1.234633e-01 5.152241e-01
      vertex   -1.155556e+01 1.000000e-01 5.267949e-01
      vertex   -1.155556e+01 1.482362e-01 5.068148e-01
    endloop
  endfacet
  facet normal 8.168281e-04 -2.905115e-01 -9.568712e-01
    outer loop
      vertex   -1.051522e+01 1.234633e-01 5.152241e-01
      vertex   -1.155556e+01 1.482362e-01 5.068148e-01
      vertex   -1.050384e+01 1.609819e-01 5.038429e-01
    endloop
  endfacet
  facet normal -1.018800e-03 -1.465825e-01 -9.891979e-01
    outer loop
      vertex   -1.050384e+01 1.609819e-01 5.038429e-01
      vertex   -1.155556e+01 1.482362e-01 5.068148e-01
      vertex   -1.050096e+01 1.803966e-01 5.009631e-01
    endloop
  endfacet
  facet normal -4.051901e-03 -4.886869e-02 -9.987970e-01
    outer loop
      vertex   -1.050096e+01 1.803966e-01 5.009631e-01
      vertex   -1.155556e+01 1.482362e-01 5.068148e-01
      vertex   -1.050000e+01 2.000000e-01 5.000000e-01
    endloop
  endfacet
  facet normal 2.950956e-18 -1.305262e-01 -9.914449e-01
    outer loop
      vertex   -1.050000e+01 2.000000e-01 5.000000e-01
      vertex   -1.155556e+01 1.482362e-01 5.068148e-01
      vertex   -1.261111e+01 1.482362e-01 5.068148e-01
    endloop
  endfacet
  facet normal 0.000000e+00 -1.305262e-01 -9.914449e-01
    outer loop
      vertex   -1.050000e+01 2.000000e-01 5.000000e-01
      vertex   -1.261111e+01 1.482362e-01 5.068148e-01
      vertex   -1.366667e+01 1.482362e-01 5.068148e-01
    endloop
  endfacet
  facet normal 0.000000e+00 -3.826834e-01 -9.238795e-01
    outer loop
      vertex   -1.366667e+01 1.482362e-01 5.068148e-01
      vertex   -1.261111e+01 1.482362e-01 5.068148e-01
      vertex   -1.366667e+01 1.000000e-01 5.267949e-01
    endloop
  endfacet
  facet normal 0.000000e+00 -3.826834e-01 -9.238795e-01
    outer loop
      vertex   -1.366667e+01 1.482362e-01 5.068148e-01
      vertex   -1.366667e+01 1.000000e-01 5.267949e-01
      vertex   -1.472222e+01 1.000000e-01 5.267949e-01
    endloop
  endfacet
  facet normal 0.000000e+00 -6.087614e-01 -7.933533e-01
    outer loop
      vertex   -1.472222e+01 1.000000e-01 5.267949e-01
      vertex   -1.366667e+01 1.000000e-01 5.267949e-01
      vertex   -1.472222e+01 5.857864e-02 5.585786e-01
    endloop
  endfacet
  facet normal 7.869217e-18 -6.087614e-01 -7.933533e-01
    outer loop
      vertex   -1.472222e+01 1.000000e-01 5.267949e-01
      vertex   -1.472222e+01 5.857864e-02 5.585786e-01
      vertex   -1.577778e+01 5.857864e-02 5.585786e-01
    endloop
  endfacet
  facet normal 1.043052e-17 -7.933533e-01 -6.087614e-01
    outer loop
      vertex   -1.577778e+01 5.857864e-02 5.585786e-01
      vertex   -1.472222e+01 5.857864e-02 5.585786e-01
      vertex   -1.577778e+01 2.679492e-02 6.000000e-01
    endloop
  endfacet
  facet normal 0.000000e+00 -7.933533e-01 -6.087614e-01
    outer loop
      vertex   -1.577778e+01 5.857864e-02 5.585786e-01
      vertex   -1.577778e+01 2.679492e-02 6.000000e-01
      vertex   -1.683333e+01 2.679492e-02 6.000000e-01
    endloop
  endfacet
  facet normal 0.000000e+00 -9.238795e-01 -3.826834e-01
    outer loop
      vertex   -1.683333e+01 2.679492e-02 6.000000e-01
      vertex   -1.577778e+01 2.679492e-02 6.000000e-01
      vertex   -1.683333e+01 6.814835e-03 6.482362e-01
    endloop
  endfacet
  facet normal 0.000000e+00 -9.238795e-01 -3.826834e-01
    outer loop
      vertex   -1.683333e+01 2.679492e-02 6.000000e-01
      vertex   -1.683333e+01 6.814835e-03 6.482362e-01
      vertex   -1.788889e+01 6.814835e-03 6.482362e-01
    endloop
  endfacet
  facet normal 0.000000e+00 -9.914449e-01 -1.305262e-01
    outer loop
      vertex   -1.788889e+01 6.814835e-03 6.482362e-01
      vertex   -1.683333e+01 6.814835e-03 6.482362e-01
      vertex   -2.000000e+01 0.000000e+00 7.000000e-01
    endloop
  endfacet
  facet normal -0.000000e+00 -9.914449e-01 -1.305262e-01
    outer loop
      vertex   -1.788889e+01 6.814835e-03 6.482362e-01
      vertex   -2.000000e+01 0.000000e+00 7.000000e-01
      vertex   -1.894444e+01 6.814835e-03 6.482362e-01
    endloop
  endfacet
  facet normal -8.146813e-18 -9.914449e-01 -1.305262e-01
    outer loop
      vertex   -1.894444e+01 6.814835e-03 6.482362e-01
      vertex   -2.000000e+01 0.000000e+00 7.000000e-01
      vertex   -2.000000e+01 6.814835e-03 6.482362e-01
    endloop
  endfacet
  facet normal -7.591621e-18 -9.238795e-01 -3.826834e-01
    outer loop
      vertex   -1.894444e+01 6.814835e-03 6.482362e-01
      vertex   -2.000000e+01 6.814835e-03 6.482362e-01
      vertex   -1.894444e+01 2.679492e-02 6.000000e-01
    endloop
  endfacet
  facet normal -0.000000e+00 -9.238795e-01 -3.826834e-01
    outer loop
      vertex   -1.894444e+01 2.679492e-02 6.000000e-01
      vertex   -2.000000e+01 6.814835e-03 6.482362e-01
      vertex   -2.000000e+01 2.679492e-02 6.000000e-01
    endloop
  endfacet
  facet normal -0.000000e+00 -7.933533e-01 -6.087614e-01
    outer loop
      vertex   -1.894444e+01 2.679492e-02 6.000000e-01
      vertex   -2.000000e+01 2.679492e-02 6.000000e-01
      vertex   -1.894444e+01 5.857864e-02 5.585786e-01
    endloop
  endfacet
  facet normal 1.043052e-17 -7.933533e-01 -6.087614e-01
    outer loop
      vertex   -1.894444e+01 5.857864e-02 5.585786e-01
      vertex   -2.000000e+01 2.679492e-02 6.000000e-01
      vertex   -2.000000e+01 5.857864e-02 5.585786e-01
    endloop
  endfacet
  facet normal 8.003617e-18 -6.087614e-01 -7.933533e-01
    outer loop
      vertex   -1.894444e+01 5.857864e-02 5.585786e-01
      vertex   -2.000000e+01 5.857864e-02 5.585786e-01
      vertex   -1.894444e+01 1.000000e-01 5.267949e-01
    endloop
  endfacet
  facet normal -0.000000e+00 -6.087614e-01 -7.933533e-01
    outer loop
      vertex   -1.894444e+01 1.000000e-01 5.267949e-01
      vertex   -2.000000e+01 5.857864e-02 5.585786e-01
      vertex   -2.000000e+01 1.000000e-01 5.267949e-01
    endloop
  endfacet
  facet normal -0.000000e+00 -3.826834e-01 -9.238795e-01
    outer loop
      vertex   -1.894444e+01 1.000000e-01 5.267949e-01
      vertex   -2.000000e+01 1.000000e-01 5.267949e-01
      vertex   -1.894444e+01 1.482362e-01 5.068148e-01
    endloop
  endfacet
  facet normal -1.006257e-17 -3.826834e-01 -9.238795e-01
    outer loop
      vertex   -1.894444e+01 1.482362e-01 5.068148e-01
      vertex   -2.000000e+01 1.000000e-01 5.267949e-01
      vertex   -2.000000e+01 1.482362e-01 5.068148e-01
    endloop
  endfacet
  facet normal -3.432154e-18 -1.305262e-01 -9.914449e-01
    outer loop
      vertex   -1.894444e+01 1.482362e-01 5.068148e-01
      vertex   -2.000000e+01 1.482362e-01 5.068148e-01
      vertex   -2.000000e+01 2.000000e-01 5.000000e-01
    endloop
  endfacet
  facet normal -4.634631e-17 -1.305262e-01 -9.914449e-01
    outer loop
      vertex   -1.050000e+01 2.000000e-01 5.000000e-01
      vertex   -1.577778e+01 1.482362e-01 5.068148e-01
      vertex   -2.000000e+01 2.000000e-01 5.000000e-01
    endloop
  endfacet
  facet normal 2.950956e-18 -1.305262e-01 -9.914449e-01
    outer loop
      vertex   -2.000000e+01 2.000000e-01 5.000000e-01
      vertex   -1.577778e+01 1.482362e-01 5.068148e-01
      vertex   -1.683333e+01 1.482362e-01 5.068148e-01
    endloop
  endfacet
  facet normal 0.000000e+00 -1.305262e-01 -9.914449e-01
    outer loop
      vertex   -2.000000e+01 2.000000e-01 5.000000e-01
      vertex   -1.683333e+01 1.482362e-01 5.068148e-01
      vertex   -1.788889e+01 1.482362e-01 5.068148e-01
    endloop
  endfacet
  facet normal 0.000000e+00 -3.826834e-01 -9.238795e-01
    outer loop
      vertex   -1.788889e+01 1.482362e-01 5.068148e-01
      vertex   -1.683333e+01 1.482362e-01 5.068148e-01
      vertex   -1.788889e+01 1.000000e-01 5.267949e-01
    endloop
  endfacet
  facet normal 0.000000e+00 -3.826834e-01 -9.238795e-01
    outer loop
      vertex   -1.788889e+01 1.482362e-01 5.068148e-01
      vertex   -1.788889e+01 1.000000e-01 5.267949e-01
      vertex   -1.894444e+01 1.000000e-01 5.267949e-01
    endloop
  endfacet
  facet normal 0.000000e+00 -6.087614e-01 -7.933533e-01
    outer loop
      vertex   -1.894444e+01 1.000000e-01 5.267949e-01
      vertex   -1.788889e+01 1.000000e-01 5.267949e-01
      vertex   -1.894444e+01 5.857864e-02 5.585786e-01
    endloop
  endfacet
  facet normal 8.961626e-04 -8.822932e-01 -4.706994e-01
    outer loop
      vertex   -1.058889e+01 3.370608e-02 5.888860e-01
      vertex   -1.062346e+01 1.522409e-02 6.234633e-01
      vertex   -1.155556e+01 2.679492e-02 6.000000e-01
    endloop
  endfacet
  facet normal -1.835682e-03 -9.238780e-01 -3.826828e-01
    outer loop
      vertex   -1.155556e+01 2.679492e-02 6.000000e-01
      vertex   -1.062346e+01 1.522409e-02 6.234633e-01
      vertex   -1.155556e+01 6.814835e-03 6.482362e-01
    endloop
  endfacet
  facet normal 0.000000e+00 -9.238795e-01 -3.826834e-01
    outer loop
      vertex   -1.155556e+01 2.679492e-02 6.000000e-01
      vertex   -1.155556e+01 6.814835e-03 6.482362e-01
      vertex   -1.261111e+01 6.814835e-03 6.482362e-01
    endloop
  endfacet
  facet normal 0.000000e+00 -9.738770e-01 -2.270763e-01
    outer loop
      vertex   -1.261111e+01 6.814835e-03 6.482362e-01
      vertex   -1.155556e+01 6.814835e-03 6.482362e-01
      vertex   -1.066098e+01 3.842944e-03 6.609819e-01
    endloop
  endfacet
  facet normal 9.436654e-04 -9.572017e-01 -2.894203e-01
    outer loop
      vertex   -1.062346e+01 1.522409e-02 6.234633e-01
      vertex   -1.066098e+01 3.842944e-03 6.609819e-01
      vertex   -1.155556e+01 6.814835e-03 6.482362e-01
    endloop
  endfacet
  facet normal -0.000000e+00 -9.238795e-01 -3.826834e-01
    outer loop
      vertex   -1.788889e+01 6.814835e-03 6.482362e-01
      vertex   -1.894444e+01 6.814835e-03 6.482362e-01
      vertex   -1.788889e+01 2.679492e-02 6.000000e-01
    endloop
  endfacet
  facet normal 4.025027e-17 -9.238795e-01 -3.826834e-01
    outer loop
      vertex   -1.788889e+01 2.679492e-02 6.000000e-01
      vertex   -1.894444e+01 6.814835e-03 6.482362e-01
      vertex   -1.894444e+01 2.679492e-02 6.000000e-01
    endloop
  endfacet
  facet normal 6.402893e-17 -7.933533e-01 -6.087614e-01
    outer loop
      vertex   -1.788889e+01 2.679492e-02 6.000000e-01
      vertex   -1.894444e+01 2.679492e-02 6.000000e-01
      vertex   -1.788889e+01 5.857864e-02 5.585786e-01
    endloop
  endfacet
  facet normal 1.043052e-17 -7.933533e-01 -6.087614e-01
    outer loop
      vertex   -1.788889e+01 5.857864e-02 5.585786e-01
      vertex   -1.894444e+01 2.679492e-02 6.000000e-01
      vertex   -1.894444e+01 5.857864e-02 5.585786e-01
    endloop
  endfacet
  facet normal 8.003617e-18 -6.087614e-01 -7.933533e-01
    outer loop
      vertex   -1.788889e+01 5.857864e-02 5.585786e-01
      vertex   -1.894444e+01 5.857864e-02 5.585786e-01
      vertex   -1.788889e+01 1.000000e-01 5.267949e-01
    endloop
  endfacet
  facet normal 0.000000e+00 -9.914449e-01 -1.305262e-01
    outer loop
      vertex   -1.683333e+01 6.814835e-03 6.482362e-01
      vertex   -1.577778e+01 6.814835e-03 6.482362e-01
      vertex   -2.000000e+01 0.000000e+00 7.000000e-01
    endloop
  endfacet
  facet normal 0.000000e+00 -9.914449e-01 -1.305262e-01
    outer loop
      vertex   -2.000000e+01 0.000000e+00 7.000000e-01
      vertex   -1.577778e+01 6.814835e-03 6.482362e-01
      vertex   -1.472222e+01 6.814835e-03 6.482362e-01
    endloop
  endfacet
  facet normal 0.000000e+00 -9.914449e-01 -1.305262e-01
    outer loop
      vertex   -2.000000e+01 0.000000e+00 7.000000e-01
      vertex   -1.472222e+01 6.814835e-03 6.482362e-01
      vertex   -1.366667e+01 6.814835e-03 6.482362e-01
    endloop
  endfacet
  facet normal -0.000000e+00 -9.238795e-01 -3.826834e-01
    outer loop
      vertex   -1.366667e+01 6.814835e-03 6.482362e-01
      vertex   -1.472222e+01 6.814835e-03 6.482362e-01
      vertex   -1.366667e+01 2.679492e-02 6.000000e-01
    endloop
  endfacet
  facet normal 0.000000e+00 -9.238795e-01 -3.826834e-01
    outer loop
      vertex   -1.366667e+01 6.814835e-03 6.482362e-01
      vertex   -1.366667e+01 2.679492e-02 6.000000e-01
      vertex   -1.261111e+01 2.679492e-02 6.000000e-01
    endloop
  endfacet
  facet normal -0.000000e+00 -7.933533e-01 -6.087614e-01
    outer loop
      vertex   -1.261111e+01 2.679492e-02 6.000000e-01
      vertex   -1.366667e+01 2.679492e-02 6.000000e-01
      vertex   -1.261111e+01 5.857864e-02 5.585786e-01
    endloop
  endfacet
  facet normal 1.573843e-17 -7.933533e-01 -6.087614e-01
    outer loop
      vertex   -1.261111e+01 2.679492e-02 6.000000e-01
      vertex   -1.261111e+01 5.857864e-02 5.585786e-01
      vertex   -1.155556e+01 5.857864e-02 5.585786e-01
    endloop
  endfacet
  facet normal 1.200543e-17 -6.087614e-01 -7.933533e-01
    outer loop
      vertex   -1.155556e+01 5.857864e-02 5.585786e-01
      vertex   -1.261111e+01 5.857864e-02 5.585786e-01
      vertex   -1.155556e+01 1.000000e-01 5.267949e-01
    endloop
  endfacet
  facet normal 0.000000e+00 -9.238795e-01 -3.826834e-01
    outer loop
      vertex   -1.683333e+01 6.814835e-03 6.482362e-01
      vertex   -1.577778e+01 2.679492e-02 6.000000e-01
      vertex   -1.577778e+01 6.814835e-03 6.482362e-01
    endloop
  endfacet
  facet normal 0.000000e+00 -9.238795e-01 -3.826834e-01
    outer loop
      vertex   -1.577778e+01 6.814835e-03 6.482362e-01
      vertex   -1.577778e+01 2.679492e-02 6.000000e-01
      vertex   -1.472222e+01 2.679492e-02 6.000000e-01
    endloop
  endfacet
  facet normal 0.000000e+00 -9.238795e-01 -3.826834e-01
    outer loop
      vertex   -1.577778e+01 6.814835e-03 6.482362e-01
      vertex   -1.472222e+01 2.679492e-02 6.000000e-01
      vertex   -1.472222e+01 6.814835e-03 6.482362e-01
    endloop
  endfacet
  facet normal 0.000000e+00 -9.238795e-01 -3.826834e-01
    outer loop
      vertex   -1.472222e+01 6.814835e-03 6.482362e-01
      vertex   -1.472222e+01 2.679492e-02 6.000000e-01
      vertex   -1.366667e+01 2.679492e-02 6.000000e-01
    endloop
  endfacet
  facet normal 0.000000e+00 -9.238795e-01 -3.826834e-01
    outer loop
      vertex   -1.788889e+01 6.814835e-03 6.482362e-01
      vertex   -1.788889e+01 2.679492e-02 6.000000e-01
      vertex   -1.683333e+01 2.679492e-02 6.000000e-01
    endloop
  endfacet
  facet normal -0.000000e+00 -7.933533e-01 -6.087614e-01
    outer loop
      vertex   -1.683333e+01 2.679492e-02 6.000000e-01
      vertex   -1.788889e+01 2.679492e-02 6.000000e-01
      vertex   -1.683333e+01 5.857864e-02 5.585786e-01
    endloop
  endfacet
  facet normal 1.573843e-17 -7.933533e-01 -6.087614e-01
    outer loop
      vertex   -1.683333e+01 2.679492e-02 6.000000e-01
      vertex   -1.683333e+01 5.857864e-02 5.585786e-01
      vertex   -1.577778e+01 5.857864e-02 5.585786e-01
    endloop
  endfacet
  facet normal 1.200543e-17 -6.087614e-01 -7.933533e-01
    outer loop
      vertex   -1.577778e+01 5.857864e-02 5.585786e-01
      vertex   -1.683333e+01 5.857864e-02 5.585786e-01
      vertex   -1.577778e+01 1.000000e-01 5.267949e-01
    endloop
  endfacet
  facet normal 0.000000e+00 -6.087614e-01 -7.933533e-01
    outer loop
      vertex   -1.577778e+01 5.857864e-02 5.585786e-01
      vertex   -1.577778e+01 1.000000e-01 5.267949e-01
      vertex   -1.472222e+01 1.000000e-01 5.267949e-01
    endloop
  endfacet
  facet normal -0.000000e+00 -3.826834e-01 -9.238795e-01
    outer loop
      vertex   -1.472222e+01 1.000000e-01 5.267949e-01
      vertex   -1.577778e+01 1.000000e-01 5.267949e-01
      vertex   -1.472222e+01 1.482362e-01 5.068148e-01
    endloop
  endfacet
  facet normal -8.656139e-17 -3.826834e-01 -9.238795e-01
    outer loop
      vertex   -1.472222e+01 1.000000e-01 5.267949e-01
      vertex   -1.472222e+01 1.482362e-01 5.068148e-01
      vertex   -1.366667e+01 1.482362e-01 5.068148e-01
    endloop
  endfacet
  facet normal -1.008470e-16 -1.305262e-01 -9.914449e-01
    outer loop
      vertex   -1.366667e+01 1.482362e-01 5.068148e-01
      vertex   -1.472222e+01 1.482362e-01 5.068148e-01
      vertex   -1.050000e+01 2.000000e-01 5.000000e-01
    endloop
  endfacet
  facet normal -4.838316e-17 -7.933533e-01 -6.087614e-01
    outer loop
      vertex   -1.683333e+01 5.857864e-02 5.585786e-01
      vertex   -1.788889e+01 2.679492e-02 6.000000e-01
      vertex   -1.788889e+01 5.857864e-02 5.585786e-01
    endloop
  endfacet
  facet normal 0.000000e+00 -7.933533e-01 -6.087614e-01
    outer loop
      vertex   -1.577778e+01 2.679492e-02 6.000000e-01
      vertex   -1.472222e+01 5.857864e-02 5.585786e-01
      vertex   -1.472222e+01 2.679492e-02 6.000000e-01
    endloop
  endfacet
  facet normal 1.180383e-17 -7.933533e-01 -6.087614e-01
    outer loop
      vertex   -1.472222e+01 2.679492e-02 6.000000e-01
      vertex   -1.472222e+01 5.857864e-02 5.585786e-01
      vertex   -1.366667e+01 5.857864e-02 5.585786e-01
    endloop
  endfacet
  facet normal 0.000000e+00 -7.933533e-01 -6.087614e-01
    outer loop
      vertex   -1.472222e+01 2.679492e-02 6.000000e-01
      vertex   -1.366667e+01 5.857864e-02 5.585786e-01
      vertex   -1.366667e+01 2.679492e-02 6.000000e-01
    endloop
  endfacet
  facet normal 1.180383e-17 -7.933533e-01 -6.087614e-01
    outer loop
      vertex   -1.366667e+01 2.679492e-02 6.000000e-01
      vertex   -1.366667e+01 5.857864e-02 5.585786e-01
      vertex   -1.261111e+01 5.857864e-02 5.585786e-01
    endloop
  endfacet
  facet normal -7.143871e-17 -6.087614e-01 -7.933533e-01
    outer loop
      vertex   -1.683333e+01 5.857864e-02 5.585786e-01
      vertex   -1.788889e+01 5.857864e-02 5.585786e-01
      vertex   -1.683333e+01 1.000000e-01 5.267949e-01
    endloop
  endfacet
  facet normal -0.000000e+00 -6.087614e-01 -7.933533e-01
    outer loop
      vertex   -1.683333e+01 1.000000e-01 5.267949e-01
      vertex   -1.788889e+01 5.857864e-02 5.585786e-01
      vertex   -1.788889e+01 1.000000e-01 5.267949e-01
    endloop
  endfacet
  facet normal -0.000000e+00 -3.826834e-01 -9.238795e-01
    outer loop
      vertex   -1.683333e+01 1.000000e-01 5.267949e-01
      vertex   -1.788889e+01 1.000000e-01 5.267949e-01
      vertex   -1.683333e+01 1.482362e-01 5.068148e-01
    endloop
  endfacet
  facet normal 8.003617e-18 -6.087614e-01 -7.933533e-01
    outer loop
      vertex   -1.472222e+01 5.857864e-02 5.585786e-01
      vertex   -1.366667e+01 1.000000e-01 5.267949e-01
      vertex   -1.366667e+01 5.857864e-02 5.585786e-01
    endloop
  endfacet
  facet normal 0.000000e+00 -6.087614e-01 -7.933533e-01
    outer loop
      vertex   -1.366667e+01 5.857864e-02 5.585786e-01
      vertex   -1.366667e+01 1.000000e-01 5.267949e-01
      vertex   -1.261111e+01 1.000000e-01 5.267949e-01
    endloop
  endfacet
  facet normal 1.200543e-17 -6.087614e-01 -7.933533e-01
    outer loop
      vertex   -1.366667e+01 5.857864e-02 5.585786e-01
      vertex   -1.261111e+01 1.000000e-01 5.267949e-01
      vertex   -1.261111e+01 5.857864e-02 5.585786e-01
    endloop
  endfacet
  facet normal 0.000000e+00 -6.087614e-01 -7.933533e-01
    outer loop
      vertex   -1.261111e+01 5.857864e-02 5.585786e-01
      vertex   -1.261111e+01 1.000000e-01 5.267949e-01
      vertex   -1.155556e+01 1.000000e-01 5.267949e-01
    endloop
  endfacet
  facet normal -0.000000e+00 -3.826834e-01 -9.238795e-01
    outer loop
      vertex   -1.788889e+01 1.482362e-01 5.068148e-01
      vertex   -1.894444e+01 1.000000e-01 5.267949e-01
      vertex   -1.894444e+01 1.482362e-01 5.068148e-01
    endloop
  endfacet
  facet normal 0.000000e+00 -6.087614e-01 -7.933533e-01
    outer loop
      vertex   -1.683333e+01 5.857864e-02 5.585786e-01
      vertex   -1.683333e+01 1.000000e-01 5.267949e-01
      vertex   -1.577778e+01 1.000000e-01 5.267949e-01
    endloop
  endfacet
  facet normal -0.000000e+00 -3.826834e-01 -9.238795e-01
    outer loop
      vertex   -1.577778e+01 1.000000e-01 5.267949e-01
      vertex   -1.683333e+01 1.000000e-01 5.267949e-01
      vertex   -1.577778e+01 1.482362e-01 5.068148e-01
    endloop
  endfacet
  facet normal 0.000000e+00 -3.826834e-01 -9.238795e-01
    outer loop
      vertex   -1.577778e+01 1.000000e-01 5.267949e-01
      vertex   -1.577778e+01 1.482362e-01 5.068148e-01
      vertex   -1.472222e+01 1.482362e-01 5.068148e-01
    endloop
  endfacet
  facet normal -0.000000e+00 -1.305262e-01 -9.914449e-01
    outer loop
      vertex   -1.472222e+01 1.482362e-01 5.068148e-01
      vertex   -1.577778e+01 1.482362e-01 5.068148e-01
      vertex   -1.050000e+01 2.000000e-01 5.000000e-01
    endloop
  endfacet
  facet normal 1.006257e-17 -3.826834e-01 -9.238795e-01
    outer loop
      vertex   -1.577778e+01 1.482362e-01 5.068148e-01
      vertex   -1.683333e+01 1.000000e-01 5.267949e-01
      vertex   -1.683333e+01 1.482362e-01 5.068148e-01
    endloop
  endfacet
  facet normal 0.000000e+00 -3.826834e-01 -9.238795e-01
    outer loop
      vertex   -1.155556e+01 1.482362e-01 5.068148e-01
      vertex   -1.155556e+01 1.000000e-01 5.267949e-01
      vertex   -1.261111e+01 1.000000e-01 5.267949e-01
    endloop
  endfacet
  facet normal 1.006257e-17 -3.826834e-01 -9.238795e-01
    outer loop
      vertex   -1.155556e+01 1.482362e-01 5.068148e-01
      vertex   -1.261111e+01 1.000000e-01 5.267949e-01
      vertex   -1.261111e+01 1.482362e-01 5.068148e-01
    endloop
  endfacet
  facet normal 0.000000e+00 -3.826834e-01 -9.238795e-01
    outer loop
      vertex   -1.261111e+01 1.482362e-01 5.068148e-01
      vertex   -1.261111e+01 1.000000e-01 5.267949e-01
      vertex   -1.366667e+01 1.000000e-01 5.267949e-01
    endloop
  endfacet
  facet normal 0.000000e+00 -1.305262e-01 -9.914449e-01
    outer loop
      vertex   -2.000000e+01 2.000000e-01 5.000000e-01
      vertex   -1.788889e+01 1.482362e-01 5.068148e-01
      vertex   -1.894444e+01 1.482362e-01 5.068148e-01
    endloop
  endfacet
  facet normal 0.000000e+00 0.000000e+00 1.000000e+00
    outer loop
      vertex   -2.000000e+01 2.000000e-01 4.500000e+00
      vertex   -1.050000e+01 2.000000e-01 4.500000e+00
      vertex   -2.000000e+01 1.500000e+00 4.500000e+00
    endloop
  endfacet
  facet normal -0.000000e+00 0.000000e+00 1.000000e+00
    outer loop
      vertex   -2.000000e+01 1.500000e+00 4.500000e+00
      vertex   -1.050000e+01 2.000000e-01 4.500000e+00
      vertex   -1.050000e+01 1.500000e+00 4.500000e+00
    endloop
  endfacet
  facet normal 1.000000e+00 -0.000000e+00 0.000000e+00
    outer loop
      vertex   -1.050000e+01 2.000000e-01 4.500000e+00
      vertex   -1.050000e+01 2.000000e-01 5.000000e-01
      vertex   -1.050000e+01 1.500000e+00 4.500000e+00
    endloop
  endfacet
  facet normal 1.000000e+00 0.000000e+00 0.000000e+00
    outer loop
      vertex   -1.050000e+01 1.500000e+00 4.500000e+00
      vertex   -1.050000e+01 2.000000e-01 5.000000e-01
      vertex   -1.050000e+01 1.500000e+00 5.000000e-01
    endloop
  endfacet
  facet normal -4.674623e-17 0.000000e+00 -1.000000e+00
    outer loop
      vertex   -1.050000e+01 2.000000e-01 5.000000e-01
      vertex   -2.000000e+01 2.000000e-01 5.000000e-01
      vertex   -1.050000e+01 1.500000e+00 5.000000e-01
    endloop
  endfacet
  facet normal -0.000000e+00 -3.416071e-16 -1.000000e+00
    outer loop
      vertex   -1.050000e+01 1.500000e+00 5.000000e-01
      vertex   -2.000000e+01 2.000000e-01 5.000000e-01
      vertex   -2.000000e+01 1.500000e+00 5.000000e-01
    endloop
  endfacet
  facet normal -9.801714e-02 -9.951847e-01 0.000000e+00
    outer loop
      vertex   -9.300000e+00 0.000000e+00 7.000000e-01
      vertex   -9.300000e+00 0.000000e+00 4.300000e+00
      vertex   -9.339018e+00 3.842944e-03 6.609819e-01
    endloop
  endfacet
  facet normal -1.747135e-01 -9.846190e-01 8.335065e-04
    outer loop
      vertex   -9.339018e+00 3.842944e-03 6.609819e-01
      vertex   -9.300000e+00 0.000000e+00 4.300000e+00
      vertex   -9.351764e+00 6.814835e-03 1.500000e+00
    endloop
  endfacet
  facet normal -2.893639e-01 -9.572186e-01 -1.005233e-03
    outer loop
      vertex   -9.339018e+00 3.842944e-03 6.609819e-01
      vertex   -9.351764e+00 6.814835e-03 1.500000e+00
      vertex   -9.376537e+00 1.522409e-02 6.234633e-01
    endloop
  endfacet
  facet normal -3.826827e-01 -9.238778e-01 1.952028e-03
    outer loop
      vertex   -9.376537e+00 1.522409e-02 6.234633e-01
      vertex   -9.351764e+00 6.814835e-03 1.500000e+00
      vertex   -9.400000e+00 2.679492e-02 1.500000e+00
    endloop
  endfacet
  facet normal -4.706563e-01 -8.823161e-01 -9.515060e-04
    outer loop
      vertex   -9.376537e+00 1.522409e-02 6.234633e-01
      vertex   -9.400000e+00 2.679492e-02 1.500000e+00
      vertex   -9.411114e+00 3.370608e-02 5.888860e-01
    endloop
  endfacet
  facet normal -6.087608e-01 -7.933526e-01 1.407959e-03
    outer loop
      vertex   -9.411114e+00 3.370608e-02 5.888860e-01
      vertex   -9.400000e+00 2.679492e-02 1.500000e+00
      vertex   -9.441422e+00 5.857864e-02 1.500000e+00
    endloop
  endfacet
  facet normal -6.343933e-01 -7.730105e-01 2.555545e-16
    outer loop
      vertex   -9.411114e+00 3.370608e-02 5.888860e-01
      vertex   -9.441422e+00 5.857864e-02 1.500000e+00
      vertex   -9.441422e+00 5.857864e-02 5.585786e-01
    endloop
  endfacet
  facet normal -7.730105e-01 -6.343933e-01 2.104153e-16
    outer loop
      vertex   -9.441422e+00 5.857864e-02 5.585786e-01
      vertex   -9.441422e+00 5.857864e-02 1.500000e+00
      vertex   -9.466294e+00 8.888595e-02 5.337061e-01
    endloop
  endfacet
  facet normal -7.933526e-01 -6.087609e-01 1.327558e-03
    outer loop
      vertex   -9.466294e+00 8.888595e-02 5.337061e-01
      vertex   -9.441422e+00 5.857864e-02 1.500000e+00
      vertex   -9.473205e+00 1.000000e-01 1.500000e+00
    endloop
  endfacet
  facet normal -8.817252e-01 -4.717625e-01 -8.802217e-04
    outer loop
      vertex   -9.466294e+00 8.888595e-02 5.337061e-01
      vertex   -9.473205e+00 1.000000e-01 1.500000e+00
      vertex   -9.484776e+00 1.234633e-01 5.152241e-01
    endloop
  endfacet
  facet normal -9.238781e-01 -3.826829e-01 1.737477e-03
    outer loop
      vertex   -9.484776e+00 1.234633e-01 5.152241e-01
      vertex   -9.473205e+00 1.000000e-01 1.500000e+00
      vertex   -9.493185e+00 1.482362e-01 1.500000e+00
    endloop
  endfacet
  facet normal -9.568673e-01 -2.905242e-01 -8.625565e-04
    outer loop
      vertex   -9.484776e+00 1.234633e-01 5.152241e-01
      vertex   -9.493185e+00 1.482362e-01 1.500000e+00
      vertex   -9.496157e+00 1.609819e-01 5.038429e-01
    endloop
  endfacet
  facet normal -9.891991e-01 -1.465743e-01 1.075728e-03
    outer loop
      vertex   -9.496157e+00 1.609819e-01 5.038429e-01
      vertex   -9.493185e+00 1.482362e-01 1.500000e+00
      vertex   -9.499037e+00 1.803966e-01 5.009631e-01
    endloop
  endfacet
  facet normal -9.987966e-01 -4.885759e-02 4.277579e-03
    outer loop
      vertex   -9.499037e+00 1.803966e-01 5.009631e-01
      vertex   -9.493185e+00 1.482362e-01 1.500000e+00
      vertex   -9.500000e+00 2.000000e-01 5.000000e-01
    endloop
  endfacet
  facet normal -9.914449e-01 -1.305262e-01 0.000000e+00
    outer loop
      vertex   -9.500000e+00 2.000000e-01 5.000000e-01
      vertex   -9.493185e+00 1.482362e-01 1.500000e+00
      vertex   -9.493185e+00 1.482362e-01 2.500000e+00
    endloop
  endfacet
  facet normal -9.888002e-01 -1.492445e-01 -4.934778e-04
    outer loop
      vertex   -9.500000e+00 2.000000e-01 5.000000e-01
      vertex   -9.493185e+00 1.482362e-01 2.500000e+00
      vertex   -9.499037e+00 1.803966e-01 4.499037e+00
    endloop
  endfacet
  facet normal -9.838460e-01 -1.790169e-01 0.000000e+00
    outer loop
      vertex   -9.499037e+00 1.803966e-01 4.499037e+00
      vertex   -9.493185e+00 1.482362e-01 2.500000e+00
      vertex   -9.493185e+00 1.482362e-01 3.500000e+00
    endloop
  endfacet
  facet normal -9.891991e-01 -1.465743e-01 -1.075728e-03
    outer loop
      vertex   -9.499037e+00 1.803966e-01 4.499037e+00
      vertex   -9.493185e+00 1.482362e-01 3.500000e+00
      vertex   -9.496157e+00 1.609819e-01 4.496157e+00
    endloop
  endfacet
  facet normal -9.568673e-01 -2.905242e-01 8.625565e-04
    outer loop
      vertex   -9.496157e+00 1.609819e-01 4.496157e+00
      vertex   -9.493185e+00 1.482362e-01 3.500000e+00
      vertex   -9.484776e+00 1.234633e-01 4.484776e+00
    endloop
  endfacet
  facet normal -9.238781e-01 -3.826829e-01 -1.737477e-03
    outer loop
      vertex   -9.484776e+00 1.234633e-01 4.484776e+00
      vertex   -9.493185e+00 1.482362e-01 3.500000e+00
      vertex   -9.473205e+00 1.000000e-01 3.500000e+00
    endloop
  endfacet
  facet normal -8.817252e-01 -4.717625e-01 8.802217e-04
    outer loop
      vertex   -9.484776e+00 1.234633e-01 4.484776e+00
      vertex   -9.473205e+00 1.000000e-01 3.500000e+00
      vertex   -9.466294e+00 8.888595e-02 4.466294e+00
    endloop
  endfacet
  facet normal -7.933526e-01 -6.087609e-01 -1.327558e-03
    outer loop
      vertex   -9.466294e+00 8.888595e-02 4.466294e+00
      vertex   -9.473205e+00 1.000000e-01 3.500000e+00
      vertex   -9.441422e+00 5.857864e-02 3.500000e+00
    endloop
  endfacet
  facet normal -7.730105e-01 -6.343933e-01 -1.968063e-16
    outer loop
      vertex   -9.466294e+00 8.888595e-02 4.466294e+00
      vertex   -9.441422e+00 5.857864e-02 3.500000e+00
      vertex   -9.441422e+00 5.857864e-02 4.441421e+00
    endloop
  endfacet
  facet normal -6.343933e-01 -7.730105e-01 -2.392990e-16
    outer loop
      vertex   -9.441422e+00 5.857864e-02 4.441421e+00
      vertex   -9.441422e+00 5.857864e-02 3.500000e+00
      vertex   -9.411114e+00 3.370608e-02 4.411114e+00
    endloop
  endfacet
  facet normal -6.087608e-01 -7.933526e-01 -1.407959e-03
    outer loop
      vertex   -9.411114e+00 3.370608e-02 4.411114e+00
      vertex   -9.441422e+00 5.857864e-02 3.500000e+00
      vertex   -9.400000e+00 2.679492e-02 3.500000e+00
    endloop
  endfacet
  facet normal -4.706563e-01 -8.823161e-01 9.515060e-04
    outer loop
      vertex   -9.411114e+00 3.370608e-02 4.411114e+00
      vertex   -9.400000e+00 2.679492e-02 3.500000e+00
      vertex   -9.376537e+00 1.522409e-02 4.376537e+00
    endloop
  endfacet
  facet normal -3.826827e-01 -9.238778e-01 -1.952028e-03
    outer loop
      vertex   -9.376537e+00 1.522409e-02 4.376537e+00
      vertex   -9.400000e+00 2.679492e-02 3.500000e+00
      vertex   -9.351764e+00 6.814835e-03 3.500000e+00
    endloop
  endfacet
  facet normal -2.893639e-01 -9.572186e-01 1.005233e-03
    outer loop
      vertex   -9.376537e+00 1.522409e-02 4.376537e+00
      vertex   -9.351764e+00 6.814835e-03 3.500000e+00
      vertex   -9.339018e+00 3.842944e-03 4.339018e+00
    endloop
  endfacet
  facet normal -1.000027e-01 -9.949851e-01 -2.005176e-03
    outer loop
      vertex   -9.339018e+00 3.842944e-03 4.339018e+00
      vertex   -9.351764e+00 6.814835e-03 3.500000e+00
      vertex   -9.300000e+00 0.000000e+00 4.300000e+00
    endloop
  endfacet
  facet normal -1.305262e-01 -9.914449e-01 0.000000e+00
    outer loop
      vertex   -9.300000e+00 0.000000e+00 4.300000e+00
      vertex   -9.351764e+00 6.814835e-03 3.500000e+00
      vertex   -9.351764e+00 6.814835e-03 2.500000e+00
    endloop
  endfacet
  facet normal -1.305262e-01 -9.914449e-01 0.000000e+00
    outer loop
      vertex   -9.300000e+00 0.000000e+00 4.300000e+00
      vertex   -9.351764e+00 6.814835e-03 2.500000e+00
      vertex   -9.351764e+00 6.814835e-03 1.500000e+00
    endloop
  endfacet
  facet normal -3.826834e-01 -9.238795e-01 0.000000e+00
    outer loop
      vertex   -9.351764e+00 6.814835e-03 1.500000e+00
      vertex   -9.351764e+00 6.814835e-03 2.500000e+00
      vertex   -9.400000e+00 2.679492e-02 1.500000e+00
    endloop
  endfacet
  facet normal -9.987955e-01 -4.906767e-02 0.000000e+00
    outer loop
      vertex   -9.499037e+00 1.803966e-01 4.499037e+00
      vertex   -9.500000e+00 2.000000e-01 4.500000e+00
      vertex   -9.500000e+00 2.000000e-01 5.000000e-01
    endloop
  endfacet
  facet normal -3.826834e-01 -9.238795e-01 0.000000e+00
    outer loop
      vertex   -9.351764e+00 6.814835e-03 2.500000e+00
      vertex   -9.351764e+00 6.814835e-03 3.500000e+00
      vertex   -9.400000e+00 2.679492e-02 2.500000e+00
    endloop
  endfacet
  facet normal -3.826834e-01 -9.238795e-01 0.000000e+00
    outer loop
      vertex   -9.400000e+00 2.679492e-02 2.500000e+00
      vertex   -9.351764e+00 6.814835e-03 3.500000e+00
      vertex   -9.400000e+00 2.679492e-02 3.500000e+00
    endloop
  endfacet
  facet normal -6.087614e-01 -7.933533e-01 0.000000e+00
    outer loop
      vertex   -9.400000e+00 2.679492e-02 2.500000e+00
      vertex   -9.400000e+00 2.679492e-02 3.500000e+00
      vertex   -9.441422e+00 5.857864e-02 2.500000e+00
    endloop
  endfacet
  facet normal -6.087614e-01 -7.933533e-01 0.000000e+00
    outer loop
      vertex   -9.441422e+00 5.857864e-02 2.500000e+00
      vertex   -9.400000e+00 2.679492e-02 3.500000e+00
      vertex   -9.441422e+00 5.857864e-02 3.500000e+00
    endloop
  endfacet
  facet normal -7.933533e-01 -6.087614e-01 0.000000e+00
    outer loop
      vertex   -9.441422e+00 5.857864e-02 2.500000e+00
      vertex   -9.441422e+00 5.857864e-02 3.500000e+00
      vertex   -9.473205e+00 1.000000e-01 2.500000e+00
    endloop
  endfacet
  facet normal -7.933533e-01 -6.087614e-01 0.000000e+00
    outer loop
      vertex   -9.473205e+00 1.000000e-01 2.500000e+00
      vertex   -9.441422e+00 5.857864e-02 3.500000e+00
      vertex   -9.473205e+00 1.000000e-01 3.500000e+00
    endloop
  endfacet
  facet normal -9.238795e-01 -3.826834e-01 0.000000e+00
    outer loop
      vertex   -9.473205e+00 1.000000e-01 2.500000e+00
      vertex   -9.473205e+00 1.000000e-01 3.500000e+00
      vertex   -9.493185e+00 1.482362e-01 2.500000e+00
    endloop
  endfacet
  facet normal -9.238795e-01 -3.826834e-01 0.000000e+00
    outer loop
      vertex   -9.493185e+00 1.482362e-01 2.500000e+00
      vertex   -9.473205e+00 1.000000e-01 3.500000e+00
      vertex   -9.493185e+00 1.482362e-01 3.500000e+00
    endloop
  endfacet
  facet normal -6.087614e-01 -7.933533e-01 0.000000e+00
    outer loop
      vertex   -9.441422e+00 5.857864e-02 1.500000e+00
      vertex   -9.400000e+00 2.679492e-02 1.500000e+00
      vertex   -9.400000e+00 2.679492e-02 2.500000e+00
    endloop
  endfacet
  facet normal -3.826834e-01 -9.238795e-01 -0.000000e+00
    outer loop
      vertex   -9.400000e+00 2.679492e-02 2.500000e+00
      vertex   -9.400000e+00 2.679492e-02 1.500000e+00
      vertex   -9.351764e+00 6.814835e-03 2.500000e+00
    endloop
  endfacet
  facet normal -6.087614e-01 -7.933533e-01 1.100999e-17
    outer loop
      vertex   -9.441422e+00 5.857864e-02 1.500000e+00
      vertex   -9.400000e+00 2.679492e-02 2.500000e+00
      vertex   -9.441422e+00 5.857864e-02 2.500000e+00
    endloop
  endfacet
  facet normal -7.933533e-01 -6.087614e-01 8.306395e-18
    outer loop
      vertex   -9.473205e+00 1.000000e-01 1.500000e+00
      vertex   -9.441422e+00 5.857864e-02 1.500000e+00
      vertex   -9.441422e+00 5.857864e-02 2.500000e+00
    endloop
  endfacet
  facet normal -7.933533e-01 -6.087614e-01 0.000000e+00
    outer loop
      vertex   -9.473205e+00 1.000000e-01 1.500000e+00
      vertex   -9.441422e+00 5.857864e-02 2.500000e+00
      vertex   -9.473205e+00 1.000000e-01 2.500000e+00
    endloop
  endfacet
  facet normal -9.238795e-01 -3.826834e-01 0.000000e+00
    outer loop
      vertex   -9.493185e+00 1.482362e-01 1.500000e+00
      vertex   -9.473205e+00 1.000000e-01 1.500000e+00
      vertex   -9.473205e+00 1.000000e-01 2.500000e+00
    endloop
  endfacet
  facet normal -9.238795e-01 -3.826834e-01 0.000000e+00
    outer loop
      vertex   -9.493185e+00 1.482362e-01 1.500000e+00
      vertex   -9.473205e+00 1.000000e-01 2.500000e+00
      vertex   -9.493185e+00 1.482362e-01 2.500000e+00
    endloop
  endfacet
  facet normal 9.801714e-02 -9.951847e-01 -2.921138e-09
    outer loop
      vertex   -6.999999e-01 0.000000e+00 4.300000e+00
      vertex   -7.000000e-01 0.000000e+00 7.000000e-01
      vertex   -6.609818e-01 3.842944e-03 4.339018e+00
    endloop
  endfacet
  facet normal 1.747135e-01 -9.846190e-01 -8.335117e-04
    outer loop
      vertex   -6.609818e-01 3.842944e-03 4.339018e+00
      vertex   -7.000000e-01 0.000000e+00 7.000000e-01
      vertex   -6.482361e-01 6.814835e-03 3.500000e+00
    endloop
  endfacet
  facet normal 2.893639e-01 -9.572186e-01 1.005224e-03
    outer loop
      vertex   -6.609818e-01 3.842944e-03 4.339018e+00
      vertex   -6.482361e-01 6.814835e-03 3.500000e+00
      vertex   -6.234632e-01 1.522409e-02 4.376537e+00
    endloop
  endfacet
  facet normal 3.826827e-01 -9.238778e-01 -1.952040e-03
    outer loop
      vertex   -6.234632e-01 1.522409e-02 4.376537e+00
      vertex   -6.482361e-01 6.814835e-03 3.500000e+00
      vertex   -5.999999e-01 2.679492e-02 3.500000e+00
    endloop
  endfacet
  facet normal 4.706563e-01 -8.823161e-01 9.514920e-04
    outer loop
      vertex   -6.234632e-01 1.522409e-02 4.376537e+00
      vertex   -5.999999e-01 2.679492e-02 3.500000e+00
      vertex   -5.888858e-01 3.370608e-02 4.411114e+00
    endloop
  endfacet
  facet normal 6.087608e-01 -7.933526e-01 -1.407977e-03
    outer loop
      vertex   -5.888858e-01 3.370608e-02 4.411114e+00
      vertex   -5.999999e-01 2.679492e-02 3.500000e+00
      vertex   -5.585785e-01 5.857864e-02 3.500000e+00
    endloop
  endfacet
  facet normal 6.343933e-01 -7.730105e-01 -1.890639e-08
    outer loop
      vertex   -5.888858e-01 3.370608e-02 4.411114e+00
      vertex   -5.585785e-01 5.857864e-02 3.500000e+00
      vertex   -5.585785e-01 5.857864e-02 4.441421e+00
    endloop
  endfacet
  facet normal 7.730105e-01 -6.343933e-01 -2.303751e-08
    outer loop
      vertex   -5.585785e-01 5.857864e-02 4.441421e+00
      vertex   -5.585785e-01 5.857864e-02 3.500000e+00
      vertex   -5.337059e-01 8.888595e-02 4.466294e+00
    endloop
  endfacet
  facet normal 7.933526e-01 -6.087609e-01 -1.327582e-03
    outer loop
      vertex   -5.337059e-01 8.888595e-02 4.466294e+00
      vertex   -5.585785e-01 5.857864e-02 3.500000e+00
      vertex   -5.267948e-01 1.000000e-01 3.500000e+00
    endloop
  endfacet
  facet normal 8.817252e-01 -4.717625e-01 8.801954e-04
    outer loop
      vertex   -5.337059e-01 8.888595e-02 4.466294e+00
      vertex   -5.267948e-01 1.000000e-01 3.500000e+00
      vertex   -5.152240e-01 1.234633e-01 4.484776e+00
    endloop
  endfacet
  facet normal 9.238781e-01 -3.826829e-01 -1.737504e-03
    outer loop
      vertex   -5.152240e-01 1.234633e-01 4.484776e+00
      vertex   -5.267948e-01 1.000000e-01 3.500000e+00
      vertex   -5.068147e-01 1.482362e-01 3.500000e+00
    endloop
  endfacet
  facet normal 9.568673e-01 -2.905242e-01 8.625280e-04
    outer loop
      vertex   -5.152240e-01 1.234633e-01 4.484776e+00
      vertex   -5.068147e-01 1.482362e-01 3.500000e+00
      vertex   -5.038428e-01 1.609819e-01 4.496157e+00
    endloop
  endfacet
  facet normal 9.891991e-01 -1.465743e-01 -1.075757e-03
    outer loop
      vertex   -5.038428e-01 1.609819e-01 4.496157e+00
      vertex   -5.068147e-01 1.482362e-01 3.500000e+00
      vertex   -5.009629e-01 1.803966e-01 4.499037e+00
    endloop
  endfacet
  facet normal 9.987966e-01 -4.885759e-02 -4.277609e-03
    outer loop
      vertex   -5.009629e-01 1.803966e-01 4.499037e+00
      vertex   -5.068147e-01 1.482362e-01 3.500000e+00
      vertex   -4.999999e-01 2.000000e-01 4.500000e+00
    endloop
  endfacet
  facet normal 9.914449e-01 -1.305262e-01 -2.954736e-08
    outer loop
      vertex   -4.999999e-01 2.000000e-01 4.500000e+00
      vertex   -5.068147e-01 1.482362e-01 3.500000e+00
      vertex   -5.068148e-01 1.482362e-01 2.500000e+00
    endloop
  endfacet
  facet normal 9.888002e-01 -1.492445e-01 4.934483e-04
    outer loop
      vertex   -4.999999e-01 2.000000e-01 4.500000e+00
      vertex   -5.068148e-01 1.482362e-01 2.500000e+00
      vertex   -5.009630e-01 1.803966e-01 5.009631e-01
    endloop
  endfacet
  facet normal 9.838460e-01 -1.790169e-01 -2.932090e-08
    outer loop
      vertex   -5.009630e-01 1.803966e-01 5.009631e-01
      vertex   -5.068148e-01 1.482362e-01 2.500000e+00
      vertex   -5.068148e-01 1.482362e-01 1.500000e+00
    endloop
  endfacet
  facet normal 9.891991e-01 -1.465743e-01 1.075698e-03
    outer loop
      vertex   -5.009630e-01 1.803966e-01 5.009631e-01
      vertex   -5.068148e-01 1.482362e-01 1.500000e+00
      vertex   -5.038429e-01 1.609819e-01 5.038429e-01
    endloop
  endfacet
  facet normal 9.568673e-01 -2.905242e-01 -8.625850e-04
    outer loop
      vertex   -5.038429e-01 1.609819e-01 5.038429e-01
      vertex   -5.068148e-01 1.482362e-01 1.500000e+00
      vertex   -5.152241e-01 1.234633e-01 5.152241e-01
    endloop
  endfacet
  facet normal 9.238781e-01 -3.826829e-01 1.737449e-03
    outer loop
      vertex   -5.152241e-01 1.234633e-01 5.152241e-01
      vertex   -5.068148e-01 1.482362e-01 1.500000e+00
      vertex   -5.267949e-01 1.000000e-01 1.500000e+00
    endloop
  endfacet
  facet normal 8.817252e-01 -4.717625e-01 -8.802480e-04
    outer loop
      vertex   -5.152241e-01 1.234633e-01 5.152241e-01
      vertex   -5.267949e-01 1.000000e-01 1.500000e+00
      vertex   -5.337061e-01 8.888595e-02 5.337061e-01
    endloop
  endfacet
  facet normal 7.933526e-01 -6.087609e-01 1.327534e-03
    outer loop
      vertex   -5.337061e-01 8.888595e-02 5.337061e-01
      vertex   -5.267949e-01 1.000000e-01 1.500000e+00
      vertex   -5.585786e-01 5.857864e-02 1.500000e+00
    endloop
  endfacet
  facet normal 7.730105e-01 -6.343933e-01 -2.303751e-08
    outer loop
      vertex   -5.337061e-01 8.888595e-02 5.337061e-01
      vertex   -5.585786e-01 5.857864e-02 1.500000e+00
      vertex   -5.585786e-01 5.857864e-02 5.585786e-01
    endloop
  endfacet
  facet normal 6.343933e-01 -7.730105e-01 -1.890639e-08
    outer loop
      vertex   -5.585786e-01 5.857864e-02 5.585786e-01
      vertex   -5.585786e-01 5.857864e-02 1.500000e+00
      vertex   -5.888859e-01 3.370608e-02 5.888860e-01
    endloop
  endfacet
  facet normal 6.087608e-01 -7.933526e-01 1.407941e-03
    outer loop
      vertex   -5.888859e-01 3.370608e-02 5.888860e-01
      vertex   -5.585786e-01 5.857864e-02 1.500000e+00
      vertex   -6.000000e-01 2.679492e-02 1.500000e+00
    endloop
  endfacet
  facet normal 4.706563e-01 -8.823161e-01 -9.515200e-04
    outer loop
      vertex   -5.888859e-01 3.370608e-02 5.888860e-01
      vertex   -6.000000e-01 2.679492e-02 1.500000e+00
      vertex   -6.234633e-01 1.522409e-02 6.234633e-01
    endloop
  endfacet
  facet normal 3.826827e-01 -9.238778e-01 1.952017e-03
    outer loop
      vertex   -6.234633e-01 1.522409e-02 6.234633e-01
      vertex   -6.000000e-01 2.679492e-02 1.500000e+00
      vertex   -6.482361e-01 6.814835e-03 1.500000e+00
    endloop
  endfacet
  facet normal 2.893639e-01 -9.572186e-01 -1.005242e-03
    outer loop
      vertex   -6.234633e-01 1.522409e-02 6.234633e-01
      vertex   -6.482361e-01 6.814835e-03 1.500000e+00
      vertex   -6.609819e-01 3.842944e-03 6.609819e-01
    endloop
  endfacet
  facet normal 1.000027e-01 -9.949851e-01 2.005173e-03
    outer loop
      vertex   -6.609819e-01 3.842944e-03 6.609819e-01
      vertex   -6.482361e-01 6.814835e-03 1.500000e+00
      vertex   -7.000000e-01 0.000000e+00 7.000000e-01
    endloop
  endfacet
  facet normal 1.305262e-01 -9.914449e-01 -3.889984e-09
    outer loop
      vertex   -7.000000e-01 0.000000e+00 7.000000e-01
      vertex   -6.482361e-01 6.814835e-03 1.500000e+00
      vertex   -6.482361e-01 6.814835e-03 2.500000e+00
    endloop
  endfacet
  facet normal 1.305262e-01 -9.914449e-01 -3.889984e-09
    outer loop
      vertex   -7.000000e-01 0.000000e+00 7.000000e-01
      vertex   -6.482361e-01 6.814835e-03 2.500000e+00
      vertex   -6.482361e-01 6.814835e-03 3.500000e+00
    endloop
  endfacet
  facet normal 3.826834e-01 -9.238795e-01 -1.140485e-08
    outer loop
      vertex   -6.482361e-01 6.814835e-03 3.500000e+00
      vertex   -6.482361e-01 6.814835e-03 2.500000e+00
      vertex   -5.999999e-01 2.679492e-02 3.500000e+00
    endloop
  endfacet
  facet normal 9.987955e-01 -4.906767e-02 -2.976642e-08
    outer loop
      vertex   -5.009630e-01 1.803966e-01 5.009631e-01
      vertex   -5.000000e-01 2.000000e-01 5.000000e-01
      vertex   -4.999999e-01 2.000000e-01 4.500000e+00
    endloop
  endfacet
  facet normal 3.826834e-01 -9.238795e-01 -1.140485e-08
    outer loop
      vertex   -6.482361e-01 6.814835e-03 2.500000e+00
      vertex   -6.482361e-01 6.814835e-03 1.500000e+00
      vertex   -5.999999e-01 2.679492e-02 2.500000e+00
    endloop
  endfacet
  facet normal 3.826834e-01 -9.238795e-01 -1.140485e-08
    outer loop
      vertex   -5.999999e-01 2.679492e-02 2.500000e+00
      vertex   -6.482361e-01 6.814835e-03 1.500000e+00
      vertex   -6.000000e-01 2.679492e-02 1.500000e+00
    endloop
  endfacet
  facet normal 6.087614e-01 -7.933533e-01 -1.814250e-08
    outer loop
      vertex   -5.999999e-01 2.679492e-02 2.500000e+00
      vertex   -6.000000e-01 2.679492e-02 1.500000e+00
      vertex   -5.585786e-01 5.857864e-02 2.500000e+00
    endloop
  endfacet
  facet normal 6.087614e-01 -7.933533e-01 -1.814250e-08
    outer loop
      vertex   -5.585786e-01 5.857864e-02 2.500000e+00
      vertex   -6.000000e-01 2.679492e-02 1.500000e+00
      vertex   -5.585786e-01 5.857864e-02 1.500000e+00
    endloop
  endfacet
  facet normal 7.933533e-01 -6.087614e-01 -2.364377e-08
    outer loop
      vertex   -5.585786e-01 5.857864e-02 2.500000e+00
      vertex   -5.585786e-01 5.857864e-02 1.500000e+00
      vertex   -5.267948e-01 1.000000e-01 2.500000e+00
    endloop
  endfacet
  facet normal 7.933533e-01 -6.087614e-01 -2.364377e-08
    outer loop
      vertex   -5.267948e-01 1.000000e-01 2.500000e+00
      vertex   -5.585786e-01 5.857864e-02 1.500000e+00
      vertex   -5.267949e-01 1.000000e-01 1.500000e+00
    endloop
  endfacet
  facet normal 9.238795e-01 -3.826834e-01 -2.753376e-08
    outer loop
      vertex   -5.267948e-01 1.000000e-01 2.500000e+00
      vertex   -5.267949e-01 1.000000e-01 1.500000e+00
      vertex   -5.068148e-01 1.482362e-01 2.500000e+00
    endloop
  endfacet
  facet normal 9.238795e-01 -3.826834e-01 -2.753376e-08
    outer loop
      vertex   -5.068148e-01 1.482362e-01 2.500000e+00
      vertex   -5.267949e-01 1.000000e-01 1.500000e+00
      vertex   -5.068148e-01 1.482362e-01 1.500000e+00
    endloop
  endfacet
  facet normal 6.087614e-01 -7.933533e-01 -1.814250e-08
    outer loop
      vertex   -5.585785e-01 5.857864e-02 3.500000e+00
      vertex   -5.999999e-01 2.679492e-02 3.500000e+00
      vertex   -5.999999e-01 2.679492e-02 2.500000e+00
    endloop
  endfacet
  facet normal 3.826834e-01 -9.238795e-01 -1.140485e-08
    outer loop
      vertex   -5.999999e-01 2.679492e-02 2.500000e+00
      vertex   -5.999999e-01 2.679492e-02 3.500000e+00
      vertex   -6.482361e-01 6.814835e-03 2.500000e+00
    endloop
  endfacet
  facet normal 6.087614e-01 -7.933533e-01 -1.814250e-08
    outer loop
      vertex   -5.585785e-01 5.857864e-02 3.500000e+00
      vertex   -5.999999e-01 2.679492e-02 2.500000e+00
      vertex   -5.585786e-01 5.857864e-02 2.500000e+00
    endloop
  endfacet
  facet normal 7.933533e-01 -6.087614e-01 -2.364377e-08
    outer loop
      vertex   -5.267948e-01 1.000000e-01 3.500000e+00
      vertex   -5.585785e-01 5.857864e-02 3.500000e+00
      vertex   -5.585786e-01 5.857864e-02 2.500000e+00
    endloop
  endfacet
  facet normal 7.933533e-01 -6.087614e-01 -2.364377e-08
    outer loop
      vertex   -5.267948e-01 1.000000e-01 3.500000e+00
      vertex   -5.585786e-01 5.857864e-02 2.500000e+00
      vertex   -5.267948e-01 1.000000e-01 2.500000e+00
    endloop
  endfacet
  facet normal 9.238795e-01 -3.826834e-01 -2.753376e-08
    outer loop
      vertex   -5.068147e-01 1.482362e-01 3.500000e+00
      vertex   -5.267948e-01 1.000000e-01 3.500000e+00
      vertex   -5.267948e-01 1.000000e-01 2.500000e+00
    endloop
  endfacet
  facet normal 9.238795e-01 -3.826834e-01 -2.753376e-08
    outer loop
      vertex   -5.068147e-01 1.482362e-01 3.500000e+00
      vertex   -5.267948e-01 1.000000e-01 2.500000e+00
      vertex   -5.068148e-01 1.482362e-01 2.500000e+00
    endloop
  endfacet
  facet normal 0.000000e+00 -4.906767e-02 -9.987955e-01
    outer loop
      vertex   -9.500000e+00 2.000000e-01 5.000000e-01
      vertex   -5.000000e-01 2.000000e-01 5.000000e-01
      vertex   -9.499037e+00 1.803966e-01 5.009631e-01
    endloop
  endfacet
  facet normal 2.192874e-04 -1.492415e-01 -9.888008e-01
    outer loop
      vertex   -9.499037e+00 1.803966e-01 5.009631e-01
      vertex   -5.000000e-01 2.000000e-01 5.000000e-01
      vertex   -5.000000e+00 1.482362e-01 5.068148e-01
    endloop
  endfacet
  facet normal 0.000000e+00 -1.790169e-01 -9.838460e-01
    outer loop
      vertex   -9.499037e+00 1.803966e-01 5.009631e-01
      vertex   -5.000000e+00 1.482362e-01 5.068148e-01
      vertex   -6.125000e+00 1.482362e-01 5.068148e-01
    endloop
  endfacet
  facet normal 0.000000e+00 -3.826834e-01 -9.238795e-01
    outer loop
      vertex   -6.125000e+00 1.482362e-01 5.068148e-01
      vertex   -5.000000e+00 1.482362e-01 5.068148e-01
      vertex   -6.125000e+00 1.000000e-01 5.267949e-01
    endloop
  endfacet
  facet normal 0.000000e+00 -3.826834e-01 -9.238795e-01
    outer loop
      vertex   -6.125000e+00 1.482362e-01 5.068148e-01
      vertex   -6.125000e+00 1.000000e-01 5.267949e-01
      vertex   -7.250000e+00 1.000000e-01 5.267949e-01
    endloop
  endfacet
  facet normal 0.000000e+00 -6.087614e-01 -7.933533e-01
    outer loop
      vertex   -7.250000e+00 1.000000e-01 5.267949e-01
      vertex   -6.125000e+00 1.000000e-01 5.267949e-01
      vertex   -7.250000e+00 5.857864e-02 5.585786e-01
    endloop
  endfacet
  facet normal 0.000000e+00 -6.087614e-01 -7.933533e-01
    outer loop
      vertex   -7.250000e+00 1.000000e-01 5.267949e-01
      vertex   -7.250000e+00 5.857864e-02 5.585786e-01
      vertex   -8.375000e+00 5.857864e-02 5.585786e-01
    endloop
  endfacet
  facet normal 0.000000e+00 -7.933533e-01 -6.087614e-01
    outer loop
      vertex   -8.375000e+00 5.857864e-02 5.585786e-01
      vertex   -7.250000e+00 5.857864e-02 5.585786e-01
      vertex   -8.375000e+00 2.679492e-02 6.000000e-01
    endloop
  endfacet
  facet normal 1.238099e-03 -7.933527e-01 -6.087610e-01
    outer loop
      vertex   -8.375000e+00 5.857864e-02 5.585786e-01
      vertex   -8.375000e+00 2.679492e-02 6.000000e-01
      vertex   -9.411114e+00 3.370608e-02 5.888860e-01
    endloop
  endfacet
  facet normal -8.354231e-04 -8.822680e-01 -4.707467e-01
    outer loop
      vertex   -9.411114e+00 3.370608e-02 5.888860e-01
      vertex   -8.375000e+00 2.679492e-02 6.000000e-01
      vertex   -9.376537e+00 1.522409e-02 6.234633e-01
    endloop
  endfacet
  facet normal 1.708400e-03 -9.238782e-01 -3.826829e-01
    outer loop
      vertex   -9.376537e+00 1.522409e-02 6.234633e-01
      vertex   -8.375000e+00 2.679492e-02 6.000000e-01
      vertex   -8.375000e+00 6.814835e-03 6.482362e-01
    endloop
  endfacet
  facet normal -8.765572e-04 -9.571831e-01 -2.894818e-01
    outer loop
      vertex   -9.376537e+00 1.522409e-02 6.234633e-01
      vertex   -8.375000e+00 6.814835e-03 6.482362e-01
      vertex   -9.339018e+00 3.842944e-03 6.609819e-01
    endloop
  endfacet
  facet normal 1.748612e-03 -9.950111e-01 -9.974865e-02
    outer loop
      vertex   -9.339018e+00 3.842944e-03 6.609819e-01
      vertex   -8.375000e+00 6.814835e-03 6.482362e-01
      vertex   -9.300000e+00 0.000000e+00 7.000000e-01
    endloop
  endfacet
  facet normal 0.000000e+00 -9.914449e-01 -1.305262e-01
    outer loop
      vertex   -9.300000e+00 0.000000e+00 7.000000e-01
      vertex   -8.375000e+00 6.814835e-03 6.482362e-01
      vertex   -7.250000e+00 6.814835e-03 6.482362e-01
    endloop
  endfacet
  facet normal 0.000000e+00 -9.914449e-01 -1.305262e-01
    outer loop
      vertex   -9.300000e+00 0.000000e+00 7.000000e-01
      vertex   -7.250000e+00 6.814835e-03 6.482362e-01
      vertex   -6.125000e+00 6.814835e-03 6.482362e-01
    endloop
  endfacet
  facet normal -0.000000e+00 -9.238795e-01 -3.826834e-01
    outer loop
      vertex   -6.125000e+00 6.814835e-03 6.482362e-01
      vertex   -7.250000e+00 6.814835e-03 6.482362e-01
      vertex   -6.125000e+00 2.679492e-02 6.000000e-01
    endloop
  endfacet
  facet normal 0.000000e+00 -9.238795e-01 -3.826834e-01
    outer loop
      vertex   -6.125000e+00 6.814835e-03 6.482362e-01
      vertex   -6.125000e+00 2.679492e-02 6.000000e-01
      vertex   -5.000000e+00 2.679492e-02 6.000000e-01
    endloop
  endfacet
  facet normal -0.000000e+00 -7.933533e-01 -6.087614e-01
    outer loop
      vertex   -5.000000e+00 2.679492e-02 6.000000e-01
      vertex   -6.125000e+00 2.679492e-02 6.000000e-01
      vertex   -5.000000e+00 5.857864e-02 5.585786e-01
    endloop
  endfacet
  facet normal 0.000000e+00 -7.933533e-01 -6.087614e-01
    outer loop
      vertex   -5.000000e+00 2.679492e-02 6.000000e-01
      vertex   -5.000000e+00 5.857864e-02 5.585786e-01
      vertex   -3.875000e+00 5.857864e-02 5.585786e-01
    endloop
  endfacet
  facet normal -0.000000e+00 -6.087614e-01 -7.933533e-01
    outer loop
      vertex   -3.875000e+00 5.857864e-02 5.585786e-01
      vertex   -5.000000e+00 5.857864e-02 5.585786e-01
      vertex   -3.875000e+00 1.000000e-01 5.267949e-01
    endloop
  endfacet
  facet normal 0.000000e+00 -6.087614e-01 -7.933533e-01
    outer loop
      vertex   -3.875000e+00 5.857864e-02 5.585786e-01
      vertex   -3.875000e+00 1.000000e-01 5.267949e-01
      vertex   -2.750000e+00 1.000000e-01 5.267949e-01
    endloop
  endfacet
  facet normal -0.000000e+00 -3.826834e-01 -9.238795e-01
    outer loop
      vertex   -2.750000e+00 1.000000e-01 5.267949e-01
      vertex   -3.875000e+00 1.000000e-01 5.267949e-01
      vertex   -2.750000e+00 1.482362e-01 5.068148e-01
    endloop
  endfacet
  facet normal 0.000000e+00 -3.826834e-01 -9.238795e-01
    outer loop
      vertex   -2.750000e+00 1.000000e-01 5.267949e-01
      vertex   -2.750000e+00 1.482362e-01 5.068148e-01
      vertex   -1.625000e+00 1.482362e-01 5.068148e-01
    endloop
  endfacet
  facet normal -0.000000e+00 -1.305262e-01 -9.914449e-01
    outer loop
      vertex   -1.625000e+00 1.482362e-01 5.068148e-01
      vertex   -2.750000e+00 1.482362e-01 5.068148e-01
      vertex   -5.000000e-01 2.000000e-01 5.000000e-01
    endloop
  endfacet
  facet normal -3.801219e-03 -4.888103e-02 -9.987974e-01
    outer loop
      vertex   -1.625000e+00 1.482362e-01 5.068148e-01
      vertex   -5.000000e-01 2.000000e-01 5.000000e-01
      vertex   -5.009630e-01 1.803966e-01 5.009631e-01
    endloop
  endfacet
  facet normal -9.555877e-04 -1.465917e-01 -9.891966e-01
    outer loop
      vertex   -5.009630e-01 1.803966e-01 5.009631e-01
      vertex   -5.038429e-01 1.609819e-01 5.038429e-01
      vertex   -1.625000e+00 1.482362e-01 5.068148e-01
    endloop
  endfacet
  facet normal 7.660622e-04 -2.904974e-01 -9.568755e-01
    outer loop
      vertex   -1.625000e+00 1.482362e-01 5.068148e-01
      vertex   -5.038429e-01 1.609819e-01 5.038429e-01
      vertex   -5.152241e-01 1.234633e-01 5.152241e-01
    endloop
  endfacet
  facet normal -1.541776e-03 -3.826830e-01 -9.238784e-01
    outer loop
      vertex   -1.625000e+00 1.482362e-01 5.068148e-01
      vertex   -5.152241e-01 1.234633e-01 5.152241e-01
      vertex   -1.625000e+00 1.000000e-01 5.267949e-01
    endloop
  endfacet
  facet normal 7.799642e-04 -4.717208e-01 -8.817476e-01
    outer loop
      vertex   -1.625000e+00 1.000000e-01 5.267949e-01
      vertex   -5.152241e-01 1.234633e-01 5.152241e-01
      vertex   -5.337061e-01 8.888595e-02 5.337061e-01
    endloop
  endfacet
  facet normal -1.175496e-03 -6.087610e-01 -7.933528e-01
    outer loop
      vertex   -1.625000e+00 1.000000e-01 5.267949e-01
      vertex   -5.337061e-01 8.888595e-02 5.337061e-01
      vertex   -1.625000e+00 5.857864e-02 5.585786e-01
    endloop
  endfacet
  facet normal 0.000000e+00 -6.343933e-01 -7.730105e-01
    outer loop
      vertex   -1.625000e+00 5.857864e-02 5.585786e-01
      vertex   -5.337061e-01 8.888595e-02 5.337061e-01
      vertex   -5.585786e-01 5.857864e-02 5.585786e-01
    endloop
  endfacet
  facet normal 0.000000e+00 -7.730105e-01 -6.343933e-01
    outer loop
      vertex   -1.625000e+00 5.857864e-02 5.585786e-01
      vertex   -5.585786e-01 5.857864e-02 5.585786e-01
      vertex   -5.888859e-01 3.370608e-02 5.888860e-01
    endloop
  endfacet
  facet normal -1.238099e-03 -7.933527e-01 -6.087610e-01
    outer loop
      vertex   -1.625000e+00 5.857864e-02 5.585786e-01
      vertex   -5.888859e-01 3.370608e-02 5.888860e-01
      vertex   -1.625000e+00 2.679492e-02 6.000000e-01
    endloop
  endfacet
  facet normal 8.354231e-04 -8.822680e-01 -4.707467e-01
    outer loop
      vertex   -1.625000e+00 2.679492e-02 6.000000e-01
      vertex   -5.888859e-01 3.370608e-02 5.888860e-01
      vertex   -6.234633e-01 1.522409e-02 6.234633e-01
    endloop
  endfacet
  facet normal -1.708400e-03 -9.238782e-01 -3.826829e-01
    outer loop
      vertex   -1.625000e+00 2.679492e-02 6.000000e-01
      vertex   -6.234633e-01 1.522409e-02 6.234633e-01
      vertex   -1.625000e+00 6.814835e-03 6.482362e-01
    endloop
  endfacet
  facet normal 8.765572e-04 -9.571831e-01 -2.894818e-01
    outer loop
      vertex   -1.625000e+00 6.814835e-03 6.482362e-01
      vertex   -6.234633e-01 1.522409e-02 6.234633e-01
      vertex   -6.609819e-01 3.842944e-03 6.609819e-01
    endloop
  endfacet
  facet normal -0.000000e+00 -9.738770e-01 -2.270763e-01
    outer loop
      vertex   -1.625000e+00 6.814835e-03 6.482362e-01
      vertex   -6.609819e-01 3.842944e-03 6.609819e-01
      vertex   -2.750000e+00 6.814835e-03 6.482362e-01
    endloop
  endfacet
  facet normal -0.000000e+00 -9.738770e-01 -2.270763e-01
    outer loop
      vertex   -2.750000e+00 6.814835e-03 6.482362e-01
      vertex   -6.609819e-01 3.842944e-03 6.609819e-01
      vertex   -3.875000e+00 6.814835e-03 6.482362e-01
    endloop
  endfacet
  facet normal -0.000000e+00 -9.238795e-01 -3.826834e-01
    outer loop
      vertex   -2.750000e+00 6.814835e-03 6.482362e-01
      vertex   -3.875000e+00 6.814835e-03 6.482362e-01
      vertex   -2.750000e+00 2.679492e-02 6.000000e-01
    endloop
  endfacet
  facet normal -0.000000e+00 -9.238795e-01 -3.826834e-01
    outer loop
      vertex   -2.750000e+00 2.679492e-02 6.000000e-01
      vertex   -3.875000e+00 6.814835e-03 6.482362e-01
      vertex   -3.875000e+00 2.679492e-02 6.000000e-01
    endloop
  endfacet
  facet normal -0.000000e+00 -7.933533e-01 -6.087614e-01
    outer loop
      vertex   -2.750000e+00 2.679492e-02 6.000000e-01
      vertex   -3.875000e+00 2.679492e-02 6.000000e-01
      vertex   -2.750000e+00 5.857864e-02 5.585786e-01
    endloop
  endfacet
  facet normal -0.000000e+00 -7.933533e-01 -6.087614e-01
    outer loop
      vertex   -2.750000e+00 5.857864e-02 5.585786e-01
      vertex   -3.875000e+00 2.679492e-02 6.000000e-01
      vertex   -3.875000e+00 5.857864e-02 5.585786e-01
    endloop
  endfacet
  facet normal -0.000000e+00 -6.087614e-01 -7.933533e-01
    outer loop
      vertex   -2.750000e+00 5.857864e-02 5.585786e-01
      vertex   -3.875000e+00 5.857864e-02 5.585786e-01
      vertex   -2.750000e+00 1.000000e-01 5.267949e-01
    endloop
  endfacet
  facet normal -0.000000e+00 -9.951847e-01 -9.801714e-02
    outer loop
      vertex   -7.000000e-01 0.000000e+00 7.000000e-01
      vertex   -9.300000e+00 0.000000e+00 7.000000e-01
      vertex   -6.609819e-01 3.842944e-03 6.609819e-01
    endloop
  endfacet
  facet normal -2.807458e-04 -9.872153e-01 -1.593923e-01
    outer loop
      vertex   -6.609819e-01 3.842944e-03 6.609819e-01
      vertex   -9.300000e+00 0.000000e+00 7.000000e-01
      vertex   -3.875000e+00 6.814835e-03 6.482362e-01
    endloop
  endfacet
  facet normal 4.926892e-17 -7.730105e-01 -6.343933e-01
    outer loop
      vertex   -9.411114e+00 3.370608e-02 5.888860e-01
      vertex   -9.441422e+00 5.857864e-02 5.585786e-01
      vertex   -8.375000e+00 5.857864e-02 5.585786e-01
    endloop
  endfacet
  facet normal 4.127813e-17 -6.343933e-01 -7.730105e-01
    outer loop
      vertex   -8.375000e+00 5.857864e-02 5.585786e-01
      vertex   -9.441422e+00 5.857864e-02 5.585786e-01
      vertex   -9.466294e+00 8.888595e-02 5.337061e-01
    endloop
  endfacet
  facet normal 1.175496e-03 -6.087610e-01 -7.933528e-01
    outer loop
      vertex   -8.375000e+00 5.857864e-02 5.585786e-01
      vertex   -9.466294e+00 8.888595e-02 5.337061e-01
      vertex   -8.375000e+00 1.000000e-01 5.267949e-01
    endloop
  endfacet
  facet normal -7.799642e-04 -4.717208e-01 -8.817476e-01
    outer loop
      vertex   -8.375000e+00 1.000000e-01 5.267949e-01
      vertex   -9.466294e+00 8.888595e-02 5.337061e-01
      vertex   -9.484776e+00 1.234633e-01 5.152241e-01
    endloop
  endfacet
  facet normal 1.541776e-03 -3.826830e-01 -9.238784e-01
    outer loop
      vertex   -8.375000e+00 1.000000e-01 5.267949e-01
      vertex   -9.484776e+00 1.234633e-01 5.152241e-01
      vertex   -8.375000e+00 1.482362e-01 5.068148e-01
    endloop
  endfacet
  facet normal -7.660622e-04 -2.904974e-01 -9.568755e-01
    outer loop
      vertex   -8.375000e+00 1.482362e-01 5.068148e-01
      vertex   -9.484776e+00 1.234633e-01 5.152241e-01
      vertex   -9.496157e+00 1.609819e-01 5.038429e-01
    endloop
  endfacet
  facet normal 9.555877e-04 -1.465917e-01 -9.891966e-01
    outer loop
      vertex   -8.375000e+00 1.482362e-01 5.068148e-01
      vertex   -9.496157e+00 1.609819e-01 5.038429e-01
      vertex   -9.499037e+00 1.803966e-01 5.009631e-01
    endloop
  endfacet
  facet normal 0.000000e+00 -1.305262e-01 -9.914449e-01
    outer loop
      vertex   -5.000000e+00 1.482362e-01 5.068148e-01
      vertex   -5.000000e-01 2.000000e-01 5.000000e-01
      vertex   -3.875000e+00 1.482362e-01 5.068148e-01
    endloop
  endfacet
  facet normal 0.000000e+00 -1.305262e-01 -9.914449e-01
    outer loop
      vertex   -3.875000e+00 1.482362e-01 5.068148e-01
      vertex   -5.000000e-01 2.000000e-01 5.000000e-01
      vertex   -2.750000e+00 1.482362e-01 5.068148e-01
    endloop
  endfacet
  facet normal 0.000000e+00 -3.826834e-01 -9.238795e-01
    outer loop
      vertex   -3.875000e+00 1.482362e-01 5.068148e-01
      vertex   -2.750000e+00 1.482362e-01 5.068148e-01
      vertex   -3.875000e+00 1.000000e-01 5.267949e-01
    endloop
  endfacet
  facet normal 0.000000e+00 -3.826834e-01 -9.238795e-01
    outer loop
      vertex   -5.000000e+00 1.482362e-01 5.068148e-01
      vertex   -3.875000e+00 1.482362e-01 5.068148e-01
      vertex   -5.000000e+00 1.000000e-01 5.267949e-01
    endloop
  endfacet
  facet normal 0.000000e+00 -3.826834e-01 -9.238795e-01
    outer loop
      vertex   -5.000000e+00 1.000000e-01 5.267949e-01
      vertex   -3.875000e+00 1.482362e-01 5.068148e-01
      vertex   -3.875000e+00 1.000000e-01 5.267949e-01
    endloop
  endfacet
  facet normal 0.000000e+00 -6.087614e-01 -7.933533e-01
    outer loop
      vertex   -5.000000e+00 1.000000e-01 5.267949e-01
      vertex   -3.875000e+00 1.000000e-01 5.267949e-01
      vertex   -5.000000e+00 5.857864e-02 5.585786e-01
    endloop
  endfacet
  facet normal 0.000000e+00 -1.790169e-01 -9.838460e-01
    outer loop
      vertex   -8.375000e+00 1.482362e-01 5.068148e-01
      vertex   -9.499037e+00 1.803966e-01 5.009631e-01
      vertex   -7.250000e+00 1.482362e-01 5.068148e-01
    endloop
  endfacet
  facet normal 0.000000e+00 -1.790169e-01 -9.838460e-01
    outer loop
      vertex   -7.250000e+00 1.482362e-01 5.068148e-01
      vertex   -9.499037e+00 1.803966e-01 5.009631e-01
      vertex   -6.125000e+00 1.482362e-01 5.068148e-01
    endloop
  endfacet
  facet normal 0.000000e+00 -3.826834e-01 -9.238795e-01
    outer loop
      vertex   -7.250000e+00 1.482362e-01 5.068148e-01
      vertex   -6.125000e+00 1.482362e-01 5.068148e-01
      vertex   -7.250000e+00 1.000000e-01 5.267949e-01
    endloop
  endfacet
  facet normal 0.000000e+00 -3.826834e-01 -9.238795e-01
    outer loop
      vertex   -8.375000e+00 1.000000e-01 5.267949e-01
      vertex   -8.375000e+00 1.482362e-01 5.068148e-01
      vertex   -7.250000e+00 1.482362e-01 5.068148e-01
    endloop
  endfacet
  facet normal 0.000000e+00 -3.826834e-01 -9.238795e-01
    outer loop
      vertex   -8.375000e+00 1.000000e-01 5.267949e-01
      vertex   -7.250000e+00 1.482362e-01 5.068148e-01
      vertex   -7.250000e+00 1.000000e-01 5.267949e-01
    endloop
  endfacet
  facet normal 0.000000e+00 -6.087614e-01 -7.933533e-01
    outer loop
      vertex   -2.750000e+00 5.857864e-02 5.585786e-01
      vertex   -2.750000e+00 1.000000e-01 5.267949e-01
      vertex   -1.625000e+00 1.000000e-01 5.267949e-01
    endloop
  endfacet
  facet normal -0.000000e+00 -3.826834e-01 -9.238795e-01
    outer loop
      vertex   -1.625000e+00 1.000000e-01 5.267949e-01
      vertex   -2.750000e+00 1.000000e-01 5.267949e-01
      vertex   -1.625000e+00 1.482362e-01 5.068148e-01
    endloop
  endfacet
  facet normal 0.000000e+00 -3.826834e-01 -9.238795e-01
    outer loop
      vertex   -5.000000e+00 1.482362e-01 5.068148e-01
      vertex   -5.000000e+00 1.000000e-01 5.267949e-01
      vertex   -6.125000e+00 1.000000e-01 5.267949e-01
    endloop
  endfacet
  facet normal 0.000000e+00 -6.087614e-01 -7.933533e-01
    outer loop
      vertex   -6.125000e+00 1.000000e-01 5.267949e-01
      vertex   -5.000000e+00 1.000000e-01 5.267949e-01
      vertex   -6.125000e+00 5.857864e-02 5.585786e-01
    endloop
  endfacet
  facet normal 0.000000e+00 -6.087614e-01 -7.933533e-01
    outer loop
      vertex   -6.125000e+00 1.000000e-01 5.267949e-01
      vertex   -6.125000e+00 5.857864e-02 5.585786e-01
      vertex   -7.250000e+00 5.857864e-02 5.585786e-01
    endloop
  endfacet
  facet normal 0.000000e+00 -7.933533e-01 -6.087614e-01
    outer loop
      vertex   -7.250000e+00 5.857864e-02 5.585786e-01
      vertex   -6.125000e+00 5.857864e-02 5.585786e-01
      vertex   -7.250000e+00 2.679492e-02 6.000000e-01
    endloop
  endfacet
  facet normal 0.000000e+00 -7.933533e-01 -6.087614e-01
    outer loop
      vertex   -7.250000e+00 5.857864e-02 5.585786e-01
      vertex   -7.250000e+00 2.679492e-02 6.000000e-01
      vertex   -8.375000e+00 2.679492e-02 6.000000e-01
    endloop
  endfacet
  facet normal 0.000000e+00 -9.238795e-01 -3.826834e-01
    outer loop
      vertex   -8.375000e+00 2.679492e-02 6.000000e-01
      vertex   -7.250000e+00 2.679492e-02 6.000000e-01
      vertex   -8.375000e+00 6.814835e-03 6.482362e-01
    endloop
  endfacet
  facet normal 1.126435e-17 -6.087614e-01 -7.933533e-01
    outer loop
      vertex   -6.125000e+00 5.857864e-02 5.585786e-01
      vertex   -5.000000e+00 1.000000e-01 5.267949e-01
      vertex   -5.000000e+00 5.857864e-02 5.585786e-01
    endloop
  endfacet
  facet normal 0.000000e+00 -6.087614e-01 -7.933533e-01
    outer loop
      vertex   -8.375000e+00 5.857864e-02 5.585786e-01
      vertex   -8.375000e+00 1.000000e-01 5.267949e-01
      vertex   -7.250000e+00 1.000000e-01 5.267949e-01
    endloop
  endfacet
  facet normal 1.107519e-17 -7.933533e-01 -6.087614e-01
    outer loop
      vertex   -2.750000e+00 2.679492e-02 6.000000e-01
      vertex   -2.750000e+00 5.857864e-02 5.585786e-01
      vertex   -1.625000e+00 5.857864e-02 5.585786e-01
    endloop
  endfacet
  facet normal 7.509566e-18 -6.087614e-01 -7.933533e-01
    outer loop
      vertex   -1.625000e+00 5.857864e-02 5.585786e-01
      vertex   -2.750000e+00 5.857864e-02 5.585786e-01
      vertex   -1.625000e+00 1.000000e-01 5.267949e-01
    endloop
  endfacet
  facet normal 0.000000e+00 -7.933533e-01 -6.087614e-01
    outer loop
      vertex   -5.000000e+00 2.679492e-02 6.000000e-01
      vertex   -3.875000e+00 5.857864e-02 5.585786e-01
      vertex   -3.875000e+00 2.679492e-02 6.000000e-01
    endloop
  endfacet
  facet normal 0.000000e+00 -7.933533e-01 -6.087614e-01
    outer loop
      vertex   -7.250000e+00 2.679492e-02 6.000000e-01
      vertex   -6.125000e+00 5.857864e-02 5.585786e-01
      vertex   -6.125000e+00 2.679492e-02 6.000000e-01
    endloop
  endfacet
  facet normal 1.476693e-17 -7.933533e-01 -6.087614e-01
    outer loop
      vertex   -6.125000e+00 2.679492e-02 6.000000e-01
      vertex   -6.125000e+00 5.857864e-02 5.585786e-01
      vertex   -5.000000e+00 5.857864e-02 5.585786e-01
    endloop
  endfacet
  facet normal 0.000000e+00 -9.238795e-01 -3.826834e-01
    outer loop
      vertex   -2.750000e+00 6.814835e-03 6.482362e-01
      vertex   -2.750000e+00 2.679492e-02 6.000000e-01
      vertex   -1.625000e+00 2.679492e-02 6.000000e-01
    endloop
  endfacet
  facet normal -0.000000e+00 -7.933533e-01 -6.087614e-01
    outer loop
      vertex   -1.625000e+00 2.679492e-02 6.000000e-01
      vertex   -2.750000e+00 2.679492e-02 6.000000e-01
      vertex   -1.625000e+00 5.857864e-02 5.585786e-01
    endloop
  endfacet
  facet normal -0.000000e+00 -9.238795e-01 -3.826834e-01
    outer loop
      vertex   -1.625000e+00 6.814835e-03 6.482362e-01
      vertex   -2.750000e+00 6.814835e-03 6.482362e-01
      vertex   -1.625000e+00 2.679492e-02 6.000000e-01
    endloop
  endfacet
  facet normal 0.000000e+00 -9.238795e-01 -3.826834e-01
    outer loop
      vertex   -5.000000e+00 2.679492e-02 6.000000e-01
      vertex   -3.875000e+00 2.679492e-02 6.000000e-01
      vertex   -5.000000e+00 6.814835e-03 6.482362e-01
    endloop
  endfacet
  facet normal 0.000000e+00 -9.238795e-01 -3.826834e-01
    outer loop
      vertex   -5.000000e+00 6.814835e-03 6.482362e-01
      vertex   -3.875000e+00 2.679492e-02 6.000000e-01
      vertex   -3.875000e+00 6.814835e-03 6.482362e-01
    endloop
  endfacet
  facet normal 0.000000e+00 -9.914449e-01 -1.305262e-01
    outer loop
      vertex   -5.000000e+00 6.814835e-03 6.482362e-01
      vertex   -3.875000e+00 6.814835e-03 6.482362e-01
      vertex   -9.300000e+00 0.000000e+00 7.000000e-01
    endloop
  endfacet
  facet normal 0.000000e+00 -9.238795e-01 -3.826834e-01
    outer loop
      vertex   -8.375000e+00 6.814835e-03 6.482362e-01
      vertex   -7.250000e+00 2.679492e-02 6.000000e-01
      vertex   -7.250000e+00 6.814835e-03 6.482362e-01
    endloop
  endfacet
  facet normal 0.000000e+00 -9.238795e-01 -3.826834e-01
    outer loop
      vertex   -7.250000e+00 6.814835e-03 6.482362e-01
      vertex   -7.250000e+00 2.679492e-02 6.000000e-01
      vertex   -6.125000e+00 2.679492e-02 6.000000e-01
    endloop
  endfacet
  facet normal 0.000000e+00 -9.914449e-01 -1.305262e-01
    outer loop
      vertex   -9.300000e+00 0.000000e+00 7.000000e-01
      vertex   -6.125000e+00 6.814835e-03 6.482362e-01
      vertex   -5.000000e+00 6.814835e-03 6.482362e-01
    endloop
  endfacet
  facet normal -0.000000e+00 -9.238795e-01 -3.826834e-01
    outer loop
      vertex   -5.000000e+00 6.814835e-03 6.482362e-01
      vertex   -6.125000e+00 6.814835e-03 6.482362e-01
      vertex   -5.000000e+00 2.679492e-02 6.000000e-01
    endloop
  endfacet
  facet normal 0.000000e+00 -9.951847e-01 9.801714e-02
    outer loop
      vertex   -9.300000e+00 0.000000e+00 4.300000e+00
      vertex   -6.999999e-01 0.000000e+00 4.300000e+00
      vertex   -9.339018e+00 3.842944e-03 4.339018e+00
    endloop
  endfacet
  facet normal 2.807458e-04 -9.872153e-01 1.593923e-01
    outer loop
      vertex   -9.339018e+00 3.842944e-03 4.339018e+00
      vertex   -6.999999e-01 0.000000e+00 4.300000e+00
      vertex   -6.125000e+00 6.814835e-03 4.351764e+00
    endloop
  endfacet
  facet normal 0.000000e+00 -9.738770e-01 2.270763e-01
    outer loop
      vertex   -9.339018e+00 3.842944e-03 4.339018e+00
      vertex   -6.125000e+00 6.814835e-03 4.351764e+00
      vertex   -7.250000e+00 6.814835e-03 4.351764e+00
    endloop
  endfacet
  facet normal 0.000000e+00 -9.238795e-01 3.826834e-01
    outer loop
      vertex   -7.250000e+00 6.814835e-03 4.351764e+00
      vertex   -6.125000e+00 6.814835e-03 4.351764e+00
      vertex   -7.250000e+00 2.679492e-02 4.400000e+00
    endloop
  endfacet
  facet normal 0.000000e+00 -9.238795e-01 3.826834e-01
    outer loop
      vertex   -7.250000e+00 6.814835e-03 4.351764e+00
      vertex   -7.250000e+00 2.679492e-02 4.400000e+00
      vertex   -8.375000e+00 2.679492e-02 4.400000e+00
    endloop
  endfacet
  facet normal 0.000000e+00 -7.933533e-01 6.087614e-01
    outer loop
      vertex   -8.375000e+00 2.679492e-02 4.400000e+00
      vertex   -7.250000e+00 2.679492e-02 4.400000e+00
      vertex   -8.375000e+00 5.857864e-02 4.441421e+00
    endloop
  endfacet
  facet normal 1.238099e-03 -7.933527e-01 6.087610e-01
    outer loop
      vertex   -8.375000e+00 2.679492e-02 4.400000e+00
      vertex   -8.375000e+00 5.857864e-02 4.441421e+00
      vertex   -9.411114e+00 3.370608e-02 4.411114e+00
    endloop
  endfacet
  facet normal 0.000000e+00 -7.730105e-01 6.343933e-01
    outer loop
      vertex   -9.411114e+00 3.370608e-02 4.411114e+00
      vertex   -8.375000e+00 5.857864e-02 4.441421e+00
      vertex   -9.441422e+00 5.857864e-02 4.441421e+00
    endloop
  endfacet
  facet normal 0.000000e+00 -6.343933e-01 7.730105e-01
    outer loop
      vertex   -9.441422e+00 5.857864e-02 4.441421e+00
      vertex   -8.375000e+00 5.857864e-02 4.441421e+00
      vertex   -9.466294e+00 8.888595e-02 4.466294e+00
    endloop
  endfacet
  facet normal 1.175496e-03 -6.087610e-01 7.933528e-01
    outer loop
      vertex   -9.466294e+00 8.888595e-02 4.466294e+00
      vertex   -8.375000e+00 5.857864e-02 4.441421e+00
      vertex   -8.375000e+00 1.000000e-01 4.473205e+00
    endloop
  endfacet
  facet normal -7.799642e-04 -4.717208e-01 8.817476e-01
    outer loop
      vertex   -9.466294e+00 8.888595e-02 4.466294e+00
      vertex   -8.375000e+00 1.000000e-01 4.473205e+00
      vertex   -9.484776e+00 1.234633e-01 4.484776e+00
    endloop
  endfacet
  facet normal 1.541776e-03 -3.826830e-01 9.238784e-01
    outer loop
      vertex   -9.484776e+00 1.234633e-01 4.484776e+00
      vertex   -8.375000e+00 1.000000e-01 4.473205e+00
      vertex   -8.375000e+00 1.482362e-01 4.493185e+00
    endloop
  endfacet
  facet normal -7.660622e-04 -2.904974e-01 9.568755e-01
    outer loop
      vertex   -9.484776e+00 1.234633e-01 4.484776e+00
      vertex   -8.375000e+00 1.482362e-01 4.493185e+00
      vertex   -9.496157e+00 1.609819e-01 4.496157e+00
    endloop
  endfacet
  facet normal 9.555876e-04 -1.465917e-01 9.891966e-01
    outer loop
      vertex   -9.496157e+00 1.609819e-01 4.496157e+00
      vertex   -8.375000e+00 1.482362e-01 4.493185e+00
      vertex   -9.499037e+00 1.803966e-01 4.499037e+00
    endloop
  endfacet
  facet normal 3.801218e-03 -4.888103e-02 9.987974e-01
    outer loop
      vertex   -9.499037e+00 1.803966e-01 4.499037e+00
      vertex   -8.375000e+00 1.482362e-01 4.493185e+00
      vertex   -9.500000e+00 2.000000e-01 4.500000e+00
    endloop
  endfacet
  facet normal 0.000000e+00 -1.305262e-01 9.914449e-01
    outer loop
      vertex   -9.500000e+00 2.000000e-01 4.500000e+00
      vertex   -8.375000e+00 1.482362e-01 4.493185e+00
      vertex   -7.250000e+00 1.482362e-01 4.493185e+00
    endloop
  endfacet
  facet normal 0.000000e+00 -1.305262e-01 9.914449e-01
    outer loop
      vertex   -9.500000e+00 2.000000e-01 4.500000e+00
      vertex   -7.250000e+00 1.482362e-01 4.493185e+00
      vertex   -6.125000e+00 1.482362e-01 4.493185e+00
    endloop
  endfacet
  facet normal 0.000000e+00 -3.826834e-01 9.238795e-01
    outer loop
      vertex   -6.125000e+00 1.482362e-01 4.493185e+00
      vertex   -7.250000e+00 1.482362e-01 4.493185e+00
      vertex   -6.125000e+00 1.000000e-01 4.473205e+00
    endloop
  endfacet
  facet normal 0.000000e+00 -3.826834e-01 9.238795e-01
    outer loop
      vertex   -6.125000e+00 1.482362e-01 4.493185e+00
      vertex   -6.125000e+00 1.000000e-01 4.473205e+00
      vertex   -5.000000e+00 1.000000e-01 4.473205e+00
    endloop
  endfacet
  facet normal 0.000000e+00 -6.087614e-01 7.933533e-01
    outer loop
      vertex   -5.000000e+00 1.000000e-01 4.473205e+00
      vertex   -6.125000e+00 1.000000e-01 4.473205e+00
      vertex   -5.000000e+00 5.857864e-02 4.441421e+00
    endloop
  endfacet
  facet normal -1.845866e-17 -6.087614e-01 7.933533e-01
    outer loop
      vertex   -5.000000e+00 1.000000e-01 4.473205e+00
      vertex   -5.000000e+00 5.857864e-02 4.441421e+00
      vertex   -3.875000e+00 5.857864e-02 4.441421e+00
    endloop
  endfacet
  facet normal -2.446664e-17 -7.933533e-01 6.087614e-01
    outer loop
      vertex   -3.875000e+00 5.857864e-02 4.441421e+00
      vertex   -5.000000e+00 5.857864e-02 4.441421e+00
      vertex   -3.875000e+00 2.679492e-02 4.400000e+00
    endloop
  endfacet
  facet normal 0.000000e+00 -7.933533e-01 6.087614e-01
    outer loop
      vertex   -3.875000e+00 5.857864e-02 4.441421e+00
      vertex   -3.875000e+00 2.679492e-02 4.400000e+00
      vertex   -2.750000e+00 2.679492e-02 4.400000e+00
    endloop
  endfacet
  facet normal 0.000000e+00 -9.238795e-01 3.826834e-01
    outer loop
      vertex   -2.750000e+00 2.679492e-02 4.400000e+00
      vertex   -3.875000e+00 2.679492e-02 4.400000e+00
      vertex   -2.750000e+00 6.814835e-03 4.351764e+00
    endloop
  endfacet
  facet normal 0.000000e+00 -9.238795e-01 3.826834e-01
    outer loop
      vertex   -2.750000e+00 2.679492e-02 4.400000e+00
      vertex   -2.750000e+00 6.814835e-03 4.351764e+00
      vertex   -1.625000e+00 6.814835e-03 4.351764e+00
    endloop
  endfacet
  facet normal 0.000000e+00 -9.914449e-01 1.305262e-01
    outer loop
      vertex   -1.625000e+00 6.814835e-03 4.351764e+00
      vertex   -2.750000e+00 6.814835e-03 4.351764e+00
      vertex   -6.999999e-01 0.000000e+00 4.300000e+00
    endloop
  endfacet
  facet normal -1.748612e-03 -9.950111e-01 9.974865e-02
    outer loop
      vertex   -1.625000e+00 6.814835e-03 4.351764e+00
      vertex   -6.999999e-01 0.000000e+00 4.300000e+00
      vertex   -6.609818e-01 3.842944e-03 4.339018e+00
    endloop
  endfacet
  facet normal 8.765572e-04 -9.571831e-01 2.894818e-01
    outer loop
      vertex   -6.609818e-01 3.842944e-03 4.339018e+00
      vertex   -6.234632e-01 1.522409e-02 4.376537e+00
      vertex   -1.625000e+00 6.814835e-03 4.351764e+00
    endloop
  endfacet
  facet normal -1.708400e-03 -9.238782e-01 3.826829e-01
    outer loop
      vertex   -1.625000e+00 6.814835e-03 4.351764e+00
      vertex   -6.234632e-01 1.522409e-02 4.376537e+00
      vertex   -1.625000e+00 2.679492e-02 4.400000e+00
    endloop
  endfacet
  facet normal 0.000000e+00 -9.238795e-01 3.826834e-01
    outer loop
      vertex   -1.625000e+00 6.814835e-03 4.351764e+00
      vertex   -1.625000e+00 2.679492e-02 4.400000e+00
      vertex   -2.750000e+00 2.679492e-02 4.400000e+00
    endloop
  endfacet
  facet normal 0.000000e+00 -7.933533e-01 6.087614e-01
    outer loop
      vertex   -2.750000e+00 2.679492e-02 4.400000e+00
      vertex   -1.625000e+00 2.679492e-02 4.400000e+00
      vertex   -2.750000e+00 5.857864e-02 4.441421e+00
    endloop
  endfacet
  facet normal -2.584212e-17 -7.933533e-01 6.087614e-01
    outer loop
      vertex   -2.750000e+00 2.679492e-02 4.400000e+00
      vertex   -2.750000e+00 5.857864e-02 4.441421e+00
      vertex   -3.875000e+00 5.857864e-02 4.441421e+00
    endloop
  endfacet
  facet normal -1.877391e-17 -6.087614e-01 7.933533e-01
    outer loop
      vertex   -3.875000e+00 5.857864e-02 4.441421e+00
      vertex   -2.750000e+00 5.857864e-02 4.441421e+00
      vertex   -3.875000e+00 1.000000e-01 4.473205e+00
    endloop
  endfacet
  facet normal 0.000000e+00 -6.087614e-01 7.933533e-01
    outer loop
      vertex   -3.875000e+00 5.857864e-02 4.441421e+00
      vertex   -3.875000e+00 1.000000e-01 4.473205e+00
      vertex   -5.000000e+00 1.000000e-01 4.473205e+00
    endloop
  endfacet
  facet normal 0.000000e+00 -3.826834e-01 9.238795e-01
    outer loop
      vertex   -5.000000e+00 1.000000e-01 4.473205e+00
      vertex   -3.875000e+00 1.000000e-01 4.473205e+00
      vertex   -5.000000e+00 1.482362e-01 4.493185e+00
    endloop
  endfacet
  facet normal 0.000000e+00 -3.826834e-01 9.238795e-01
    outer loop
      vertex   -5.000000e+00 1.000000e-01 4.473205e+00
      vertex   -5.000000e+00 1.482362e-01 4.493185e+00
      vertex   -6.125000e+00 1.482362e-01 4.493185e+00
    endloop
  endfacet
  facet normal 0.000000e+00 -1.305262e-01 9.914449e-01
    outer loop
      vertex   -6.125000e+00 1.482362e-01 4.493185e+00
      vertex   -5.000000e+00 1.482362e-01 4.493185e+00
      vertex   -9.500000e+00 2.000000e-01 4.500000e+00
    endloop
  endfacet
  facet normal 8.354231e-04 -8.822680e-01 4.707467e-01
    outer loop
      vertex   -6.234632e-01 1.522409e-02 4.376537e+00
      vertex   -5.888858e-01 3.370608e-02 4.411114e+00
      vertex   -1.625000e+00 2.679492e-02 4.400000e+00
    endloop
  endfacet
  facet normal -1.238099e-03 -7.933527e-01 6.087610e-01
    outer loop
      vertex   -1.625000e+00 2.679492e-02 4.400000e+00
      vertex   -5.888858e-01 3.370608e-02 4.411114e+00
      vertex   -1.625000e+00 5.857864e-02 4.441421e+00
    endloop
  endfacet
  facet normal -2.215039e-17 -7.933533e-01 6.087614e-01
    outer loop
      vertex   -1.625000e+00 2.679492e-02 4.400000e+00
      vertex   -1.625000e+00 5.857864e-02 4.441421e+00
      vertex   -2.750000e+00 5.857864e-02 4.441421e+00
    endloop
  endfacet
  facet normal -1.877391e-17 -6.087614e-01 7.933533e-01
    outer loop
      vertex   -2.750000e+00 5.857864e-02 4.441421e+00
      vertex   -1.625000e+00 5.857864e-02 4.441421e+00
      vertex   -2.750000e+00 1.000000e-01 4.473205e+00
    endloop
  endfacet
  facet normal 0.000000e+00 -6.087614e-01 7.933533e-01
    outer loop
      vertex   -2.750000e+00 5.857864e-02 4.441421e+00
      vertex   -2.750000e+00 1.000000e-01 4.473205e+00
      vertex   -3.875000e+00 1.000000e-01 4.473205e+00
    endloop
  endfacet
  facet normal 0.000000e+00 -3.826834e-01 9.238795e-01
    outer loop
      vertex   -3.875000e+00 1.000000e-01 4.473205e+00
      vertex   -2.750000e+00 1.000000e-01 4.473205e+00
      vertex   -3.875000e+00 1.482362e-01 4.493185e+00
    endloop
  endfacet
  facet normal 0.000000e+00 -3.826834e-01 9.238795e-01
    outer loop
      vertex   -3.875000e+00 1.000000e-01 4.473205e+00
      vertex   -3.875000e+00 1.482362e-01 4.493185e+00
      vertex   -5.000000e+00 1.482362e-01 4.493185e+00
    endloop
  endfacet
  facet normal 0.000000e+00 -1.790169e-01 9.838460e-01
    outer loop
      vertex   -5.000000e+00 1.482362e-01 4.493185e+00
      vertex   -3.875000e+00 1.482362e-01 4.493185e+00
      vertex   -5.009629e-01 1.803966e-01 4.499037e+00
    endloop
  endfacet
  facet normal -2.192874e-04 -1.492415e-01 9.888008e-01
    outer loop
      vertex   -5.000000e+00 1.482362e-01 4.493185e+00
      vertex   -5.009629e-01 1.803966e-01 4.499037e+00
      vertex   -9.500000e+00 2.000000e-01 4.500000e+00
    endloop
  endfacet
  facet normal 0.000000e+00 -4.906767e-02 9.987955e-01
    outer loop
      vertex   -9.500000e+00 2.000000e-01 4.500000e+00
      vertex   -5.009629e-01 1.803966e-01 4.499037e+00
      vertex   -4.999999e-01 2.000000e-01 4.500000e+00
    endloop
  endfacet
  facet normal 6.793924e-16 -7.730105e-01 6.343933e-01
    outer loop
      vertex   -5.888858e-01 3.370608e-02 4.411114e+00
      vertex   -5.585785e-01 5.857864e-02 4.441421e+00
      vertex   -1.625000e+00 5.857864e-02 4.441421e+00
    endloop
  endfacet
  facet normal 7.676429e-16 -6.343933e-01 7.730105e-01
    outer loop
      vertex   -1.625000e+00 5.857864e-02 4.441421e+00
      vertex   -5.585785e-01 5.857864e-02 4.441421e+00
      vertex   -5.337059e-01 8.888595e-02 4.466294e+00
    endloop
  endfacet
  facet normal -1.175496e-03 -6.087610e-01 7.933528e-01
    outer loop
      vertex   -1.625000e+00 5.857864e-02 4.441421e+00
      vertex   -5.337059e-01 8.888595e-02 4.466294e+00
      vertex   -1.625000e+00 1.000000e-01 4.473205e+00
    endloop
  endfacet
  facet normal 7.799642e-04 -4.717208e-01 8.817476e-01
    outer loop
      vertex   -1.625000e+00 1.000000e-01 4.473205e+00
      vertex   -5.337059e-01 8.888595e-02 4.466294e+00
      vertex   -5.152240e-01 1.234633e-01 4.484776e+00
    endloop
  endfacet
  facet normal -1.541776e-03 -3.826830e-01 9.238784e-01
    outer loop
      vertex   -1.625000e+00 1.000000e-01 4.473205e+00
      vertex   -5.152240e-01 1.234633e-01 4.484776e+00
      vertex   -1.625000e+00 1.482362e-01 4.493185e+00
    endloop
  endfacet
  facet normal 7.660622e-04 -2.904974e-01 9.568755e-01
    outer loop
      vertex   -1.625000e+00 1.482362e-01 4.493185e+00
      vertex   -5.152240e-01 1.234633e-01 4.484776e+00
      vertex   -5.038428e-01 1.609819e-01 4.496157e+00
    endloop
  endfacet
  facet normal -9.555876e-04 -1.465917e-01 9.891966e-01
    outer loop
      vertex   -1.625000e+00 1.482362e-01 4.493185e+00
      vertex   -5.038428e-01 1.609819e-01 4.496157e+00
      vertex   -5.009629e-01 1.803966e-01 4.499037e+00
    endloop
  endfacet
  facet normal -8.354231e-04 -8.822680e-01 4.707467e-01
    outer loop
      vertex   -9.411114e+00 3.370608e-02 4.411114e+00
      vertex   -9.376537e+00 1.522409e-02 4.376537e+00
      vertex   -8.375000e+00 2.679492e-02 4.400000e+00
    endloop
  endfacet
  facet normal 1.708400e-03 -9.238782e-01 3.826829e-01
    outer loop
      vertex   -8.375000e+00 2.679492e-02 4.400000e+00
      vertex   -9.376537e+00 1.522409e-02 4.376537e+00
      vertex   -8.375000e+00 6.814835e-03 4.351764e+00
    endloop
  endfacet
  facet normal 0.000000e+00 -9.238795e-01 3.826834e-01
    outer loop
      vertex   -8.375000e+00 2.679492e-02 4.400000e+00
      vertex   -8.375000e+00 6.814835e-03 4.351764e+00
      vertex   -7.250000e+00 6.814835e-03 4.351764e+00
    endloop
  endfacet
  facet normal 0.000000e+00 -9.738770e-01 2.270763e-01
    outer loop
      vertex   -7.250000e+00 6.814835e-03 4.351764e+00
      vertex   -8.375000e+00 6.814835e-03 4.351764e+00
      vertex   -9.339018e+00 3.842944e-03 4.339018e+00
    endloop
  endfacet
  facet normal -8.765572e-04 -9.571831e-01 2.894818e-01
    outer loop
      vertex   -9.376537e+00 1.522409e-02 4.376537e+00
      vertex   -9.339018e+00 3.842944e-03 4.339018e+00
      vertex   -8.375000e+00 6.814835e-03 4.351764e+00
    endloop
  endfacet
  facet normal 0.000000e+00 -9.914449e-01 1.305262e-01
    outer loop
      vertex   -2.750000e+00 6.814835e-03 4.351764e+00
      vertex   -3.875000e+00 6.814835e-03 4.351764e+00
      vertex   -6.999999e-01 0.000000e+00 4.300000e+00
    endloop
  endfacet
  facet normal 0.000000e+00 -9.914449e-01 1.305262e-01
    outer loop
      vertex   -6.999999e-01 0.000000e+00 4.300000e+00
      vertex   -3.875000e+00 6.814835e-03 4.351764e+00
      vertex   -5.000000e+00 6.814835e-03 4.351764e+00
    endloop
  endfacet
  facet normal 0.000000e+00 -9.914449e-01 1.305262e-01
    outer loop
      vertex   -6.999999e-01 0.000000e+00 4.300000e+00
      vertex   -5.000000e+00 6.814835e-03 4.351764e+00
      vertex   -6.125000e+00 6.814835e-03 4.351764e+00
    endloop
  endfacet
  facet normal 0.000000e+00 -9.238795e-01 3.826834e-01
    outer loop
      vertex   -6.125000e+00 6.814835e-03 4.351764e+00
      vertex   -5.000000e+00 6.814835e-03 4.351764e+00
      vertex   -6.125000e+00 2.679492e-02 4.400000e+00
    endloop
  endfacet
  facet normal 0.000000e+00 -9.238795e-01 3.826834e-01
    outer loop
      vertex   -6.125000e+00 6.814835e-03 4.351764e+00
      vertex   -6.125000e+00 2.679492e-02 4.400000e+00
      vertex   -7.250000e+00 2.679492e-02 4.400000e+00
    endloop
  endfacet
  facet normal 0.000000e+00 -7.933533e-01 6.087614e-01
    outer loop
      vertex   -7.250000e+00 2.679492e-02 4.400000e+00
      vertex   -6.125000e+00 2.679492e-02 4.400000e+00
      vertex   -7.250000e+00 5.857864e-02 4.441421e+00
    endloop
  endfacet
  facet normal -2.215039e-17 -7.933533e-01 6.087614e-01
    outer loop
      vertex   -7.250000e+00 2.679492e-02 4.400000e+00
      vertex   -7.250000e+00 5.857864e-02 4.441421e+00
      vertex   -8.375000e+00 5.857864e-02 4.441421e+00
    endloop
  endfacet
  facet normal -1.877391e-17 -6.087614e-01 7.933533e-01
    outer loop
      vertex   -8.375000e+00 5.857864e-02 4.441421e+00
      vertex   -7.250000e+00 5.857864e-02 4.441421e+00
      vertex   -8.375000e+00 1.000000e-01 4.473205e+00
    endloop
  endfacet
  facet normal 0.000000e+00 -9.238795e-01 3.826834e-01
    outer loop
      vertex   -2.750000e+00 6.814835e-03 4.351764e+00
      vertex   -3.875000e+00 2.679492e-02 4.400000e+00
      vertex   -3.875000e+00 6.814835e-03 4.351764e+00
    endloop
  endfacet
  facet normal 0.000000e+00 -9.238795e-01 3.826834e-01
    outer loop
      vertex   -3.875000e+00 6.814835e-03 4.351764e+00
      vertex   -3.875000e+00 2.679492e-02 4.400000e+00
      vertex   -5.000000e+00 2.679492e-02 4.400000e+00
    endloop
  endfacet
  facet normal 0.000000e+00 -9.238795e-01 3.826834e-01
    outer loop
      vertex   -3.875000e+00 6.814835e-03 4.351764e+00
      vertex   -5.000000e+00 2.679492e-02 4.400000e+00
      vertex   -5.000000e+00 6.814835e-03 4.351764e+00
    endloop
  endfacet
  facet normal 0.000000e+00 -9.238795e-01 3.826834e-01
    outer loop
      vertex   -5.000000e+00 6.814835e-03 4.351764e+00
      vertex   -5.000000e+00 2.679492e-02 4.400000e+00
      vertex   -6.125000e+00 2.679492e-02 4.400000e+00
    endloop
  endfacet
  facet normal 0.000000e+00 -7.933533e-01 6.087614e-01
    outer loop
      vertex   -3.875000e+00 2.679492e-02 4.400000e+00
      vertex   -5.000000e+00 5.857864e-02 4.441421e+00
      vertex   -5.000000e+00 2.679492e-02 4.400000e+00
    endloop
  endfacet
  facet normal -2.215039e-17 -7.933533e-01 6.087614e-01
    outer loop
      vertex   -5.000000e+00 2.679492e-02 4.400000e+00
      vertex   -5.000000e+00 5.857864e-02 4.441421e+00
      vertex   -6.125000e+00 5.857864e-02 4.441421e+00
    endloop
  endfacet
  facet normal 0.000000e+00 -7.933533e-01 6.087614e-01
    outer loop
      vertex   -5.000000e+00 2.679492e-02 4.400000e+00
      vertex   -6.125000e+00 5.857864e-02 4.441421e+00
      vertex   -6.125000e+00 2.679492e-02 4.400000e+00
    endloop
  endfacet
  facet normal -2.584212e-17 -7.933533e-01 6.087614e-01
    outer loop
      vertex   -6.125000e+00 2.679492e-02 4.400000e+00
      vertex   -6.125000e+00 5.857864e-02 4.441421e+00
      vertex   -7.250000e+00 5.857864e-02 4.441421e+00
    endloop
  endfacet
  facet normal -1.877391e-17 -6.087614e-01 7.933533e-01
    outer loop
      vertex   -5.000000e+00 5.857864e-02 4.441421e+00
      vertex   -6.125000e+00 1.000000e-01 4.473205e+00
      vertex   -6.125000e+00 5.857864e-02 4.441421e+00
    endloop
  endfacet
  facet normal 0.000000e+00 -6.087614e-01 7.933533e-01
    outer loop
      vertex   -6.125000e+00 5.857864e-02 4.441421e+00
      vertex   -6.125000e+00 1.000000e-01 4.473205e+00
      vertex   -7.250000e+00 1.000000e-01 4.473205e+00
    endloop
  endfacet
  facet normal -1.877391e-17 -6.087614e-01 7.933533e-01
    outer loop
      vertex   -6.125000e+00 5.857864e-02 4.441421e+00
      vertex   -7.250000e+00 1.000000e-01 4.473205e+00
      vertex   -7.250000e+00 5.857864e-02 4.441421e+00
    endloop
  endfacet
  facet normal 0.000000e+00 -6.087614e-01 7.933533e-01
    outer loop
      vertex   -7.250000e+00 5.857864e-02 4.441421e+00
      vertex   -7.250000e+00 1.000000e-01 4.473205e+00
      vertex   -8.375000e+00 1.000000e-01 4.473205e+00
    endloop
  endfacet
  facet normal 0.000000e+00 -6.087614e-01 7.933533e-01
    outer loop
      vertex   -1.625000e+00 5.857864e-02 4.441421e+00
      vertex   -1.625000e+00 1.000000e-01 4.473205e+00
      vertex   -2.750000e+00 1.000000e-01 4.473205e+00
    endloop
  endfacet
  facet normal 0.000000e+00 -3.826834e-01 9.238795e-01
    outer loop
      vertex   -2.750000e+00 1.000000e-01 4.473205e+00
      vertex   -1.625000e+00 1.000000e-01 4.473205e+00
      vertex   -2.750000e+00 1.482362e-01 4.493185e+00
    endloop
  endfacet
  facet normal 0.000000e+00 -3.826834e-01 9.238795e-01
    outer loop
      vertex   -2.750000e+00 1.000000e-01 4.473205e+00
      vertex   -2.750000e+00 1.482362e-01 4.493185e+00
      vertex   -3.875000e+00 1.482362e-01 4.493185e+00
    endloop
  endfacet
  facet normal 0.000000e+00 -1.790169e-01 9.838460e-01
    outer loop
      vertex   -3.875000e+00 1.482362e-01 4.493185e+00
      vertex   -2.750000e+00 1.482362e-01 4.493185e+00
      vertex   -5.009629e-01 1.803966e-01 4.499037e+00
    endloop
  endfacet
  facet normal 0.000000e+00 -3.826834e-01 9.238795e-01
    outer loop
      vertex   -8.375000e+00 1.482362e-01 4.493185e+00
      vertex   -8.375000e+00 1.000000e-01 4.473205e+00
      vertex   -7.250000e+00 1.000000e-01 4.473205e+00
    endloop
  endfacet
  facet normal 0.000000e+00 -3.826834e-01 9.238795e-01
    outer loop
      vertex   -8.375000e+00 1.482362e-01 4.493185e+00
      vertex   -7.250000e+00 1.000000e-01 4.473205e+00
      vertex   -7.250000e+00 1.482362e-01 4.493185e+00
    endloop
  endfacet
  facet normal 0.000000e+00 -3.826834e-01 9.238795e-01
    outer loop
      vertex   -7.250000e+00 1.482362e-01 4.493185e+00
      vertex   -7.250000e+00 1.000000e-01 4.473205e+00
      vertex   -6.125000e+00 1.000000e-01 4.473205e+00
    endloop
  endfacet
  facet normal 0.000000e+00 -1.790169e-01 9.838460e-01
    outer loop
      vertex   -5.009629e-01 1.803966e-01 4.499037e+00
      vertex   -2.750000e+00 1.482362e-01 4.493185e+00
      vertex   -1.625000e+00 1.482362e-01 4.493185e+00
    endloop
  endfacet
  facet normal 0.000000e+00 -3.826834e-01 9.238795e-01
    outer loop
      vertex   -1.625000e+00 1.482362e-01 4.493185e+00
      vertex   -2.750000e+00 1.482362e-01 4.493185e+00
      vertex   -1.625000e+00 1.000000e-01 4.473205e+00
    endloop
  endfacet
  facet normal 0.000000e+00 0.000000e+00 1.000000e+00
    outer loop
      vertex   -9.500000e+00 2.000000e-01 4.500000e+00
      vertex   -4.999999e-01 2.000000e-01 4.500000e+00
      vertex   -9.500000e+00 1.500000e+00 4.500000e+00
    endloop
  endfacet
  facet normal -0.000000e+00 0.000000e+00 1.000000e+00
    outer loop
      vertex   -9.500000e+00 1.500000e+00 4.500000e+00
      vertex   -4.999999e-01 2.000000e-01 4.500000e+00
      vertex   -4.999999e-01 1.500000e+00 4.500000e+00
    endloop
  endfacet
  facet normal 1.000000e+00 -3.843080e-16 -2.980232e-08
    outer loop
      vertex   -4.999999e-01 2.000000e-01 4.500000e+00
      vertex   -5.000000e-01 2.000000e-01 5.000000e-01
      vertex   -4.999999e-01 1.500000e+00 4.500000e+00
    endloop
  endfacet
  facet normal 1.000000e+00 6.405133e-16 -2.980232e-08
    outer loop
      vertex   -4.999999e-01 1.500000e+00 4.500000e+00
      vertex   -5.000000e-01 2.000000e-01 5.000000e-01
      vertex   -5.000000e-01 1.500000e+00 5.000000e-01
    endloop
  endfacet
  facet normal -0.000000e+00 -1.000000e+00 0.000000e+00
    outer loop
      vertex   -6.999999e-01 0.000000e+00 4.300000e+00
      vertex   -9.300000e+00 0.000000e+00 4.300000e+00
      vertex   -7.000000e-01 0.000000e+00 7.000000e-01
    endloop
  endfacet
  facet normal 0.000000e+00 -1.000000e+00 0.000000e+00
    outer loop
      vertex   -7.000000e-01 0.000000e+00 7.000000e-01
      vertex   -9.300000e+00 0.000000e+00 4.300000e+00
      vertex   -9.300000e+00 0.000000e+00 7.000000e-01
    endloop
  endfacet
  facet normal 9.801714e-02 -9.951847e-01 0.000000e+00
    outer loop
      vertex   9.300000e+00 0.000000e+00 4.300000e+00
      vertex   9.300000e+00 0.000000e+00 7.000000e-01
      vertex   9.339018e+00 3.842944e-03 4.339018e+00
    endloop
  endfacet
  facet normal 1.747135e-01 -9.846190e-01 -8.335065e-04
    outer loop
      vertex   9.339018e+00 3.842944e-03 4.339018e+00
      vertex   9.300000e+00 0.000000e+00 7.000000e-01
      vertex   9.351764e+00 6.814835e-03 3.500000e+00
    endloop
  endfacet
  facet normal 2.893639e-01 -9.572186e-01 1.005233e-03
    outer loop
      vertex   9.339018e+00 3.842944e-03 4.339018e+00
      vertex   9.351764e+00 6.814835e-03 3.500000e+00
      vertex   9.376537e+00 1.522409e-02 4.376537e+00
    endloop
  endfacet
  facet normal 3.826827e-01 -9.238778e-01 -1.952028e-03
    outer loop
      vertex   9.376537e+00 1.522409e-02 4.376537e+00
      vertex   9.351764e+00 6.814835e-03 3.500000e+00
      vertex   9.400000e+00 2.679492e-02 3.500000e+00
    endloop
  endfacet
  facet normal 4.706563e-01 -8.823161e-01 9.515060e-04
    outer loop
      vertex   9.376537e+00 1.522409e-02 4.376537e+00
      vertex   9.400000e+00 2.679492e-02 3.500000e+00
      vertex   9.411114e+00 3.370608e-02 4.411114e+00
    endloop
  endfacet
  facet normal 6.087608e-01 -7.933526e-01 -1.407959e-03
    outer loop
      vertex   9.411114e+00 3.370608e-02 4.411114e+00
      vertex   9.400000e+00 2.679492e-02 3.500000e+00
      vertex   9.441422e+00 5.857864e-02 3.500000e+00
    endloop
  endfacet
  facet normal 6.343933e-01 -7.730105e-01 1.028093e-16
    outer loop
      vertex   9.411114e+00 3.370608e-02 4.411114e+00
      vertex   9.441422e+00 5.857864e-02 3.500000e+00
      vertex   9.441422e+00 5.857864e-02 4.441421e+00
    endloop
  endfacet
  facet normal 7.730105e-01 -6.343933e-01 8.416611e-17
    outer loop
      vertex   9.441422e+00 5.857864e-02 4.441421e+00
      vertex   9.441422e+00 5.857864e-02 3.500000e+00
      vertex   9.466294e+00 8.888595e-02 4.466294e+00
    endloop
  endfacet
  facet normal 7.933526e-01 -6.087609e-01 -1.327558e-03
    outer loop
      vertex   9.466294e+00 8.888595e-02 4.466294e+00
      vertex   9.441422e+00 5.857864e-02 3.500000e+00
      vertex   9.473205e+00 1.000000e-01 3.500000e+00
    endloop
  endfacet
  facet normal 8.817252e-01 -4.717625e-01 8.802217e-04
    outer loop
      vertex   9.466294e+00 8.888595e-02 4.466294e+00
      vertex   9.473205e+00 1.000000e-01 3.500000e+00
      vertex   9.484776e+00 1.234633e-01 4.484776e+00
    endloop
  endfacet
  facet normal 9.238781e-01 -3.826829e-01 -1.737477e-03
    outer loop
      vertex   9.484776e+00 1.234633e-01 4.484776e+00
      vertex   9.473205e+00 1.000000e-01 3.500000e+00
      vertex   9.493185e+00 1.482362e-01 3.500000e+00
    endloop
  endfacet
  facet normal 9.568673e-01 -2.905242e-01 8.625565e-04
    outer loop
      vertex   9.484776e+00 1.234633e-01 4.484776e+00
      vertex   9.493185e+00 1.482362e-01 3.500000e+00
      vertex   9.496157e+00 1.609819e-01 4.496157e+00
    endloop
  endfacet
  facet normal 9.891991e-01 -1.465743e-01 -1.075728e-03
    outer loop
      vertex   9.496157e+00 1.609819e-01 4.496157e+00
      vertex   9.493185e+00 1.482362e-01 3.500000e+00
      vertex   9.499037e+00 1.803966e-01 4.499037e+00
    endloop
  endfacet
  facet normal 9.987966e-01 -4.885759e-02 -4.277579e-03
    outer loop
      vertex   9.499037e+00 1.803966e-01 4.499037e+00
      vertex   9.493185e+00 1.482362e-01 3.500000e+00
      vertex   9.500000e+00 2.000000e-01 4.500000e+00
    endloop
  endfacet
  facet normal 9.914449e-01 -1.305262e-01 0.000000e+00
    outer loop
      vertex   9.500000e+00 2.000000e-01 4.500000e+00
      vertex   9.493185e+00 1.482362e-01 3.500000e+00
      vertex   9.493185e+00 1.482362e-01 2.500000e+00
    endloop
  endfacet
  facet normal 9.888002e-01 -1.492445e-01 4.934778e-04
    outer loop
      vertex   9.500000e+00 2.000000e-01 4.500000e+00
      vertex   9.493185e+00 1.482362e-01 2.500000e+00
      vertex   9.499037e+00 1.803966e-01 5.009631e-01
    endloop
  endfacet
  facet normal 9.838460e-01 -1.790169e-01 0.000000e+00
    outer loop
      vertex   9.499037e+00 1.803966e-01 5.009631e-01
      vertex   9.493185e+00 1.482362e-01 2.500000e+00
      vertex   9.493185e+00 1.482362e-01 1.500000e+00
    endloop
  endfacet
  facet normal 9.891991e-01 -1.465743e-01 1.075728e-03
    outer loop
      vertex   9.499037e+00 1.803966e-01 5.009631e-01
      vertex   9.493185e+00 1.482362e-01 1.500000e+00
      vertex   9.496157e+00 1.609819e-01 5.038429e-01
    endloop
  endfacet
  facet normal 9.568673e-01 -2.905242e-01 -8.625565e-04
    outer loop
      vertex   9.496157e+00 1.609819e-01 5.038429e-01
      vertex   9.493185e+00 1.482362e-01 1.500000e+00
      vertex   9.484776e+00 1.234633e-01 5.152241e-01
    endloop
  endfacet
  facet normal 9.238781e-01 -3.826829e-01 1.737477e-03
    outer loop
      vertex   9.484776e+00 1.234633e-01 5.152241e-01
      vertex   9.493185e+00 1.482362e-01 1.500000e+00
      vertex   9.473205e+00 1.000000e-01 1.500000e+00
    endloop
  endfacet
  facet normal 8.817252e-01 -4.717625e-01 -8.802217e-04
    outer loop
      vertex   9.484776e+00 1.234633e-01 5.152241e-01
      vertex   9.473205e+00 1.000000e-01 1.500000e+00
      vertex   9.466294e+00 8.888595e-02 5.337061e-01
    endloop
  endfacet
  facet normal 7.933526e-01 -6.087609e-01 1.327558e-03
    outer loop
      vertex   9.466294e+00 8.888595e-02 5.337061e-01
      vertex   9.473205e+00 1.000000e-01 1.500000e+00
      vertex   9.441422e+00 5.857864e-02 1.500000e+00
    endloop
  endfacet
  facet normal 7.730105e-01 -6.343933e-01 1.174963e-16
    outer loop
      vertex   9.466294e+00 8.888595e-02 5.337061e-01
      vertex   9.441422e+00 5.857864e-02 1.500000e+00
      vertex   9.441422e+00 5.857864e-02 5.585786e-01
    endloop
  endfacet
  facet normal 6.343933e-01 -7.730105e-01 1.424399e-16
    outer loop
      vertex   9.441422e+00 5.857864e-02 5.585786e-01
      vertex   9.441422e+00 5.857864e-02 1.500000e+00
      vertex   9.411114e+00 3.370608e-02 5.888860e-01
    endloop
  endfacet
  facet normal 6.087608e-01 -7.933526e-01 1.407959e-03
    outer loop
      vertex   9.411114e+00 3.370608e-02 5.888860e-01
      vertex   9.441422e+00 5.857864e-02 1.500000e+00
      vertex   9.400000e+00 2.679492e-02 1.500000e+00
    endloop
  endfacet
  facet normal 4.706563e-01 -8.823161e-01 -9.515060e-04
    outer loop
      vertex   9.411114e+00 3.370608e-02 5.888860e-01
      vertex   9.400000e+00 2.679492e-02 1.500000e+00
      vertex   9.376537e+00 1.522409e-02 6.234633e-01
    endloop
  endfacet
  facet normal 3.826827e-01 -9.238778e-01 1.952028e-03
    outer loop
      vertex   9.376537e+00 1.522409e-02 6.234633e-01
      vertex   9.400000e+00 2.679492e-02 1.500000e+00
      vertex   9.351764e+00 6.814835e-03 1.500000e+00
    endloop
  endfacet
  facet normal 2.893639e-01 -9.572186e-01 -1.005233e-03
    outer loop
      vertex   9.376537e+00 1.522409e-02 6.234633e-01
      vertex   9.351764e+00 6.814835e-03 1.500000e+00
      vertex   9.339018e+00 3.842944e-03 6.609819e-01
    endloop
  endfacet
  facet normal 1.000027e-01 -9.949851e-01 2.005176e-03
    outer loop
      vertex   9.339018e+00 3.842944e-03 6.609819e-01
      vertex   9.351764e+00 6.814835e-03 1.500000e+00
      vertex   9.300000e+00 0.000000e+00 7.000000e-01
    endloop
  endfacet
  facet normal 1.305262e-01 -9.914449e-01 0.000000e+00
    outer loop
      vertex   9.300000e+00 0.000000e+00 7.000000e-01
      vertex   9.351764e+00 6.814835e-03 1.500000e+00
      vertex   9.351764e+00 6.814835e-03 2.500000e+00
    endloop
  endfacet
  facet normal 1.305262e-01 -9.914449e-01 0.000000e+00
    outer loop
      vertex   9.300000e+00 0.000000e+00 7.000000e-01
      vertex   9.351764e+00 6.814835e-03 2.500000e+00
      vertex   9.351764e+00 6.814835e-03 3.500000e+00
    endloop
  endfacet
  facet normal 3.826834e-01 -9.238795e-01 0.000000e+00
    outer loop
      vertex   9.351764e+00 6.814835e-03 3.500000e+00
      vertex   9.351764e+00 6.814835e-03 2.500000e+00
      vertex   9.400000e+00 2.679492e-02 3.500000e+00
    endloop
  endfacet
  facet normal 9.987955e-01 -4.906767e-02 0.000000e+00
    outer loop
      vertex   9.499037e+00 1.803966e-01 5.009631e-01
      vertex   9.500000e+00 2.000000e-01 5.000000e-01
      vertex   9.500000e+00 2.000000e-01 4.500000e+00
    endloop
  endfacet
  facet normal 3.826834e-01 -9.238795e-01 0.000000e+00
    outer loop
      vertex   9.351764e+00 6.814835e-03 2.500000e+00
      vertex   9.351764e+00 6.814835e-03 1.500000e+00
      vertex   9.400000e+00 2.679492e-02 2.500000e+00
    endloop
  endfacet
  facet normal 3.826834e-01 -9.238795e-01 0.000000e+00
    outer loop
      vertex   9.400000e+00 2.679492e-02 2.500000e+00
      vertex   9.351764e+00 6.814835e-03 1.500000e+00
      vertex   9.400000e+00 2.679492e-02 1.500000e+00
    endloop
  endfacet
  facet normal 6.087614e-01 -7.933533e-01 0.000000e+00
    outer loop
      vertex   9.400000e+00 2.679492e-02 2.500000e+00
      vertex   9.400000e+00 2.679492e-02 1.500000e+00
      vertex   9.441422e+00 5.857864e-02 2.500000e+00
    endloop
  endfacet
  facet normal 6.087614e-01 -7.933533e-01 -1.100999e-16
    outer loop
      vertex   9.441422e+00 5.857864e-02 2.500000e+00
      vertex   9.400000e+00 2.679492e-02 1.500000e+00
      vertex   9.441422e+00 5.857864e-02 1.500000e+00
    endloop
  endfacet
  facet normal 7.933533e-01 -6.087614e-01 -8.448262e-17
    outer loop
      vertex   9.441422e+00 5.857864e-02 2.500000e+00
      vertex   9.441422e+00 5.857864e-02 1.500000e+00
      vertex   9.473205e+00 1.000000e-01 2.500000e+00
    endloop
  endfacet
  facet normal 7.933533e-01 -6.087614e-01 0.000000e+00
    outer loop
      vertex   9.473205e+00 1.000000e-01 2.500000e+00
      vertex   9.441422e+00 5.857864e-02 1.500000e+00
      vertex   9.473205e+00 1.000000e-01 1.500000e+00
    endloop
  endfacet
  facet normal 9.238795e-01 -3.826834e-01 0.000000e+00
    outer loop
      vertex   9.473205e+00 1.000000e-01 2.500000e+00
      vertex   9.473205e+00 1.000000e-01 1.500000e+00
      vertex   9.493185e+00 1.482362e-01 2.500000e+00
    endloop
  endfacet
  facet normal 9.238795e-01 -3.826834e-01 0.000000e+00
    outer loop
      vertex   9.493185e+00 1.482362e-01 2.500000e+00
      vertex   9.473205e+00 1.000000e-01 1.500000e+00
      vertex   9.493185e+00 1.482362e-01 1.500000e+00
    endloop
  endfacet
  facet normal 6.087614e-01 -7.933533e-01 0.000000e+00
    outer loop
      vertex   9.441422e+00 5.857864e-02 3.500000e+00
      vertex   9.400000e+00 2.679492e-02 3.500000e+00
      vertex   9.400000e+00 2.679492e-02 2.500000e+00
    endloop
  endfacet
  facet normal 3.826834e-01 -9.238795e-01 0.000000e+00
    outer loop
      vertex   9.400000e+00 2.679492e-02 2.500000e+00
      vertex   9.400000e+00 2.679492e-02 3.500000e+00
      vertex   9.351764e+00 6.814835e-03 2.500000e+00
    endloop
  endfacet
  facet normal 6.087614e-01 -7.933533e-01 9.547626e-16
    outer loop
      vertex   9.441422e+00 5.857864e-02 3.500000e+00
      vertex   9.400000e+00 2.679492e-02 2.500000e+00
      vertex   9.441422e+00 5.857864e-02 2.500000e+00
    endloop
  endfacet
  facet normal 7.933533e-01 -6.087614e-01 1.312410e-15
    outer loop
      vertex   9.473205e+00 1.000000e-01 3.500000e+00
      vertex   9.441422e+00 5.857864e-02 3.500000e+00
      vertex   9.441422e+00 5.857864e-02 2.500000e+00
    endloop
  endfacet
  facet normal 7.933533e-01 -6.087614e-01 0.000000e+00
    outer loop
      vertex   9.473205e+00 1.000000e-01 3.500000e+00
      vertex   9.441422e+00 5.857864e-02 2.500000e+00
      vertex   9.473205e+00 1.000000e-01 2.500000e+00
    endloop
  endfacet
  facet normal 9.238795e-01 -3.826834e-01 0.000000e+00
    outer loop
      vertex   9.493185e+00 1.482362e-01 3.500000e+00
      vertex   9.473205e+00 1.000000e-01 3.500000e+00
      vertex   9.473205e+00 1.000000e-01 2.500000e+00
    endloop
  endfacet
  facet normal 9.238795e-01 -3.826834e-01 0.000000e+00
    outer loop
      vertex   9.493185e+00 1.482362e-01 3.500000e+00
      vertex   9.473205e+00 1.000000e-01 2.500000e+00
      vertex   9.493185e+00 1.482362e-01 2.500000e+00
    endloop
  endfacet
  facet normal 6.326796e-18 -9.951847e-01 -9.801714e-02
    outer loop
      vertex   9.300000e+00 0.000000e+00 7.000000e-01
      vertex   7.000000e-01 0.000000e+00 7.000000e-01
      vertex   9.339018e+00 3.842944e-03 6.609819e-01
    endloop
  endfacet
  facet normal -2.807458e-04 -9.872153e-01 -1.593923e-01
    outer loop
      vertex   9.339018e+00 3.842944e-03 6.609819e-01
      vertex   7.000000e-01 0.000000e+00 7.000000e-01
      vertex   6.125000e+00 6.814835e-03 6.482362e-01
    endloop
  endfacet
  facet normal 0.000000e+00 -9.738770e-01 -2.270763e-01
    outer loop
      vertex   9.339018e+00 3.842944e-03 6.609819e-01
      vertex   6.125000e+00 6.814835e-03 6.482362e-01
      vertex   7.250000e+00 6.814835e-03 6.482362e-01
    endloop
  endfacet
  facet normal -0.000000e+00 -9.238795e-01 -3.826834e-01
    outer loop
      vertex   7.250000e+00 6.814835e-03 6.482362e-01
      vertex   6.125000e+00 6.814835e-03 6.482362e-01
      vertex   7.250000e+00 2.679492e-02 6.000000e-01
    endloop
  endfacet
  facet normal 0.000000e+00 -9.238795e-01 -3.826834e-01
    outer loop
      vertex   7.250000e+00 6.814835e-03 6.482362e-01
      vertex   7.250000e+00 2.679492e-02 6.000000e-01
      vertex   8.375000e+00 2.679492e-02 6.000000e-01
    endloop
  endfacet
  facet normal -0.000000e+00 -7.933533e-01 -6.087614e-01
    outer loop
      vertex   8.375000e+00 2.679492e-02 6.000000e-01
      vertex   7.250000e+00 2.679492e-02 6.000000e-01
      vertex   8.375000e+00 5.857864e-02 5.585786e-01
    endloop
  endfacet
  facet normal -1.238099e-03 -7.933527e-01 -6.087610e-01
    outer loop
      vertex   8.375000e+00 2.679492e-02 6.000000e-01
      vertex   8.375000e+00 5.857864e-02 5.585786e-01
      vertex   9.411114e+00 3.370608e-02 5.888860e-01
    endloop
  endfacet
  facet normal -1.037240e-17 -7.730105e-01 -6.343933e-01
    outer loop
      vertex   9.411114e+00 3.370608e-02 5.888860e-01
      vertex   8.375000e+00 5.857864e-02 5.585786e-01
      vertex   9.441422e+00 5.857864e-02 5.585786e-01
    endloop
  endfacet
  facet normal -8.255625e-18 -6.343933e-01 -7.730105e-01
    outer loop
      vertex   9.441422e+00 5.857864e-02 5.585786e-01
      vertex   8.375000e+00 5.857864e-02 5.585786e-01
      vertex   9.466294e+00 8.888595e-02 5.337061e-01
    endloop
  endfacet
  facet normal -1.175496e-03 -6.087610e-01 -7.933528e-01
    outer loop
      vertex   9.466294e+00 8.888595e-02 5.337061e-01
      vertex   8.375000e+00 5.857864e-02 5.585786e-01
      vertex   8.375000e+00 1.000000e-01 5.267949e-01
    endloop
  endfacet
  facet normal 7.799642e-04 -4.717208e-01 -8.817476e-01
    outer loop
      vertex   9.466294e+00 8.888595e-02 5.337061e-01
      vertex   8.375000e+00 1.000000e-01 5.267949e-01
      vertex   9.484776e+00 1.234633e-01 5.152241e-01
    endloop
  endfacet
  facet normal -1.541776e-03 -3.826830e-01 -9.238784e-01
    outer loop
      vertex   9.484776e+00 1.234633e-01 5.152241e-01
      vertex   8.375000e+00 1.000000e-01 5.267949e-01
      vertex   8.375000e+00 1.482362e-01 5.068148e-01
    endloop
  endfacet
  facet normal 7.660622e-04 -2.904974e-01 -9.568755e-01
    outer loop
      vertex   9.484776e+00 1.234633e-01 5.152241e-01
      vertex   8.375000e+00 1.482362e-01 5.068148e-01
      vertex   9.496157e+00 1.609819e-01 5.038429e-01
    endloop
  endfacet
  facet normal -9.555877e-04 -1.465917e-01 -9.891966e-01
    outer loop
      vertex   9.496157e+00 1.609819e-01 5.038429e-01
      vertex   8.375000e+00 1.482362e-01 5.068148e-01
      vertex   9.499037e+00 1.803966e-01 5.009631e-01
    endloop
  endfacet
  facet normal -3.801219e-03 -4.888103e-02 -9.987974e-01
    outer loop
      vertex   9.499037e+00 1.803966e-01 5.009631e-01
      vertex   8.375000e+00 1.482362e-01 5.068148e-01
      vertex   9.500000e+00 2.000000e-01 5.000000e-01
    endloop
  endfacet
  facet normal 0.000000e+00 -1.305262e-01 -9.914449e-01
    outer loop
      vertex   9.500000e+00 2.000000e-01 5.000000e-01
      vertex   8.375000e+00 1.482362e-01 5.068148e-01
      vertex   7.250000e+00 1.482362e-01 5.068148e-01
    endloop
  endfacet
  facet normal 0.000000e+00 -1.305262e-01 -9.914449e-01
    outer loop
      vertex   9.500000e+00 2.000000e-01 5.000000e-01
      vertex   7.250000e+00 1.482362e-01 5.068148e-01
      vertex   6.125000e+00 1.482362e-01 5.068148e-01
    endloop
  endfacet
  facet normal 0.000000e+00 -3.826834e-01 -9.238795e-01
    outer loop
      vertex   6.125000e+00 1.482362e-01 5.068148e-01
      vertex   7.250000e+00 1.482362e-01 5.068148e-01
      vertex   6.125000e+00 1.000000e-01 5.267949e-01
    endloop
  endfacet
  facet normal 0.000000e+00 -3.826834e-01 -9.238795e-01
    outer loop
      vertex   6.125000e+00 1.482362e-01 5.068148e-01
      vertex   6.125000e+00 1.000000e-01 5.267949e-01
      vertex   5.000000e+00 1.000000e-01 5.267949e-01
    endloop
  endfacet
  facet normal 0.000000e+00 -6.087614e-01 -7.933533e-01
    outer loop
      vertex   5.000000e+00 1.000000e-01 5.267949e-01
      vertex   6.125000e+00 1.000000e-01 5.267949e-01
      vertex   5.000000e+00 5.857864e-02 5.585786e-01
    endloop
  endfacet
  facet normal 5.537597e-17 -6.087614e-01 -7.933533e-01
    outer loop
      vertex   5.000000e+00 1.000000e-01 5.267949e-01
      vertex   5.000000e+00 5.857864e-02 5.585786e-01
      vertex   3.875000e+00 5.857864e-02 5.585786e-01
    endloop
  endfacet
  facet normal 3.071656e-17 -7.933533e-01 -6.087614e-01
    outer loop
      vertex   3.875000e+00 5.857864e-02 5.585786e-01
      vertex   5.000000e+00 5.857864e-02 5.585786e-01
      vertex   3.875000e+00 2.679492e-02 6.000000e-01
    endloop
  endfacet
  facet normal 0.000000e+00 -7.933533e-01 -6.087614e-01
    outer loop
      vertex   3.875000e+00 5.857864e-02 5.585786e-01
      vertex   3.875000e+00 2.679492e-02 6.000000e-01
      vertex   2.750000e+00 2.679492e-02 6.000000e-01
    endloop
  endfacet
  facet normal 0.000000e+00 -9.238795e-01 -3.826834e-01
    outer loop
      vertex   2.750000e+00 2.679492e-02 6.000000e-01
      vertex   3.875000e+00 2.679492e-02 6.000000e-01
      vertex   2.750000e+00 6.814835e-03 6.482362e-01
    endloop
  endfacet
  facet normal 0.000000e+00 -9.238795e-01 -3.826834e-01
    outer loop
      vertex   2.750000e+00 2.679492e-02 6.000000e-01
      vertex   2.750000e+00 6.814835e-03 6.482362e-01
      vertex   1.625000e+00 6.814835e-03 6.482362e-01
    endloop
  endfacet
  facet normal 0.000000e+00 -9.914449e-01 -1.305262e-01
    outer loop
      vertex   1.625000e+00 6.814835e-03 6.482362e-01
      vertex   2.750000e+00 6.814835e-03 6.482362e-01
      vertex   7.000000e-01 0.000000e+00 7.000000e-01
    endloop
  endfacet
  facet normal 1.748612e-03 -9.950111e-01 -9.974865e-02
    outer loop
      vertex   1.625000e+00 6.814835e-03 6.482362e-01
      vertex   7.000000e-01 0.000000e+00 7.000000e-01
      vertex   6.609820e-01 3.842944e-03 6.609819e-01
    endloop
  endfacet
  facet normal -8.765572e-04 -9.571831e-01 -2.894818e-01
    outer loop
      vertex   6.609820e-01 3.842944e-03 6.609819e-01
      vertex   6.234633e-01 1.522409e-02 6.234633e-01
      vertex   1.625000e+00 6.814835e-03 6.482362e-01
    endloop
  endfacet
  facet normal 1.708400e-03 -9.238782e-01 -3.826829e-01
    outer loop
      vertex   1.625000e+00 6.814835e-03 6.482362e-01
      vertex   6.234633e-01 1.522409e-02 6.234633e-01
      vertex   1.625000e+00 2.679492e-02 6.000000e-01
    endloop
  endfacet
  facet normal 0.000000e+00 -9.238795e-01 -3.826834e-01
    outer loop
      vertex   1.625000e+00 6.814835e-03 6.482362e-01
      vertex   1.625000e+00 2.679492e-02 6.000000e-01
      vertex   2.750000e+00 2.679492e-02 6.000000e-01
    endloop
  endfacet
  facet normal -0.000000e+00 -7.933533e-01 -6.087614e-01
    outer loop
      vertex   2.750000e+00 2.679492e-02 6.000000e-01
      vertex   1.625000e+00 2.679492e-02 6.000000e-01
      vertex   2.750000e+00 5.857864e-02 5.585786e-01
    endloop
  endfacet
  facet normal -7.383463e-18 -7.933533e-01 -6.087614e-01
    outer loop
      vertex   2.750000e+00 2.679492e-02 6.000000e-01
      vertex   2.750000e+00 5.857864e-02 5.585786e-01
      vertex   3.875000e+00 5.857864e-02 5.585786e-01
    endloop
  endfacet
  facet normal -7.509566e-18 -6.087614e-01 -7.933533e-01
    outer loop
      vertex   3.875000e+00 5.857864e-02 5.585786e-01
      vertex   2.750000e+00 5.857864e-02 5.585786e-01
      vertex   3.875000e+00 1.000000e-01 5.267949e-01
    endloop
  endfacet
  facet normal 0.000000e+00 -6.087614e-01 -7.933533e-01
    outer loop
      vertex   3.875000e+00 5.857864e-02 5.585786e-01
      vertex   3.875000e+00 1.000000e-01 5.267949e-01
      vertex   5.000000e+00 1.000000e-01 5.267949e-01
    endloop
  endfacet
  facet normal -0.000000e+00 -3.826834e-01 -9.238795e-01
    outer loop
      vertex   5.000000e+00 1.000000e-01 5.267949e-01
      vertex   3.875000e+00 1.000000e-01 5.267949e-01
      vertex   5.000000e+00 1.482362e-01 5.068148e-01
    endloop
  endfacet
  facet normal 0.000000e+00 -3.826834e-01 -9.238795e-01
    outer loop
      vertex   5.000000e+00 1.000000e-01 5.267949e-01
      vertex   5.000000e+00 1.482362e-01 5.068148e-01
      vertex   6.125000e+00 1.482362e-01 5.068148e-01
    endloop
  endfacet
  facet normal -0.000000e+00 -1.305262e-01 -9.914449e-01
    outer loop
      vertex   6.125000e+00 1.482362e-01 5.068148e-01
      vertex   5.000000e+00 1.482362e-01 5.068148e-01
      vertex   9.500000e+00 2.000000e-01 5.000000e-01
    endloop
  endfacet
  facet normal -8.354231e-04 -8.822680e-01 -4.707467e-01
    outer loop
      vertex   6.234633e-01 1.522409e-02 6.234633e-01
      vertex   5.888860e-01 3.370608e-02 5.888860e-01
      vertex   1.625000e+00 2.679492e-02 6.000000e-01
    endloop
  endfacet
  facet normal 1.238099e-03 -7.933527e-01 -6.087610e-01
    outer loop
      vertex   1.625000e+00 2.679492e-02 6.000000e-01
      vertex   5.888860e-01 3.370608e-02 5.888860e-01
      vertex   1.625000e+00 5.857864e-02 5.585786e-01
    endloop
  endfacet
  facet normal -1.107519e-17 -7.933533e-01 -6.087614e-01
    outer loop
      vertex   1.625000e+00 2.679492e-02 6.000000e-01
      vertex   1.625000e+00 5.857864e-02 5.585786e-01
      vertex   2.750000e+00 5.857864e-02 5.585786e-01
    endloop
  endfacet
  facet normal -7.509566e-18 -6.087614e-01 -7.933533e-01
    outer loop
      vertex   2.750000e+00 5.857864e-02 5.585786e-01
      vertex   1.625000e+00 5.857864e-02 5.585786e-01
      vertex   2.750000e+00 1.000000e-01 5.267949e-01
    endloop
  endfacet
  facet normal 0.000000e+00 -6.087614e-01 -7.933533e-01
    outer loop
      vertex   2.750000e+00 5.857864e-02 5.585786e-01
      vertex   2.750000e+00 1.000000e-01 5.267949e-01
      vertex   3.875000e+00 1.000000e-01 5.267949e-01
    endloop
  endfacet
  facet normal -0.000000e+00 -3.826834e-01 -9.238795e-01
    outer loop
      vertex   3.875000e+00 1.000000e-01 5.267949e-01
      vertex   2.750000e+00 1.000000e-01 5.267949e-01
      vertex   3.875000e+00 1.482362e-01 5.068148e-01
    endloop
  endfacet
  facet normal 0.000000e+00 -3.826834e-01 -9.238795e-01
    outer loop
      vertex   3.875000e+00 1.000000e-01 5.267949e-01
      vertex   3.875000e+00 1.482362e-01 5.068148e-01
      vertex   5.000000e+00 1.482362e-01 5.068148e-01
    endloop
  endfacet
  facet normal -0.000000e+00 -1.790169e-01 -9.838460e-01
    outer loop
      vertex   5.000000e+00 1.482362e-01 5.068148e-01
      vertex   3.875000e+00 1.482362e-01 5.068148e-01
      vertex   5.009631e-01 1.803966e-01 5.009631e-01
    endloop
  endfacet
  facet normal 2.192874e-04 -1.492415e-01 -9.888008e-01
    outer loop
      vertex   5.000000e+00 1.482362e-01 5.068148e-01
      vertex   5.009631e-01 1.803966e-01 5.009631e-01
      vertex   9.500000e+00 2.000000e-01 5.000000e-01
    endloop
  endfacet
  facet normal -0.000000e+00 -4.906767e-02 -9.987955e-01
    outer loop
      vertex   9.500000e+00 2.000000e-01 5.000000e-01
      vertex   5.009631e-01 1.803966e-01 5.009631e-01
      vertex   5.000000e-01 2.000000e-01 5.000000e-01
    endloop
  endfacet
  facet normal 0.000000e+00 -7.730105e-01 -6.343933e-01
    outer loop
      vertex   5.888860e-01 3.370608e-02 5.888860e-01
      vertex   5.585787e-01 5.857864e-02 5.585786e-01
      vertex   1.625000e+00 5.857864e-02 5.585786e-01
    endloop
  endfacet
  facet normal -0.000000e+00 -6.343933e-01 -7.730105e-01
    outer loop
      vertex   1.625000e+00 5.857864e-02 5.585786e-01
      vertex   5.585787e-01 5.857864e-02 5.585786e-01
      vertex   5.337061e-01 8.888595e-02 5.337061e-01
    endloop
  endfacet
  facet normal 1.175496e-03 -6.087610e-01 -7.933528e-01
    outer loop
      vertex   1.625000e+00 5.857864e-02 5.585786e-01
      vertex   5.337061e-01 8.888595e-02 5.337061e-01
      vertex   1.625000e+00 1.000000e-01 5.267949e-01
    endloop
  endfacet
  facet normal -7.799642e-04 -4.717208e-01 -8.817476e-01
    outer loop
      vertex   1.625000e+00 1.000000e-01 5.267949e-01
      vertex   5.337061e-01 8.888595e-02 5.337061e-01
      vertex   5.152241e-01 1.234633e-01 5.152241e-01
    endloop
  endfacet
  facet normal 1.541776e-03 -3.826830e-01 -9.238784e-01
    outer loop
      vertex   1.625000e+00 1.000000e-01 5.267949e-01
      vertex   5.152241e-01 1.234633e-01 5.152241e-01
      vertex   1.625000e+00 1.482362e-01 5.068148e-01
    endloop
  endfacet
  facet normal -7.660622e-04 -2.904974e-01 -9.568755e-01
    outer loop
      vertex   1.625000e+00 1.482362e-01 5.068148e-01
      vertex   5.152241e-01 1.234633e-01 5.152241e-01
      vertex   5.038430e-01 1.609819e-01 5.038429e-01
    endloop
  endfacet
  facet normal 9.555877e-04 -1.465917e-01 -9.891966e-01
    outer loop
      vertex   1.625000e+00 1.482362e-01 5.068148e-01
      vertex   5.038430e-01 1.609819e-01 5.038429e-01
      vertex   5.009631e-01 1.803966e-01 5.009631e-01
    endloop
  endfacet
  facet normal 8.354231e-04 -8.822680e-01 -4.707467e-01
    outer loop
      vertex   9.411114e+00 3.370608e-02 5.888860e-01
      vertex   9.376537e+00 1.522409e-02 6.234633e-01
      vertex   8.375000e+00 2.679492e-02 6.000000e-01
    endloop
  endfacet
  facet normal -1.708400e-03 -9.238782e-01 -3.826829e-01
    outer loop
      vertex   8.375000e+00 2.679492e-02 6.000000e-01
      vertex   9.376537e+00 1.522409e-02 6.234633e-01
      vertex   8.375000e+00 6.814835e-03 6.482362e-01
    endloop
  endfacet
  facet normal 0.000000e+00 -9.238795e-01 -3.826834e-01
    outer loop
      vertex   8.375000e+00 2.679492e-02 6.000000e-01
      vertex   8.375000e+00 6.814835e-03 6.482362e-01
      vertex   7.250000e+00 6.814835e-03 6.482362e-01
    endloop
  endfacet
  facet normal 0.000000e+00 -9.738770e-01 -2.270763e-01
    outer loop
      vertex   7.250000e+00 6.814835e-03 6.482362e-01
      vertex   8.375000e+00 6.814835e-03 6.482362e-01
      vertex   9.339018e+00 3.842944e-03 6.609819e-01
    endloop
  endfacet
  facet normal 8.765572e-04 -9.571831e-01 -2.894818e-01
    outer loop
      vertex   9.376537e+00 1.522409e-02 6.234633e-01
      vertex   9.339018e+00 3.842944e-03 6.609819e-01
      vertex   8.375000e+00 6.814835e-03 6.482362e-01
    endloop
  endfacet
  facet normal 0.000000e+00 -9.914449e-01 -1.305262e-01
    outer loop
      vertex   2.750000e+00 6.814835e-03 6.482362e-01
      vertex   3.875000e+00 6.814835e-03 6.482362e-01
      vertex   7.000000e-01 0.000000e+00 7.000000e-01
    endloop
  endfacet
  facet normal 0.000000e+00 -9.914449e-01 -1.305262e-01
    outer loop
      vertex   7.000000e-01 0.000000e+00 7.000000e-01
      vertex   3.875000e+00 6.814835e-03 6.482362e-01
      vertex   5.000000e+00 6.814835e-03 6.482362e-01
    endloop
  endfacet
  facet normal 0.000000e+00 -9.914449e-01 -1.305262e-01
    outer loop
      vertex   7.000000e-01 0.000000e+00 7.000000e-01
      vertex   5.000000e+00 6.814835e-03 6.482362e-01
      vertex   6.125000e+00 6.814835e-03 6.482362e-01
    endloop
  endfacet
  facet normal -0.000000e+00 -9.238795e-01 -3.826834e-01
    outer loop
      vertex   6.125000e+00 6.814835e-03 6.482362e-01
      vertex   5.000000e+00 6.814835e-03 6.482362e-01
      vertex   6.125000e+00 2.679492e-02 6.000000e-01
    endloop
  endfacet
  facet normal 0.000000e+00 -9.238795e-01 -3.826834e-01
    outer loop
      vertex   6.125000e+00 6.814835e-03 6.482362e-01
      vertex   6.125000e+00 2.679492e-02 6.000000e-01
      vertex   7.250000e+00 2.679492e-02 6.000000e-01
    endloop
  endfacet
  facet normal -0.000000e+00 -7.933533e-01 -6.087614e-01
    outer loop
      vertex   7.250000e+00 2.679492e-02 6.000000e-01
      vertex   6.125000e+00 2.679492e-02 6.000000e-01
      vertex   7.250000e+00 5.857864e-02 5.585786e-01
    endloop
  endfacet
  facet normal 4.430078e-17 -7.933533e-01 -6.087614e-01
    outer loop
      vertex   7.250000e+00 2.679492e-02 6.000000e-01
      vertex   7.250000e+00 5.857864e-02 5.585786e-01
      vertex   8.375000e+00 5.857864e-02 5.585786e-01
    endloop
  endfacet
  facet normal 6.702891e-17 -6.087614e-01 -7.933533e-01
    outer loop
      vertex   8.375000e+00 5.857864e-02 5.585786e-01
      vertex   7.250000e+00 5.857864e-02 5.585786e-01
      vertex   8.375000e+00 1.000000e-01 5.267949e-01
    endloop
  endfacet
  facet normal 0.000000e+00 -9.238795e-01 -3.826834e-01
    outer loop
      vertex   2.750000e+00 6.814835e-03 6.482362e-01
      vertex   3.875000e+00 2.679492e-02 6.000000e-01
      vertex   3.875000e+00 6.814835e-03 6.482362e-01
    endloop
  endfacet
  facet normal 0.000000e+00 -9.238795e-01 -3.826834e-01
    outer loop
      vertex   3.875000e+00 6.814835e-03 6.482362e-01
      vertex   3.875000e+00 2.679492e-02 6.000000e-01
      vertex   5.000000e+00 2.679492e-02 6.000000e-01
    endloop
  endfacet
  facet normal 0.000000e+00 -9.238795e-01 -3.826834e-01
    outer loop
      vertex   3.875000e+00 6.814835e-03 6.482362e-01
      vertex   5.000000e+00 2.679492e-02 6.000000e-01
      vertex   5.000000e+00 6.814835e-03 6.482362e-01
    endloop
  endfacet
  facet normal 0.000000e+00 -9.238795e-01 -3.826834e-01
    outer loop
      vertex   5.000000e+00 6.814835e-03 6.482362e-01
      vertex   5.000000e+00 2.679492e-02 6.000000e-01
      vertex   6.125000e+00 2.679492e-02 6.000000e-01
    endloop
  endfacet
  facet normal 0.000000e+00 -7.933533e-01 -6.087614e-01
    outer loop
      vertex   3.875000e+00 2.679492e-02 6.000000e-01
      vertex   5.000000e+00 5.857864e-02 5.585786e-01
      vertex   5.000000e+00 2.679492e-02 6.000000e-01
    endloop
  endfacet
  facet normal -7.383463e-18 -7.933533e-01 -6.087614e-01
    outer loop
      vertex   5.000000e+00 2.679492e-02 6.000000e-01
      vertex   5.000000e+00 5.857864e-02 5.585786e-01
      vertex   6.125000e+00 5.857864e-02 5.585786e-01
    endloop
  endfacet
  facet normal 0.000000e+00 -7.933533e-01 -6.087614e-01
    outer loop
      vertex   5.000000e+00 2.679492e-02 6.000000e-01
      vertex   6.125000e+00 5.857864e-02 5.585786e-01
      vertex   6.125000e+00 2.679492e-02 6.000000e-01
    endloop
  endfacet
  facet normal -2.584212e-17 -7.933533e-01 -6.087614e-01
    outer loop
      vertex   6.125000e+00 2.679492e-02 6.000000e-01
      vertex   6.125000e+00 5.857864e-02 5.585786e-01
      vertex   7.250000e+00 5.857864e-02 5.585786e-01
    endloop
  endfacet
  facet normal -7.509566e-18 -6.087614e-01 -7.933533e-01
    outer loop
      vertex   5.000000e+00 5.857864e-02 5.585786e-01
      vertex   6.125000e+00 1.000000e-01 5.267949e-01
      vertex   6.125000e+00 5.857864e-02 5.585786e-01
    endloop
  endfacet
  facet normal 0.000000e+00 -6.087614e-01 -7.933533e-01
    outer loop
      vertex   6.125000e+00 5.857864e-02 5.585786e-01
      vertex   6.125000e+00 1.000000e-01 5.267949e-01
      vertex   7.250000e+00 1.000000e-01 5.267949e-01
    endloop
  endfacet
  facet normal -1.877392e-17 -6.087614e-01 -7.933533e-01
    outer loop
      vertex   6.125000e+00 5.857864e-02 5.585786e-01
      vertex   7.250000e+00 1.000000e-01 5.267949e-01
      vertex   7.250000e+00 5.857864e-02 5.585786e-01
    endloop
  endfacet
  facet normal 0.000000e+00 -6.087614e-01 -7.933533e-01
    outer loop
      vertex   7.250000e+00 5.857864e-02 5.585786e-01
      vertex   7.250000e+00 1.000000e-01 5.267949e-01
      vertex   8.375000e+00 1.000000e-01 5.267949e-01
    endloop
  endfacet
  facet normal 0.000000e+00 -6.087614e-01 -7.933533e-01
    outer loop
      vertex   1.625000e+00 5.857864e-02 5.585786e-01
      vertex   1.625000e+00 1.000000e-01 5.267949e-01
      vertex   2.750000e+00 1.000000e-01 5.267949e-01
    endloop
  endfacet
  facet normal -0.000000e+00 -3.826834e-01 -9.238795e-01
    outer loop
      vertex   2.750000e+00 1.000000e-01 5.267949e-01
      vertex   1.625000e+00 1.000000e-01 5.267949e-01
      vertex   2.750000e+00 1.482362e-01 5.068148e-01
    endloop
  endfacet
  facet normal 0.000000e+00 -3.826834e-01 -9.238795e-01
    outer loop
      vertex   2.750000e+00 1.000000e-01 5.267949e-01
      vertex   2.750000e+00 1.482362e-01 5.068148e-01
      vertex   3.875000e+00 1.482362e-01 5.068148e-01
    endloop
  endfacet
  facet normal -0.000000e+00 -1.790169e-01 -9.838460e-01
    outer loop
      vertex   3.875000e+00 1.482362e-01 5.068148e-01
      vertex   2.750000e+00 1.482362e-01 5.068148e-01
      vertex   5.009631e-01 1.803966e-01 5.009631e-01
    endloop
  endfacet
  facet normal 0.000000e+00 -3.826834e-01 -9.238795e-01
    outer loop
      vertex   8.375000e+00 1.482362e-01 5.068148e-01
      vertex   8.375000e+00 1.000000e-01 5.267949e-01
      vertex   7.250000e+00 1.000000e-01 5.267949e-01
    endloop
  endfacet
  facet normal -0.000000e+00 -3.826834e-01 -9.238795e-01
    outer loop
      vertex   8.375000e+00 1.482362e-01 5.068148e-01
      vertex   7.250000e+00 1.000000e-01 5.267949e-01
      vertex   7.250000e+00 1.482362e-01 5.068148e-01
    endloop
  endfacet
  facet normal 0.000000e+00 -3.826834e-01 -9.238795e-01
    outer loop
      vertex   7.250000e+00 1.482362e-01 5.068148e-01
      vertex   7.250000e+00 1.000000e-01 5.267949e-01
      vertex   6.125000e+00 1.000000e-01 5.267949e-01
    endloop
  endfacet
  facet normal 0.000000e+00 -1.790169e-01 -9.838460e-01
    outer loop
      vertex   5.009631e-01 1.803966e-01 5.009631e-01
      vertex   2.750000e+00 1.482362e-01 5.068148e-01
      vertex   1.625000e+00 1.482362e-01 5.068148e-01
    endloop
  endfacet
  facet normal 0.000000e+00 -3.826834e-01 -9.238795e-01
    outer loop
      vertex   1.625000e+00 1.482362e-01 5.068148e-01
      vertex   2.750000e+00 1.482362e-01 5.068148e-01
      vertex   1.625000e+00 1.000000e-01 5.267949e-01
    endloop
  endfacet
  facet normal -9.987955e-01 -4.906767e-02 2.976642e-08
    outer loop
      vertex   5.000001e-01 2.000000e-01 4.500000e+00
      vertex   5.000000e-01 2.000000e-01 5.000000e-01
      vertex   5.009632e-01 1.803966e-01 4.499037e+00
    endloop
  endfacet
  facet normal -9.888002e-01 -1.492445e-01 -4.934483e-04
    outer loop
      vertex   5.009632e-01 1.803966e-01 4.499037e+00
      vertex   5.000000e-01 2.000000e-01 5.000000e-01
      vertex   5.068149e-01 1.482362e-01 2.500000e+00
    endloop
  endfacet
  facet normal -9.838460e-01 -1.790169e-01 2.932090e-08
    outer loop
      vertex   5.009632e-01 1.803966e-01 4.499037e+00
      vertex   5.068149e-01 1.482362e-01 2.500000e+00
      vertex   5.068149e-01 1.482362e-01 3.500000e+00
    endloop
  endfacet
  facet normal -9.238795e-01 -3.826834e-01 2.753376e-08
    outer loop
      vertex   5.068149e-01 1.482362e-01 3.500000e+00
      vertex   5.068149e-01 1.482362e-01 2.500000e+00
      vertex   5.267950e-01 1.000000e-01 3.500000e+00
    endloop
  endfacet
  facet normal -9.238781e-01 -3.826829e-01 -1.737449e-03
    outer loop
      vertex   5.068149e-01 1.482362e-01 3.500000e+00
      vertex   5.267950e-01 1.000000e-01 3.500000e+00
      vertex   5.152242e-01 1.234633e-01 4.484776e+00
    endloop
  endfacet
  facet normal -8.817252e-01 -4.717625e-01 8.802480e-04
    outer loop
      vertex   5.152242e-01 1.234633e-01 4.484776e+00
      vertex   5.267950e-01 1.000000e-01 3.500000e+00
      vertex   5.337062e-01 8.888595e-02 4.466294e+00
    endloop
  endfacet
  facet normal -7.933526e-01 -6.087609e-01 -1.327534e-03
    outer loop
      vertex   5.337062e-01 8.888595e-02 4.466294e+00
      vertex   5.267950e-01 1.000000e-01 3.500000e+00
      vertex   5.585787e-01 5.857864e-02 3.500000e+00
    endloop
  endfacet
  facet normal -7.730105e-01 -6.343933e-01 2.303751e-08
    outer loop
      vertex   5.337062e-01 8.888595e-02 4.466294e+00
      vertex   5.585787e-01 5.857864e-02 3.500000e+00
      vertex   5.585788e-01 5.857864e-02 4.441421e+00
    endloop
  endfacet
  facet normal -6.343933e-01 -7.730105e-01 1.890639e-08
    outer loop
      vertex   5.585788e-01 5.857864e-02 4.441421e+00
      vertex   5.585787e-01 5.857864e-02 3.500000e+00
      vertex   5.888861e-01 3.370608e-02 4.411114e+00
    endloop
  endfacet
  facet normal -6.087608e-01 -7.933526e-01 -1.407941e-03
    outer loop
      vertex   5.888861e-01 3.370608e-02 4.411114e+00
      vertex   5.585787e-01 5.857864e-02 3.500000e+00
      vertex   6.000001e-01 2.679492e-02 3.500000e+00
    endloop
  endfacet
  facet normal -4.706563e-01 -8.823161e-01 9.515200e-04
    outer loop
      vertex   5.888861e-01 3.370608e-02 4.411114e+00
      vertex   6.000001e-01 2.679492e-02 3.500000e+00
      vertex   6.234634e-01 1.522409e-02 4.376537e+00
    endloop
  endfacet
  facet normal -3.826827e-01 -9.238778e-01 -1.952017e-03
    outer loop
      vertex   6.234634e-01 1.522409e-02 4.376537e+00
      vertex   6.000001e-01 2.679492e-02 3.500000e+00
      vertex   6.482363e-01 6.814835e-03 3.500000e+00
    endloop
  endfacet
  facet normal -2.893639e-01 -9.572186e-01 1.005242e-03
    outer loop
      vertex   6.234634e-01 1.522409e-02 4.376537e+00
      vertex   6.482363e-01 6.814835e-03 3.500000e+00
      vertex   6.609821e-01 3.842944e-03 4.339018e+00
    endloop
  endfacet
  facet normal -1.000027e-01 -9.949851e-01 -2.005173e-03
    outer loop
      vertex   6.609821e-01 3.842944e-03 4.339018e+00
      vertex   6.482363e-01 6.814835e-03 3.500000e+00
      vertex   7.000001e-01 0.000000e+00 4.300000e+00
    endloop
  endfacet
  facet normal -1.305262e-01 -9.914449e-01 3.889984e-09
    outer loop
      vertex   7.000001e-01 0.000000e+00 4.300000e+00
      vertex   6.482363e-01 6.814835e-03 3.500000e+00
      vertex   6.482363e-01 6.814835e-03 2.500000e+00
    endloop
  endfacet
  facet normal -1.305262e-01 -9.914449e-01 3.889984e-09
    outer loop
      vertex   7.000001e-01 0.000000e+00 4.300000e+00
      vertex   6.482363e-01 6.814835e-03 2.500000e+00
      vertex   6.482362e-01 6.814835e-03 1.500000e+00
    endloop
  endfacet
  facet normal -3.826834e-01 -9.238795e-01 1.140485e-08
    outer loop
      vertex   6.482362e-01 6.814835e-03 1.500000e+00
      vertex   6.482363e-01 6.814835e-03 2.500000e+00
      vertex   6.000000e-01 2.679492e-02 1.500000e+00
    endloop
  endfacet
  facet normal -3.826827e-01 -9.238778e-01 1.952040e-03
    outer loop
      vertex   6.482362e-01 6.814835e-03 1.500000e+00
      vertex   6.000000e-01 2.679492e-02 1.500000e+00
      vertex   6.234633e-01 1.522409e-02 6.234633e-01
    endloop
  endfacet
  facet normal -4.706563e-01 -8.823161e-01 -9.514920e-04
    outer loop
      vertex   6.234633e-01 1.522409e-02 6.234633e-01
      vertex   6.000000e-01 2.679492e-02 1.500000e+00
      vertex   5.888860e-01 3.370608e-02 5.888860e-01
    endloop
  endfacet
  facet normal -6.087608e-01 -7.933526e-01 1.407977e-03
    outer loop
      vertex   5.888860e-01 3.370608e-02 5.888860e-01
      vertex   6.000000e-01 2.679492e-02 1.500000e+00
      vertex   5.585787e-01 5.857864e-02 1.500000e+00
    endloop
  endfacet
  facet normal -6.343933e-01 -7.730105e-01 1.890639e-08
    outer loop
      vertex   5.888860e-01 3.370608e-02 5.888860e-01
      vertex   5.585787e-01 5.857864e-02 1.500000e+00
      vertex   5.585787e-01 5.857864e-02 5.585786e-01
    endloop
  endfacet
  facet normal -7.730105e-01 -6.343933e-01 2.303751e-08
    outer loop
      vertex   5.585787e-01 5.857864e-02 5.585786e-01
      vertex   5.585787e-01 5.857864e-02 1.500000e+00
      vertex   5.337061e-01 8.888595e-02 5.337061e-01
    endloop
  endfacet
  facet normal -7.933526e-01 -6.087609e-01 1.327582e-03
    outer loop
      vertex   5.337061e-01 8.888595e-02 5.337061e-01
      vertex   5.585787e-01 5.857864e-02 1.500000e+00
      vertex   5.267950e-01 1.000000e-01 1.500000e+00
    endloop
  endfacet
  facet normal -8.817252e-01 -4.717625e-01 -8.801954e-04
    outer loop
      vertex   5.337061e-01 8.888595e-02 5.337061e-01
      vertex   5.267950e-01 1.000000e-01 1.500000e+00
      vertex   5.152241e-01 1.234633e-01 5.152241e-01
    endloop
  endfacet
  facet normal -9.238781e-01 -3.826829e-01 1.737504e-03
    outer loop
      vertex   5.152241e-01 1.234633e-01 5.152241e-01
      vertex   5.267950e-01 1.000000e-01 1.500000e+00
      vertex   5.068149e-01 1.482362e-01 1.500000e+00
    endloop
  endfacet
  facet normal -9.568673e-01 -2.905242e-01 -8.625280e-04
    outer loop
      vertex   5.152241e-01 1.234633e-01 5.152241e-01
      vertex   5.068149e-01 1.482362e-01 1.500000e+00
      vertex   5.038430e-01 1.609819e-01 5.038429e-01
    endloop
  endfacet
  facet normal -9.891991e-01 -1.465743e-01 1.075757e-03
    outer loop
      vertex   5.038430e-01 1.609819e-01 5.038429e-01
      vertex   5.068149e-01 1.482362e-01 1.500000e+00
      vertex   5.009631e-01 1.803966e-01 5.009631e-01
    endloop
  endfacet
  facet normal -9.987966e-01 -4.885759e-02 4.277609e-03
    outer loop
      vertex   5.009631e-01 1.803966e-01 5.009631e-01
      vertex   5.068149e-01 1.482362e-01 1.500000e+00
      vertex   5.000000e-01 2.000000e-01 5.000000e-01
    endloop
  endfacet
  facet normal -9.914449e-01 -1.305262e-01 2.954736e-08
    outer loop
      vertex   5.000000e-01 2.000000e-01 5.000000e-01
      vertex   5.068149e-01 1.482362e-01 1.500000e+00
      vertex   5.068149e-01 1.482362e-01 2.500000e+00
    endloop
  endfacet
  facet normal -2.893639e-01 -9.572186e-01 -1.005224e-03
    outer loop
      vertex   6.234633e-01 1.522409e-02 6.234633e-01
      vertex   6.609820e-01 3.842944e-03 6.609819e-01
      vertex   6.482362e-01 6.814835e-03 1.500000e+00
    endloop
  endfacet
  facet normal -1.747135e-01 -9.846190e-01 8.335117e-04
    outer loop
      vertex   6.482362e-01 6.814835e-03 1.500000e+00
      vertex   6.609820e-01 3.842944e-03 6.609819e-01
      vertex   7.000001e-01 0.000000e+00 4.300000e+00
    endloop
  endfacet
  facet normal -9.801714e-02 -9.951847e-01 2.921138e-09
    outer loop
      vertex   6.609820e-01 3.842944e-03 6.609819e-01
      vertex   7.000000e-01 0.000000e+00 7.000000e-01
      vertex   7.000001e-01 0.000000e+00 4.300000e+00
    endloop
  endfacet
  facet normal -9.568673e-01 -2.905242e-01 8.625850e-04
    outer loop
      vertex   5.152242e-01 1.234633e-01 4.484776e+00
      vertex   5.038431e-01 1.609819e-01 4.496157e+00
      vertex   5.068149e-01 1.482362e-01 3.500000e+00
    endloop
  endfacet
  facet normal -9.891991e-01 -1.465743e-01 -1.075698e-03
    outer loop
      vertex   5.068149e-01 1.482362e-01 3.500000e+00
      vertex   5.038431e-01 1.609819e-01 4.496157e+00
      vertex   5.009632e-01 1.803966e-01 4.499037e+00
    endloop
  endfacet
  facet normal -9.238795e-01 -3.826834e-01 2.753376e-08
    outer loop
      vertex   5.068149e-01 1.482362e-01 2.500000e+00
      vertex   5.068149e-01 1.482362e-01 1.500000e+00
      vertex   5.267950e-01 1.000000e-01 2.500000e+00
    endloop
  endfacet
  facet normal -9.238795e-01 -3.826834e-01 2.753376e-08
    outer loop
      vertex   5.267950e-01 1.000000e-01 2.500000e+00
      vertex   5.068149e-01 1.482362e-01 1.500000e+00
      vertex   5.267950e-01 1.000000e-01 1.500000e+00
    endloop
  endfacet
  facet normal -7.933533e-01 -6.087614e-01 2.364377e-08
    outer loop
      vertex   5.267950e-01 1.000000e-01 2.500000e+00
      vertex   5.267950e-01 1.000000e-01 1.500000e+00
      vertex   5.585787e-01 5.857864e-02 2.500000e+00
    endloop
  endfacet
  facet normal -7.933533e-01 -6.087614e-01 2.364377e-08
    outer loop
      vertex   5.585787e-01 5.857864e-02 2.500000e+00
      vertex   5.267950e-01 1.000000e-01 1.500000e+00
      vertex   5.585787e-01 5.857864e-02 1.500000e+00
    endloop
  endfacet
  facet normal -6.087614e-01 -7.933533e-01 1.814250e-08
    outer loop
      vertex   5.585787e-01 5.857864e-02 2.500000e+00
      vertex   5.585787e-01 5.857864e-02 1.500000e+00
      vertex   6.000001e-01 2.679492e-02 2.500000e+00
    endloop
  endfacet
  facet normal -6.087614e-01 -7.933533e-01 1.814250e-08
    outer loop
      vertex   6.000001e-01 2.679492e-02 2.500000e+00
      vertex   5.585787e-01 5.857864e-02 1.500000e+00
      vertex   6.000000e-01 2.679492e-02 1.500000e+00
    endloop
  endfacet
  facet normal -3.826834e-01 -9.238795e-01 1.140485e-08
    outer loop
      vertex   6.000001e-01 2.679492e-02 2.500000e+00
      vertex   6.000000e-01 2.679492e-02 1.500000e+00
      vertex   6.482363e-01 6.814835e-03 2.500000e+00
    endloop
  endfacet
  facet normal -7.933533e-01 -6.087614e-01 2.364377e-08
    outer loop
      vertex   5.585787e-01 5.857864e-02 3.500000e+00
      vertex   5.267950e-01 1.000000e-01 3.500000e+00
      vertex   5.267950e-01 1.000000e-01 2.500000e+00
    endloop
  endfacet
  facet normal -9.238795e-01 -3.826834e-01 2.753376e-08
    outer loop
      vertex   5.267950e-01 1.000000e-01 2.500000e+00
      vertex   5.267950e-01 1.000000e-01 3.500000e+00
      vertex   5.068149e-01 1.482362e-01 2.500000e+00
    endloop
  endfacet
  facet normal -7.933533e-01 -6.087614e-01 2.364377e-08
    outer loop
      vertex   5.585787e-01 5.857864e-02 3.500000e+00
      vertex   5.267950e-01 1.000000e-01 2.500000e+00
      vertex   5.585787e-01 5.857864e-02 2.500000e+00
    endloop
  endfacet
  facet normal -6.087614e-01 -7.933533e-01 1.814250e-08
    outer loop
      vertex   6.000001e-01 2.679492e-02 3.500000e+00
      vertex   5.585787e-01 5.857864e-02 3.500000e+00
      vertex   5.585787e-01 5.857864e-02 2.500000e+00
    endloop
  endfacet
  facet normal -6.087614e-01 -7.933533e-01 1.814250e-08
    outer loop
      vertex   6.000001e-01 2.679492e-02 3.500000e+00
      vertex   5.585787e-01 5.857864e-02 2.500000e+00
      vertex   6.000001e-01 2.679492e-02 2.500000e+00
    endloop
  endfacet
  facet normal -3.826834e-01 -9.238795e-01 1.140485e-08
    outer loop
      vertex   6.482363e-01 6.814835e-03 3.500000e+00
      vertex   6.000001e-01 2.679492e-02 3.500000e+00
      vertex   6.000001e-01 2.679492e-02 2.500000e+00
    endloop
  endfacet
  facet normal -3.826834e-01 -9.238795e-01 1.140485e-08
    outer loop
      vertex   6.482363e-01 6.814835e-03 3.500000e+00
      vertex   6.000001e-01 2.679492e-02 2.500000e+00
      vertex   6.482363e-01 6.814835e-03 2.500000e+00
    endloop
  endfacet
  facet normal 0.000000e+00 -9.951847e-01 9.801714e-02
    outer loop
      vertex   7.000001e-01 0.000000e+00 4.300000e+00
      vertex   9.300000e+00 0.000000e+00 4.300000e+00
      vertex   6.609821e-01 3.842944e-03 4.339018e+00
    endloop
  endfacet
  facet normal 2.807458e-04 -9.872153e-01 1.593923e-01
    outer loop
      vertex   6.609821e-01 3.842944e-03 4.339018e+00
      vertex   9.300000e+00 0.000000e+00 4.300000e+00
      vertex   3.875000e+00 6.814835e-03 4.351764e+00
    endloop
  endfacet
  facet normal 0.000000e+00 -9.738770e-01 2.270763e-01
    outer loop
      vertex   6.609821e-01 3.842944e-03 4.339018e+00
      vertex   3.875000e+00 6.814835e-03 4.351764e+00
      vertex   2.750000e+00 6.814835e-03 4.351764e+00
    endloop
  endfacet
  facet normal 0.000000e+00 -9.238795e-01 3.826834e-01
    outer loop
      vertex   2.750000e+00 6.814835e-03 4.351764e+00
      vertex   3.875000e+00 6.814835e-03 4.351764e+00
      vertex   2.750000e+00 2.679492e-02 4.400000e+00
    endloop
  endfacet
  facet normal 0.000000e+00 -9.238795e-01 3.826834e-01
    outer loop
      vertex   2.750000e+00 6.814835e-03 4.351764e+00
      vertex   2.750000e+00 2.679492e-02 4.400000e+00
      vertex   1.625000e+00 2.679492e-02 4.400000e+00
    endloop
  endfacet
  facet normal 0.000000e+00 -7.933533e-01 6.087614e-01
    outer loop
      vertex   1.625000e+00 2.679492e-02 4.400000e+00
      vertex   2.750000e+00 2.679492e-02 4.400000e+00
      vertex   1.625000e+00 5.857864e-02 4.441421e+00
    endloop
  endfacet
  facet normal 1.238099e-03 -7.933527e-01 6.087610e-01
    outer loop
      vertex   1.625000e+00 2.679492e-02 4.400000e+00
      vertex   1.625000e+00 5.857864e-02 4.441421e+00
      vertex   5.888861e-01 3.370608e-02 4.411114e+00
    endloop
  endfacet
  facet normal -7.312545e-16 -7.730105e-01 6.343933e-01
    outer loop
      vertex   5.888861e-01 3.370608e-02 4.411114e+00
      vertex   1.625000e+00 5.857864e-02 4.441421e+00
      vertex   5.585788e-01 5.857864e-02 4.441421e+00
    endloop
  endfacet
  facet normal -8.089211e-16 -6.343933e-01 7.730105e-01
    outer loop
      vertex   5.585788e-01 5.857864e-02 4.441421e+00
      vertex   1.625000e+00 5.857864e-02 4.441421e+00
      vertex   5.337062e-01 8.888595e-02 4.466294e+00
    endloop
  endfacet
  facet normal 1.175496e-03 -6.087610e-01 7.933528e-01
    outer loop
      vertex   5.337062e-01 8.888595e-02 4.466294e+00
      vertex   1.625000e+00 5.857864e-02 4.441421e+00
      vertex   1.625000e+00 1.000000e-01 4.473205e+00
    endloop
  endfacet
  facet normal -7.799642e-04 -4.717208e-01 8.817476e-01
    outer loop
      vertex   5.337062e-01 8.888595e-02 4.466294e+00
      vertex   1.625000e+00 1.000000e-01 4.473205e+00
      vertex   5.152242e-01 1.234633e-01 4.484776e+00
    endloop
  endfacet
  facet normal 1.541776e-03 -3.826830e-01 9.238784e-01
    outer loop
      vertex   5.152242e-01 1.234633e-01 4.484776e+00
      vertex   1.625000e+00 1.000000e-01 4.473205e+00
      vertex   1.625000e+00 1.482362e-01 4.493185e+00
    endloop
  endfacet
  facet normal -7.660622e-04 -2.904974e-01 9.568755e-01
    outer loop
      vertex   5.152242e-01 1.234633e-01 4.484776e+00
      vertex   1.625000e+00 1.482362e-01 4.493185e+00
      vertex   5.038431e-01 1.609819e-01 4.496157e+00
    endloop
  endfacet
  facet normal 9.555877e-04 -1.465917e-01 9.891966e-01
    outer loop
      vertex   5.038431e-01 1.609819e-01 4.496157e+00
      vertex   1.625000e+00 1.482362e-01 4.493185e+00
      vertex   5.009632e-01 1.803966e-01 4.499037e+00
    endloop
  endfacet
  facet normal 3.801219e-03 -4.888103e-02 9.987974e-01
    outer loop
      vertex   5.009632e-01 1.803966e-01 4.499037e+00
      vertex   1.625000e+00 1.482362e-01 4.493185e+00
      vertex   5.000001e-01 2.000000e-01 4.500000e+00
    endloop
  endfacet
  facet normal 0.000000e+00 -1.305262e-01 9.914449e-01
    outer loop
      vertex   5.000001e-01 2.000000e-01 4.500000e+00
      vertex   1.625000e+00 1.482362e-01 4.493185e+00
      vertex   2.750000e+00 1.482362e-01 4.493185e+00
    endloop
  endfacet
  facet normal 0.000000e+00 -1.305262e-01 9.914449e-01
    outer loop
      vertex   5.000001e-01 2.000000e-01 4.500000e+00
      vertex   2.750000e+00 1.482362e-01 4.493185e+00
      vertex   3.875000e+00 1.482362e-01 4.493185e+00
    endloop
  endfacet
  facet normal 0.000000e+00 -3.826834e-01 9.238795e-01
    outer loop
      vertex   3.875000e+00 1.482362e-01 4.493185e+00
      vertex   2.750000e+00 1.482362e-01 4.493185e+00
      vertex   3.875000e+00 1.000000e-01 4.473205e+00
    endloop
  endfacet
  facet normal 0.000000e+00 -3.826834e-01 9.238795e-01
    outer loop
      vertex   3.875000e+00 1.482362e-01 4.493185e+00
      vertex   3.875000e+00 1.000000e-01 4.473205e+00
      vertex   5.000000e+00 1.000000e-01 4.473205e+00
    endloop
  endfacet
  facet normal 0.000000e+00 -6.087614e-01 7.933533e-01
    outer loop
      vertex   5.000000e+00 1.000000e-01 4.473205e+00
      vertex   3.875000e+00 1.000000e-01 4.473205e+00
      vertex   5.000000e+00 5.857864e-02 4.441421e+00
    endloop
  endfacet
  facet normal 1.476693e-17 -6.087614e-01 7.933533e-01
    outer loop
      vertex   5.000000e+00 1.000000e-01 4.473205e+00
      vertex   5.000000e+00 5.857864e-02 4.441421e+00
      vertex   6.125000e+00 5.857864e-02 4.441421e+00
    endloop
  endfacet
  facet normal 1.957331e-17 -7.933533e-01 6.087614e-01
    outer loop
      vertex   6.125000e+00 5.857864e-02 4.441421e+00
      vertex   5.000000e+00 5.857864e-02 4.441421e+00
      vertex   6.125000e+00 2.679492e-02 4.400000e+00
    endloop
  endfacet
  facet normal 0.000000e+00 -7.933533e-01 6.087614e-01
    outer loop
      vertex   6.125000e+00 5.857864e-02 4.441421e+00
      vertex   6.125000e+00 2.679492e-02 4.400000e+00
      vertex   7.250000e+00 2.679492e-02 4.400000e+00
    endloop
  endfacet
  facet normal 0.000000e+00 -9.238795e-01 3.826834e-01
    outer loop
      vertex   7.250000e+00 2.679492e-02 4.400000e+00
      vertex   6.125000e+00 2.679492e-02 4.400000e+00
      vertex   7.250000e+00 6.814835e-03 4.351764e+00
    endloop
  endfacet
  facet normal 0.000000e+00 -9.238795e-01 3.826834e-01
    outer loop
      vertex   7.250000e+00 2.679492e-02 4.400000e+00
      vertex   7.250000e+00 6.814835e-03 4.351764e+00
      vertex   8.375000e+00 6.814835e-03 4.351764e+00
    endloop
  endfacet
  facet normal 0.000000e+00 -9.914449e-01 1.305262e-01
    outer loop
      vertex   8.375000e+00 6.814835e-03 4.351764e+00
      vertex   7.250000e+00 6.814835e-03 4.351764e+00
      vertex   9.300000e+00 0.000000e+00 4.300000e+00
    endloop
  endfacet
  facet normal -1.748612e-03 -9.950111e-01 9.974865e-02
    outer loop
      vertex   8.375000e+00 6.814835e-03 4.351764e+00
      vertex   9.300000e+00 0.000000e+00 4.300000e+00
      vertex   9.339018e+00 3.842944e-03 4.339018e+00
    endloop
  endfacet
  facet normal 8.765572e-04 -9.571831e-01 2.894818e-01
    outer loop
      vertex   9.339018e+00 3.842944e-03 4.339018e+00
      vertex   9.376537e+00 1.522409e-02 4.376537e+00
      vertex   8.375000e+00 6.814835e-03 4.351764e+00
    endloop
  endfacet
  facet normal -1.708400e-03 -9.238782e-01 3.826829e-01
    outer loop
      vertex   8.375000e+00 6.814835e-03 4.351764e+00
      vertex   9.376537e+00 1.522409e-02 4.376537e+00
      vertex   8.375000e+00 2.679492e-02 4.400000e+00
    endloop
  endfacet
  facet normal 0.000000e+00 -9.238795e-01 3.826834e-01
    outer loop
      vertex   8.375000e+00 6.814835e-03 4.351764e+00
      vertex   8.375000e+00 2.679492e-02 4.400000e+00
      vertex   7.250000e+00 2.679492e-02 4.400000e+00
    endloop
  endfacet
  facet normal 0.000000e+00 -7.933533e-01 6.087614e-01
    outer loop
      vertex   7.250000e+00 2.679492e-02 4.400000e+00
      vertex   8.375000e+00 2.679492e-02 4.400000e+00
      vertex   7.250000e+00 5.857864e-02 4.441421e+00
    endloop
  endfacet
  facet normal 2.953385e-17 -7.933533e-01 6.087614e-01
    outer loop
      vertex   7.250000e+00 2.679492e-02 4.400000e+00
      vertex   7.250000e+00 5.857864e-02 4.441421e+00
      vertex   6.125000e+00 5.857864e-02 4.441421e+00
    endloop
  endfacet
  facet normal 2.252870e-17 -6.087614e-01 7.933533e-01
    outer loop
      vertex   6.125000e+00 5.857864e-02 4.441421e+00
      vertex   7.250000e+00 5.857864e-02 4.441421e+00
      vertex   6.125000e+00 1.000000e-01 4.473205e+00
    endloop
  endfacet
  facet normal 0.000000e+00 -6.087614e-01 7.933533e-01
    outer loop
      vertex   6.125000e+00 5.857864e-02 4.441421e+00
      vertex   6.125000e+00 1.000000e-01 4.473205e+00
      vertex   5.000000e+00 1.000000e-01 4.473205e+00
    endloop
  endfacet
  facet normal 0.000000e+00 -3.826834e-01 9.238795e-01
    outer loop
      vertex   5.000000e+00 1.000000e-01 4.473205e+00
      vertex   6.125000e+00 1.000000e-01 4.473205e+00
      vertex   5.000000e+00 1.482362e-01 4.493185e+00
    endloop
  endfacet
  facet normal 0.000000e+00 -3.826834e-01 9.238795e-01
    outer loop
      vertex   5.000000e+00 1.000000e-01 4.473205e+00
      vertex   5.000000e+00 1.482362e-01 4.493185e+00
      vertex   3.875000e+00 1.482362e-01 4.493185e+00
    endloop
  endfacet
  facet normal 0.000000e+00 -1.305262e-01 9.914449e-01
    outer loop
      vertex   3.875000e+00 1.482362e-01 4.493185e+00
      vertex   5.000000e+00 1.482362e-01 4.493185e+00
      vertex   5.000001e-01 2.000000e-01 4.500000e+00
    endloop
  endfacet
  facet normal 8.354231e-04 -8.822680e-01 4.707467e-01
    outer loop
      vertex   9.376537e+00 1.522409e-02 4.376537e+00
      vertex   9.411114e+00 3.370608e-02 4.411114e+00
      vertex   8.375000e+00 2.679492e-02 4.400000e+00
    endloop
  endfacet
  facet normal -1.238099e-03 -7.933527e-01 6.087610e-01
    outer loop
      vertex   8.375000e+00 2.679492e-02 4.400000e+00
      vertex   9.411114e+00 3.370608e-02 4.411114e+00
      vertex   8.375000e+00 5.857864e-02 4.441421e+00
    endloop
  endfacet
  facet normal 7.383463e-18 -7.933533e-01 6.087614e-01
    outer loop
      vertex   8.375000e+00 2.679492e-02 4.400000e+00
      vertex   8.375000e+00 5.857864e-02 4.441421e+00
      vertex   7.250000e+00 5.857864e-02 4.441421e+00
    endloop
  endfacet
  facet normal 7.509566e-18 -6.087614e-01 7.933533e-01
    outer loop
      vertex   7.250000e+00 5.857864e-02 4.441421e+00
      vertex   8.375000e+00 5.857864e-02 4.441421e+00
      vertex   7.250000e+00 1.000000e-01 4.473205e+00
    endloop
  endfacet
  facet normal 0.000000e+00 -6.087614e-01 7.933533e-01
    outer loop
      vertex   7.250000e+00 5.857864e-02 4.441421e+00
      vertex   7.250000e+00 1.000000e-01 4.473205e+00
      vertex   6.125000e+00 1.000000e-01 4.473205e+00
    endloop
  endfacet
  facet normal 0.000000e+00 -3.826834e-01 9.238795e-01
    outer loop
      vertex   6.125000e+00 1.000000e-01 4.473205e+00
      vertex   7.250000e+00 1.000000e-01 4.473205e+00
      vertex   6.125000e+00 1.482362e-01 4.493185e+00
    endloop
  endfacet
  facet normal 0.000000e+00 -3.826834e-01 9.238795e-01
    outer loop
      vertex   6.125000e+00 1.000000e-01 4.473205e+00
      vertex   6.125000e+00 1.482362e-01 4.493185e+00
      vertex   5.000000e+00 1.482362e-01 4.493185e+00
    endloop
  endfacet
  facet normal 0.000000e+00 -1.790169e-01 9.838460e-01
    outer loop
      vertex   5.000000e+00 1.482362e-01 4.493185e+00
      vertex   6.125000e+00 1.482362e-01 4.493185e+00
      vertex   9.499037e+00 1.803966e-01 4.499037e+00
    endloop
  endfacet
  facet normal -2.192874e-04 -1.492415e-01 9.888008e-01
    outer loop
      vertex   5.000000e+00 1.482362e-01 4.493185e+00
      vertex   9.499037e+00 1.803966e-01 4.499037e+00
      vertex   5.000001e-01 2.000000e-01 4.500000e+00
    endloop
  endfacet
  facet normal 0.000000e+00 -4.906767e-02 9.987955e-01
    outer loop
      vertex   5.000001e-01 2.000000e-01 4.500000e+00
      vertex   9.499037e+00 1.803966e-01 4.499037e+00
      vertex   9.500000e+00 2.000000e-01 4.500000e+00
    endloop
  endfacet
  facet normal 0.000000e+00 -7.730105e-01 6.343933e-01
    outer loop
      vertex   9.411114e+00 3.370608e-02 4.411114e+00
      vertex   9.441422e+00 5.857864e-02 4.441421e+00
      vertex   8.375000e+00 5.857864e-02 4.441421e+00
    endloop
  endfacet
  facet normal 0.000000e+00 -6.343933e-01 7.730105e-01
    outer loop
      vertex   8.375000e+00 5.857864e-02 4.441421e+00
      vertex   9.441422e+00 5.857864e-02 4.441421e+00
      vertex   9.466294e+00 8.888595e-02 4.466294e+00
    endloop
  endfacet
  facet normal -1.175496e-03 -6.087610e-01 7.933528e-01
    outer loop
      vertex   8.375000e+00 5.857864e-02 4.441421e+00
      vertex   9.466294e+00 8.888595e-02 4.466294e+00
      vertex   8.375000e+00 1.000000e-01 4.473205e+00
    endloop
  endfacet
  facet normal 7.799642e-04 -4.717208e-01 8.817476e-01
    outer loop
      vertex   8.375000e+00 1.000000e-01 4.473205e+00
      vertex   9.466294e+00 8.888595e-02 4.466294e+00
      vertex   9.484776e+00 1.234633e-01 4.484776e+00
    endloop
  endfacet
  facet normal -1.541776e-03 -3.826830e-01 9.238784e-01
    outer loop
      vertex   8.375000e+00 1.000000e-01 4.473205e+00
      vertex   9.484776e+00 1.234633e-01 4.484776e+00
      vertex   8.375000e+00 1.482362e-01 4.493185e+00
    endloop
  endfacet
  facet normal 7.660622e-04 -2.904974e-01 9.568755e-01
    outer loop
      vertex   8.375000e+00 1.482362e-01 4.493185e+00
      vertex   9.484776e+00 1.234633e-01 4.484776e+00
      vertex   9.496157e+00 1.609819e-01 4.496157e+00
    endloop
  endfacet
  facet normal -9.555877e-04 -1.465917e-01 9.891966e-01
    outer loop
      vertex   8.375000e+00 1.482362e-01 4.493185e+00
      vertex   9.496157e+00 1.609819e-01 4.496157e+00
      vertex   9.499037e+00 1.803966e-01 4.499037e+00
    endloop
  endfacet
  facet normal -8.354231e-04 -8.822680e-01 4.707467e-01
    outer loop
      vertex   5.888861e-01 3.370608e-02 4.411114e+00
      vertex   6.234634e-01 1.522409e-02 4.376537e+00
      vertex   1.625000e+00 2.679492e-02 4.400000e+00
    endloop
  endfacet
  facet normal 1.708400e-03 -9.238782e-01 3.826829e-01
    outer loop
      vertex   1.625000e+00 2.679492e-02 4.400000e+00
      vertex   6.234634e-01 1.522409e-02 4.376537e+00
      vertex   1.625000e+00 6.814835e-03 4.351764e+00
    endloop
  endfacet
  facet normal 0.000000e+00 -9.238795e-01 3.826834e-01
    outer loop
      vertex   1.625000e+00 2.679492e-02 4.400000e+00
      vertex   1.625000e+00 6.814835e-03 4.351764e+00
      vertex   2.750000e+00 6.814835e-03 4.351764e+00
    endloop
  endfacet
  facet normal 0.000000e+00 -9.738770e-01 2.270763e-01
    outer loop
      vertex   2.750000e+00 6.814835e-03 4.351764e+00
      vertex   1.625000e+00 6.814835e-03 4.351764e+00
      vertex   6.609821e-01 3.842944e-03 4.339018e+00
    endloop
  endfacet
  facet normal -8.765572e-04 -9.571831e-01 2.894818e-01
    outer loop
      vertex   6.234634e-01 1.522409e-02 4.376537e+00
      vertex   6.609821e-01 3.842944e-03 4.339018e+00
      vertex   1.625000e+00 6.814835e-03 4.351764e+00
    endloop
  endfacet
  facet normal 0.000000e+00 -9.914449e-01 1.305262e-01
    outer loop
      vertex   7.250000e+00 6.814835e-03 4.351764e+00
      vertex   6.125000e+00 6.814835e-03 4.351764e+00
      vertex   9.300000e+00 0.000000e+00 4.300000e+00
    endloop
  endfacet
  facet normal 0.000000e+00 -9.914449e-01 1.305262e-01
    outer loop
      vertex   9.300000e+00 0.000000e+00 4.300000e+00
      vertex   6.125000e+00 6.814835e-03 4.351764e+00
      vertex   5.000000e+00 6.814835e-03 4.351764e+00
    endloop
  endfacet
  facet normal 0.000000e+00 -9.914449e-01 1.305262e-01
    outer loop
      vertex   9.300000e+00 0.000000e+00 4.300000e+00
      vertex   5.000000e+00 6.814835e-03 4.351764e+00
      vertex   3.875000e+00 6.814835e-03 4.351764e+00
    endloop
  endfacet
  facet normal 0.000000e+00 -9.238795e-01 3.826834e-01
    outer loop
      vertex   3.875000e+00 6.814835e-03 4.351764e+00
      vertex   5.000000e+00 6.814835e-03 4.351764e+00
      vertex   3.875000e+00 2.679492e-02 4.400000e+00
    endloop
  endfacet
  facet normal 0.000000e+00 -9.238795e-01 3.826834e-01
    outer loop
      vertex   3.875000e+00 6.814835e-03 4.351764e+00
      vertex   3.875000e+00 2.679492e-02 4.400000e+00
      vertex   2.750000e+00 2.679492e-02 4.400000e+00
    endloop
  endfacet
  facet normal 0.000000e+00 -7.933533e-01 6.087614e-01
    outer loop
      vertex   2.750000e+00 2.679492e-02 4.400000e+00
      vertex   3.875000e+00 2.679492e-02 4.400000e+00
      vertex   2.750000e+00 5.857864e-02 4.441421e+00
    endloop
  endfacet
  facet normal 2.584212e-17 -7.933533e-01 6.087614e-01
    outer loop
      vertex   2.750000e+00 2.679492e-02 4.400000e+00
      vertex   2.750000e+00 5.857864e-02 4.441421e+00
      vertex   1.625000e+00 5.857864e-02 4.441421e+00
    endloop
  endfacet
  facet normal 1.877392e-17 -6.087614e-01 7.933533e-01
    outer loop
      vertex   1.625000e+00 5.857864e-02 4.441421e+00
      vertex   2.750000e+00 5.857864e-02 4.441421e+00
      vertex   1.625000e+00 1.000000e-01 4.473205e+00
    endloop
  endfacet
  facet normal 0.000000e+00 -9.238795e-01 3.826834e-01
    outer loop
      vertex   7.250000e+00 6.814835e-03 4.351764e+00
      vertex   6.125000e+00 2.679492e-02 4.400000e+00
      vertex   6.125000e+00 6.814835e-03 4.351764e+00
    endloop
  endfacet
  facet normal 0.000000e+00 -9.238795e-01 3.826834e-01
    outer loop
      vertex   6.125000e+00 6.814835e-03 4.351764e+00
      vertex   6.125000e+00 2.679492e-02 4.400000e+00
      vertex   5.000000e+00 2.679492e-02 4.400000e+00
    endloop
  endfacet
  facet normal 0.000000e+00 -9.238795e-01 3.826834e-01
    outer loop
      vertex   6.125000e+00 6.814835e-03 4.351764e+00
      vertex   5.000000e+00 2.679492e-02 4.400000e+00
      vertex   5.000000e+00 6.814835e-03 4.351764e+00
    endloop
  endfacet
  facet normal 0.000000e+00 -9.238795e-01 3.826834e-01
    outer loop
      vertex   5.000000e+00 6.814835e-03 4.351764e+00
      vertex   5.000000e+00 2.679492e-02 4.400000e+00
      vertex   3.875000e+00 2.679492e-02 4.400000e+00
    endloop
  endfacet
  facet normal 0.000000e+00 -7.933533e-01 6.087614e-01
    outer loop
      vertex   6.125000e+00 2.679492e-02 4.400000e+00
      vertex   5.000000e+00 5.857864e-02 4.441421e+00
      vertex   5.000000e+00 2.679492e-02 4.400000e+00
    endloop
  endfacet
  facet normal 2.953385e-17 -7.933533e-01 6.087614e-01
    outer loop
      vertex   5.000000e+00 2.679492e-02 4.400000e+00
      vertex   5.000000e+00 5.857864e-02 4.441421e+00
      vertex   3.875000e+00 5.857864e-02 4.441421e+00
    endloop
  endfacet
  facet normal 0.000000e+00 -7.933533e-01 6.087614e-01
    outer loop
      vertex   5.000000e+00 2.679492e-02 4.400000e+00
      vertex   3.875000e+00 5.857864e-02 4.441421e+00
      vertex   3.875000e+00 2.679492e-02 4.400000e+00
    endloop
  endfacet
  facet normal 1.107519e-17 -7.933533e-01 6.087614e-01
    outer loop
      vertex   3.875000e+00 2.679492e-02 4.400000e+00
      vertex   3.875000e+00 5.857864e-02 4.441421e+00
      vertex   2.750000e+00 5.857864e-02 4.441421e+00
    endloop
  endfacet
  facet normal 2.252870e-17 -6.087614e-01 7.933533e-01
    outer loop
      vertex   5.000000e+00 5.857864e-02 4.441421e+00
      vertex   3.875000e+00 1.000000e-01 4.473205e+00
      vertex   3.875000e+00 5.857864e-02 4.441421e+00
    endloop
  endfacet
  facet normal 0.000000e+00 -6.087614e-01 7.933533e-01
    outer loop
      vertex   3.875000e+00 5.857864e-02 4.441421e+00
      vertex   3.875000e+00 1.000000e-01 4.473205e+00
      vertex   2.750000e+00 1.000000e-01 4.473205e+00
    endloop
  endfacet
  facet normal 7.509566e-18 -6.087614e-01 7.933533e-01
    outer loop
      vertex   3.875000e+00 5.857864e-02 4.441421e+00
      vertex   2.750000e+00 1.000000e-01 4.473205e+00
      vertex   2.750000e+00 5.857864e-02 4.441421e+00
    endloop
  endfacet
  facet normal 0.000000e+00 -6.087614e-01 7.933533e-01
    outer loop
      vertex   2.750000e+00 5.857864e-02 4.441421e+00
      vertex   2.750000e+00 1.000000e-01 4.473205e+00
      vertex   1.625000e+00 1.000000e-01 4.473205e+00
    endloop
  endfacet
  facet normal 0.000000e+00 -6.087614e-01 7.933533e-01
    outer loop
      vertex   8.375000e+00 5.857864e-02 4.441421e+00
      vertex   8.375000e+00 1.000000e-01 4.473205e+00
      vertex   7.250000e+00 1.000000e-01 4.473205e+00
    endloop
  endfacet
  facet normal 0.000000e+00 -3.826834e-01 9.238795e-01
    outer loop
      vertex   7.250000e+00 1.000000e-01 4.473205e+00
      vertex   8.375000e+00 1.000000e-01 4.473205e+00
      vertex   7.250000e+00 1.482362e-01 4.493185e+00
    endloop
  endfacet
  facet normal 0.000000e+00 -3.826834e-01 9.238795e-01
    outer loop
      vertex   7.250000e+00 1.000000e-01 4.473205e+00
      vertex   7.250000e+00 1.482362e-01 4.493185e+00
      vertex   6.125000e+00 1.482362e-01 4.493185e+00
    endloop
  endfacet
  facet normal 0.000000e+00 -1.790169e-01 9.838460e-01
    outer loop
      vertex   6.125000e+00 1.482362e-01 4.493185e+00
      vertex   7.250000e+00 1.482362e-01 4.493185e+00
      vertex   9.499037e+00 1.803966e-01 4.499037e+00
    endloop
  endfacet
  facet normal 0.000000e+00 -3.826834e-01 9.238795e-01
    outer loop
      vertex   1.625000e+00 1.482362e-01 4.493185e+00
      vertex   1.625000e+00 1.000000e-01 4.473205e+00
      vertex   2.750000e+00 1.000000e-01 4.473205e+00
    endloop
  endfacet
  facet normal 0.000000e+00 -3.826834e-01 9.238795e-01
    outer loop
      vertex   1.625000e+00 1.482362e-01 4.493185e+00
      vertex   2.750000e+00 1.000000e-01 4.473205e+00
      vertex   2.750000e+00 1.482362e-01 4.493185e+00
    endloop
  endfacet
  facet normal 0.000000e+00 -3.826834e-01 9.238795e-01
    outer loop
      vertex   2.750000e+00 1.482362e-01 4.493185e+00
      vertex   2.750000e+00 1.000000e-01 4.473205e+00
      vertex   3.875000e+00 1.000000e-01 4.473205e+00
    endloop
  endfacet
  facet normal 0.000000e+00 -1.790169e-01 9.838460e-01
    outer loop
      vertex   9.499037e+00 1.803966e-01 4.499037e+00
      vertex   7.250000e+00 1.482362e-01 4.493185e+00
      vertex   8.375000e+00 1.482362e-01 4.493185e+00
    endloop
  endfacet
  facet normal 0.000000e+00 -3.826834e-01 9.238795e-01
    outer loop
      vertex   8.375000e+00 1.482362e-01 4.493185e+00
      vertex   7.250000e+00 1.482362e-01 4.493185e+00
      vertex   8.375000e+00 1.000000e-01 4.473205e+00
    endloop
  endfacet
  facet normal 0.000000e+00 0.000000e+00 1.000000e+00
    outer loop
      vertex   5.000001e-01 2.000000e-01 4.500000e+00
      vertex   9.500000e+00 2.000000e-01 4.500000e+00
      vertex   5.000001e-01 1.500000e+00 4.500000e+00
    endloop
  endfacet
  facet normal -0.000000e+00 0.000000e+00 1.000000e+00
    outer loop
      vertex   5.000001e-01 1.500000e+00 4.500000e+00
      vertex   9.500000e+00 2.000000e-01 4.500000e+00
      vertex   9.500000e+00 1.500000e+00 4.500000e+00
    endloop
  endfacet
  facet normal 1.000000e+00 -0.000000e+00 0.000000e+00
    outer loop
      vertex   9.500000e+00 2.000000e-01 4.500000e+00
      vertex   9.500000e+00 2.000000e-01 5.000000e-01
      vertex   9.500000e+00 1.500000e+00 4.500000e+00
    endloop
  endfacet
  facet normal 1.000000e+00 0.000000e+00 0.000000e+00
    outer loop
      vertex   9.500000e+00 1.500000e+00 4.500000e+00
      vertex   9.500000e+00 2.000000e-01 5.000000e-01
      vertex   9.500000e+00 1.500000e+00 5.000000e-01
    endloop
  endfacet
  facet normal -0.000000e+00 -1.000000e+00 -0.000000e+00
    outer loop
      vertex   9.300000e+00 0.000000e+00 4.300000e+00
      vertex   7.000001e-01 0.000000e+00 4.300000e+00
      vertex   9.300000e+00 0.000000e+00 7.000000e-01
    endloop
  endfacet
  facet normal -0.000000e+00 -1.000000e+00 0.000000e+00
    outer loop
      vertex   9.300000e+00 0.000000e+00 7.000000e-01
      vertex   7.000001e-01 0.000000e+00 4.300000e+00
      vertex   7.000000e-01 0.000000e+00 7.000000e-01
    endloop
  endfacet
  facet normal 9.987955e-01 -4.906767e-02 -1.971352e-16
    outer loop
      vertex   -6.500000e+00 2.000000e-01 5.500000e+00
      vertex   -6.500000e+00 2.000000e-01 1.000000e+01
      vertex   -6.500963e+00 1.803966e-01 5.500963e+00
    endloop
  endfacet
  facet normal 9.888003e-01 -1.492439e-01 4.386325e-04
    outer loop
      vertex   -6.500963e+00 1.803966e-01 5.500963e+00
      vertex   -6.500000e+00 2.000000e-01 1.000000e+01
      vertex   -6.506815e+00 1.482362e-01 7.750000e+00
    endloop
  endfacet
  facet normal 9.838460e-01 -1.790169e-01 8.844738e-18
    outer loop
      vertex   -6.500963e+00 1.803966e-01 5.500963e+00
      vertex   -6.506815e+00 1.482362e-01 7.750000e+00
      vertex   -6.506815e+00 1.482362e-01 6.625000e+00
    endloop
  endfacet
  facet normal 9.238795e-01 -3.826834e-01 1.888284e-17
    outer loop
      vertex   -6.506815e+00 1.482362e-01 6.625000e+00
      vertex   -6.506815e+00 1.482362e-01 7.750000e+00
      vertex   -6.526795e+00 1.000000e-01 6.625000e+00
    endloop
  endfacet
  facet normal 9.238784e-01 -3.826830e-01 1.541776e-03
    outer loop
      vertex   -6.506815e+00 1.482362e-01 6.625000e+00
      vertex   -6.526795e+00 1.000000e-01 6.625000e+00
      vertex   -6.515224e+00 1.234633e-01 5.515224e+00
    endloop
  endfacet
  facet normal 8.817476e-01 -4.717208e-01 -7.799642e-04
    outer loop
      vertex   -6.515224e+00 1.234633e-01 5.515224e+00
      vertex   -6.526795e+00 1.000000e-01 6.625000e+00
      vertex   -6.533706e+00 8.888595e-02 5.533706e+00
    endloop
  endfacet
  facet normal 7.933528e-01 -6.087610e-01 1.175496e-03
    outer loop
      vertex   -6.533706e+00 8.888595e-02 5.533706e+00
      vertex   -6.526795e+00 1.000000e-01 6.625000e+00
      vertex   -6.558579e+00 5.857864e-02 6.625000e+00
    endloop
  endfacet
  facet normal 7.730105e-01 -6.343933e-01 1.841102e-16
    outer loop
      vertex   -6.533706e+00 8.888595e-02 5.533706e+00
      vertex   -6.558579e+00 5.857864e-02 6.625000e+00
      vertex   -6.558579e+00 5.857864e-02 5.558579e+00
    endloop
  endfacet
  facet normal 6.343933e-01 -7.730105e-01 2.263390e-16
    outer loop
      vertex   -6.558579e+00 5.857864e-02 5.558579e+00
      vertex   -6.558579e+00 5.857864e-02 6.625000e+00
      vertex   -6.588886e+00 3.370608e-02 5.588886e+00
    endloop
  endfacet
  facet normal 6.087610e-01 -7.933527e-01 1.238099e-03
    outer loop
      vertex   -6.588886e+00 3.370608e-02 5.588886e+00
      vertex   -6.558579e+00 5.857864e-02 6.625000e+00
      vertex   -6.600000e+00 2.679492e-02 6.625000e+00
    endloop
  endfacet
  facet normal 4.707467e-01 -8.822680e-01 -8.354232e-04
    outer loop
      vertex   -6.588886e+00 3.370608e-02 5.588886e+00
      vertex   -6.600000e+00 2.679492e-02 6.625000e+00
      vertex   -6.623463e+00 1.522409e-02 5.623463e+00
    endloop
  endfacet
  facet normal 3.826829e-01 -9.238782e-01 1.708400e-03
    outer loop
      vertex   -6.623463e+00 1.522409e-02 5.623463e+00
      vertex   -6.600000e+00 2.679492e-02 6.625000e+00
      vertex   -6.648236e+00 6.814835e-03 6.625000e+00
    endloop
  endfacet
  facet normal 2.894818e-01 -9.571831e-01 -8.765572e-04
    outer loop
      vertex   -6.623463e+00 1.522409e-02 5.623463e+00
      vertex   -6.648236e+00 6.814835e-03 6.625000e+00
      vertex   -6.660982e+00 3.842944e-03 5.660982e+00
    endloop
  endfacet
  facet normal 9.974865e-02 -9.950111e-01 1.748612e-03
    outer loop
      vertex   -6.660982e+00 3.842944e-03 5.660982e+00
      vertex   -6.648236e+00 6.814835e-03 6.625000e+00
      vertex   -6.700000e+00 0.000000e+00 5.700000e+00
    endloop
  endfacet
  facet normal 1.305262e-01 -9.914449e-01 0.000000e+00
    outer loop
      vertex   -6.700000e+00 0.000000e+00 5.700000e+00
      vertex   -6.648236e+00 6.814835e-03 6.625000e+00
      vertex   -6.648236e+00 6.814835e-03 7.750000e+00
    endloop
  endfacet
  facet normal 1.305262e-01 -9.914449e-01 0.000000e+00
    outer loop
      vertex   -6.700000e+00 0.000000e+00 5.700000e+00
      vertex   -6.648236e+00 6.814835e-03 7.750000e+00
      vertex   -6.700000e+00 0.000000e+00 1.000000e+01
    endloop
  endfacet
  facet normal 1.305262e-01 -9.914449e-01 0.000000e+00
    outer loop
      vertex   -6.700000e+00 0.000000e+00 1.000000e+01
      vertex   -6.648236e+00 6.814835e-03 7.750000e+00
      vertex   -6.648236e+00 6.814835e-03 8.875000e+00
    endloop
  endfacet
  facet normal 1.305262e-01 -9.914449e-01 0.000000e+00
    outer loop
      vertex   -6.700000e+00 0.000000e+00 1.000000e+01
      vertex   -6.648236e+00 6.814835e-03 8.875000e+00
      vertex   -6.648236e+00 6.814835e-03 1.000000e+01
    endloop
  endfacet
  facet normal 3.826834e-01 -9.238795e-01 0.000000e+00
    outer loop
      vertex   -6.648236e+00 6.814835e-03 1.000000e+01
      vertex   -6.648236e+00 6.814835e-03 8.875000e+00
      vertex   -6.600000e+00 2.679492e-02 1.000000e+01
    endloop
  endfacet
  facet normal 3.826834e-01 -9.238795e-01 -2.849201e-17
    outer loop
      vertex   -6.600000e+00 2.679492e-02 1.000000e+01
      vertex   -6.648236e+00 6.814835e-03 8.875000e+00
      vertex   -6.600000e+00 2.679492e-02 8.875000e+00
    endloop
  endfacet
  facet normal 6.087614e-01 -7.933533e-01 -2.446664e-17
    outer loop
      vertex   -6.600000e+00 2.679492e-02 1.000000e+01
      vertex   -6.600000e+00 2.679492e-02 8.875000e+00
      vertex   -6.558579e+00 5.857864e-02 1.000000e+01
    endloop
  endfacet
  facet normal 6.087614e-01 -7.933533e-01 -2.006265e-16
    outer loop
      vertex   -6.558579e+00 5.857864e-02 1.000000e+01
      vertex   -6.600000e+00 2.679492e-02 8.875000e+00
      vertex   -6.558579e+00 5.857864e-02 8.875000e+00
    endloop
  endfacet
  facet normal 7.933533e-01 -6.087614e-01 -1.539461e-16
    outer loop
      vertex   -6.558579e+00 5.857864e-02 1.000000e+01
      vertex   -6.558579e+00 5.857864e-02 8.875000e+00
      vertex   -6.526795e+00 1.000000e-01 1.000000e+01
    endloop
  endfacet
  facet normal 7.933533e-01 -6.087614e-01 -7.690278e-16
    outer loop
      vertex   -6.526795e+00 1.000000e-01 1.000000e+01
      vertex   -6.558579e+00 5.857864e-02 8.875000e+00
      vertex   -6.526795e+00 1.000000e-01 8.875000e+00
    endloop
  endfacet
  facet normal 9.238795e-01 -3.826834e-01 -8.190889e-16
    outer loop
      vertex   -6.526795e+00 1.000000e-01 1.000000e+01
      vertex   -6.526795e+00 1.000000e-01 8.875000e+00
      vertex   -6.506815e+00 1.482362e-01 1.000000e+01
    endloop
  endfacet
  facet normal 9.238795e-01 -3.826834e-01 -3.776569e-17
    outer loop
      vertex   -6.506815e+00 1.482362e-01 1.000000e+01
      vertex   -6.526795e+00 1.000000e-01 8.875000e+00
      vertex   -6.506815e+00 1.482362e-01 8.875000e+00
    endloop
  endfacet
  facet normal 9.914449e-01 -1.305262e-01 -1.288117e-17
    outer loop
      vertex   -6.506815e+00 1.482362e-01 1.000000e+01
      vertex   -6.506815e+00 1.482362e-01 8.875000e+00
      vertex   -6.500000e+00 2.000000e-01 1.000000e+01
    endloop
  endfacet
  facet normal 9.914449e-01 -1.305262e-01 2.768799e-18
    outer loop
      vertex   -6.500000e+00 2.000000e-01 1.000000e+01
      vertex   -6.506815e+00 1.482362e-01 8.875000e+00
      vertex   -6.506815e+00 1.482362e-01 7.750000e+00
    endloop
  endfacet
  facet normal 9.568755e-01 -2.904974e-01 -7.660622e-04
    outer loop
      vertex   -6.515224e+00 1.234633e-01 5.515224e+00
      vertex   -6.503843e+00 1.609819e-01 5.503843e+00
      vertex   -6.506815e+00 1.482362e-01 6.625000e+00
    endloop
  endfacet
  facet normal 9.891966e-01 -1.465917e-01 9.555877e-04
    outer loop
      vertex   -6.506815e+00 1.482362e-01 6.625000e+00
      vertex   -6.503843e+00 1.609819e-01 5.503843e+00
      vertex   -6.500963e+00 1.803966e-01 5.500963e+00
    endloop
  endfacet
  facet normal 9.238795e-01 -3.826834e-01 9.441421e-18
    outer loop
      vertex   -6.506815e+00 1.482362e-01 7.750000e+00
      vertex   -6.506815e+00 1.482362e-01 8.875000e+00
      vertex   -6.526795e+00 1.000000e-01 7.750000e+00
    endloop
  endfacet
  facet normal 9.238795e-01 -3.826834e-01 2.832426e-17
    outer loop
      vertex   -6.526795e+00 1.000000e-01 7.750000e+00
      vertex   -6.506815e+00 1.482362e-01 8.875000e+00
      vertex   -6.526795e+00 1.000000e-01 8.875000e+00
    endloop
  endfacet
  facet normal 7.933533e-01 -6.087614e-01 4.505740e-17
    outer loop
      vertex   -6.526795e+00 1.000000e-01 7.750000e+00
      vertex   -6.526795e+00 1.000000e-01 8.875000e+00
      vertex   -6.558579e+00 5.857864e-02 7.750000e+00
    endloop
  endfacet
  facet normal 7.933533e-01 -6.087614e-01 0.000000e+00
    outer loop
      vertex   -6.558579e+00 5.857864e-02 7.750000e+00
      vertex   -6.526795e+00 1.000000e-01 8.875000e+00
      vertex   -6.558579e+00 5.857864e-02 8.875000e+00
    endloop
  endfacet
  facet normal 6.087614e-01 -7.933533e-01 0.000000e+00
    outer loop
      vertex   -6.558579e+00 5.857864e-02 7.750000e+00
      vertex   -6.558579e+00 5.857864e-02 8.875000e+00
      vertex   -6.600000e+00 2.679492e-02 7.750000e+00
    endloop
  endfacet
  facet normal 6.087614e-01 -7.933533e-01 2.446664e-17
    outer loop
      vertex   -6.600000e+00 2.679492e-02 7.750000e+00
      vertex   -6.558579e+00 5.857864e-02 8.875000e+00
      vertex   -6.600000e+00 2.679492e-02 8.875000e+00
    endloop
  endfacet
  facet normal 3.826834e-01 -9.238795e-01 2.849201e-17
    outer loop
      vertex   -6.600000e+00 2.679492e-02 7.750000e+00
      vertex   -6.600000e+00 2.679492e-02 8.875000e+00
      vertex   -6.648236e+00 6.814835e-03 7.750000e+00
    endloop
  endfacet
  facet normal 3.826834e-01 -9.238795e-01 0.000000e+00
    outer loop
      vertex   -6.648236e+00 6.814835e-03 7.750000e+00
      vertex   -6.600000e+00 2.679492e-02 8.875000e+00
      vertex   -6.648236e+00 6.814835e-03 8.875000e+00
    endloop
  endfacet
  facet normal 7.933533e-01 -6.087614e-01 4.430078e-17
    outer loop
      vertex   -6.558579e+00 5.857864e-02 6.625000e+00
      vertex   -6.526795e+00 1.000000e-01 6.625000e+00
      vertex   -6.526795e+00 1.000000e-01 7.750000e+00
    endloop
  endfacet
  facet normal 9.238795e-01 -3.826834e-01 2.832426e-17
    outer loop
      vertex   -6.526795e+00 1.000000e-01 7.750000e+00
      vertex   -6.526795e+00 1.000000e-01 6.625000e+00
      vertex   -6.506815e+00 1.482362e-01 7.750000e+00
    endloop
  endfacet
  facet normal 7.933533e-01 -6.087614e-01 0.000000e+00
    outer loop
      vertex   -6.558579e+00 5.857864e-02 6.625000e+00
      vertex   -6.526795e+00 1.000000e-01 7.750000e+00
      vertex   -6.558579e+00 5.857864e-02 7.750000e+00
    endloop
  endfacet
  facet normal 6.087614e-01 -7.933533e-01 0.000000e+00
    outer loop
      vertex   -6.600000e+00 2.679492e-02 6.625000e+00
      vertex   -6.558579e+00 5.857864e-02 6.625000e+00
      vertex   -6.558579e+00 5.857864e-02 7.750000e+00
    endloop
  endfacet
  facet normal 6.087614e-01 -7.933533e-01 0.000000e+00
    outer loop
      vertex   -6.600000e+00 2.679492e-02 6.625000e+00
      vertex   -6.558579e+00 5.857864e-02 7.750000e+00
      vertex   -6.600000e+00 2.679492e-02 7.750000e+00
    endloop
  endfacet
  facet normal 3.826834e-01 -9.238795e-01 0.000000e+00
    outer loop
      vertex   -6.648236e+00 6.814835e-03 6.625000e+00
      vertex   -6.600000e+00 2.679492e-02 6.625000e+00
      vertex   -6.600000e+00 2.679492e-02 7.750000e+00
    endloop
  endfacet
  facet normal 3.826834e-01 -9.238795e-01 0.000000e+00
    outer loop
      vertex   -6.648236e+00 6.814835e-03 6.625000e+00
      vertex   -6.600000e+00 2.679492e-02 7.750000e+00
      vertex   -6.648236e+00 6.814835e-03 7.750000e+00
    endloop
  endfacet
  facet normal -9.801714e-02 -9.951847e-01 0.000000e+00
    outer loop
      vertex   -1.430000e+01 0.000000e+00 5.700000e+00
      vertex   -1.430000e+01 0.000000e+00 1.000000e+01
      vertex   -1.433902e+01 3.842944e-03 5.660982e+00
    endloop
  endfacet
  facet normal -1.758648e-01 -9.844141e-01 7.095747e-04
    outer loop
      vertex   -1.433902e+01 3.842944e-03 5.660982e+00
      vertex   -1.430000e+01 0.000000e+00 1.000000e+01
      vertex   -1.435176e+01 6.814835e-03 6.625000e+00
    endloop
  endfacet
  facet normal -2.894818e-01 -9.571831e-01 -8.765572e-04
    outer loop
      vertex   -1.433902e+01 3.842944e-03 5.660982e+00
      vertex   -1.435176e+01 6.814835e-03 6.625000e+00
      vertex   -1.437654e+01 1.522409e-02 5.623463e+00
    endloop
  endfacet
  facet normal -3.826829e-01 -9.238782e-01 1.708400e-03
    outer loop
      vertex   -1.437654e+01 1.522409e-02 5.623463e+00
      vertex   -1.435176e+01 6.814835e-03 6.625000e+00
      vertex   -1.440000e+01 2.679492e-02 6.625000e+00
    endloop
  endfacet
  facet normal -4.707467e-01 -8.822680e-01 -8.354232e-04
    outer loop
      vertex   -1.437654e+01 1.522409e-02 5.623463e+00
      vertex   -1.440000e+01 2.679492e-02 6.625000e+00
      vertex   -1.441111e+01 3.370608e-02 5.588886e+00
    endloop
  endfacet
  facet normal -6.087610e-01 -7.933527e-01 1.238099e-03
    outer loop
      vertex   -1.441111e+01 3.370608e-02 5.588886e+00
      vertex   -1.440000e+01 2.679492e-02 6.625000e+00
      vertex   -1.444142e+01 5.857864e-02 6.625000e+00
    endloop
  endfacet
  facet normal -6.343933e-01 -7.730105e-01 2.126343e-16
    outer loop
      vertex   -1.441111e+01 3.370608e-02 5.588886e+00
      vertex   -1.444142e+01 5.857864e-02 6.625000e+00
      vertex   -1.444142e+01 5.857864e-02 5.558579e+00
    endloop
  endfacet
  facet normal -7.730105e-01 -6.343933e-01 1.733681e-16
    outer loop
      vertex   -1.444142e+01 5.857864e-02 5.558579e+00
      vertex   -1.444142e+01 5.857864e-02 6.625000e+00
      vertex   -1.446629e+01 8.888595e-02 5.533706e+00
    endloop
  endfacet
  facet normal -7.933528e-01 -6.087610e-01 1.175496e-03
    outer loop
      vertex   -1.446629e+01 8.888595e-02 5.533706e+00
      vertex   -1.444142e+01 5.857864e-02 6.625000e+00
      vertex   -1.447321e+01 1.000000e-01 6.625000e+00
    endloop
  endfacet
  facet normal -8.817476e-01 -4.717208e-01 -7.799642e-04
    outer loop
      vertex   -1.446629e+01 8.888595e-02 5.533706e+00
      vertex   -1.447321e+01 1.000000e-01 6.625000e+00
      vertex   -1.448478e+01 1.234633e-01 5.515224e+00
    endloop
  endfacet
  facet normal -9.238784e-01 -3.826830e-01 1.541776e-03
    outer loop
      vertex   -1.448478e+01 1.234633e-01 5.515224e+00
      vertex   -1.447321e+01 1.000000e-01 6.625000e+00
      vertex   -1.449319e+01 1.482362e-01 6.625000e+00
    endloop
  endfacet
  facet normal -9.568755e-01 -2.904974e-01 -7.660622e-04
    outer loop
      vertex   -1.448478e+01 1.234633e-01 5.515224e+00
      vertex   -1.449319e+01 1.482362e-01 6.625000e+00
      vertex   -1.449616e+01 1.609819e-01 5.503843e+00
    endloop
  endfacet
  facet normal -9.891966e-01 -1.465917e-01 9.555877e-04
    outer loop
      vertex   -1.449616e+01 1.609819e-01 5.503843e+00
      vertex   -1.449319e+01 1.482362e-01 6.625000e+00
      vertex   -1.449904e+01 1.803966e-01 5.500963e+00
    endloop
  endfacet
  facet normal -9.987974e-01 -4.888103e-02 3.801219e-03
    outer loop
      vertex   -1.449904e+01 1.803966e-01 5.500963e+00
      vertex   -1.449319e+01 1.482362e-01 6.625000e+00
      vertex   -1.450000e+01 2.000000e-01 5.500000e+00
    endloop
  endfacet
  facet normal -9.914449e-01 -1.305262e-01 0.000000e+00
    outer loop
      vertex   -1.450000e+01 2.000000e-01 5.500000e+00
      vertex   -1.449319e+01 1.482362e-01 6.625000e+00
      vertex   -1.449319e+01 1.482362e-01 7.750000e+00
    endloop
  endfacet
  facet normal -9.914449e-01 -1.305262e-01 -3.913689e-16
    outer loop
      vertex   -1.450000e+01 2.000000e-01 5.500000e+00
      vertex   -1.449319e+01 1.482362e-01 7.750000e+00
      vertex   -1.450000e+01 2.000000e-01 1.000000e+01
    endloop
  endfacet
  facet normal -9.914449e-01 -1.305262e-01 2.768799e-18
    outer loop
      vertex   -1.450000e+01 2.000000e-01 1.000000e+01
      vertex   -1.449319e+01 1.482362e-01 7.750000e+00
      vertex   -1.449319e+01 1.482362e-01 8.875000e+00
    endloop
  endfacet
  facet normal -9.914449e-01 -1.305262e-01 -1.568986e-17
    outer loop
      vertex   -1.450000e+01 2.000000e-01 1.000000e+01
      vertex   -1.449319e+01 1.482362e-01 8.875000e+00
      vertex   -1.449319e+01 1.482362e-01 1.000000e+01
    endloop
  endfacet
  facet normal -9.238795e-01 -3.826834e-01 -4.720711e-17
    outer loop
      vertex   -1.449319e+01 1.482362e-01 1.000000e+01
      vertex   -1.449319e+01 1.482362e-01 8.875000e+00
      vertex   -1.447321e+01 1.000000e-01 1.000000e+01
    endloop
  endfacet
  facet normal -9.238795e-01 -3.826834e-01 1.605133e-15
    outer loop
      vertex   -1.447321e+01 1.000000e-01 1.000000e+01
      vertex   -1.449319e+01 1.482362e-01 8.875000e+00
      vertex   -1.447321e+01 1.000000e-01 8.875000e+00
    endloop
  endfacet
  facet normal -7.933533e-01 -6.087614e-01 1.485489e-15
    outer loop
      vertex   -1.447321e+01 1.000000e-01 1.000000e+01
      vertex   -1.447321e+01 1.000000e-01 8.875000e+00
      vertex   -1.444142e+01 5.857864e-02 1.000000e+01
    endloop
  endfacet
  facet normal -7.933533e-01 -6.087614e-01 -1.539461e-16
    outer loop
      vertex   -1.444142e+01 5.857864e-02 1.000000e+01
      vertex   -1.447321e+01 1.000000e-01 8.875000e+00
      vertex   -1.444142e+01 5.857864e-02 8.875000e+00
    endloop
  endfacet
  facet normal -6.087614e-01 -7.933533e-01 -2.006265e-16
    outer loop
      vertex   -1.444142e+01 5.857864e-02 1.000000e+01
      vertex   -1.444142e+01 5.857864e-02 8.875000e+00
      vertex   -1.440000e+01 2.679492e-02 1.000000e+01
    endloop
  endfacet
  facet normal -6.087614e-01 -7.933533e-01 -4.648662e-17
    outer loop
      vertex   -1.440000e+01 2.679492e-02 1.000000e+01
      vertex   -1.444142e+01 5.857864e-02 8.875000e+00
      vertex   -1.440000e+01 2.679492e-02 8.875000e+00
    endloop
  endfacet
  facet normal -3.826834e-01 -9.238795e-01 -5.413482e-17
    outer loop
      vertex   -1.440000e+01 2.679492e-02 1.000000e+01
      vertex   -1.440000e+01 2.679492e-02 8.875000e+00
      vertex   -1.435176e+01 6.814835e-03 1.000000e+01
    endloop
  endfacet
  facet normal -3.826834e-01 -9.238795e-01 -7.123002e-18
    outer loop
      vertex   -1.435176e+01 6.814835e-03 1.000000e+01
      vertex   -1.440000e+01 2.679492e-02 8.875000e+00
      vertex   -1.435176e+01 6.814835e-03 8.875000e+00
    endloop
  endfacet
  facet normal -1.305262e-01 -9.914449e-01 -7.643923e-18
    outer loop
      vertex   -1.435176e+01 6.814835e-03 1.000000e+01
      vertex   -1.435176e+01 6.814835e-03 8.875000e+00
      vertex   -1.430000e+01 0.000000e+00 1.000000e+01
    endloop
  endfacet
  facet normal -1.305262e-01 -9.914449e-01 0.000000e+00
    outer loop
      vertex   -1.430000e+01 0.000000e+00 1.000000e+01
      vertex   -1.435176e+01 6.814835e-03 8.875000e+00
      vertex   -1.435176e+01 6.814835e-03 7.750000e+00
    endloop
  endfacet
  facet normal -1.305262e-01 -9.914449e-01 0.000000e+00
    outer loop
      vertex   -1.430000e+01 0.000000e+00 1.000000e+01
      vertex   -1.435176e+01 6.814835e-03 7.750000e+00
      vertex   -1.435176e+01 6.814835e-03 6.625000e+00
    endloop
  endfacet
  facet normal -3.826834e-01 -9.238795e-01 0.000000e+00
    outer loop
      vertex   -1.435176e+01 6.814835e-03 6.625000e+00
      vertex   -1.435176e+01 6.814835e-03 7.750000e+00
      vertex   -1.440000e+01 2.679492e-02 6.625000e+00
    endloop
  endfacet
  facet normal -3.826834e-01 -9.238795e-01 0.000000e+00
    outer loop
      vertex   -1.435176e+01 6.814835e-03 7.750000e+00
      vertex   -1.435176e+01 6.814835e-03 8.875000e+00
      vertex   -1.440000e+01 2.679492e-02 7.750000e+00
    endloop
  endfacet
  facet normal -3.826834e-01 -9.238795e-01 2.849201e-17
    outer loop
      vertex   -1.440000e+01 2.679492e-02 7.750000e+00
      vertex   -1.435176e+01 6.814835e-03 8.875000e+00
      vertex   -1.440000e+01 2.679492e-02 8.875000e+00
    endloop
  endfacet
  facet normal -6.087614e-01 -7.933533e-01 2.446664e-17
    outer loop
      vertex   -1.440000e+01 2.679492e-02 7.750000e+00
      vertex   -1.440000e+01 2.679492e-02 8.875000e+00
      vertex   -1.444142e+01 5.857864e-02 7.750000e+00
    endloop
  endfacet
  facet normal -6.087614e-01 -7.933533e-01 0.000000e+00
    outer loop
      vertex   -1.444142e+01 5.857864e-02 7.750000e+00
      vertex   -1.440000e+01 2.679492e-02 8.875000e+00
      vertex   -1.444142e+01 5.857864e-02 8.875000e+00
    endloop
  endfacet
  facet normal -7.933533e-01 -6.087614e-01 0.000000e+00
    outer loop
      vertex   -1.444142e+01 5.857864e-02 7.750000e+00
      vertex   -1.444142e+01 5.857864e-02 8.875000e+00
      vertex   -1.447321e+01 1.000000e-01 7.750000e+00
    endloop
  endfacet
  facet normal -7.933533e-01 -6.087614e-01 -8.260523e-17
    outer loop
      vertex   -1.447321e+01 1.000000e-01 7.750000e+00
      vertex   -1.444142e+01 5.857864e-02 8.875000e+00
      vertex   -1.447321e+01 1.000000e-01 8.875000e+00
    endloop
  endfacet
  facet normal -9.238795e-01 -3.826834e-01 -5.192782e-17
    outer loop
      vertex   -1.447321e+01 1.000000e-01 7.750000e+00
      vertex   -1.447321e+01 1.000000e-01 8.875000e+00
      vertex   -1.449319e+01 1.482362e-01 7.750000e+00
    endloop
  endfacet
  facet normal -9.238795e-01 -3.826834e-01 9.441421e-18
    outer loop
      vertex   -1.449319e+01 1.482362e-01 7.750000e+00
      vertex   -1.447321e+01 1.000000e-01 8.875000e+00
      vertex   -1.449319e+01 1.482362e-01 8.875000e+00
    endloop
  endfacet
  facet normal -6.087614e-01 -7.933533e-01 0.000000e+00
    outer loop
      vertex   -1.444142e+01 5.857864e-02 6.625000e+00
      vertex   -1.440000e+01 2.679492e-02 6.625000e+00
      vertex   -1.440000e+01 2.679492e-02 7.750000e+00
    endloop
  endfacet
  facet normal -3.826834e-01 -9.238795e-01 -0.000000e+00
    outer loop
      vertex   -1.440000e+01 2.679492e-02 7.750000e+00
      vertex   -1.440000e+01 2.679492e-02 6.625000e+00
      vertex   -1.435176e+01 6.814835e-03 7.750000e+00
    endloop
  endfacet
  facet normal -6.087614e-01 -7.933533e-01 0.000000e+00
    outer loop
      vertex   -1.444142e+01 5.857864e-02 6.625000e+00
      vertex   -1.440000e+01 2.679492e-02 7.750000e+00
      vertex   -1.444142e+01 5.857864e-02 7.750000e+00
    endloop
  endfacet
  facet normal -7.933533e-01 -6.087614e-01 0.000000e+00
    outer loop
      vertex   -1.447321e+01 1.000000e-01 6.625000e+00
      vertex   -1.444142e+01 5.857864e-02 6.625000e+00
      vertex   -1.444142e+01 5.857864e-02 7.750000e+00
    endloop
  endfacet
  facet normal -7.933533e-01 -6.087614e-01 -9.762436e-17
    outer loop
      vertex   -1.447321e+01 1.000000e-01 6.625000e+00
      vertex   -1.444142e+01 5.857864e-02 7.750000e+00
      vertex   -1.447321e+01 1.000000e-01 7.750000e+00
    endloop
  endfacet
  facet normal -9.238795e-01 -3.826834e-01 -6.275943e-17
    outer loop
      vertex   -1.449319e+01 1.482362e-01 6.625000e+00
      vertex   -1.447321e+01 1.000000e-01 6.625000e+00
      vertex   -1.447321e+01 1.000000e-01 7.750000e+00
    endloop
  endfacet
  facet normal -9.238795e-01 -3.826834e-01 0.000000e+00
    outer loop
      vertex   -1.449319e+01 1.482362e-01 6.625000e+00
      vertex   -1.447321e+01 1.000000e-01 7.750000e+00
      vertex   -1.449319e+01 1.482362e-01 7.750000e+00
    endloop
  endfacet
  facet normal -0.000000e+00 -9.951847e-01 -9.801714e-02
    outer loop
      vertex   -6.700000e+00 0.000000e+00 5.700000e+00
      vertex   -1.430000e+01 0.000000e+00 5.700000e+00
      vertex   -6.660982e+00 3.842944e-03 5.660982e+00
    endloop
  endfacet
  facet normal -3.176720e-04 -9.872098e-01 -1.594260e-01
    outer loop
      vertex   -6.660982e+00 3.842944e-03 5.660982e+00
      vertex   -1.430000e+01 0.000000e+00 5.700000e+00
      vertex   -9.500000e+00 6.814835e-03 5.648236e+00
    endloop
  endfacet
  facet normal 0.000000e+00 -9.738770e-01 -2.270763e-01
    outer loop
      vertex   -6.660982e+00 3.842944e-03 5.660982e+00
      vertex   -9.500000e+00 6.814835e-03 5.648236e+00
      vertex   -8.500000e+00 6.814835e-03 5.648236e+00
    endloop
  endfacet
  facet normal -0.000000e+00 -9.238795e-01 -3.826834e-01
    outer loop
      vertex   -8.500000e+00 6.814835e-03 5.648236e+00
      vertex   -9.500000e+00 6.814835e-03 5.648236e+00
      vertex   -8.500000e+00 2.679492e-02 5.600000e+00
    endloop
  endfacet
  facet normal 0.000000e+00 -9.238795e-01 -3.826834e-01
    outer loop
      vertex   -8.500000e+00 6.814835e-03 5.648236e+00
      vertex   -8.500000e+00 2.679492e-02 5.600000e+00
      vertex   -7.500000e+00 2.679492e-02 5.600000e+00
    endloop
  endfacet
  facet normal -0.000000e+00 -7.933533e-01 -6.087614e-01
    outer loop
      vertex   -7.500000e+00 2.679492e-02 5.600000e+00
      vertex   -8.500000e+00 2.679492e-02 5.600000e+00
      vertex   -7.500000e+00 5.857864e-02 5.558579e+00
    endloop
  endfacet
  facet normal -1.407959e-03 -7.933526e-01 -6.087608e-01
    outer loop
      vertex   -7.500000e+00 2.679492e-02 5.600000e+00
      vertex   -7.500000e+00 5.857864e-02 5.558579e+00
      vertex   -6.588886e+00 3.370608e-02 5.588886e+00
    endloop
  endfacet
  facet normal -1.968063e-16 -7.730105e-01 -6.343933e-01
    outer loop
      vertex   -6.588886e+00 3.370608e-02 5.588886e+00
      vertex   -7.500000e+00 5.857864e-02 5.558579e+00
      vertex   -6.558579e+00 5.857864e-02 5.558579e+00
    endloop
  endfacet
  facet normal -1.636563e-16 -6.343933e-01 -7.730105e-01
    outer loop
      vertex   -6.558579e+00 5.857864e-02 5.558579e+00
      vertex   -7.500000e+00 5.857864e-02 5.558579e+00
      vertex   -6.533706e+00 8.888595e-02 5.533706e+00
    endloop
  endfacet
  facet normal -1.327558e-03 -6.087609e-01 -7.933526e-01
    outer loop
      vertex   -6.533706e+00 8.888595e-02 5.533706e+00
      vertex   -7.500000e+00 5.857864e-02 5.558579e+00
      vertex   -7.500000e+00 1.000000e-01 5.526795e+00
    endloop
  endfacet
  facet normal 8.802217e-04 -4.717625e-01 -8.817252e-01
    outer loop
      vertex   -6.533706e+00 8.888595e-02 5.533706e+00
      vertex   -7.500000e+00 1.000000e-01 5.526795e+00
      vertex   -6.515224e+00 1.234633e-01 5.515224e+00
    endloop
  endfacet
  facet normal -1.737477e-03 -3.826829e-01 -9.238781e-01
    outer loop
      vertex   -6.515224e+00 1.234633e-01 5.515224e+00
      vertex   -7.500000e+00 1.000000e-01 5.526795e+00
      vertex   -7.500000e+00 1.482362e-01 5.506815e+00
    endloop
  endfacet
  facet normal 8.625565e-04 -2.905242e-01 -9.568673e-01
    outer loop
      vertex   -6.515224e+00 1.234633e-01 5.515224e+00
      vertex   -7.500000e+00 1.482362e-01 5.506815e+00
      vertex   -6.503843e+00 1.609819e-01 5.503843e+00
    endloop
  endfacet
  facet normal -1.075728e-03 -1.465743e-01 -9.891991e-01
    outer loop
      vertex   -6.503843e+00 1.609819e-01 5.503843e+00
      vertex   -7.500000e+00 1.482362e-01 5.506815e+00
      vertex   -6.500963e+00 1.803966e-01 5.500963e+00
    endloop
  endfacet
  facet normal -4.277579e-03 -4.885759e-02 -9.987966e-01
    outer loop
      vertex   -6.500963e+00 1.803966e-01 5.500963e+00
      vertex   -7.500000e+00 1.482362e-01 5.506815e+00
      vertex   -6.500000e+00 2.000000e-01 5.500000e+00
    endloop
  endfacet
  facet normal 0.000000e+00 -1.305262e-01 -9.914449e-01
    outer loop
      vertex   -6.500000e+00 2.000000e-01 5.500000e+00
      vertex   -7.500000e+00 1.482362e-01 5.506815e+00
      vertex   -8.500000e+00 1.482362e-01 5.506815e+00
    endloop
  endfacet
  facet normal 0.000000e+00 -1.305262e-01 -9.914449e-01
    outer loop
      vertex   -6.500000e+00 2.000000e-01 5.500000e+00
      vertex   -8.500000e+00 1.482362e-01 5.506815e+00
      vertex   -9.500000e+00 1.482362e-01 5.506815e+00
    endloop
  endfacet
  facet normal 0.000000e+00 -3.826834e-01 -9.238795e-01
    outer loop
      vertex   -9.500000e+00 1.482362e-01 5.506815e+00
      vertex   -8.500000e+00 1.482362e-01 5.506815e+00
      vertex   -9.500000e+00 1.000000e-01 5.526795e+00
    endloop
  endfacet
  facet normal 0.000000e+00 -3.826834e-01 -9.238795e-01
    outer loop
      vertex   -9.500000e+00 1.482362e-01 5.506815e+00
      vertex   -9.500000e+00 1.000000e-01 5.526795e+00
      vertex   -1.050000e+01 1.000000e-01 5.526795e+00
    endloop
  endfacet
  facet normal 0.000000e+00 -6.087614e-01 -7.933533e-01
    outer loop
      vertex   -1.050000e+01 1.000000e-01 5.526795e+00
      vertex   -9.500000e+00 1.000000e-01 5.526795e+00
      vertex   -1.050000e+01 5.857864e-02 5.558579e+00
    endloop
  endfacet
  facet normal -1.353942e-15 -6.087614e-01 -7.933533e-01
    outer loop
      vertex   -1.050000e+01 1.000000e-01 5.526795e+00
      vertex   -1.050000e+01 5.857864e-02 5.558579e+00
      vertex   -1.150000e+01 5.857864e-02 5.558579e+00
    endloop
  endfacet
  facet normal -1.009813e-15 -7.933533e-01 -6.087614e-01
    outer loop
      vertex   -1.150000e+01 5.857864e-02 5.558579e+00
      vertex   -1.050000e+01 5.857864e-02 5.558579e+00
      vertex   -1.150000e+01 2.679492e-02 5.600000e+00
    endloop
  endfacet
  facet normal 0.000000e+00 -7.933533e-01 -6.087614e-01
    outer loop
      vertex   -1.150000e+01 5.857864e-02 5.558579e+00
      vertex   -1.150000e+01 2.679492e-02 5.600000e+00
      vertex   -1.250000e+01 2.679492e-02 5.600000e+00
    endloop
  endfacet
  facet normal 0.000000e+00 -9.238795e-01 -3.826834e-01
    outer loop
      vertex   -1.250000e+01 2.679492e-02 5.600000e+00
      vertex   -1.150000e+01 2.679492e-02 5.600000e+00
      vertex   -1.250000e+01 6.814835e-03 5.648236e+00
    endloop
  endfacet
  facet normal 0.000000e+00 -9.238795e-01 -3.826834e-01
    outer loop
      vertex   -1.250000e+01 2.679492e-02 5.600000e+00
      vertex   -1.250000e+01 6.814835e-03 5.648236e+00
      vertex   -1.350000e+01 6.814835e-03 5.648236e+00
    endloop
  endfacet
  facet normal 0.000000e+00 -9.914449e-01 -1.305262e-01
    outer loop
      vertex   -1.350000e+01 6.814835e-03 5.648236e+00
      vertex   -1.250000e+01 6.814835e-03 5.648236e+00
      vertex   -1.430000e+01 0.000000e+00 5.700000e+00
    endloop
  endfacet
  facet normal 2.005176e-03 -9.949851e-01 -1.000027e-01
    outer loop
      vertex   -1.350000e+01 6.814835e-03 5.648236e+00
      vertex   -1.430000e+01 0.000000e+00 5.700000e+00
      vertex   -1.433902e+01 3.842944e-03 5.660982e+00
    endloop
  endfacet
  facet normal -1.005233e-03 -9.572186e-01 -2.893639e-01
    outer loop
      vertex   -1.433902e+01 3.842944e-03 5.660982e+00
      vertex   -1.437654e+01 1.522409e-02 5.623463e+00
      vertex   -1.350000e+01 6.814835e-03 5.648236e+00
    endloop
  endfacet
  facet normal 1.952028e-03 -9.238778e-01 -3.826827e-01
    outer loop
      vertex   -1.350000e+01 6.814835e-03 5.648236e+00
      vertex   -1.437654e+01 1.522409e-02 5.623463e+00
      vertex   -1.350000e+01 2.679492e-02 5.600000e+00
    endloop
  endfacet
  facet normal 0.000000e+00 -9.238795e-01 -3.826834e-01
    outer loop
      vertex   -1.350000e+01 6.814835e-03 5.648236e+00
      vertex   -1.350000e+01 2.679492e-02 5.600000e+00
      vertex   -1.250000e+01 2.679492e-02 5.600000e+00
    endloop
  endfacet
  facet normal -0.000000e+00 -7.933533e-01 -6.087614e-01
    outer loop
      vertex   -1.250000e+01 2.679492e-02 5.600000e+00
      vertex   -1.350000e+01 2.679492e-02 5.600000e+00
      vertex   -1.250000e+01 5.857864e-02 5.558579e+00
    endloop
  endfacet
  facet normal 5.814477e-17 -7.933533e-01 -6.087614e-01
    outer loop
      vertex   -1.250000e+01 2.679492e-02 5.600000e+00
      vertex   -1.250000e+01 5.857864e-02 5.558579e+00
      vertex   -1.150000e+01 5.857864e-02 5.558579e+00
    endloop
  endfacet
  facet normal 4.224131e-17 -6.087614e-01 -7.933533e-01
    outer loop
      vertex   -1.150000e+01 5.857864e-02 5.558579e+00
      vertex   -1.250000e+01 5.857864e-02 5.558579e+00
      vertex   -1.150000e+01 1.000000e-01 5.526795e+00
    endloop
  endfacet
  facet normal 0.000000e+00 -6.087614e-01 -7.933533e-01
    outer loop
      vertex   -1.150000e+01 5.857864e-02 5.558579e+00
      vertex   -1.150000e+01 1.000000e-01 5.526795e+00
      vertex   -1.050000e+01 1.000000e-01 5.526795e+00
    endloop
  endfacet
  facet normal -0.000000e+00 -3.826834e-01 -9.238795e-01
    outer loop
      vertex   -1.050000e+01 1.000000e-01 5.526795e+00
      vertex   -1.150000e+01 1.000000e-01 5.526795e+00
      vertex   -1.050000e+01 1.482362e-01 5.506815e+00
    endloop
  endfacet
  facet normal 0.000000e+00 -3.826834e-01 -9.238795e-01
    outer loop
      vertex   -1.050000e+01 1.000000e-01 5.526795e+00
      vertex   -1.050000e+01 1.482362e-01 5.506815e+00
      vertex   -9.500000e+00 1.482362e-01 5.506815e+00
    endloop
  endfacet
  facet normal -0.000000e+00 -1.305262e-01 -9.914449e-01
    outer loop
      vertex   -9.500000e+00 1.482362e-01 5.506815e+00
      vertex   -1.050000e+01 1.482362e-01 5.506815e+00
      vertex   -6.500000e+00 2.000000e-01 5.500000e+00
    endloop
  endfacet
  facet normal -9.515060e-04 -8.823161e-01 -4.706563e-01
    outer loop
      vertex   -1.437654e+01 1.522409e-02 5.623463e+00
      vertex   -1.441111e+01 3.370608e-02 5.588886e+00
      vertex   -1.350000e+01 2.679492e-02 5.600000e+00
    endloop
  endfacet
  facet normal 1.407959e-03 -7.933526e-01 -6.087608e-01
    outer loop
      vertex   -1.350000e+01 2.679492e-02 5.600000e+00
      vertex   -1.441111e+01 3.370608e-02 5.588886e+00
      vertex   -1.350000e+01 5.857864e-02 5.558579e+00
    endloop
  endfacet
  facet normal 5.399157e-17 -7.933533e-01 -6.087614e-01
    outer loop
      vertex   -1.350000e+01 2.679492e-02 5.600000e+00
      vertex   -1.350000e+01 5.857864e-02 5.558579e+00
      vertex   -1.250000e+01 5.857864e-02 5.558579e+00
    endloop
  endfacet
  facet normal 4.224131e-17 -6.087614e-01 -7.933533e-01
    outer loop
      vertex   -1.250000e+01 5.857864e-02 5.558579e+00
      vertex   -1.350000e+01 5.857864e-02 5.558579e+00
      vertex   -1.250000e+01 1.000000e-01 5.526795e+00
    endloop
  endfacet
  facet normal 0.000000e+00 -6.087614e-01 -7.933533e-01
    outer loop
      vertex   -1.250000e+01 5.857864e-02 5.558579e+00
      vertex   -1.250000e+01 1.000000e-01 5.526795e+00
      vertex   -1.150000e+01 1.000000e-01 5.526795e+00
    endloop
  endfacet
  facet normal -0.000000e+00 -3.826834e-01 -9.238795e-01
    outer loop
      vertex   -1.150000e+01 1.000000e-01 5.526795e+00
      vertex   -1.250000e+01 1.000000e-01 5.526795e+00
      vertex   -1.150000e+01 1.482362e-01 5.506815e+00
    endloop
  endfacet
  facet normal 0.000000e+00 -3.826834e-01 -9.238795e-01
    outer loop
      vertex   -1.150000e+01 1.000000e-01 5.526795e+00
      vertex   -1.150000e+01 1.482362e-01 5.506815e+00
      vertex   -1.050000e+01 1.482362e-01 5.506815e+00
    endloop
  endfacet
  facet normal -0.000000e+00 -1.790169e-01 -9.838460e-01
    outer loop
      vertex   -1.050000e+01 1.482362e-01 5.506815e+00
      vertex   -1.150000e+01 1.482362e-01 5.506815e+00
      vertex   -1.449904e+01 1.803966e-01 5.500963e+00
    endloop
  endfacet
  facet normal 2.467024e-04 -1.492418e-01 -9.888007e-01
    outer loop
      vertex   -1.050000e+01 1.482362e-01 5.506815e+00
      vertex   -1.449904e+01 1.803966e-01 5.500963e+00
      vertex   -6.500000e+00 2.000000e-01 5.500000e+00
    endloop
  endfacet
  facet normal -0.000000e+00 -4.906767e-02 -9.987955e-01
    outer loop
      vertex   -6.500000e+00 2.000000e-01 5.500000e+00
      vertex   -1.449904e+01 1.803966e-01 5.500963e+00
      vertex   -1.450000e+01 2.000000e-01 5.500000e+00
    endloop
  endfacet
  facet normal -1.586200e-16 -7.730105e-01 -6.343933e-01
    outer loop
      vertex   -1.441111e+01 3.370608e-02 5.588886e+00
      vertex   -1.444142e+01 5.857864e-02 5.558579e+00
      vertex   -1.350000e+01 5.857864e-02 5.558579e+00
    endloop
  endfacet
  facet normal -1.309251e-16 -6.343933e-01 -7.730105e-01
    outer loop
      vertex   -1.350000e+01 5.857864e-02 5.558579e+00
      vertex   -1.444142e+01 5.857864e-02 5.558579e+00
      vertex   -1.446629e+01 8.888595e-02 5.533706e+00
    endloop
  endfacet
  facet normal 1.327558e-03 -6.087609e-01 -7.933526e-01
    outer loop
      vertex   -1.350000e+01 5.857864e-02 5.558579e+00
      vertex   -1.446629e+01 8.888595e-02 5.533706e+00
      vertex   -1.350000e+01 1.000000e-01 5.526795e+00
    endloop
  endfacet
  facet normal -8.802217e-04 -4.717625e-01 -8.817252e-01
    outer loop
      vertex   -1.350000e+01 1.000000e-01 5.526795e+00
      vertex   -1.446629e+01 8.888595e-02 5.533706e+00
      vertex   -1.448478e+01 1.234633e-01 5.515224e+00
    endloop
  endfacet
  facet normal 1.737477e-03 -3.826829e-01 -9.238781e-01
    outer loop
      vertex   -1.350000e+01 1.000000e-01 5.526795e+00
      vertex   -1.448478e+01 1.234633e-01 5.515224e+00
      vertex   -1.350000e+01 1.482362e-01 5.506815e+00
    endloop
  endfacet
  facet normal -8.625565e-04 -2.905242e-01 -9.568673e-01
    outer loop
      vertex   -1.350000e+01 1.482362e-01 5.506815e+00
      vertex   -1.448478e+01 1.234633e-01 5.515224e+00
      vertex   -1.449616e+01 1.609819e-01 5.503843e+00
    endloop
  endfacet
  facet normal 1.075728e-03 -1.465743e-01 -9.891991e-01
    outer loop
      vertex   -1.350000e+01 1.482362e-01 5.506815e+00
      vertex   -1.449616e+01 1.609819e-01 5.503843e+00
      vertex   -1.449904e+01 1.803966e-01 5.500963e+00
    endloop
  endfacet
  facet normal 9.515060e-04 -8.823161e-01 -4.706563e-01
    outer loop
      vertex   -6.588886e+00 3.370608e-02 5.588886e+00
      vertex   -6.623463e+00 1.522409e-02 5.623463e+00
      vertex   -7.500000e+00 2.679492e-02 5.600000e+00
    endloop
  endfacet
  facet normal -1.952028e-03 -9.238778e-01 -3.826827e-01
    outer loop
      vertex   -7.500000e+00 2.679492e-02 5.600000e+00
      vertex   -6.623463e+00 1.522409e-02 5.623463e+00
      vertex   -7.500000e+00 6.814835e-03 5.648236e+00
    endloop
  endfacet
  facet normal 0.000000e+00 -9.238795e-01 -3.826834e-01
    outer loop
      vertex   -7.500000e+00 2.679492e-02 5.600000e+00
      vertex   -7.500000e+00 6.814835e-03 5.648236e+00
      vertex   -8.500000e+00 6.814835e-03 5.648236e+00
    endloop
  endfacet
  facet normal 0.000000e+00 -9.738770e-01 -2.270763e-01
    outer loop
      vertex   -8.500000e+00 6.814835e-03 5.648236e+00
      vertex   -7.500000e+00 6.814835e-03 5.648236e+00
      vertex   -6.660982e+00 3.842944e-03 5.660982e+00
    endloop
  endfacet
  facet normal 1.005233e-03 -9.572186e-01 -2.893639e-01
    outer loop
      vertex   -6.623463e+00 1.522409e-02 5.623463e+00
      vertex   -6.660982e+00 3.842944e-03 5.660982e+00
      vertex   -7.500000e+00 6.814835e-03 5.648236e+00
    endloop
  endfacet
  facet normal 0.000000e+00 -9.914449e-01 -1.305262e-01
    outer loop
      vertex   -1.250000e+01 6.814835e-03 5.648236e+00
      vertex   -1.150000e+01 6.814835e-03 5.648236e+00
      vertex   -1.430000e+01 0.000000e+00 5.700000e+00
    endloop
  endfacet
  facet normal 0.000000e+00 -9.914449e-01 -1.305262e-01
    outer loop
      vertex   -1.430000e+01 0.000000e+00 5.700000e+00
      vertex   -1.150000e+01 6.814835e-03 5.648236e+00
      vertex   -1.050000e+01 6.814835e-03 5.648236e+00
    endloop
  endfacet
  facet normal 0.000000e+00 -9.914449e-01 -1.305262e-01
    outer loop
      vertex   -1.430000e+01 0.000000e+00 5.700000e+00
      vertex   -1.050000e+01 6.814835e-03 5.648236e+00
      vertex   -9.500000e+00 6.814835e-03 5.648236e+00
    endloop
  endfacet
  facet normal -0.000000e+00 -9.238795e-01 -3.826834e-01
    outer loop
      vertex   -9.500000e+00 6.814835e-03 5.648236e+00
      vertex   -1.050000e+01 6.814835e-03 5.648236e+00
      vertex   -9.500000e+00 2.679492e-02 5.600000e+00
    endloop
  endfacet
  facet normal 0.000000e+00 -9.238795e-01 -3.826834e-01
    outer loop
      vertex   -9.500000e+00 6.814835e-03 5.648236e+00
      vertex   -9.500000e+00 2.679492e-02 5.600000e+00
      vertex   -8.500000e+00 2.679492e-02 5.600000e+00
    endloop
  endfacet
  facet normal -0.000000e+00 -7.933533e-01 -6.087614e-01
    outer loop
      vertex   -8.500000e+00 2.679492e-02 5.600000e+00
      vertex   -9.500000e+00 2.679492e-02 5.600000e+00
      vertex   -8.500000e+00 5.857864e-02 5.558579e+00
    endloop
  endfacet
  facet normal 5.399157e-17 -7.933533e-01 -6.087614e-01
    outer loop
      vertex   -8.500000e+00 2.679492e-02 5.600000e+00
      vertex   -8.500000e+00 5.857864e-02 5.558579e+00
      vertex   -7.500000e+00 5.857864e-02 5.558579e+00
    endloop
  endfacet
  facet normal 4.224131e-17 -6.087614e-01 -7.933533e-01
    outer loop
      vertex   -7.500000e+00 5.857864e-02 5.558579e+00
      vertex   -8.500000e+00 5.857864e-02 5.558579e+00
      vertex   -7.500000e+00 1.000000e-01 5.526795e+00
    endloop
  endfacet
  facet normal 0.000000e+00 -9.238795e-01 -3.826834e-01
    outer loop
      vertex   -1.250000e+01 6.814835e-03 5.648236e+00
      vertex   -1.150000e+01 2.679492e-02 5.600000e+00
      vertex   -1.150000e+01 6.814835e-03 5.648236e+00
    endloop
  endfacet
  facet normal 0.000000e+00 -9.238795e-01 -3.826834e-01
    outer loop
      vertex   -1.150000e+01 6.814835e-03 5.648236e+00
      vertex   -1.150000e+01 2.679492e-02 5.600000e+00
      vertex   -1.050000e+01 2.679492e-02 5.600000e+00
    endloop
  endfacet
  facet normal 0.000000e+00 -9.238795e-01 -3.826834e-01
    outer loop
      vertex   -1.150000e+01 6.814835e-03 5.648236e+00
      vertex   -1.050000e+01 2.679492e-02 5.600000e+00
      vertex   -1.050000e+01 6.814835e-03 5.648236e+00
    endloop
  endfacet
  facet normal 0.000000e+00 -9.238795e-01 -3.826834e-01
    outer loop
      vertex   -1.050000e+01 6.814835e-03 5.648236e+00
      vertex   -1.050000e+01 2.679492e-02 5.600000e+00
      vertex   -9.500000e+00 2.679492e-02 5.600000e+00
    endloop
  endfacet
  facet normal 0.000000e+00 -7.933533e-01 -6.087614e-01
    outer loop
      vertex   -1.150000e+01 2.679492e-02 5.600000e+00
      vertex   -1.050000e+01 5.857864e-02 5.558579e+00
      vertex   -1.050000e+01 2.679492e-02 5.600000e+00
    endloop
  endfacet
  facet normal 5.814477e-17 -7.933533e-01 -6.087614e-01
    outer loop
      vertex   -1.050000e+01 2.679492e-02 5.600000e+00
      vertex   -1.050000e+01 5.857864e-02 5.558579e+00
      vertex   -9.500000e+00 5.857864e-02 5.558579e+00
    endloop
  endfacet
  facet normal 0.000000e+00 -7.933533e-01 -6.087614e-01
    outer loop
      vertex   -1.050000e+01 2.679492e-02 5.600000e+00
      vertex   -9.500000e+00 5.857864e-02 5.558579e+00
      vertex   -9.500000e+00 2.679492e-02 5.600000e+00
    endloop
  endfacet
  facet normal 5.399157e-17 -7.933533e-01 -6.087614e-01
    outer loop
      vertex   -9.500000e+00 2.679492e-02 5.600000e+00
      vertex   -9.500000e+00 5.857864e-02 5.558579e+00
      vertex   -8.500000e+00 5.857864e-02 5.558579e+00
    endloop
  endfacet
  facet normal 4.224131e-17 -6.087614e-01 -7.933533e-01
    outer loop
      vertex   -1.050000e+01 5.857864e-02 5.558579e+00
      vertex   -9.500000e+00 1.000000e-01 5.526795e+00
      vertex   -9.500000e+00 5.857864e-02 5.558579e+00
    endloop
  endfacet
  facet normal 0.000000e+00 -6.087614e-01 -7.933533e-01
    outer loop
      vertex   -9.500000e+00 5.857864e-02 5.558579e+00
      vertex   -9.500000e+00 1.000000e-01 5.526795e+00
      vertex   -8.500000e+00 1.000000e-01 5.526795e+00
    endloop
  endfacet
  facet normal 4.224131e-17 -6.087614e-01 -7.933533e-01
    outer loop
      vertex   -9.500000e+00 5.857864e-02 5.558579e+00
      vertex   -8.500000e+00 1.000000e-01 5.526795e+00
      vertex   -8.500000e+00 5.857864e-02 5.558579e+00
    endloop
  endfacet
  facet normal 0.000000e+00 -6.087614e-01 -7.933533e-01
    outer loop
      vertex   -8.500000e+00 5.857864e-02 5.558579e+00
      vertex   -8.500000e+00 1.000000e-01 5.526795e+00
      vertex   -7.500000e+00 1.000000e-01 5.526795e+00
    endloop
  endfacet
  facet normal 0.000000e+00 -6.087614e-01 -7.933533e-01
    outer loop
      vertex   -1.350000e+01 5.857864e-02 5.558579e+00
      vertex   -1.350000e+01 1.000000e-01 5.526795e+00
      vertex   -1.250000e+01 1.000000e-01 5.526795e+00
    endloop
  endfacet
  facet normal -0.000000e+00 -3.826834e-01 -9.238795e-01
    outer loop
      vertex   -1.250000e+01 1.000000e-01 5.526795e+00
      vertex   -1.350000e+01 1.000000e-01 5.526795e+00
      vertex   -1.250000e+01 1.482362e-01 5.506815e+00
    endloop
  endfacet
  facet normal 0.000000e+00 -3.826834e-01 -9.238795e-01
    outer loop
      vertex   -1.250000e+01 1.000000e-01 5.526795e+00
      vertex   -1.250000e+01 1.482362e-01 5.506815e+00
      vertex   -1.150000e+01 1.482362e-01 5.506815e+00
    endloop
  endfacet
  facet normal -0.000000e+00 -1.790169e-01 -9.838460e-01
    outer loop
      vertex   -1.150000e+01 1.482362e-01 5.506815e+00
      vertex   -1.250000e+01 1.482362e-01 5.506815e+00
      vertex   -1.449904e+01 1.803966e-01 5.500963e+00
    endloop
  endfacet
  facet normal 0.000000e+00 -3.826834e-01 -9.238795e-01
    outer loop
      vertex   -7.500000e+00 1.482362e-01 5.506815e+00
      vertex   -7.500000e+00 1.000000e-01 5.526795e+00
      vertex   -8.500000e+00 1.000000e-01 5.526795e+00
    endloop
  endfacet
  facet normal -0.000000e+00 -3.826834e-01 -9.238795e-01
    outer loop
      vertex   -7.500000e+00 1.482362e-01 5.506815e+00
      vertex   -8.500000e+00 1.000000e-01 5.526795e+00
      vertex   -8.500000e+00 1.482362e-01 5.506815e+00
    endloop
  endfacet
  facet normal 0.000000e+00 -3.826834e-01 -9.238795e-01
    outer loop
      vertex   -8.500000e+00 1.482362e-01 5.506815e+00
      vertex   -8.500000e+00 1.000000e-01 5.526795e+00
      vertex   -9.500000e+00 1.000000e-01 5.526795e+00
    endloop
  endfacet
  facet normal 0.000000e+00 -1.790169e-01 -9.838460e-01
    outer loop
      vertex   -1.449904e+01 1.803966e-01 5.500963e+00
      vertex   -1.250000e+01 1.482362e-01 5.506815e+00
      vertex   -1.350000e+01 1.482362e-01 5.506815e+00
    endloop
  endfacet
  facet normal 0.000000e+00 -3.826834e-01 -9.238795e-01
    outer loop
      vertex   -1.350000e+01 1.482362e-01 5.506815e+00
      vertex   -1.250000e+01 1.482362e-01 5.506815e+00
      vertex   -1.350000e+01 1.000000e-01 5.526795e+00
    endloop
  endfacet
  facet normal 0.000000e+00 0.000000e+00 -1.000000e+00
    outer loop
      vertex   -6.500000e+00 2.000000e-01 5.500000e+00
      vertex   -1.450000e+01 2.000000e-01 5.500000e+00
      vertex   -6.500000e+00 1.500000e+00 5.500000e+00
    endloop
  endfacet
  facet normal -0.000000e+00 0.000000e+00 -1.000000e+00
    outer loop
      vertex   -6.500000e+00 1.500000e+00 5.500000e+00
      vertex   -1.450000e+01 2.000000e-01 5.500000e+00
      vertex   -1.450000e+01 1.500000e+00 5.500000e+00
    endloop
  endfacet
  facet normal -1.000000e+00 0.000000e+00 -3.947460e-16
    outer loop
      vertex   -1.450000e+01 2.000000e-01 5.500000e+00
      vertex   -1.450000e+01 2.000000e-01 1.000000e+01
      vertex   -1.450000e+01 1.500000e+00 5.500000e+00
    endloop
  endfacet
  facet normal -1.000000e+00 1.366428e-15 0.000000e+00
    outer loop
      vertex   -1.450000e+01 1.500000e+00 5.500000e+00
      vertex   -1.450000e+01 2.000000e-01 1.000000e+01
      vertex   -1.450000e+01 1.500000e+00 1.000000e+01
    endloop
  endfacet
  facet normal 0.000000e+00 0.000000e+00 -1.000000e+00
    outer loop
      vertex   4.500000e+00 2.000000e-01 -4.500000e+00
      vertex   -4.500000e+00 2.000000e-01 -4.500000e+00
      vertex   4.500000e+00 1.500000e+00 -4.500000e+00
    endloop
  endfacet
  facet normal -0.000000e+00 0.000000e+00 -1.000000e+00
    outer loop
      vertex   4.500000e+00 1.500000e+00 -4.500000e+00
      vertex   -4.500000e+00 2.000000e-01 -4.500000e+00
      vertex   -4.500000e+00 1.500000e+00 -4.500000e+00
    endloop
  endfacet
  facet normal -1.000000e+00 0.000000e+00 0.000000e+00
    outer loop
      vertex   -4.500000e+00 2.000000e-01 -4.500000e+00
      vertex   -4.500000e+00 2.000000e-01 -5.000000e-01
      vertex   -4.500000e+00 1.500000e+00 -4.500000e+00
    endloop
  endfacet
  facet normal -1.000000e+00 0.000000e+00 0.000000e+00
    outer loop
      vertex   -4.500000e+00 1.500000e+00 -4.500000e+00
      vertex   -4.500000e+00 2.000000e-01 -5.000000e-01
      vertex   -4.500000e+00 1.500000e+00 -5.000000e-01
    endloop
  endfacet
  facet normal 0.000000e+00 0.000000e+00 -1.000000e+00
    outer loop
      vertex   -5.000000e-01 2.000000e-01 5.000000e-01
      vertex   -9.500000e+00 2.000000e-01 5.000000e-01
      vertex   -5.000000e-01 1.500000e+00 5.000000e-01
    endloop
  endfacet
  facet normal -0.000000e+00 0.000000e+00 -1.000000e+00
    outer loop
      vertex   -5.000000e-01 1.500000e+00 5.000000e-01
      vertex   -9.500000e+00 2.000000e-01 5.000000e-01
      vertex   -9.500000e+00 1.500000e+00 5.000000e-01
    endloop
  endfacet
  facet normal -1.000000e+00 0.000000e+00 0.000000e+00
    outer loop
      vertex   -9.500000e+00 2.000000e-01 5.000000e-01
      vertex   -9.500000e+00 2.000000e-01 4.500000e+00
      vertex   -9.500000e+00 1.500000e+00 5.000000e-01
    endloop
  endfacet
  facet normal -1.000000e+00 0.000000e+00 0.000000e+00
    outer loop
      vertex   -9.500000e+00 1.500000e+00 5.000000e-01
      vertex   -9.500000e+00 2.000000e-01 4.500000e+00
      vertex   -9.500000e+00 1.500000e+00 4.500000e+00
    endloop
  endfacet
  facet normal -1.000000e+00 0.000000e+00 0.000000e+00
    outer loop
      vertex   5.500000e+00 2.000000e-01 -4.500000e+00
      vertex   5.500000e+00 2.000000e-01 -5.000000e-01
      vertex   5.500000e+00 1.500000e+00 -4.500000e+00
    endloop
  endfacet
  facet normal -1.000000e+00 0.000000e+00 0.000000e+00
    outer loop
      vertex   5.500000e+00 1.500000e+00 -4.500000e+00
      vertex   5.500000e+00 2.000000e-01 -5.000000e-01
      vertex   5.500000e+00 1.500000e+00 -5.000000e-01
    endloop
  endfacet
  facet normal 0.000000e+00 0.000000e+00 -1.000000e+00
    outer loop
      vertex   9.500000e+00 2.000000e-01 5.000000e-01
      vertex   5.000000e-01 2.000000e-01 5.000000e-01
      vertex   9.500000e+00 1.500000e+00 5.000000e-01
    endloop
  endfacet
  facet normal -0.000000e+00 0.000000e+00 -1.000000e+00
    outer loop
      vertex   9.500000e+00 1.500000e+00 5.000000e-01
      vertex   5.000000e-01 2.000000e-01 5.000000e-01
      vertex   5.000000e-01 1.500000e+00 5.000000e-01
    endloop
  endfacet
  facet normal -1.000000e+00 -3.416071e-16 2.980232e-08
    outer loop
      vertex   5.000000e-01 2.000000e-01 5.000000e-01
      vertex   5.000001e-01 2.000000e-01 4.500000e+00
      vertex   5.000000e-01 1.500000e+00 5.000000e-01
    endloop
  endfacet
  facet normal -1.000000e+00 6.832142e-16 2.980232e-08
    outer loop
      vertex   5.000000e-01 1.500000e+00 5.000000e-01
      vertex   5.000001e-01 2.000000e-01 4.500000e+00
      vertex   5.000001e-01 1.500000e+00 4.500000e+00
    endloop
  endfacet
  facet normal 0.000000e+00 0.000000e+00 -1.000000e+00
    outer loop
      vertex   -5.500000e+00 2.000000e-01 -4.500000e+00
      vertex   -1.450000e+01 2.000000e-01 -4.500000e+00
      vertex   -5.500000e+00 1.500000e+00 -4.500000e+00
    endloop
  endfacet
  facet normal -0.000000e+00 0.000000e+00 -1.000000e+00
    outer loop
      vertex   -5.500000e+00 1.500000e+00 -4.500000e+00
      vertex   -1.450000e+01 2.000000e-01 -4.500000e+00
      vertex   -1.450000e+01 1.500000e+00 -4.500000e+00
    endloop
  endfacet
  facet normal -1.000000e+00 0.000000e+00 0.000000e+00
    outer loop
      vertex   -1.450000e+01 2.000000e-01 -4.500000e+00
      vertex   -1.450000e+01 2.000000e-01 -5.000000e-01
      vertex   -1.450000e+01 1.500000e+00 -4.500000e+00
    endloop
  endfacet
  facet normal -1.000000e+00 0.000000e+00 0.000000e+00
    outer loop
      vertex   -1.450000e+01 1.500000e+00 -4.500000e+00
      vertex   -1.450000e+01 2.000000e-01 -5.000000e-01
      vertex   -1.450000e+01 1.500000e+00 -5.000000e-01
    endloop
  endfacet
  facet normal 0.000000e+00 0.000000e+00 1.000000e+00
    outer loop
      vertex   -2.000000e+01 2.000000e-01 -5.500000e+00
      vertex   -1.050000e+01 2.000000e-01 -5.500000e+00
      vertex   -2.000000e+01 1.500000e+00 -5.500000e+00
    endloop
  endfacet
  facet normal -0.000000e+00 0.000000e+00 1.000000e+00
    outer loop
      vertex   -2.000000e+01 1.500000e+00 -5.500000e+00
      vertex   -1.050000e+01 2.000000e-01 -5.500000e+00
      vertex   -1.050000e+01 1.500000e+00 -5.500000e+00
    endloop
  endfacet
  facet normal 1.000000e+00 -0.000000e+00 3.947460e-16
    outer loop
      vertex   -1.050000e+01 2.000000e-01 -5.500000e+00
      vertex   -1.050000e+01 2.000000e-01 -1.000000e+01
      vertex   -1.050000e+01 1.500000e+00 -5.500000e+00
    endloop
  endfacet
  facet normal 1.000000e+00 1.366428e-15 0.000000e+00
    outer loop
      vertex   -1.050000e+01 1.500000e+00 -5.500000e+00
      vertex   -1.050000e+01 2.000000e-01 -1.000000e+01
      vertex   -1.050000e+01 1.500000e+00 -1.000000e+01
    endloop
  endfacet
  facet normal 0.000000e+00 0.000000e+00 1.000000e+00
    outer loop
      vertex   -9.500000e+00 2.000000e-01 -5.500000e+00
      vertex   -4.999999e-01 2.000000e-01 -5.500000e+00
      vertex   -9.500000e+00 1.500000e+00 -5.500000e+00
    endloop
  endfacet
  facet normal -0.000000e+00 0.000000e+00 1.000000e+00
    outer loop
      vertex   -9.500000e+00 1.500000e+00 -5.500000e+00
      vertex   -4.999999e-01 2.000000e-01 -5.500000e+00
      vertex   -4.999999e-01 1.500000e+00 -5.500000e+00
    endloop
  endfacet
  facet normal 1.000000e+00 8.540177e-16 -2.980232e-08
    outer loop
      vertex   -5.000000e-01 2.000000e-01 -1.000000e+01
      vertex   -5.000000e-01 1.500000e+00 -1.000000e+01
      vertex   -4.999999e-01 2.000000e-01 -5.500000e+00
    endloop
  endfacet
  facet normal 1.000000e+00 -6.832142e-16 -2.980232e-08
    outer loop
      vertex   -4.999999e-01 2.000000e-01 -5.500000e+00
      vertex   -5.000000e-01 1.500000e+00 -1.000000e+01
      vertex   -4.999999e-01 1.500000e+00 -5.500000e+00
    endloop
  endfacet
  facet normal 0.000000e+00 -0.000000e+00 1.000000e+00
    outer loop
      vertex   5.000001e-01 2.000000e-01 -5.500000e+00
      vertex   9.500000e+00 2.000000e-01 -5.500000e+00
      vertex   5.000001e-01 1.500000e+00 -5.500000e+00
    endloop
  endfacet
  facet normal -0.000000e+00 0.000000e+00 1.000000e+00
    outer loop
      vertex   5.000001e-01 1.500000e+00 -5.500000e+00
      vertex   9.500000e+00 2.000000e-01 -5.500000e+00
      vertex   9.500000e+00 1.500000e+00 -5.500000e+00
    endloop
  endfacet
  facet normal 1.000000e+00 -0.000000e+00 0.000000e+00
    outer loop
      vertex   9.500000e+00 2.000000e-01 -5.500000e+00
      vertex   9.500000e+00 2.000000e-01 -1.000000e+01
      vertex   9.500000e+00 1.500000e+00 -5.500000e+00
    endloop
  endfacet
  facet normal 1.000000e+00 0.000000e+00 0.000000e+00
    outer loop
      vertex   9.500000e+00 1.500000e+00 -5.500000e+00
      vertex   9.500000e+00 2.000000e-01 -1.000000e+01
      vertex   9.500000e+00 1.500000e+00 -1.000000e+01
    endloop
  endfacet
  facet normal 1.000000e+00 0.000000e+00 -1.973730e-16
    outer loop
      vertex   -6.500000e+00 2.000000e-01 5.500000e+00
      vertex   -6.500000e+00 1.500000e+00 5.500000e+00
      vertex   -6.500000e+00 2.000000e-01 1.000000e+01
    endloop
  endfacet
  facet normal 1.000000e+00 -2.827630e-08 -8.168709e-09
    outer loop
      vertex   -6.500000e+00 2.000000e-01 1.000000e+01
      vertex   -6.500000e+00 1.500000e+00 5.500000e+00
      vertex   -6.500000e+00 8.500000e+00 1.000000e+01
    endloop
  endfacet
  facet normal 1.000000e+00 -3.352761e-08 0.000000e+00
    outer loop
      vertex   -6.500000e+00 8.500000e+00 1.000000e+01
      vertex   -6.500000e+00 1.500000e+00 5.500000e+00
      vertex   -6.500000e+00 8.500000e+00 5.002885e+00
    endloop
  endfacet
  facet normal 1.000000e+00 0.000000e+00 4.721103e-07
    outer loop
      vertex   -6.500000e+00 8.500000e+00 5.002885e+00
      vertex   -6.500000e+00 1.500000e+00 5.500000e+00
      vertex   -6.500000e+00 1.500000e+00 5.002885e+00
    endloop
  endfacet
  facet normal -0.000000e+00 -1.000000e+00 -0.000000e+00
    outer loop
      vertex   -6.700000e+00 0.000000e+00 1.000000e+01
      vertex   -1.430000e+01 0.000000e+00 1.000000e+01
      vertex   -6.700000e+00 0.000000e+00 5.700000e+00
    endloop
  endfacet
  facet normal 0.000000e+00 -1.000000e+00 0.000000e+00
    outer loop
      vertex   -6.700000e+00 0.000000e+00 5.700000e+00
      vertex   -1.430000e+01 0.000000e+00 1.000000e+01
      vertex   -1.430000e+01 0.000000e+00 5.700000e+00
    endloop
  endfacet
  facet normal 0.000000e+00 -1.000000e+00 -0.000000e+00
    outer loop
      vertex   -1.070000e+01 0.000000e+00 4.300000e+00
      vertex   -2.000000e+01 0.000000e+00 4.300000e+00
      vertex   -1.070000e+01 0.000000e+00 7.000000e-01
    endloop
  endfacet
  facet normal 0.000000e+00 -1.000000e+00 0.000000e+00
    outer loop
      vertex   -1.070000e+01 0.000000e+00 7.000000e-01
      vertex   -2.000000e+01 0.000000e+00 4.300000e+00
      vertex   -2.000000e+01 0.000000e+00 7.000000e-01
    endloop
  endfacet
  facet normal 0.000000e+00 -1.000000e+00 -0.000000e+00
    outer loop
      vertex   -1.570000e+01 0.000000e+00 -7.000000e-01
      vertex   -2.000000e+01 0.000000e+00 -7.000000e-01
      vertex   -1.570000e+01 0.000000e+00 -4.300000e+00
    endloop
  endfacet
  facet normal 0.000000e+00 -1.000000e+00 0.000000e+00
    outer loop
      vertex   -1.570000e+01 0.000000e+00 -4.300000e+00
      vertex   -2.000000e+01 0.000000e+00 -7.000000e-01
      vertex   -2.000000e+01 0.000000e+00 -4.300000e+00
    endloop
  endfacet
endsolid
