solid ASCII
  facet normal -9.973017e-01 4.859881e-02 5.502267e-02
    outer loop
      vertex   -2.484827e+00 8.000000e+00 2.750206e-01
      vertex   -2.476929e+00 8.241073e+00 2.052442e-01
      vertex   -2.500000e+00 8.000000e+00 3.061617e-16
    endloop
  endfacet
  facet normal -9.970245e-01 7.201909e-02 2.748279e-02
    outer loop
      vertex   -2.500000e+00 8.000000e+00 3.061617e-16
      vertex   -2.476929e+00 8.241073e+00 2.052442e-01
      vertex   -2.484474e+00 8.241073e+00 -6.848405e-02
    endloop
  endfacet
  facet normal -9.973017e-01 4.859881e-02 -5.502267e-02
    outer loop
      vertex   -2.500000e+00 8.000000e+00 3.061617e-16
      vertex   -2.484474e+00 8.241073e+00 -6.848405e-02
      vertex   -2.484827e+00 8.000000e+00 -2.750206e-01
    endloop
  endfacet
  facet normal -9.939966e-01 7.201909e-02 -8.236491e-02
    outer loop
      vertex   -2.484827e+00 8.000000e+00 -2.750206e-01
      vertex   -2.484474e+00 8.241073e+00 -6.848405e-02
      vertex   -2.461861e+00 8.241073e+00 -3.413810e-01
    endloop
  endfacet
  facet normal -9.851958e-01 4.859881e-02 -1.644001e-01
    outer loop
      vertex   -2.484827e+00 8.000000e+00 -2.750206e-01
      vertex   -2.461861e+00 8.241073e+00 -3.413810e-01
      vertex   -2.439491e+00 8.000000e+00 -5.467027e-01
    endloop
  endfacet
  facet normal -9.789029e-01 7.201909e-02 -1.912128e-01
    outer loop
      vertex   -2.439491e+00 8.000000e+00 -5.467027e-01
      vertex   -2.461861e+00 8.241073e+00 -3.413810e-01
      vertex   -2.409365e+00 8.241073e+00 -6.101340e-01
    endloop
  endfacet
  facet normal -9.611310e-01 4.859881e-02 -2.717819e-01
    outer loop
      vertex   -2.439491e+00 8.000000e+00 -5.467027e-01
      vertex   -2.409365e+00 8.241073e+00 -6.101340e-01
      vertex   -2.364543e+00 8.000000e+00 -8.117487e-01
    endloop
  endfacet
  facet normal -9.519267e-01 7.201909e-02 -2.977396e-01
    outer loop
      vertex   -2.364543e+00 8.000000e+00 -8.117487e-01
      vertex   -2.409365e+00 8.241073e+00 -6.101340e-01
      vertex   -2.327622e+00 8.241073e+00 -8.714808e-01
    endloop
  endfacet
  facet normal -9.253993e-01 4.859881e-02 -3.758647e-01
    outer loop
      vertex   -2.364543e+00 8.000000e+00 -8.117487e-01
      vertex   -2.327622e+00 8.241073e+00 -8.714808e-01
      vertex   -2.260893e+00 8.000000e+00 -1.066941e+00
    endloop
  endfacet
  facet normal -9.133953e-01 7.201909e-02 -4.006523e-01
    outer loop
      vertex   -2.260893e+00 8.000000e+00 -1.066941e+00
      vertex   -2.327622e+00 8.241073e+00 -8.714808e-01
      vertex   -2.217625e+00 8.241073e+00 -1.122249e+00
    endloop
  endfacet
  facet normal -8.784345e-01 4.859881e-02 -4.753850e-01
    outer loop
      vertex   -2.260893e+00 8.000000e+00 -1.066941e+00
      vertex   -2.217625e+00 8.241073e+00 -1.122249e+00
      vertex   -2.129799e+00 8.000000e+00 -1.309182e+00
    endloop
  endfacet
  facet normal -8.637766e-01 7.201909e-02 -4.987016e-01
    outer loop
      vertex   -2.129799e+00 8.000000e+00 -1.309182e+00
      vertex   -2.217625e+00 8.241073e+00 -1.122249e+00
      vertex   -2.080708e+00 8.241073e+00 -1.359395e+00
    endloop
  endfacet
  facet normal -8.208068e-01 4.859881e-02 -5.691348e-01
    outer loop
      vertex   -2.129799e+00 8.000000e+00 -1.309182e+00
      vertex   -2.080708e+00 8.241073e+00 -1.359395e+00
      vertex   -1.972851e+00 8.000000e+00 -1.535532e+00
    endloop
  endfacet
  facet normal -8.036727e-01 7.201909e-02 -5.906974e-01
    outer loop
      vertex   -1.972851e+00 8.000000e+00 -1.535532e+00
      vertex   -2.080708e+00 8.241073e+00 -1.359395e+00
      vertex   -1.918535e+00 8.241073e+00 -1.580039e+00
    endloop
  endfacet
  facet normal -7.532155e-01 4.859881e-02 -6.559760e-01
    outer loop
      vertex   -1.972851e+00 8.000000e+00 -1.535532e+00
      vertex   -1.918535e+00 8.241073e+00 -1.580039e+00
      vertex   -1.791956e+00 8.000000e+00 -1.743242e+00
    endloop
  endfacet
  facet normal -7.338134e-01 7.201909e-02 -6.755228e-01
    outer loop
      vertex   -1.791956e+00 8.000000e+00 -1.743242e+00
      vertex   -1.918535e+00 8.241073e+00 -1.580039e+00
      vertex   -1.733074e+00 8.241073e+00 -1.781504e+00
    endloop
  endfacet
  facet normal -6.764813e-01 4.859881e-02 -7.348546e-01
    outer loop
      vertex   -1.791956e+00 8.000000e+00 -1.743242e+00
      vertex   -1.733074e+00 8.241073e+00 -1.781504e+00
      vertex   -1.589309e+00 8.000000e+00 -1.929792e+00
    endloop
  endfacet
  facet normal -6.550466e-01 7.201909e-02 -7.521484e-01
    outer loop
      vertex   -1.589309e+00 8.000000e+00 -1.929792e+00
      vertex   -1.733074e+00 8.241073e+00 -1.781504e+00
      vertex   -1.526575e+00 8.241073e+00 -1.961344e+00
    endloop
  endfacet
  facet normal -5.915355e-01 4.859881e-02 -8.048130e-01
    outer loop
      vertex   -1.589309e+00 8.000000e+00 -1.929792e+00
      vertex   -1.526575e+00 8.241073e+00 -1.961344e+00
      vertex   -1.367370e+00 8.000000e+00 -2.092916e+00
    endloop
  endfacet
  facet normal -5.683284e-01 7.201909e-02 -8.196439e-01
    outer loop
      vertex   -1.367370e+00 8.000000e+00 -2.092916e+00
      vertex   -1.526575e+00 8.241073e+00 -1.961344e+00
      vertex   -1.301546e+00 8.241073e+00 -2.117376e+00
    endloop
  endfacet
  facet normal -4.994092e-01 4.859881e-02 -8.650021e-01
    outer loop
      vertex   -1.367370e+00 8.000000e+00 -2.092916e+00
      vertex   -1.301546e+00 8.241073e+00 -2.117376e+00
      vertex   -1.128833e+00 8.000000e+00 -2.230636e+00
    endloop
  endfacet
  facet normal -4.747115e-01 7.201909e-02 -8.771900e-01
    outer loop
      vertex   -1.128833e+00 8.000000e+00 -2.230636e+00
      vertex   -1.301546e+00 8.241073e+00 -2.117376e+00
      vertex   -1.060718e+00 8.241073e+00 -2.247705e+00
    endloop
  endfacet
  facet normal -4.012208e-01 4.859881e-02 -9.146912e-01
    outer loop
      vertex   -1.128833e+00 8.000000e+00 -2.230636e+00
      vertex   -1.060718e+00 8.241073e+00 -2.247705e+00
      vertex   -8.765939e-01 8.000000e+00 -2.341278e+00
    endloop
  endfacet
  facet normal -3.753322e-01 7.201909e-02 -9.240882e-01
    outer loop
      vertex   -8.765939e-01 8.000000e+00 -2.341278e+00
      vertex   -1.060718e+00 8.241073e+00 -2.247705e+00
      vertex   -8.070138e-01 8.241073e+00 -2.350751e+00
    endloop
  endfacet
  facet normal -2.981621e-01 4.859881e-02 -9.532773e-01
    outer loop
      vertex   -8.765939e-01 8.000000e+00 -2.341278e+00
      vertex   -8.070138e-01 8.241073e+00 -2.350751e+00
      vertex   -6.137137e-01 8.000000e+00 -2.423501e+00
    endloop
  endfacet
  facet normal -2.713969e-01 7.201909e-02 -9.597692e-01
    outer loop
      vertex   -6.137137e-01 8.000000e+00 -2.423501e+00
      vertex   -8.070138e-01 8.241073e+00 -2.350751e+00
      vertex   -5.435139e-01 8.241073e+00 -2.425262e+00
    endloop
  endfacet
  facet normal -1.914841e-01 4.859881e-02 -9.802918e-01
    outer loop
      vertex   -6.137137e-01 8.000000e+00 -2.423501e+00
      vertex   -5.435139e-01 8.241073e+00 -2.425262e+00
      vertex   -3.433839e-01 8.000000e+00 -2.476305e+00
    endloop
  endfacet
  facet normal -1.641672e-01 7.201909e-02 -9.838000e-01
    outer loop
      vertex   -3.433839e-01 8.000000e+00 -2.476305e+00
      vertex   -5.435139e-01 8.241073e+00 -2.425262e+00
      vertex   -2.734164e-01 8.241073e+00 -2.470333e+00
    endloop
  endfacet
  facet normal -8.248177e-02 4.859881e-02 -9.954069e-01
    outer loop
      vertex   -3.433839e-01 8.000000e+00 -2.476305e+00
      vertex   -2.734164e-01 8.241073e+00 -2.470333e+00
      vertex   -6.888586e-02 8.000000e+00 -2.499051e+00
    endloop
  endfacet
  facet normal -5.494471e-02 7.201909e-02 -9.958887e-01
    outer loop
      vertex   -6.888586e-02 8.000000e+00 -2.499051e+00
      vertex   -2.734164e-01 8.241073e+00 -2.470333e+00
      vertex   3.043759e-16 8.241073e+00 -2.485418e+00
    endloop
  endfacet
  facet normal 2.752178e-02 4.859881e-02 -9.984391e-01
    outer loop
      vertex   -6.888586e-02 8.000000e+00 -2.499051e+00
      vertex   3.043759e-16 8.241073e+00 -2.485418e+00
      vertex   2.064484e-01 8.000000e+00 -2.491461e+00
    endloop
  endfacet
  facet normal 5.494471e-02 7.201909e-02 -9.958887e-01
    outer loop
      vertex   2.064484e-01 8.000000e+00 -2.491461e+00
      vertex   3.043759e-16 8.241073e+00 -2.485418e+00
      vertex   2.734164e-01 8.241073e+00 -2.470333e+00
    endloop
  endfacet
  facet normal 1.371913e-01 4.859881e-02 -9.893517e-01
    outer loop
      vertex   2.064484e-01 8.000000e+00 -2.491461e+00
      vertex   2.734164e-01 8.241073e+00 -2.470333e+00
      vertex   4.792766e-01 8.000000e+00 -2.453629e+00
    endloop
  endfacet
  facet normal 1.641672e-01 7.201909e-02 -9.838000e-01
    outer loop
      vertex   4.792766e-01 8.000000e+00 -2.453629e+00
      vertex   2.734164e-01 8.241073e+00 -2.470333e+00
      vertex   5.435139e-01 8.241073e+00 -2.425262e+00
    endloop
  endfacet
  facet normal 2.451954e-01 4.859881e-02 -9.682548e-01
    outer loop
      vertex   4.792766e-01 8.000000e+00 -2.453629e+00
      vertex   5.435139e-01 8.241073e+00 -2.425262e+00
      vertex   7.462870e-01 8.000000e+00 -2.386013e+00
    endloop
  endfacet
  facet normal 2.713969e-01 7.201909e-02 -9.597692e-01
    outer loop
      vertex   7.462870e-01 8.000000e+00 -2.386013e+00
      vertex   5.435139e-01 8.241073e+00 -2.425262e+00
      vertex   8.070138e-01 8.241073e+00 -2.350751e+00
    endloop
  endfacet
  facet normal 3.502232e-01 4.859881e-02 -9.354046e-01
    outer loop
      vertex   7.462870e-01 8.000000e+00 -2.386013e+00
      vertex   8.070138e-01 8.241073e+00 -2.350751e+00
      vertex   1.004239e+00 8.000000e+00 -2.289433e+00
    endloop
  endfacet
  facet normal 3.753322e-01 7.201909e-02 -9.240882e-01
    outer loop
      vertex   1.004239e+00 8.000000e+00 -2.289433e+00
      vertex   8.070138e-01 8.241073e+00 -2.350751e+00
      vertex   1.060718e+00 8.241073e+00 -2.247705e+00
    endloop
  endfacet
  facet normal 4.509998e-01 4.859881e-02 -8.911999e-01
    outer loop
      vertex   1.004239e+00 8.000000e+00 -2.289433e+00
      vertex   1.060718e+00 8.241073e+00 -2.247705e+00
      vertex   1.250000e+00 8.000000e+00 -2.165064e+00
    endloop
  endfacet
  facet normal 4.747115e-01 7.201909e-02 -8.771900e-01
    outer loop
      vertex   1.250000e+00 8.000000e+00 -2.165064e+00
      vertex   1.060718e+00 8.241073e+00 -2.247705e+00
      vertex   1.301546e+00 8.241073e+00 -2.117376e+00
    endloop
  endfacet
  facet normal 5.463019e-01 4.859881e-02 -8.361773e-01
    outer loop
      vertex   1.250000e+00 8.000000e+00 -2.165064e+00
      vertex   1.301546e+00 8.241073e+00 -2.117376e+00
      vertex   1.480588e+00 8.000000e+00 -2.014413e+00
    endloop
  endfacet
  facet normal 5.683284e-01 7.201909e-02 -8.196439e-01
    outer loop
      vertex   1.480588e+00 8.000000e+00 -2.014413e+00
      vertex   1.301546e+00 8.241073e+00 -2.117376e+00
      vertex   1.526575e+00 8.241073e+00 -1.961344e+00
    endloop
  endfacet
  facet normal 6.349726e-01 4.859881e-02 -7.710045e-01
    outer loop
      vertex   1.480588e+00 8.000000e+00 -2.014413e+00
      vertex   1.526575e+00 8.241073e+00 -1.961344e+00
      vertex   1.693204e+00 8.000000e+00 -1.839310e+00
    endloop
  endfacet
  facet normal 6.550466e-01 7.201909e-02 -7.521484e-01
    outer loop
      vertex   1.693204e+00 8.000000e+00 -1.839310e+00
      vertex   1.526575e+00 8.241073e+00 -1.961344e+00
      vertex   1.733074e+00 8.241073e+00 -1.781504e+00
    endloop
  endfacet
  facet normal 7.159355e-01 4.859881e-02 -6.964729e-01
    outer loop
      vertex   1.693204e+00 8.000000e+00 -1.839310e+00
      vertex   1.733074e+00 8.241073e+00 -1.781504e+00
      vertex   1.885267e+00 8.000000e+00 -1.641880e+00
    endloop
  endfacet
  facet normal 7.338134e-01 7.201909e-02 -6.755228e-01
    outer loop
      vertex   1.885267e+00 8.000000e+00 -1.641880e+00
      vertex   1.733074e+00 8.241073e+00 -1.781504e+00
      vertex   1.918535e+00 8.241073e+00 -1.580039e+00
    endloop
  endfacet
  facet normal 7.882080e-01 4.859881e-02 -6.134869e-01
    outer loop
      vertex   1.885267e+00 8.000000e+00 -1.641880e+00
      vertex   1.918535e+00 8.241073e+00 -1.580039e+00
      vertex   2.054445e+00 8.000000e+00 -1.424520e+00
    endloop
  endfacet
  facet normal 8.036727e-01 7.201909e-02 -5.906974e-01
    outer loop
      vertex   2.054445e+00 8.000000e+00 -1.424520e+00
      vertex   1.918535e+00 8.241073e+00 -1.580039e+00
      vertex   2.080708e+00 8.241073e+00 -1.359395e+00
    endloop
  endfacet
  facet normal 8.509128e-01 4.859881e-02 -5.230541e-01
    outer loop
      vertex   2.054445e+00 8.000000e+00 -1.424520e+00
      vertex   2.080708e+00 8.241073e+00 -1.359395e+00
      vertex   2.198684e+00 8.000000e+00 -1.189869e+00
    endloop
  endfacet
  facet normal 8.637766e-01 7.201909e-02 -4.987016e-01
    outer loop
      vertex   2.198684e+00 8.000000e+00 -1.189869e+00
      vertex   2.080708e+00 8.241073e+00 -1.359395e+00
      vertex   2.217625e+00 8.241073e+00 -1.122249e+00
    endloop
  endfacet
  facet normal 9.032886e-01 4.859881e-02 -4.262721e-01
    outer loop
      vertex   2.198684e+00 8.000000e+00 -1.189869e+00
      vertex   2.217625e+00 8.241073e+00 -1.122249e+00
      vertex   2.316235e+00 8.000000e+00 -9.407734e-01
    endloop
  endfacet
  facet normal 9.133953e-01 7.201909e-02 -4.006523e-01
    outer loop
      vertex   2.316235e+00 8.000000e+00 -9.407734e-01
      vertex   2.217625e+00 8.241073e+00 -1.122249e+00
      vertex   2.327622e+00 8.241073e+00 -8.714808e-01
    endloop
  endfacet
  facet normal 9.446996e-01 4.859881e-02 -3.243158e-01
    outer loop
      vertex   2.316235e+00 8.000000e+00 -9.407734e-01
      vertex   2.327622e+00 8.241073e+00 -8.714808e-01
      vertex   2.405670e+00 8.000000e+00 -6.802587e-01
    endloop
  endfacet
  facet normal 9.519267e-01 7.201909e-02 -2.977396e-01
    outer loop
      vertex   2.405670e+00 8.000000e+00 -6.802587e-01
      vertex   2.327622e+00 8.241073e+00 -8.714808e-01
      vertex   2.409365e+00 8.241073e+00 -6.101340e-01
    endloop
  endfacet
  facet normal 9.746434e-01 4.859881e-02 -2.184227e-01
    outer loop
      vertex   2.405670e+00 8.000000e+00 -6.802587e-01
      vertex   2.409365e+00 8.241073e+00 -6.101340e-01
      vertex   2.465903e+00 8.000000e+00 -4.114865e-01
    endloop
  endfacet
  facet normal 9.789029e-01 7.201909e-02 -1.912128e-01
    outer loop
      vertex   2.465903e+00 8.000000e+00 -4.114865e-01
      vertex   2.409365e+00 8.241073e+00 -6.101340e-01
      vertex   2.461861e+00 8.241073e+00 -3.413810e-01
    endloop
  endfacet
  facet normal 9.927562e-01 4.859881e-02 -1.098782e-01
    outer loop
      vertex   2.465903e+00 8.000000e+00 -4.114865e-01
      vertex   2.461861e+00 8.241073e+00 -3.413810e-01
      vertex   2.496204e+00 8.000000e+00 -1.377194e-01
    endloop
  endfacet
  facet normal 9.939966e-01 7.201909e-02 -8.236491e-02
    outer loop
      vertex   2.496204e+00 8.000000e+00 -1.377194e-01
      vertex   2.461861e+00 8.241073e+00 -3.413810e-01
      vertex   2.484474e+00 8.241073e+00 -6.848405e-02
    endloop
  endfacet
  facet normal 9.988184e-01 4.859881e-02 -0.000000e+00
    outer loop
      vertex   2.496204e+00 8.000000e+00 -1.377194e-01
      vertex   2.484474e+00 8.241073e+00 -6.848405e-02
      vertex   2.496204e+00 8.000000e+00 1.377194e-01
    endloop
  endfacet
  facet normal 9.970245e-01 7.201909e-02 2.748279e-02
    outer loop
      vertex   2.496204e+00 8.000000e+00 1.377194e-01
      vertex   2.484474e+00 8.241073e+00 -6.848405e-02
      vertex   2.476929e+00 8.241073e+00 2.052442e-01
    endloop
  endfacet
  facet normal 9.927562e-01 4.859881e-02 1.098782e-01
    outer loop
      vertex   2.496204e+00 8.000000e+00 1.377194e-01
      vertex   2.476929e+00 8.241073e+00 2.052442e-01
      vertex   2.465903e+00 8.000000e+00 4.114865e-01
    endloop
  endfacet
  facet normal 9.879500e-01 7.201909e-02 1.369969e-01
    outer loop
      vertex   2.465903e+00 8.000000e+00 4.114865e-01
      vertex   2.476929e+00 8.241073e+00 2.052442e-01
      vertex   2.439317e+00 8.241073e+00 4.764810e-01
    endloop
  endfacet
  facet normal 9.746434e-01 4.859881e-02 2.184227e-01
    outer loop
      vertex   2.465903e+00 8.000000e+00 4.114865e-01
      vertex   2.439317e+00 8.241073e+00 4.764810e-01
      vertex   2.405670e+00 8.000000e+00 6.802587e-01
    endloop
  endfacet
  facet normal 9.668830e-01 7.201909e-02 2.448480e-01
    outer loop
      vertex   2.405670e+00 8.000000e+00 6.802587e-01
      vertex   2.439317e+00 8.241073e+00 4.764810e-01
      vertex   2.372095e+00 8.241073e+00 7.419340e-01
    endloop
  endfacet
  facet normal 9.446996e-01 4.859881e-02 3.243158e-01
    outer loop
      vertex   2.405670e+00 8.000000e+00 6.802587e-01
      vertex   2.372095e+00 8.241073e+00 7.419340e-01
      vertex   2.316235e+00 8.000000e+00 9.407734e-01
    endloop
  endfacet
  facet normal 9.340794e-01 7.201909e-02 3.497270e-01
    outer loop
      vertex   2.316235e+00 8.000000e+00 9.407734e-01
      vertex   2.372095e+00 8.241073e+00 7.419340e-01
      vertex   2.276079e+00 8.241073e+00 9.983810e-01
    endloop
  endfacet
  facet normal 9.032886e-01 4.859881e-02 4.262721e-01
    outer loop
      vertex   2.316235e+00 8.000000e+00 9.407734e-01
      vertex   2.276079e+00 8.241073e+00 9.983810e-01
      vertex   2.198684e+00 8.000000e+00 1.189869e+00
    endloop
  endfacet
  facet normal 8.899373e-01 7.201909e-02 4.503608e-01
    outer loop
      vertex   2.198684e+00 8.000000e+00 1.189869e+00
      vertex   2.276079e+00 8.241073e+00 9.983810e-01
      vertex   2.152435e+00 8.241073e+00 1.242709e+00
    endloop
  endfacet
  facet normal 8.509128e-01 4.859881e-02 5.230541e-01
    outer loop
      vertex   2.198684e+00 8.000000e+00 1.189869e+00
      vertex   2.152435e+00 8.241073e+00 1.242709e+00
      vertex   2.054445e+00 8.000000e+00 1.424520e+00
    endloop
  endfacet
  facet normal 8.349926e-01 7.201909e-02 5.455279e-01
    outer loop
      vertex   2.054445e+00 8.000000e+00 1.424520e+00
      vertex   2.152435e+00 8.241073e+00 1.242709e+00
      vertex   2.002663e+00 8.241073e+00 1.471952e+00
    endloop
  endfacet
  facet normal 7.882080e-01 4.859881e-02 6.134869e-01
    outer loop
      vertex   2.054445e+00 8.000000e+00 1.424520e+00
      vertex   2.002663e+00 8.241073e+00 1.471952e+00
      vertex   1.885267e+00 8.000000e+00 1.641880e+00
    endloop
  endfacet
  facet normal 7.699122e-01 7.201909e-02 6.340729e-01
    outer loop
      vertex   1.885267e+00 8.000000e+00 1.641880e+00
      vertex   2.002663e+00 8.241073e+00 1.471952e+00
      vertex   1.828581e+00 8.241073e+00 1.683328e+00
    endloop
  endfacet
  facet normal 7.159355e-01 4.859881e-02 6.964729e-01
    outer loop
      vertex   1.885267e+00 8.000000e+00 1.641880e+00
      vertex   1.828581e+00 8.241073e+00 1.683328e+00
      vertex   1.693204e+00 8.000000e+00 1.839310e+00
    endloop
  endfacet
  facet normal 6.954861e-01 7.201909e-02 7.149212e-01
    outer loop
      vertex   1.693204e+00 8.000000e+00 1.839310e+00
      vertex   1.828581e+00 8.241073e+00 1.683328e+00
      vertex   1.632303e+00 8.241073e+00 1.874270e+00
    endloop
  endfacet
  facet normal 6.349726e-01 4.859881e-02 7.710045e-01
    outer loop
      vertex   1.693204e+00 8.000000e+00 1.839310e+00
      vertex   1.632303e+00 8.241073e+00 1.874270e+00
      vertex   1.480588e+00 8.000000e+00 2.014413e+00
    endloop
  endfacet
  facet normal 6.126178e-01 7.201909e-02 7.870913e-01
    outer loop
      vertex   1.480588e+00 8.000000e+00 2.014413e+00
      vertex   1.632303e+00 8.241073e+00 1.874270e+00
      vertex   1.416211e+00 8.241073e+00 2.042461e+00
    endloop
  endfacet
  facet normal 5.463019e-01 4.859881e-02 8.361773e-01
    outer loop
      vertex   1.480588e+00 8.000000e+00 2.014413e+00
      vertex   1.416211e+00 8.241073e+00 2.042461e+00
      vertex   1.250000e+00 8.000000e+00 2.165064e+00
    endloop
  endfacet
  facet normal 5.223131e-01 7.201909e-02 8.497072e-01
    outer loop
      vertex   1.250000e+00 8.000000e+00 2.165064e+00
      vertex   1.416211e+00 8.241073e+00 2.042461e+00
      vertex   1.182928e+00 8.241073e+00 2.185860e+00
    endloop
  endfacet
  facet normal 4.509998e-01 4.859881e-02 8.911999e-01
    outer loop
      vertex   1.250000e+00 8.000000e+00 2.165064e+00
      vertex   1.182928e+00 8.241073e+00 2.185860e+00
      vertex   1.004239e+00 8.000000e+00 2.289433e+00
    endloop
  endfacet
  facet normal 4.256682e-01 7.201909e-02 9.020088e-01
    outer loop
      vertex   1.004239e+00 8.000000e+00 2.289433e+00
      vertex   1.182928e+00 8.241073e+00 2.185860e+00
      vertex   9.352860e-01 8.241073e+00 2.302725e+00
    endloop
  endfacet
  facet normal 3.502232e-01 4.859881e-02 9.354046e-01
    outer loop
      vertex   1.004239e+00 8.000000e+00 2.289433e+00
      vertex   9.352860e-01 8.241073e+00 2.302725e+00
      vertex   7.462870e-01 8.000000e+00 2.386013e+00
    endloop
  endfacet
  facet normal 3.238563e-01 7.201909e-02 9.433612e-01
    outer loop
      vertex   7.462870e-01 8.000000e+00 2.386013e+00
      vertex   9.352860e-01 8.241073e+00 2.302725e+00
      vertex   6.762908e-01 8.241073e+00 2.391638e+00
    endloop
  endfacet
  facet normal 2.451954e-01 4.859881e-02 9.682548e-01
    outer loop
      vertex   7.462870e-01 8.000000e+00 2.386013e+00
      vertex   6.762908e-01 8.241073e+00 2.391638e+00
      vertex   4.792766e-01 8.000000e+00 2.453629e+00
    endloop
  endfacet
  facet normal 2.181132e-01 7.201909e-02 9.732625e-01
    outer loop
      vertex   4.792766e-01 8.000000e+00 2.453629e+00
      vertex   6.762908e-01 8.241073e+00 2.391638e+00
      vertex   4.090863e-01 8.241073e+00 2.451520e+00
    endloop
  endfacet
  facet normal 1.371913e-01 4.859881e-02 9.893517e-01
    outer loop
      vertex   4.792766e-01 8.000000e+00 2.453629e+00
      vertex   4.090863e-01 8.241073e+00 2.451520e+00
      vertex   2.064484e-01 8.000000e+00 2.491461e+00
    endloop
  endfacet
  facet normal 1.097226e-01 7.201909e-02 9.913497e-01
    outer loop
      vertex   2.064484e-01 8.000000e+00 2.491461e+00
      vertex   4.090863e-01 8.241073e+00 2.451520e+00
      vertex   1.369161e-01 8.241073e+00 2.481644e+00
    endloop
  endfacet
  facet normal 2.752178e-02 4.859881e-02 9.984391e-01
    outer loop
      vertex   2.064484e-01 8.000000e+00 2.491461e+00
      vertex   1.369161e-01 8.241073e+00 2.481644e+00
      vertex   -6.888586e-02 8.000000e+00 2.499051e+00
    endloop
  endfacet
  facet normal 0.000000e+00 7.201909e-02 9.974033e-01
    outer loop
      vertex   -6.888586e-02 8.000000e+00 2.499051e+00
      vertex   1.369161e-01 8.241073e+00 2.481644e+00
      vertex   -1.369161e-01 8.241073e+00 2.481644e+00
    endloop
  endfacet
  facet normal -8.248177e-02 4.859881e-02 9.954069e-01
    outer loop
      vertex   -6.888586e-02 8.000000e+00 2.499051e+00
      vertex   -1.369161e-01 8.241073e+00 2.481644e+00
      vertex   -3.433839e-01 8.000000e+00 2.476305e+00
    endloop
  endfacet
  facet normal -1.097226e-01 7.201909e-02 9.913497e-01
    outer loop
      vertex   -3.433839e-01 8.000000e+00 2.476305e+00
      vertex   -1.369161e-01 8.241073e+00 2.481644e+00
      vertex   -4.090863e-01 8.241073e+00 2.451520e+00
    endloop
  endfacet
  facet normal -1.914841e-01 4.859881e-02 9.802918e-01
    outer loop
      vertex   -3.433839e-01 8.000000e+00 2.476305e+00
      vertex   -4.090863e-01 8.241073e+00 2.451520e+00
      vertex   -6.137137e-01 8.000000e+00 2.423501e+00
    endloop
  endfacet
  facet normal -2.181132e-01 7.201909e-02 9.732625e-01
    outer loop
      vertex   -6.137137e-01 8.000000e+00 2.423501e+00
      vertex   -4.090863e-01 8.241073e+00 2.451520e+00
      vertex   -6.762908e-01 8.241073e+00 2.391638e+00
    endloop
  endfacet
  facet normal -2.981621e-01 4.859881e-02 9.532773e-01
    outer loop
      vertex   -6.137137e-01 8.000000e+00 2.423501e+00
      vertex   -6.762908e-01 8.241073e+00 2.391638e+00
      vertex   -8.765939e-01 8.000000e+00 2.341278e+00
    endloop
  endfacet
  facet normal -3.238563e-01 7.201909e-02 9.433612e-01
    outer loop
      vertex   -8.765939e-01 8.000000e+00 2.341278e+00
      vertex   -6.762908e-01 8.241073e+00 2.391638e+00
      vertex   -9.352860e-01 8.241073e+00 2.302725e+00
    endloop
  endfacet
  facet normal -4.012208e-01 4.859881e-02 9.146912e-01
    outer loop
      vertex   -8.765939e-01 8.000000e+00 2.341278e+00
      vertex   -9.352860e-01 8.241073e+00 2.302725e+00
      vertex   -1.128833e+00 8.000000e+00 2.230636e+00
    endloop
  endfacet
  facet normal -4.256682e-01 7.201909e-02 9.020088e-01
    outer loop
      vertex   -1.128833e+00 8.000000e+00 2.230636e+00
      vertex   -9.352860e-01 8.241073e+00 2.302725e+00
      vertex   -1.182928e+00 8.241073e+00 2.185860e+00
    endloop
  endfacet
  facet normal -4.994092e-01 4.859881e-02 8.650021e-01
    outer loop
      vertex   -1.128833e+00 8.000000e+00 2.230636e+00
      vertex   -1.182928e+00 8.241073e+00 2.185860e+00
      vertex   -1.367370e+00 8.000000e+00 2.092916e+00
    endloop
  endfacet
  facet normal -5.223131e-01 7.201909e-02 8.497072e-01
    outer loop
      vertex   -1.367370e+00 8.000000e+00 2.092916e+00
      vertex   -1.182928e+00 8.241073e+00 2.185860e+00
      vertex   -1.416211e+00 8.241073e+00 2.042461e+00
    endloop
  endfacet
  facet normal -5.915355e-01 4.859881e-02 8.048130e-01
    outer loop
      vertex   -1.367370e+00 8.000000e+00 2.092916e+00
      vertex   -1.416211e+00 8.241073e+00 2.042461e+00
      vertex   -1.589309e+00 8.000000e+00 1.929792e+00
    endloop
  endfacet
  facet normal -6.126178e-01 7.201909e-02 7.870913e-01
    outer loop
      vertex   -1.589309e+00 8.000000e+00 1.929792e+00
      vertex   -1.416211e+00 8.241073e+00 2.042461e+00
      vertex   -1.632303e+00 8.241073e+00 1.874270e+00
    endloop
  endfacet
  facet normal -6.764813e-01 4.859881e-02 7.348546e-01
    outer loop
      vertex   -1.589309e+00 8.000000e+00 1.929792e+00
      vertex   -1.632303e+00 8.241073e+00 1.874270e+00
      vertex   -1.791956e+00 8.000000e+00 1.743242e+00
    endloop
  endfacet
  facet normal -6.954861e-01 7.201909e-02 7.149212e-01
    outer loop
      vertex   -1.791956e+00 8.000000e+00 1.743242e+00
      vertex   -1.632303e+00 8.241073e+00 1.874270e+00
      vertex   -1.828581e+00 8.241073e+00 1.683328e+00
    endloop
  endfacet
  facet normal -7.532155e-01 4.859881e-02 6.559760e-01
    outer loop
      vertex   -1.791956e+00 8.000000e+00 1.743242e+00
      vertex   -1.828581e+00 8.241073e+00 1.683328e+00
      vertex   -1.972851e+00 8.000000e+00 1.535532e+00
    endloop
  endfacet
  facet normal -7.699122e-01 7.201909e-02 6.340729e-01
    outer loop
      vertex   -1.972851e+00 8.000000e+00 1.535532e+00
      vertex   -1.828581e+00 8.241073e+00 1.683328e+00
      vertex   -2.002663e+00 8.241073e+00 1.471952e+00
    endloop
  endfacet
  facet normal -8.208068e-01 4.859881e-02 5.691348e-01
    outer loop
      vertex   -1.972851e+00 8.000000e+00 1.535532e+00
      vertex   -2.002663e+00 8.241073e+00 1.471952e+00
      vertex   -2.129799e+00 8.000000e+00 1.309182e+00
    endloop
  endfacet
  facet normal -8.349926e-01 7.201909e-02 5.455279e-01
    outer loop
      vertex   -2.129799e+00 8.000000e+00 1.309182e+00
      vertex   -2.002663e+00 8.241073e+00 1.471952e+00
      vertex   -2.152435e+00 8.241073e+00 1.242709e+00
    endloop
  endfacet
  facet normal -8.784345e-01 4.859881e-02 4.753850e-01
    outer loop
      vertex   -2.129799e+00 8.000000e+00 1.309182e+00
      vertex   -2.152435e+00 8.241073e+00 1.242709e+00
      vertex   -2.260893e+00 8.000000e+00 1.066941e+00
    endloop
  endfacet
  facet normal -8.899373e-01 7.201909e-02 4.503608e-01
    outer loop
      vertex   -2.260893e+00 8.000000e+00 1.066941e+00
      vertex   -2.152435e+00 8.241073e+00 1.242709e+00
      vertex   -2.276079e+00 8.241073e+00 9.983810e-01
    endloop
  endfacet
  facet normal -9.253993e-01 4.859881e-02 3.758647e-01
    outer loop
      vertex   -2.260893e+00 8.000000e+00 1.066941e+00
      vertex   -2.276079e+00 8.241073e+00 9.983810e-01
      vertex   -2.364543e+00 8.000000e+00 8.117487e-01
    endloop
  endfacet
  facet normal -9.340794e-01 7.201909e-02 3.497270e-01
    outer loop
      vertex   -2.364543e+00 8.000000e+00 8.117487e-01
      vertex   -2.276079e+00 8.241073e+00 9.983810e-01
      vertex   -2.372095e+00 8.241073e+00 7.419340e-01
    endloop
  endfacet
  facet normal -9.611310e-01 4.859881e-02 2.717819e-01
    outer loop
      vertex   -2.364543e+00 8.000000e+00 8.117487e-01
      vertex   -2.372095e+00 8.241073e+00 7.419340e-01
      vertex   -2.439491e+00 8.000000e+00 5.467027e-01
    endloop
  endfacet
  facet normal -9.668830e-01 7.201909e-02 2.448480e-01
    outer loop
      vertex   -2.439491e+00 8.000000e+00 5.467027e-01
      vertex   -2.372095e+00 8.241073e+00 7.419340e-01
      vertex   -2.439317e+00 8.241073e+00 4.764810e-01
    endloop
  endfacet
  facet normal -9.851958e-01 4.859881e-02 1.644001e-01
    outer loop
      vertex   -2.439491e+00 8.000000e+00 5.467027e-01
      vertex   -2.439317e+00 8.241073e+00 4.764810e-01
      vertex   -2.484827e+00 8.000000e+00 2.750206e-01
    endloop
  endfacet
  facet normal -9.879500e-01 7.201909e-02 1.369969e-01
    outer loop
      vertex   -2.484827e+00 8.000000e+00 2.750206e-01
      vertex   -2.439317e+00 8.241073e+00 4.764810e-01
      vertex   -2.476929e+00 8.241073e+00 2.052442e-01
    endloop
  endfacet
  facet normal -5.907419e-02 9.982278e-01 -7.172905e-03
    outer loop
      vertex   -4.854709e-01 1.000000e+01 -1.196578e-01
      vertex   -7.340496e-01 9.985418e+00 -1.017891e-01
      vertex   -5.000000e-01 1.000000e+01 -6.123234e-17
    endloop
  endfacet
  facet normal -6.002777e-02 9.981843e-01 -4.974043e-03
    outer loop
      vertex   -5.000000e-01 1.000000e+01 -6.123234e-17
      vertex   -7.340496e-01 9.985418e+00 -1.017891e-01
      vertex   -7.407920e-01 9.985418e+00 -2.041979e-02
    endloop
  endfacet
  facet normal -6.058983e-02 9.981614e-01 1.670147e-03
    outer loop
      vertex   -5.000000e-01 1.000000e+01 -6.123234e-17
      vertex   -7.407920e-01 9.985418e+00 -2.041979e-02
      vertex   -7.385423e-01 9.985418e+00 6.119736e-02
    endloop
  endfacet
  facet normal -1.804517e-01 9.835713e-01 4.974117e-03
    outer loop
      vertex   -7.385423e-01 9.985418e+00 6.119736e-02
      vertex   -7.407920e-01 9.985418e+00 -2.041979e-02
      vertex   -9.782598e-01 9.941884e+00 -2.696554e-02
    endloop
  endfacet
  facet normal -1.804517e-01 9.835713e-01 4.974117e-03
    outer loop
      vertex   -7.385423e-01 9.985418e+00 6.119736e-02
      vertex   -9.782598e-01 9.941884e+00 -2.696554e-02
      vertex   -9.752888e-01 9.941884e+00 8.081474e-02
    endloop
  endfacet
  facet normal -2.978023e-01 9.545923e-01 8.208862e-03
    outer loop
      vertex   -9.752888e-01 9.941884e+00 8.081474e-02
      vertex   -9.782598e-01 9.941884e+00 -2.696554e-02
      vertex   -1.208751e+00 9.870032e+00 -3.331898e-02
    endloop
  endfacet
  facet normal -2.978023e-01 9.545923e-01 8.208862e-03
    outer loop
      vertex   -9.752888e-01 9.941884e+00 8.081474e-02
      vertex   -1.208751e+00 9.870032e+00 -3.331898e-02
      vertex   -1.205080e+00 9.870032e+00 9.985575e-02
    endloop
  endfacet
  facet normal -4.107756e-01 9.116662e-01 1.132295e-02
    outer loop
      vertex   -1.205080e+00 9.870032e+00 9.985575e-02
      vertex   -1.208751e+00 9.870032e+00 -3.331898e-02
      vertex   -1.428904e+00 9.770912e+00 -3.938745e-02
    endloop
  endfacet
  facet normal -4.107756e-01 9.116662e-01 1.132295e-02
    outer loop
      vertex   -1.205080e+00 9.870032e+00 9.985575e-02
      vertex   -1.428904e+00 9.770912e+00 -3.938745e-02
      vertex   -1.424564e+00 9.770912e+00 1.180427e-01
    endloop
  endfacet
  facet normal -5.177170e-01 8.554329e-01 1.427077e-02
    outer loop
      vertex   -1.424564e+00 9.770912e+00 1.180427e-01
      vertex   -1.428904e+00 9.770912e+00 -3.938745e-02
      vertex   -1.635508e+00 9.645968e+00 -4.508247e-02
    endloop
  endfacet
  facet normal -5.177170e-01 8.554329e-01 1.427077e-02
    outer loop
      vertex   -1.424564e+00 9.770912e+00 1.180427e-01
      vertex   -1.635508e+00 9.645968e+00 -4.508247e-02
      vertex   -1.630541e+00 9.645968e+00 1.351105e-01
    endloop
  endfacet
  facet normal -6.170652e-01 7.867282e-01 1.700928e-02
    outer loop
      vertex   -1.630541e+00 9.645968e+00 1.351105e-01
      vertex   -1.635508e+00 9.645968e+00 -4.508247e-02
      vertex   -1.825552e+00 9.497021e+00 -5.032099e-02
    endloop
  endfacet
  facet normal -6.170652e-01 7.867282e-01 1.700928e-02
    outer loop
      vertex   -1.630541e+00 9.645968e+00 1.351105e-01
      vertex   -1.825552e+00 9.497021e+00 -5.032099e-02
      vertex   -1.820008e+00 9.497021e+00 1.508101e-01
    endloop
  endfacet
  facet normal -7.073752e-01 7.065693e-01 1.949866e-02
    outer loop
      vertex   -1.820008e+00 9.497021e+00 1.508101e-01
      vertex   -1.825552e+00 9.497021e+00 -5.032099e-02
      vertex   -1.996263e+00 9.326245e+00 -5.502662e-02
    endloop
  endfacet
  facet normal -7.073752e-01 7.065693e-01 1.949866e-02
    outer loop
      vertex   -1.820008e+00 9.497021e+00 1.508101e-01
      vertex   -1.996263e+00 9.326245e+00 -5.502662e-02
      vertex   -1.990201e+00 9.326245e+00 1.649127e-01
    endloop
  endfacet
  facet normal -7.873391e-01 6.161381e-01 2.170285e-02
    outer loop
      vertex   -1.990201e+00 9.326245e+00 1.649127e-01
      vertex   -1.996263e+00 9.326245e+00 -5.502662e-02
      vertex   -2.145153e+00 9.136129e+00 -5.913073e-02
    endloop
  endfacet
  facet normal -7.873391e-01 6.161381e-01 2.170285e-02
    outer loop
      vertex   -1.990201e+00 9.326245e+00 1.649127e-01
      vertex   -2.145153e+00 9.136129e+00 -5.913073e-02
      vertex   -2.138638e+00 9.136129e+00 1.772126e-01
    endloop
  endfacet
  facet normal -8.558039e-01 5.167621e-01 2.359007e-02
    outer loop
      vertex   -2.138638e+00 9.136129e+00 1.772126e-01
      vertex   -2.145153e+00 9.136129e+00 -5.913073e-02
      vertex   -2.270050e+00 8.929446e+00 -6.257349e-02
    endloop
  endfacet
  facet normal -8.558039e-01 5.167621e-01 2.359007e-02
    outer loop
      vertex   -2.138638e+00 9.136129e+00 1.772126e-01
      vertex   -2.270050e+00 8.929446e+00 -6.257349e-02
      vertex   -2.263156e+00 8.929446e+00 1.875304e-01
    endloop
  endfacet
  facet normal -9.117867e-01 4.098944e-01 2.513322e-02
    outer loop
      vertex   -2.263156e+00 8.929446e+00 1.875304e-01
      vertex   -2.270050e+00 8.929446e+00 -6.257349e-02
      vertex   -2.369133e+00 8.709210e+00 -6.530469e-02
    endloop
  endfacet
  facet normal -9.117867e-01 4.098944e-01 2.513322e-02
    outer loop
      vertex   -2.263156e+00 8.929446e+00 1.875304e-01
      vertex   -2.369133e+00 8.709210e+00 -6.530469e-02
      vertex   -2.361938e+00 8.709210e+00 1.957157e-01
    endloop
  endfacet
  facet normal -9.544866e-01 2.970912e-01 2.631024e-02
    outer loop
      vertex   -2.361938e+00 8.709210e+00 1.957157e-01
      vertex   -2.369133e+00 8.709210e+00 -6.530469e-02
      vertex   -2.440957e+00 8.478631e+00 -6.728450e-02
    endloop
  endfacet
  facet normal -9.544866e-01 2.970912e-01 2.631024e-02
    outer loop
      vertex   -2.361938e+00 8.709210e+00 1.957157e-01
      vertex   -2.440957e+00 8.478631e+00 -6.728450e-02
      vertex   -2.433543e+00 8.478631e+00 2.016492e-01
    endloop
  endfacet
  facet normal -9.832949e-01 1.799902e-01 2.710434e-02
    outer loop
      vertex   -2.433543e+00 8.478631e+00 2.016492e-01
      vertex   -2.440957e+00 8.478631e+00 -6.728450e-02
      vertex   -2.484474e+00 8.241073e+00 -6.848405e-02
    endloop
  endfacet
  facet normal -9.832949e-01 1.799902e-01 2.710434e-02
    outer loop
      vertex   -2.433543e+00 8.478631e+00 2.016492e-01
      vertex   -2.484474e+00 8.241073e+00 -6.848405e-02
      vertex   -2.476929e+00 8.241073e+00 2.052442e-01
    endloop
  endfacet
  facet normal -5.561838e-02 9.982293e-01 -2.109327e-02
    outer loop
      vertex   -4.427280e-01 1.000000e+01 -2.323616e-01
      vertex   -6.940236e-01 9.985418e+00 -2.598482e-01
      vertex   -4.854709e-01 1.000000e+01 -1.196578e-01
    endloop
  endfacet
  facet normal -5.766863e-02 9.981728e-01 -1.803735e-02
    outer loop
      vertex   -4.854709e-01 1.000000e+01 -1.196578e-01
      vertex   -6.940236e-01 9.985418e+00 -2.598482e-01
      vertex   -7.183967e-01 9.985418e+00 -1.819228e-01
    endloop
  endfacet
  facet normal -5.938894e-02 9.981675e-01 -1.160067e-02
    outer loop
      vertex   -4.854709e-01 1.000000e+01 -1.196578e-01
      vertex   -7.183967e-01 9.985418e+00 -1.819228e-01
      vertex   -7.340496e-01 9.985418e+00 -1.017891e-01
    endloop
  endfacet
  facet normal -1.771719e-01 9.835713e-01 -3.460765e-02
    outer loop
      vertex   -7.340496e-01 9.985418e+00 -1.017891e-01
      vertex   -7.183967e-01 9.985418e+00 -1.819228e-01
      vertex   -9.486855e-01 9.941884e+00 -2.402398e-01
    endloop
  endfacet
  facet normal -1.771719e-01 9.835713e-01 -3.460765e-02
    outer loop
      vertex   -7.340496e-01 9.985418e+00 -1.017891e-01
      vertex   -9.486855e-01 9.941884e+00 -2.402398e-01
      vertex   -9.693560e-01 9.941884e+00 -1.344185e-01
    endloop
  endfacet
  facet normal -2.923895e-01 9.545923e-01 -5.711354e-02
    outer loop
      vertex   -9.693560e-01 9.941884e+00 -1.344185e-01
      vertex   -9.486855e-01 9.941884e+00 -2.402398e-01
      vertex   -1.172208e+00 9.870032e+00 -2.968435e-01
    endloop
  endfacet
  facet normal -2.923895e-01 9.545923e-01 -5.711354e-02
    outer loop
      vertex   -9.693560e-01 9.941884e+00 -1.344185e-01
      vertex   -1.172208e+00 9.870032e+00 -2.968435e-01
      vertex   -1.197749e+00 9.870032e+00 -1.660893e-01
    endloop
  endfacet
  facet normal -4.033095e-01 9.116662e-01 -7.877996e-02
    outer loop
      vertex   -1.197749e+00 9.870032e+00 -1.660893e-01
      vertex   -1.172208e+00 9.870032e+00 -2.968435e-01
      vertex   -1.385706e+00 9.770912e+00 -3.509083e-01
    endloop
  endfacet
  facet normal -4.033095e-01 9.116662e-01 -7.877996e-02
    outer loop
      vertex   -1.197749e+00 9.870032e+00 -1.660893e-01
      vertex   -1.385706e+00 9.770912e+00 -3.509083e-01
      vertex   -1.415898e+00 9.770912e+00 -1.963395e-01
    endloop
  endfacet
  facet normal -5.083071e-01 8.554329e-01 -9.928955e-02
    outer loop
      vertex   -1.415898e+00 9.770912e+00 -1.963395e-01
      vertex   -1.385706e+00 9.770912e+00 -3.509083e-01
      vertex   -1.586064e+00 9.645968e+00 -4.016461e-01
    endloop
  endfacet
  facet normal -5.083071e-01 8.554329e-01 -9.928955e-02
    outer loop
      vertex   -1.415898e+00 9.770912e+00 -1.963395e-01
      vertex   -1.586064e+00 9.645968e+00 -4.016461e-01
      vertex   -1.620622e+00 9.645968e+00 -2.247282e-01
    endloop
  endfacet
  facet normal -6.058496e-01 7.867282e-01 -1.183429e-01
    outer loop
      vertex   -1.620622e+00 9.645968e+00 -2.247282e-01
      vertex   -1.586064e+00 9.645968e+00 -4.016461e-01
      vertex   -1.770363e+00 9.497021e+00 -4.483167e-01
    endloop
  endfacet
  facet normal -6.058496e-01 7.867282e-01 -1.183429e-01
    outer loop
      vertex   -1.620622e+00 9.645968e+00 -2.247282e-01
      vertex   -1.770363e+00 9.497021e+00 -4.483167e-01
      vertex   -1.808936e+00 9.497021e+00 -2.508413e-01
    endloop
  endfacet
  facet normal -6.945181e-01 7.065693e-01 -1.356628e-01
    outer loop
      vertex   -1.808936e+00 9.497021e+00 -2.508413e-01
      vertex   -1.770363e+00 9.497021e+00 -4.483167e-01
      vertex   -1.935913e+00 9.326245e+00 -4.902398e-01
    endloop
  endfacet
  facet normal -6.945181e-01 7.065693e-01 -1.356628e-01
    outer loop
      vertex   -1.808936e+00 9.497021e+00 -2.508413e-01
      vertex   -1.935913e+00 9.326245e+00 -4.902398e-01
      vertex   -1.978094e+00 9.326245e+00 -2.742980e-01
    endloop
  endfacet
  facet normal -7.730286e-01 6.161381e-01 -1.509986e-01
    outer loop
      vertex   -1.978094e+00 9.326245e+00 -2.742980e-01
      vertex   -1.935913e+00 9.326245e+00 -4.902398e-01
      vertex   -2.080302e+00 9.136129e+00 -5.268039e-01
    endloop
  endfacet
  facet normal -7.730286e-01 6.161381e-01 -1.509986e-01
    outer loop
      vertex   -1.978094e+00 9.326245e+00 -2.742980e-01
      vertex   -2.080302e+00 9.136129e+00 -5.268039e-01
      vertex   -2.125628e+00 9.136129e+00 -2.947563e-01
    endloop
  endfacet
  facet normal -8.402491e-01 5.167621e-01 -1.641290e-01
    outer loop
      vertex   -2.125628e+00 9.136129e+00 -2.947563e-01
      vertex   -2.080302e+00 9.136129e+00 -5.268039e-01
      vertex   -2.201423e+00 8.929446e+00 -5.574760e-01
    endloop
  endfacet
  facet normal -8.402491e-01 5.167621e-01 -1.641290e-01
    outer loop
      vertex   -2.125628e+00 9.136129e+00 -2.947563e-01
      vertex   -2.201423e+00 8.929446e+00 -5.574760e-01
      vertex   -2.249389e+00 8.929446e+00 -3.119179e-01
    endloop
  endfacet
  facet normal -8.952143e-01 4.098944e-01 -1.748656e-01
    outer loop
      vertex   -2.249389e+00 8.929446e+00 -3.119179e-01
      vertex   -2.201423e+00 8.929446e+00 -5.574760e-01
      vertex   -2.297510e+00 8.709210e+00 -5.818086e-01
    endloop
  endfacet
  facet normal -8.952143e-01 4.098944e-01 -1.748656e-01
    outer loop
      vertex   -2.249389e+00 8.929446e+00 -3.119179e-01
      vertex   -2.297510e+00 8.709210e+00 -5.818086e-01
      vertex   -2.347570e+00 8.709210e+00 -3.255324e-01
    endloop
  endfacet
  facet normal -9.371381e-01 2.970912e-01 -1.830547e-01
    outer loop
      vertex   -2.347570e+00 8.709210e+00 -3.255324e-01
      vertex   -2.297510e+00 8.709210e+00 -5.818086e-01
      vertex   -2.367163e+00 8.478631e+00 -5.994470e-01
    endloop
  endfacet
  facet normal -9.371381e-01 2.970912e-01 -1.830547e-01
    outer loop
      vertex   -2.347570e+00 8.709210e+00 -3.255324e-01
      vertex   -2.367163e+00 8.478631e+00 -5.994470e-01
      vertex   -2.418740e+00 8.478631e+00 -3.354014e-01
    endloop
  endfacet
  facet normal -9.654228e-01 1.799902e-01 -1.885797e-01
    outer loop
      vertex   -2.418740e+00 8.478631e+00 -3.354014e-01
      vertex   -2.367163e+00 8.478631e+00 -5.994470e-01
      vertex   -2.409365e+00 8.241073e+00 -6.101340e-01
    endloop
  endfacet
  facet normal -9.654228e-01 1.799902e-01 -1.885797e-01
    outer loop
      vertex   -2.418740e+00 8.478631e+00 -3.354014e-01
      vertex   -2.409365e+00 8.241073e+00 -6.101340e-01
      vertex   -2.461861e+00 8.241073e+00 -3.413810e-01
    endloop
  endfacet
  facet normal -4.900077e-02 9.982259e-01 -3.382279e-02
    outer loop
      vertex   -3.742554e-01 1.000000e+01 -3.315614e-01
      vertex   -6.204018e-01 9.985418e+00 -4.053287e-01
      vertex   -4.427280e-01 1.000000e+01 -2.323616e-01
    endloop
  endfacet
  facet normal -5.244533e-02 9.981646e-01 -3.027933e-02
    outer loop
      vertex   -4.427280e-01 1.000000e+01 -2.323616e-01
      vertex   -6.204018e-01 9.985418e+00 -4.053287e-01
      vertex   -6.612259e-01 9.985418e+00 -3.346194e-01
    endloop
  endfacet
  facet normal -5.527072e-02 9.981770e-01 -2.424399e-02
    outer loop
      vertex   -4.427280e-01 1.000000e+01 -2.323616e-01
      vertex   -6.612259e-01 9.985418e+00 -3.346194e-01
      vertex   -6.940236e-01 9.985418e+00 -2.598482e-01
    endloop
  endfacet
  facet normal -1.653156e-01 9.835713e-01 -7.251416e-02
    outer loop
      vertex   -6.940236e-01 9.985418e+00 -2.598482e-01
      vertex   -6.612259e-01 9.985418e+00 -3.346194e-01
      vertex   -8.731880e-01 9.941884e+00 -4.418847e-01
    endloop
  endfacet
  facet normal -1.653156e-01 9.835713e-01 -7.251416e-02
    outer loop
      vertex   -6.940236e-01 9.985418e+00 -2.598482e-01
      vertex   -8.731880e-01 9.941884e+00 -4.418847e-01
      vertex   -9.164993e-01 9.941884e+00 -3.431449e-01
    endloop
  endfacet
  facet normal -2.728229e-01 9.545923e-01 -1.196712e-01
    outer loop
      vertex   -9.164993e-01 9.941884e+00 -3.431449e-01
      vertex   -8.731880e-01 9.941884e+00 -4.418847e-01
      vertex   -1.078923e+00 9.870032e+00 -5.459986e-01
    endloop
  endfacet
  facet normal -2.728229e-01 9.545923e-01 -1.196712e-01
    outer loop
      vertex   -9.164993e-01 9.941884e+00 -3.431449e-01
      vertex   -1.078923e+00 9.870032e+00 -5.459986e-01
      vertex   -1.132439e+00 9.870032e+00 -4.239944e-01
    endloop
  endfacet
  facet normal -3.763202e-01 9.116662e-01 -1.650694e-01
    outer loop
      vertex   -1.132439e+00 9.870032e+00 -4.239944e-01
      vertex   -1.078923e+00 9.870032e+00 -5.459986e-01
      vertex   -1.275430e+00 9.770912e+00 -6.454427e-01
    endloop
  endfacet
  facet normal -3.763202e-01 9.116662e-01 -1.650694e-01
    outer loop
      vertex   -1.132439e+00 9.870032e+00 -4.239944e-01
      vertex   -1.275430e+00 9.770912e+00 -6.454427e-01
      vertex   -1.338693e+00 9.770912e+00 -5.012176e-01
    endloop
  endfacet
  facet normal -4.742915e-01 8.554329e-01 -2.080435e-01
    outer loop
      vertex   -1.338693e+00 9.770912e+00 -5.012176e-01
      vertex   -1.275430e+00 9.770912e+00 -6.454427e-01
      vertex   -1.459844e+00 9.645968e+00 -7.387671e-01
    endloop
  endfacet
  facet normal -4.742915e-01 8.554329e-01 -2.080435e-01
    outer loop
      vertex   -1.338693e+00 9.770912e+00 -5.012176e-01
      vertex   -1.459844e+00 9.645968e+00 -7.387671e-01
      vertex   -1.532254e+00 9.645968e+00 -5.736885e-01
    endloop
  endfacet
  facet normal -5.653065e-01 7.867282e-01 -2.479664e-01
    outer loop
      vertex   -1.532254e+00 9.645968e+00 -5.736885e-01
      vertex   -1.459844e+00 9.645968e+00 -7.387671e-01
      vertex   -1.629475e+00 9.497021e+00 -8.246107e-01
    endloop
  endfacet
  facet normal -5.653065e-01 7.867282e-01 -2.479664e-01
    outer loop
      vertex   -1.532254e+00 9.645968e+00 -5.736885e-01
      vertex   -1.629475e+00 9.497021e+00 -8.246107e-01
      vertex   -1.710299e+00 9.497021e+00 -6.403502e-01
    endloop
  endfacet
  facet normal -6.480414e-01 7.065693e-01 -2.842573e-01
    outer loop
      vertex   -1.710299e+00 9.497021e+00 -6.403502e-01
      vertex   -1.629475e+00 9.497021e+00 -8.246107e-01
      vertex   -1.781851e+00 9.326245e+00 -9.017218e-01
    endloop
  endfacet
  facet normal -6.480414e-01 7.065693e-01 -2.842573e-01
    outer loop
      vertex   -1.710299e+00 9.497021e+00 -6.403502e-01
      vertex   -1.781851e+00 9.326245e+00 -9.017218e-01
      vertex   -1.870233e+00 9.326245e+00 -7.002307e-01
    endloop
  endfacet
  facet normal -7.212980e-01 6.161381e-01 -3.163906e-01
    outer loop
      vertex   -1.870233e+00 9.326245e+00 -7.002307e-01
      vertex   -1.781851e+00 9.326245e+00 -9.017218e-01
      vertex   -1.914749e+00 9.136129e+00 -9.689760e-01
    endloop
  endfacet
  facet normal -7.212980e-01 6.161381e-01 -3.163906e-01
    outer loop
      vertex   -1.870233e+00 9.326245e+00 -7.002307e-01
      vertex   -1.914749e+00 9.136129e+00 -9.689760e-01
      vertex   -2.009723e+00 9.136129e+00 -7.524569e-01
    endloop
  endfacet
  facet normal -7.840201e-01 5.167621e-01 -3.439031e-01
    outer loop
      vertex   -2.009723e+00 9.136129e+00 -7.524569e-01
      vertex   -1.914749e+00 9.136129e+00 -9.689760e-01
      vertex   -2.026231e+00 8.929446e+00 -1.025393e+00
    endloop
  endfacet
  facet normal -7.840201e-01 5.167621e-01 -3.439031e-01
    outer loop
      vertex   -2.009723e+00 9.136129e+00 -7.524569e-01
      vertex   -2.026231e+00 8.929446e+00 -1.025393e+00
      vertex   -2.126735e+00 8.929446e+00 -7.962671e-01
    endloop
  endfacet
  facet normal -8.353071e-01 4.098944e-01 -3.663997e-01
    outer loop
      vertex   -2.126735e+00 8.929446e+00 -7.962671e-01
      vertex   -2.026231e+00 8.929446e+00 -1.025393e+00
      vertex   -2.114672e+00 8.709210e+00 -1.070149e+00
    endloop
  endfacet
  facet normal -8.353071e-01 4.098944e-01 -3.663997e-01
    outer loop
      vertex   -2.126735e+00 8.929446e+00 -7.962671e-01
      vertex   -2.114672e+00 8.709210e+00 -1.070149e+00
      vertex   -2.219562e+00 8.709210e+00 -8.310224e-01
    endloop
  endfacet
  facet normal -8.744253e-01 2.970912e-01 -3.835585e-01
    outer loop
      vertex   -2.219562e+00 8.709210e+00 -8.310224e-01
      vertex   -2.114672e+00 8.709210e+00 -1.070149e+00
      vertex   -2.178781e+00 8.478631e+00 -1.102592e+00
    endloop
  endfacet
  facet normal -8.744253e-01 2.970912e-01 -3.835585e-01
    outer loop
      vertex   -2.219562e+00 8.709210e+00 -8.310224e-01
      vertex   -2.178781e+00 8.478631e+00 -1.102592e+00
      vertex   -2.286852e+00 8.478631e+00 -8.562161e-01
    endloop
  endfacet
  facet normal -9.008173e-01 1.799902e-01 -3.951351e-01
    outer loop
      vertex   -2.286852e+00 8.478631e+00 -8.562161e-01
      vertex   -2.178781e+00 8.478631e+00 -1.102592e+00
      vertex   -2.217625e+00 8.241073e+00 -1.122249e+00
    endloop
  endfacet
  facet normal -9.008173e-01 1.799902e-01 -3.951351e-01
    outer loop
      vertex   -2.286852e+00 8.478631e+00 -8.562161e-01
      vertex   -2.217625e+00 8.241073e+00 -1.122249e+00
      vertex   -2.327622e+00 8.241073e+00 -8.714808e-01
    endloop
  endfacet
  facet normal -3.957386e-02 9.982177e-01 -4.466966e-02
    outer loop
      vertex   -2.840324e-01 1.000000e+01 -4.114920e-01
      vertex   -5.167481e-01 9.985418e+00 -5.311885e-01
      vertex   -3.742554e-01 1.000000e+01 -3.315614e-01
    endloop
  endfacet
  facet normal -4.461261e-02 9.981598e-01 -4.106880e-02
    outer loop
      vertex   -3.742554e-01 1.000000e+01 -3.315614e-01
      vertex   -5.167481e-01 9.985418e+00 -5.311885e-01
      vertex   -5.720469e-01 9.985418e+00 -4.711180e-01
    endloop
  endfacet
  facet normal -4.846052e-02 9.981898e-01 -3.561836e-02
    outer loop
      vertex   -3.742554e-01 1.000000e+01 -3.315614e-01
      vertex   -5.720469e-01 9.985418e+00 -4.711180e-01
      vertex   -6.204018e-01 9.985418e+00 -4.053287e-01
    endloop
  endfacet
  facet normal -1.454569e-01 9.835713e-01 -1.069105e-01
    outer loop
      vertex   -6.204018e-01 9.985418e+00 -4.053287e-01
      vertex   -5.720469e-01 9.985418e+00 -4.711180e-01
      vertex   -7.554218e-01 9.941884e+00 -6.221392e-01
    endloop
  endfacet
  facet normal -1.454569e-01 9.835713e-01 -1.069105e-01
    outer loop
      vertex   -6.204018e-01 9.985418e+00 -4.053287e-01
      vertex   -7.554218e-01 9.941884e+00 -6.221392e-01
      vertex   -8.192774e-01 9.941884e+00 -5.352606e-01
    endloop
  endfacet
  facet normal -2.400498e-01 9.545923e-01 -1.764360e-01
    outer loop
      vertex   -8.192774e-01 9.941884e+00 -5.352606e-01
      vertex   -7.554218e-01 9.941884e+00 -6.221392e-01
      vertex   -9.334092e-01 9.870032e+00 -7.687234e-01
    endloop
  endfacet
  facet normal -2.400498e-01 9.545923e-01 -1.764360e-01
    outer loop
      vertex   -8.192774e-01 9.941884e+00 -5.352606e-01
      vertex   -9.334092e-01 9.870032e+00 -7.687234e-01
      vertex   -1.012310e+00 9.870032e+00 -6.613751e-01
    endloop
  endfacet
  facet normal -3.311144e-01 9.116662e-01 -2.433682e-01
    outer loop
      vertex   -1.012310e+00 9.870032e+00 -6.613751e-01
      vertex   -9.334092e-01 9.870032e+00 -7.687234e-01
      vertex   -1.103413e+00 9.770912e+00 -9.087330e-01
    endloop
  endfacet
  facet normal -3.311144e-01 9.116662e-01 -2.433682e-01
    outer loop
      vertex   -1.012310e+00 9.870032e+00 -6.613751e-01
      vertex   -1.103413e+00 9.770912e+00 -9.087330e-01
      vertex   -1.196685e+00 9.770912e+00 -7.818331e-01
    endloop
  endfacet
  facet normal -4.173168e-01 8.554329e-01 -3.067267e-01
    outer loop
      vertex   -1.196685e+00 9.770912e+00 -7.818331e-01
      vertex   -1.103413e+00 9.770912e+00 -9.087330e-01
      vertex   -1.262956e+00 9.645968e+00 -1.040126e+00
    endloop
  endfacet
  facet normal -4.173168e-01 8.554329e-01 -3.067267e-01
    outer loop
      vertex   -1.196685e+00 9.770912e+00 -7.818331e-01
      vertex   -1.262956e+00 9.645968e+00 -1.040126e+00
      vertex   -1.369713e+00 9.645968e+00 -8.948780e-01
    endloop
  endfacet
  facet normal -4.973984e-01 7.867282e-01 -3.655866e-01
    outer loop
      vertex   -1.369713e+00 9.645968e+00 -8.948780e-01
      vertex   -1.262956e+00 9.645968e+00 -1.040126e+00
      vertex   -1.409709e+00 9.497021e+00 -1.160988e+00
    endloop
  endfacet
  facet normal -4.973984e-01 7.867282e-01 -3.655866e-01
    outer loop
      vertex   -1.369713e+00 9.645968e+00 -8.948780e-01
      vertex   -1.409709e+00 9.497021e+00 -1.160988e+00
      vertex   -1.528871e+00 9.497021e+00 -9.988615e-01
    endloop
  endfacet
  facet normal -5.701947e-01 7.065693e-01 -4.190916e-01
    outer loop
      vertex   -1.528871e+00 9.497021e+00 -9.988615e-01
      vertex   -1.409709e+00 9.497021e+00 -1.160988e+00
      vertex   -1.541534e+00 9.326245e+00 -1.269554e+00
    endloop
  endfacet
  facet normal -5.701947e-01 7.065693e-01 -4.190916e-01
    outer loop
      vertex   -1.528871e+00 9.497021e+00 -9.988615e-01
      vertex   -1.541534e+00 9.326245e+00 -1.269554e+00
      vertex   -1.671839e+00 9.326245e+00 -1.092267e+00
    endloop
  endfacet
  facet normal -6.346513e-01 6.161381e-01 -4.664671e-01
    outer loop
      vertex   -1.671839e+00 9.326245e+00 -1.092267e+00
      vertex   -1.541534e+00 9.326245e+00 -1.269554e+00
      vertex   -1.656508e+00 9.136129e+00 -1.364243e+00
    endloop
  endfacet
  facet normal -6.346513e-01 6.161381e-01 -4.664671e-01
    outer loop
      vertex   -1.671839e+00 9.326245e+00 -1.092267e+00
      vertex   -1.656508e+00 9.136129e+00 -1.364243e+00
      vertex   -1.796532e+00 9.136129e+00 -1.173733e+00
    endloop
  endfacet
  facet normal -6.898389e-01 5.167621e-01 -5.070298e-01
    outer loop
      vertex   -1.796532e+00 9.136129e+00 -1.173733e+00
      vertex   -1.656508e+00 9.136129e+00 -1.364243e+00
      vertex   -1.752955e+00 8.929446e+00 -1.443673e+00
    endloop
  endfacet
  facet normal -6.898389e-01 5.167621e-01 -5.070298e-01
    outer loop
      vertex   -1.796532e+00 9.136129e+00 -1.173733e+00
      vertex   -1.752955e+00 8.929446e+00 -1.443673e+00
      vertex   -1.901131e+00 8.929446e+00 -1.242071e+00
    endloop
  endfacet
  facet normal -7.349649e-01 4.098944e-01 -5.401973e-01
    outer loop
      vertex   -1.901131e+00 8.929446e+00 -1.242071e+00
      vertex   -1.752955e+00 8.929446e+00 -1.443673e+00
      vertex   -1.829468e+00 8.709210e+00 -1.506686e+00
    endloop
  endfacet
  facet normal -7.349649e-01 4.098944e-01 -5.401973e-01
    outer loop
      vertex   -1.901131e+00 8.929446e+00 -1.242071e+00
      vertex   -1.829468e+00 8.709210e+00 -1.506686e+00
      vertex   -1.984112e+00 8.709210e+00 -1.296285e+00
    endloop
  endfacet
  facet normal -7.693841e-01 2.970912e-01 -5.654953e-01
    outer loop
      vertex   -1.984112e+00 8.709210e+00 -1.296285e+00
      vertex   -1.829468e+00 8.709210e+00 -1.506686e+00
      vertex   -1.884931e+00 8.478631e+00 -1.552363e+00
    endloop
  endfacet
  facet normal -7.693841e-01 2.970912e-01 -5.654953e-01
    outer loop
      vertex   -1.984112e+00 8.709210e+00 -1.296285e+00
      vertex   -1.884931e+00 8.478631e+00 -1.552363e+00
      vertex   -2.044263e+00 8.478631e+00 -1.335584e+00
    endloop
  endfacet
  facet normal -7.926057e-01 1.799902e-01 -5.825631e-01
    outer loop
      vertex   -2.044263e+00 8.478631e+00 -1.335584e+00
      vertex   -1.884931e+00 8.478631e+00 -1.552363e+00
      vertex   -1.918535e+00 8.241073e+00 -1.580039e+00
    endloop
  endfacet
  facet normal -7.926057e-01 1.799902e-01 -5.825631e-01
    outer loop
      vertex   -2.044263e+00 8.478631e+00 -1.335584e+00
      vertex   -1.918535e+00 8.241073e+00 -1.580039e+00
      vertex   -2.080708e+00 8.241073e+00 -1.359395e+00
    endloop
  endfacet
  facet normal -2.771794e-02 9.982197e-01 -5.281212e-02
    outer loop
      vertex   -1.773025e-01 1.000000e+01 -4.675082e-01
      vertex   -3.162727e-01 9.985418e+00 -6.701950e-01
      vertex   -2.840324e-01 1.000000e+01 -4.114920e-01
    endloop
  endfacet
  facet normal -2.852550e-02 9.982023e-01 -5.271050e-02
    outer loop
      vertex   -2.840324e-01 1.000000e+01 -4.114920e-01
      vertex   -3.162727e-01 9.985418e+00 -6.701950e-01
      vertex   -3.880801e-01 9.985418e+00 -6.313348e-01
    endloop
  endfacet
  facet normal -3.456475e-02 9.981585e-01 -4.984932e-02
    outer loop
      vertex   -2.840324e-01 1.000000e+01 -4.114920e-01
      vertex   -3.880801e-01 9.985418e+00 -6.313348e-01
      vertex   -4.551767e-01 9.985418e+00 -5.848110e-01
    endloop
  endfacet
  facet normal -1.028619e-01 9.835713e-01 -1.483475e-01
    outer loop
      vertex   -4.551767e-01 9.985418e+00 -5.848110e-01
      vertex   -3.880801e-01 9.985418e+00 -6.313348e-01
      vertex   -5.124827e-01 9.941884e+00 -8.337151e-01
    endloop
  endfacet
  facet normal -1.028619e-01 9.835713e-01 -1.483475e-01
    outer loop
      vertex   -4.551767e-01 9.985418e+00 -5.848110e-01
      vertex   -5.124827e-01 9.941884e+00 -8.337151e-01
      vertex   -6.010878e-01 9.941884e+00 -7.722777e-01
    endloop
  endfacet
  facet normal -1.697546e-01 9.545923e-01 -2.448202e-01
    outer loop
      vertex   -6.010878e-01 9.941884e+00 -7.722777e-01
      vertex   -5.124827e-01 9.941884e+00 -8.337151e-01
      vertex   -6.332304e-01 9.870032e+00 -1.030149e+00
    endloop
  endfacet
  facet normal -1.697546e-01 9.545923e-01 -2.448202e-01
    outer loop
      vertex   -6.010878e-01 9.941884e+00 -7.722777e-01
      vertex   -6.332304e-01 9.870032e+00 -1.030149e+00
      vertex   -7.427120e-01 9.870032e+00 -9.542364e-01
    endloop
  endfacet
  facet normal -2.341522e-01 9.116662e-01 -3.376945e-01
    outer loop
      vertex   -7.427120e-01 9.870032e+00 -9.542364e-01
      vertex   -6.332304e-01 9.870032e+00 -1.030149e+00
      vertex   -7.485624e-01 9.770912e+00 -1.217773e+00
    endloop
  endfacet
  facet normal -2.341522e-01 9.116662e-01 -3.376945e-01
    outer loop
      vertex   -7.427120e-01 9.870032e+00 -9.542364e-01
      vertex   -7.485624e-01 9.770912e+00 -1.217773e+00
      vertex   -8.779841e-01 9.770912e+00 -1.128034e+00
    endloop
  endfacet
  facet normal -2.951114e-01 8.554329e-01 -4.256100e-01
    outer loop
      vertex   -8.779841e-01 9.770912e+00 -1.128034e+00
      vertex   -7.485624e-01 9.770912e+00 -1.217773e+00
      vertex   -8.567967e-01 9.645968e+00 -1.393851e+00
    endloop
  endfacet
  facet normal -2.951114e-01 8.554329e-01 -4.256100e-01
    outer loop
      vertex   -8.779841e-01 9.770912e+00 -1.128034e+00
      vertex   -8.567967e-01 9.645968e+00 -1.393851e+00
      vertex   -1.004932e+00 9.645968e+00 -1.291136e+00
    endloop
  endfacet
  facet normal -3.517423e-01 7.867282e-01 -5.072831e-01
    outer loop
      vertex   -1.004932e+00 9.645968e+00 -1.291136e+00
      vertex   -8.567967e-01 9.645968e+00 -1.393851e+00
      vertex   -9.563552e-01 9.497021e+00 -1.555814e+00
    endloop
  endfacet
  facet normal -3.517423e-01 7.867282e-01 -5.072831e-01
    outer loop
      vertex   -1.004932e+00 9.645968e+00 -1.291136e+00
      vertex   -9.563552e-01 9.497021e+00 -1.555814e+00
      vertex   -1.121703e+00 9.497021e+00 -1.441164e+00
    endloop
  endfacet
  facet normal -4.032212e-01 7.065693e-01 -5.815260e-01
    outer loop
      vertex   -1.121703e+00 9.497021e+00 -1.441164e+00
      vertex   -9.563552e-01 9.497021e+00 -1.555814e+00
      vertex   -1.045786e+00 9.326245e+00 -1.701301e+00
    endloop
  endfacet
  facet normal -4.032212e-01 7.065693e-01 -5.815260e-01
    outer loop
      vertex   -1.121703e+00 9.497021e+00 -1.441164e+00
      vertex   -1.045786e+00 9.326245e+00 -1.701301e+00
      vertex   -1.226596e+00 9.326245e+00 -1.575931e+00
    endloop
  endfacet
  facet normal -4.488026e-01 6.161381e-01 -6.472636e-01
    outer loop
      vertex   -1.226596e+00 9.326245e+00 -1.575931e+00
      vertex   -1.045786e+00 9.326245e+00 -1.701301e+00
      vertex   -1.123785e+00 9.136129e+00 -1.828192e+00
    endloop
  endfacet
  facet normal -4.488026e-01 6.161381e-01 -6.472636e-01
    outer loop
      vertex   -1.226596e+00 9.326245e+00 -1.575931e+00
      vertex   -1.123785e+00 9.136129e+00 -1.828192e+00
      vertex   -1.318081e+00 9.136129e+00 -1.693470e+00
    endloop
  endfacet
  facet normal -4.878292e-01 5.167621e-01 -7.035478e-01
    outer loop
      vertex   -1.318081e+00 9.136129e+00 -1.693470e+00
      vertex   -1.123785e+00 9.136129e+00 -1.828192e+00
      vertex   -1.189215e+00 8.929446e+00 -1.934634e+00
    endloop
  endfacet
  facet normal -4.878292e-01 5.167621e-01 -7.035478e-01
    outer loop
      vertex   -1.318081e+00 9.136129e+00 -1.693470e+00
      vertex   -1.189215e+00 8.929446e+00 -1.934634e+00
      vertex   -1.394823e+00 8.929446e+00 -1.792069e+00
    endloop
  endfacet
  facet normal -5.197407e-01 4.098944e-01 -7.495707e-01
    outer loop
      vertex   -1.394823e+00 8.929446e+00 -1.792069e+00
      vertex   -1.189215e+00 8.929446e+00 -1.934634e+00
      vertex   -1.241122e+00 8.709210e+00 -2.019077e+00
    endloop
  endfacet
  facet normal -5.197407e-01 4.098944e-01 -7.495707e-01
    outer loop
      vertex   -1.394823e+00 8.929446e+00 -1.792069e+00
      vertex   -1.241122e+00 8.709210e+00 -2.019077e+00
      vertex   -1.455704e+00 8.709210e+00 -1.870289e+00
    endloop
  endfacet
  facet normal -5.440807e-01 2.970912e-01 -7.846738e-01
    outer loop
      vertex   -1.455704e+00 8.709210e+00 -1.870289e+00
      vertex   -1.241122e+00 8.709210e+00 -2.019077e+00
      vertex   -1.278748e+00 8.478631e+00 -2.080288e+00
    endloop
  endfacet
  facet normal -5.440807e-01 2.970912e-01 -7.846738e-01
    outer loop
      vertex   -1.455704e+00 8.709210e+00 -1.870289e+00
      vertex   -1.278748e+00 8.478631e+00 -2.080288e+00
      vertex   -1.499836e+00 8.478631e+00 -1.926989e+00
    endloop
  endfacet
  facet normal -5.605022e-01 1.799902e-01 -8.083569e-01
    outer loop
      vertex   -1.499836e+00 8.478631e+00 -1.926989e+00
      vertex   -1.278748e+00 8.478631e+00 -2.080288e+00
      vertex   -1.301546e+00 8.241073e+00 -2.117376e+00
    endloop
  endfacet
  facet normal -5.605022e-01 1.799902e-01 -8.083569e-01
    outer loop
      vertex   -1.499836e+00 8.478631e+00 -1.926989e+00
      vertex   -1.301546e+00 8.241073e+00 -2.117376e+00
      vertex   -1.526575e+00 8.241073e+00 -1.961344e+00
    endloop
  endfacet
  facet normal -1.424469e-02 9.982270e-01 -5.779298e-02
    outer loop
      vertex   -6.026834e-02 1.000000e+01 -4.963545e-01
      vertex   -1.620587e-01 9.985418e+00 -7.231367e-01
      vertex   -1.773025e-01 1.000000e+01 -4.675082e-01
    endloop
  endfacet
  facet normal -1.637762e-02 9.981870e-01 -5.791790e-02
    outer loop
      vertex   -1.773025e-01 1.000000e+01 -4.675082e-01
      vertex   -1.620587e-01 9.985418e+00 -7.231367e-01
      vertex   -2.406261e-01 9.985418e+00 -7.009200e-01
    endloop
  endfacet
  facet normal -2.281428e-02 9.981605e-01 -5.617000e-02
    outer loop
      vertex   -1.773025e-01 1.000000e+01 -4.675082e-01
      vertex   -2.406261e-01 9.985418e+00 -7.009200e-01
      vertex   -3.162727e-01 9.985418e+00 -6.701950e-01
    endloop
  endfacet
  facet normal -6.793146e-02 9.835713e-01 -1.672509e-01
    outer loop
      vertex   -3.162727e-01 9.985418e+00 -6.701950e-01
      vertex   -2.406261e-01 9.985418e+00 -7.009200e-01
      vertex   -3.177611e-01 9.941884e+00 -9.256064e-01
    endloop
  endfacet
  facet normal -6.793146e-02 9.835713e-01 -1.672509e-01
    outer loop
      vertex   -3.162727e-01 9.985418e+00 -6.701950e-01
      vertex   -3.177611e-01 9.941884e+00 -9.256064e-01
      vertex   -4.176568e-01 9.941884e+00 -8.850323e-01
    endloop
  endfacet
  facet normal -1.121083e-01 9.545923e-01 -2.760168e-01
    outer loop
      vertex   -4.176568e-01 9.941884e+00 -8.850323e-01
      vertex   -3.177611e-01 9.941884e+00 -9.256064e-01
      vertex   -3.926298e-01 9.870032e+00 -1.143691e+00
    endloop
  endfacet
  facet normal -1.121083e-01 9.545923e-01 -2.760168e-01
    outer loop
      vertex   -4.176568e-01 9.941884e+00 -8.850323e-01
      vertex   -3.926298e-01 9.870032e+00 -1.143691e+00
      vertex   -5.160623e-01 9.870032e+00 -1.093558e+00
    endloop
  endfacet
  facet normal -1.546374e-01 9.116662e-01 -3.807257e-01
    outer loop
      vertex   -5.160623e-01 9.870032e+00 -1.093558e+00
      vertex   -3.926298e-01 9.870032e+00 -1.143691e+00
      vertex   -4.641405e-01 9.770912e+00 -1.351995e+00
    endloop
  endfacet
  facet normal -1.546374e-01 9.116662e-01 -3.807257e-01
    outer loop
      vertex   -5.160623e-01 9.870032e+00 -1.093558e+00
      vertex   -4.641405e-01 9.770912e+00 -1.351995e+00
      vertex   -6.100540e-01 9.770912e+00 -1.292730e+00
    endloop
  endfacet
  facet normal -1.948958e-01 8.554329e-01 -4.798439e-01
    outer loop
      vertex   -6.100540e-01 9.770912e+00 -1.292730e+00
      vertex   -4.641405e-01 9.770912e+00 -1.351995e+00
      vertex   -5.312504e-01 9.645968e+00 -1.547480e+00
    endloop
  endfacet
  facet normal -1.948958e-01 8.554329e-01 -4.798439e-01
    outer loop
      vertex   -6.100540e-01 9.770912e+00 -1.292730e+00
      vertex   -5.312504e-01 9.645968e+00 -1.547480e+00
      vertex   -6.982615e-01 9.645968e+00 -1.479645e+00
    endloop
  endfacet
  facet normal -2.322956e-01 7.867282e-01 -5.719244e-01
    outer loop
      vertex   -6.982615e-01 9.645968e+00 -1.479645e+00
      vertex   -5.312504e-01 9.645968e+00 -1.547480e+00
      vertex   -5.929809e-01 9.497021e+00 -1.727294e+00
    endloop
  endfacet
  facet normal -2.322956e-01 7.867282e-01 -5.719244e-01
    outer loop
      vertex   -6.982615e-01 9.645968e+00 -1.479645e+00
      vertex   -5.929809e-01 9.497021e+00 -1.727294e+00
      vertex   -7.793985e-01 9.497021e+00 -1.651578e+00
    endloop
  endfacet
  facet normal -2.662930e-01 7.065693e-01 -6.556278e-01
    outer loop
      vertex   -7.793985e-01 9.497021e+00 -1.651578e+00
      vertex   -5.929809e-01 9.497021e+00 -1.727294e+00
      vertex   -6.484318e-01 9.326245e+00 -1.888817e+00
    endloop
  endfacet
  facet normal -2.662930e-01 7.065693e-01 -6.556278e-01
    outer loop
      vertex   -7.793985e-01 9.497021e+00 -1.651578e+00
      vertex   -6.484318e-01 9.326245e+00 -1.888817e+00
      vertex   -8.522817e-01 9.326245e+00 -1.806021e+00
    endloop
  endfacet
  facet normal -2.963956e-01 6.161381e-01 -7.297421e-01
    outer loop
      vertex   -8.522817e-01 9.326245e+00 -1.806021e+00
      vertex   -6.484318e-01 9.326245e+00 -1.888817e+00
      vertex   -6.967946e-01 9.136129e+00 -2.029693e+00
    endloop
  endfacet
  facet normal -2.963956e-01 6.161381e-01 -7.297421e-01
    outer loop
      vertex   -8.522817e-01 9.326245e+00 -1.806021e+00
      vertex   -6.967946e-01 9.136129e+00 -2.029693e+00
      vertex   -9.158485e-01 9.136129e+00 -1.940721e+00
    endloop
  endfacet
  facet normal -3.221694e-01 5.167621e-01 -7.931985e-01
    outer loop
      vertex   -9.158485e-01 9.136129e+00 -1.940721e+00
      vertex   -6.967946e-01 9.136129e+00 -2.029693e+00
      vertex   -7.373639e-01 8.929446e+00 -2.147868e+00
    endloop
  endfacet
  facet normal -3.221694e-01 5.167621e-01 -7.931985e-01
    outer loop
      vertex   -9.158485e-01 9.136129e+00 -1.940721e+00
      vertex   -7.373639e-01 8.929446e+00 -2.147868e+00
      vertex   -9.691718e-01 8.929446e+00 -2.053716e+00
    endloop
  endfacet
  facet normal -3.432442e-01 4.098944e-01 -8.450858e-01
    outer loop
      vertex   -9.691718e-01 8.929446e+00 -2.053716e+00
      vertex   -7.373639e-01 8.929446e+00 -2.147868e+00
      vertex   -7.695483e-01 8.709210e+00 -2.241618e+00
    endloop
  endfacet
  facet normal -3.432442e-01 4.098944e-01 -8.450858e-01
    outer loop
      vertex   -9.691718e-01 8.929446e+00 -2.053716e+00
      vertex   -7.695483e-01 8.709210e+00 -2.241618e+00
      vertex   -1.011474e+00 8.709210e+00 -2.143356e+00
    endloop
  endfacet
  facet normal -3.593187e-01 2.970912e-01 -8.846620e-01
    outer loop
      vertex   -1.011474e+00 8.709210e+00 -2.143356e+00
      vertex   -7.695483e-01 8.709210e+00 -2.241618e+00
      vertex   -7.928783e-01 8.478631e+00 -2.309576e+00
    endloop
  endfacet
  facet normal -3.593187e-01 2.970912e-01 -8.846620e-01
    outer loop
      vertex   -1.011474e+00 8.709210e+00 -2.143356e+00
      vertex   -7.928783e-01 8.478631e+00 -2.309576e+00
      vertex   -1.042138e+00 8.478631e+00 -2.208335e+00
    endloop
  endfacet
  facet normal -3.701636e-01 1.799902e-01 -9.113629e-01
    outer loop
      vertex   -1.042138e+00 8.478631e+00 -2.208335e+00
      vertex   -7.928783e-01 8.478631e+00 -2.309576e+00
      vertex   -8.070138e-01 8.241073e+00 -2.350751e+00
    endloop
  endfacet
  facet normal -3.701636e-01 1.799902e-01 -9.113629e-01
    outer loop
      vertex   -1.042138e+00 8.478631e+00 -2.208335e+00
      vertex   -8.070138e-01 8.241073e+00 -2.350751e+00
      vertex   -1.060718e+00 8.241073e+00 -2.247705e+00
    endloop
  endfacet
  facet normal 0.000000e+00 9.982294e-01 -5.948225e-02
    outer loop
      vertex   6.026834e-02 1.000000e+01 -4.963545e-01
      vertex   -9.075532e-17 9.985418e+00 -7.410734e-01
      vertex   -6.026834e-02 1.000000e+01 -4.963545e-01
    endloop
  endfacet
  facet normal -3.326750e-03 9.981749e-01 -6.029830e-02
    outer loop
      vertex   -6.026834e-02 1.000000e+01 -4.963545e-01
      vertex   -9.075532e-17 9.985418e+00 -7.410734e-01
      vertex   -8.152417e-02 9.985418e+00 -7.365756e-01
    endloop
  endfacet
  facet normal -9.963916e-03 9.981660e-01 -5.971048e-02
    outer loop
      vertex   -6.026834e-02 1.000000e+01 -4.963545e-01
      vertex   -8.152417e-02 9.985418e+00 -7.365756e-01
      vertex   -1.620587e-01 9.985418e+00 -7.231367e-01
    endloop
  endfacet
  facet normal -2.971266e-02 9.835713e-01 -1.780582e-01
    outer loop
      vertex   -1.620587e-01 9.985418e+00 -7.231367e-01
      vertex   -8.152417e-02 9.985418e+00 -7.365756e-01
      vertex   -1.076575e-01 9.941884e+00 -9.726917e-01
    endloop
  endfacet
  facet normal -2.971266e-02 9.835713e-01 -1.780582e-01
    outer loop
      vertex   -1.620587e-01 9.985418e+00 -7.231367e-01
      vertex   -1.076575e-01 9.941884e+00 -9.726917e-01
      vertex   -2.140082e-01 9.941884e+00 -9.549449e-01
    endloop
  endfacet
  facet normal -4.903526e-02 9.545923e-01 -2.938522e-01
    outer loop
      vertex   -2.140082e-01 9.941884e+00 -9.549449e-01
      vertex   -1.076575e-01 9.941884e+00 -9.726917e-01
      vertex   -1.330230e-01 9.870032e+00 -1.201871e+00
    endloop
  endfacet
  facet normal -4.903526e-02 9.545923e-01 -2.938522e-01
    outer loop
      vertex   -2.140082e-01 9.941884e+00 -9.549449e-01
      vertex   -1.330230e-01 9.870032e+00 -1.201871e+00
      vertex   -2.644313e-01 9.870032e+00 -1.179943e+00
    endloop
  endfacet
  facet normal -6.763712e-02 9.116662e-01 -4.053271e-01
    outer loop
      vertex   -2.644313e-01 9.870032e+00 -1.179943e+00
      vertex   -1.330230e-01 9.870032e+00 -1.201871e+00
      vertex   -1.572509e-01 9.770912e+00 -1.420771e+00
    endloop
  endfacet
  facet normal -6.763712e-02 9.116662e-01 -4.053271e-01
    outer loop
      vertex   -2.644313e-01 9.870032e+00 -1.179943e+00
      vertex   -1.572509e-01 9.770912e+00 -1.420771e+00
      vertex   -3.125929e-01 9.770912e+00 -1.394849e+00
    endloop
  endfacet
  facet normal -8.524579e-02 8.554329e-01 -5.108500e-01
    outer loop
      vertex   -3.125929e-01 9.770912e+00 -1.394849e+00
      vertex   -1.572509e-01 9.770912e+00 -1.420771e+00
      vertex   -1.799877e-01 9.645968e+00 -1.626199e+00
    endloop
  endfacet
  facet normal -8.524579e-02 8.554329e-01 -5.108500e-01
    outer loop
      vertex   -3.125929e-01 9.770912e+00 -1.394849e+00
      vertex   -1.799877e-01 9.645968e+00 -1.626199e+00
      vertex   -3.577906e-01 9.645968e+00 -1.596529e+00
    endloop
  endfacet
  facet normal -1.016042e-01 7.867282e-01 -6.088804e-01
    outer loop
      vertex   -3.577906e-01 9.645968e+00 -1.596529e+00
      vertex   -1.799877e-01 9.645968e+00 -1.626199e+00
      vertex   -2.009020e-01 9.497021e+00 -1.815161e+00
    endloop
  endfacet
  facet normal -1.016042e-01 7.867282e-01 -6.088804e-01
    outer loop
      vertex   -3.577906e-01 9.645968e+00 -1.596529e+00
      vertex   -2.009020e-01 9.497021e+00 -1.815161e+00
      vertex   -3.993653e-01 9.497021e+00 -1.782044e+00
    endloop
  endfacet
  facet normal -1.164743e-01 7.065693e-01 -6.979925e-01
    outer loop
      vertex   -3.993653e-01 9.497021e+00 -1.782044e+00
      vertex   -2.009020e-01 9.497021e+00 -1.815161e+00
      vertex   -2.196888e-01 9.326245e+00 -1.984901e+00
    endloop
  endfacet
  facet normal -1.164743e-01 7.065693e-01 -6.979925e-01
    outer loop
      vertex   -3.993653e-01 9.497021e+00 -1.782044e+00
      vertex   -2.196888e-01 9.326245e+00 -1.984901e+00
      vertex   -4.367108e-01 9.326245e+00 -1.948686e+00
    endloop
  endfacet
  facet normal -1.296410e-01 6.161381e-01 -7.768958e-01
    outer loop
      vertex   -4.367108e-01 9.326245e+00 -1.948686e+00
      vertex   -2.196888e-01 9.326245e+00 -1.984901e+00
      vertex   -2.360741e-01 9.136129e+00 -2.132943e+00
    endloop
  endfacet
  facet normal -1.296410e-01 6.161381e-01 -7.768958e-01
    outer loop
      vertex   -4.367108e-01 9.326245e+00 -1.948686e+00
      vertex   -2.360741e-01 9.136129e+00 -2.132943e+00
      vertex   -4.692826e-01 9.136129e+00 -2.094028e+00
    endloop
  endfacet
  facet normal -1.409142e-01 5.167621e-01 -8.444525e-01
    outer loop
      vertex   -4.692826e-01 9.136129e+00 -2.094028e+00
      vertex   -2.360741e-01 9.136129e+00 -2.132943e+00
      vertex   -2.498190e-01 8.929446e+00 -2.257129e+00
    endloop
  endfacet
  facet normal -1.409142e-01 5.167621e-01 -8.444525e-01
    outer loop
      vertex   -4.692826e-01 9.136129e+00 -2.094028e+00
      vertex   -2.498190e-01 8.929446e+00 -2.257129e+00
      vertex   -4.966055e-01 8.929446e+00 -2.215948e+00
    endloop
  endfacet
  facet normal -1.501322e-01 4.098944e-01 -8.996927e-01
    outer loop
      vertex   -4.966055e-01 8.929446e+00 -2.215948e+00
      vertex   -2.498190e-01 8.929446e+00 -2.257129e+00
      vertex   -2.607231e-01 8.709210e+00 -2.355648e+00
    endloop
  endfacet
  facet normal -1.501322e-01 4.098944e-01 -8.996927e-01
    outer loop
      vertex   -4.966055e-01 8.929446e+00 -2.215948e+00
      vertex   -2.607231e-01 8.709210e+00 -2.355648e+00
      vertex   -5.182813e-01 8.709210e+00 -2.312669e+00
    endloop
  endfacet
  facet normal -1.571630e-01 2.970912e-01 -9.418262e-01
    outer loop
      vertex   -5.182813e-01 8.709210e+00 -2.312669e+00
      vertex   -2.607231e-01 8.709210e+00 -2.355648e+00
      vertex   -2.686273e-01 8.478631e+00 -2.427063e+00
    endloop
  endfacet
  facet normal -1.571630e-01 2.970912e-01 -9.418262e-01
    outer loop
      vertex   -5.182813e-01 8.709210e+00 -2.312669e+00
      vertex   -2.686273e-01 8.478631e+00 -2.427063e+00
      vertex   -5.339938e-01 8.478631e+00 -2.382781e+00
    endloop
  endfacet
  facet normal -1.619065e-01 1.799902e-01 -9.702524e-01
    outer loop
      vertex   -5.339938e-01 8.478631e+00 -2.382781e+00
      vertex   -2.686273e-01 8.478631e+00 -2.427063e+00
      vertex   -2.734164e-01 8.241073e+00 -2.470333e+00
    endloop
  endfacet
  facet normal -1.619065e-01 1.799902e-01 -9.702524e-01
    outer loop
      vertex   -5.339938e-01 8.478631e+00 -2.382781e+00
      vertex   -2.734164e-01 8.241073e+00 -2.470333e+00
      vertex   -5.435139e-01 8.241073e+00 -2.425262e+00
    endloop
  endfacet
  facet normal 1.424469e-02 9.982270e-01 -5.779298e-02
    outer loop
      vertex   1.773025e-01 1.000000e+01 -4.675082e-01
      vertex   1.620587e-01 9.985418e+00 -7.231367e-01
      vertex   6.026834e-02 1.000000e+01 -4.963545e-01
    endloop
  endfacet
  facet normal 9.963916e-03 9.981660e-01 -5.971048e-02
    outer loop
      vertex   6.026834e-02 1.000000e+01 -4.963545e-01
      vertex   1.620587e-01 9.985418e+00 -7.231367e-01
      vertex   8.152417e-02 9.985418e+00 -7.365756e-01
    endloop
  endfacet
  facet normal 3.326750e-03 9.981749e-01 -6.029830e-02
    outer loop
      vertex   6.026834e-02 1.000000e+01 -4.963545e-01
      vertex   8.152417e-02 9.985418e+00 -7.365756e-01
      vertex   -9.075532e-17 9.985418e+00 -7.410734e-01
    endloop
  endfacet
  facet normal 9.944456e-03 9.835713e-01 -1.802461e-01
    outer loop
      vertex   -9.075532e-17 9.985418e+00 -7.410734e-01
      vertex   8.152417e-02 9.985418e+00 -7.365756e-01
      vertex   1.076575e-01 9.941884e+00 -9.726917e-01
    endloop
  endfacet
  facet normal 9.944456e-03 9.835713e-01 -1.802461e-01
    outer loop
      vertex   -9.075532e-17 9.985418e+00 -7.410734e-01
      vertex   1.076575e-01 9.941884e+00 -9.726917e-01
      vertex   1.198478e-16 9.941884e+00 -9.786314e-01
    endloop
  endfacet
  facet normal 1.641149e-02 9.545923e-01 -2.974630e-01
    outer loop
      vertex   1.198478e-16 9.941884e+00 -9.786314e-01
      vertex   1.076575e-01 9.941884e+00 -9.726917e-01
      vertex   1.330230e-01 9.870032e+00 -1.201871e+00
    endloop
  endfacet
  facet normal 1.641149e-02 9.545923e-01 -2.974630e-01
    outer loop
      vertex   1.198478e-16 9.941884e+00 -9.786314e-01
      vertex   1.330230e-01 9.870032e+00 -1.201871e+00
      vertex   1.480855e-16 9.870032e+00 -1.209210e+00
    endloop
  endfacet
  facet normal 2.263730e-02 9.116662e-01 -4.103076e-01
    outer loop
      vertex   1.480855e-16 9.870032e+00 -1.209210e+00
      vertex   1.330230e-01 9.870032e+00 -1.201871e+00
      vertex   1.572509e-01 9.770912e+00 -1.420771e+00
    endloop
  endfacet
  facet normal 2.263730e-02 9.116662e-01 -4.103076e-01
    outer loop
      vertex   1.480855e-16 9.870032e+00 -1.209210e+00
      vertex   1.572509e-01 9.770912e+00 -1.420771e+00
      vertex   1.750567e-16 9.770912e+00 -1.429446e+00
    endloop
  endfacet
  facet normal 2.853070e-02 8.554329e-01 -5.171272e-01
    outer loop
      vertex   1.750567e-16 9.770912e+00 -1.429446e+00
      vertex   1.572509e-01 9.770912e+00 -1.420771e+00
      vertex   1.799877e-01 9.645968e+00 -1.626199e+00
    endloop
  endfacet
  facet normal 2.853070e-02 8.554329e-01 -5.171272e-01
    outer loop
      vertex   1.750567e-16 9.770912e+00 -1.429446e+00
      vertex   1.799877e-01 9.645968e+00 -1.626199e+00
      vertex   2.003681e-16 9.645968e+00 -1.636130e+00
    endloop
  endfacet
  facet normal 3.400565e-02 7.867282e-01 -6.163622e-01
    outer loop
      vertex   2.003681e-16 9.645968e+00 -1.636130e+00
      vertex   1.799877e-01 9.645968e+00 -1.626199e+00
      vertex   2.009020e-01 9.497021e+00 -1.815161e+00
    endloop
  endfacet
  facet normal 3.400565e-02 7.867282e-01 -6.163622e-01
    outer loop
      vertex   2.003681e-16 9.645968e+00 -1.636130e+00
      vertex   2.009020e-01 9.497021e+00 -1.815161e+00
      vertex   2.236506e-16 9.497021e+00 -1.826245e+00
    endloop
  endfacet
  facet normal 3.898251e-02 7.065693e-01 -7.065693e-01
    outer loop
      vertex   2.236506e-16 9.497021e+00 -1.826245e+00
      vertex   2.009020e-01 9.497021e+00 -1.815161e+00
      vertex   2.196888e-01 9.326245e+00 -1.984901e+00
    endloop
  endfacet
  facet normal 3.898251e-02 7.065693e-01 -7.065693e-01
    outer loop
      vertex   2.236506e-16 9.497021e+00 -1.826245e+00
      vertex   2.196888e-01 9.326245e+00 -1.984901e+00
      vertex   2.445646e-16 9.326245e+00 -1.997022e+00
    endloop
  endfacet
  facet normal 4.338922e-02 6.161381e-01 -7.864421e-01
    outer loop
      vertex   2.445646e-16 9.326245e+00 -1.997022e+00
      vertex   2.196888e-01 9.326245e+00 -1.984901e+00
      vertex   2.360741e-01 9.136129e+00 -2.132943e+00
    endloop
  endfacet
  facet normal 4.338922e-02 6.161381e-01 -7.864421e-01
    outer loop
      vertex   2.445646e-16 9.326245e+00 -1.997022e+00
      vertex   2.360741e-01 9.136129e+00 -2.132943e+00
      vertex   2.628053e-16 9.136129e+00 -2.145968e+00
    endloop
  endfacet
  facet normal 4.716223e-02 5.167621e-01 -8.548290e-01
    outer loop
      vertex   2.628053e-16 9.136129e+00 -2.145968e+00
      vertex   2.360741e-01 9.136129e+00 -2.132943e+00
      vertex   2.498190e-01 8.929446e+00 -2.257129e+00
    endloop
  endfacet
  facet normal 4.716223e-02 5.167621e-01 -8.548290e-01
    outer loop
      vertex   2.628053e-16 9.136129e+00 -2.145968e+00
      vertex   2.498190e-01 8.929446e+00 -2.257129e+00
      vertex   2.781065e-16 8.929446e+00 -2.270912e+00
    endloop
  endfacet
  facet normal 5.024736e-02 4.098944e-01 -9.107479e-01
    outer loop
      vertex   2.781065e-16 8.929446e+00 -2.270912e+00
      vertex   2.498190e-01 8.929446e+00 -2.257129e+00
      vertex   2.607231e-01 8.709210e+00 -2.355648e+00
    endloop
  endfacet
  facet normal 5.024736e-02 4.098944e-01 -9.107479e-01
    outer loop
      vertex   2.781065e-16 8.929446e+00 -2.270912e+00
      vertex   2.607231e-01 8.709210e+00 -2.355648e+00
      vertex   2.902453e-16 8.709210e+00 -2.370033e+00
    endloop
  endfacet
  facet normal 5.260050e-02 2.970912e-01 -9.533992e-01
    outer loop
      vertex   2.902453e-16 8.709210e+00 -2.370033e+00
      vertex   2.607231e-01 8.709210e+00 -2.355648e+00
      vertex   2.686273e-01 8.478631e+00 -2.427063e+00
    endloop
  endfacet
  facet normal 5.260050e-02 2.970912e-01 -9.533992e-01
    outer loop
      vertex   2.902453e-16 8.709210e+00 -2.370033e+00
      vertex   2.686273e-01 8.478631e+00 -2.427063e+00
      vertex   2.990445e-16 8.478631e+00 -2.441884e+00
    endloop
  endfacet
  facet normal 5.418809e-02 1.799902e-01 -9.821747e-01
    outer loop
      vertex   2.990445e-16 8.478631e+00 -2.441884e+00
      vertex   2.686273e-01 8.478631e+00 -2.427063e+00
      vertex   2.734164e-01 8.241073e+00 -2.470333e+00
    endloop
  endfacet
  facet normal 5.418809e-02 1.799902e-01 -9.821747e-01
    outer loop
      vertex   2.990445e-16 8.478631e+00 -2.441884e+00
      vertex   2.734164e-01 8.241073e+00 -2.470333e+00
      vertex   3.043759e-16 8.241073e+00 -2.485418e+00
    endloop
  endfacet
  facet normal 2.771794e-02 9.982197e-01 -5.281212e-02
    outer loop
      vertex   2.840324e-01 1.000000e+01 -4.114920e-01
      vertex   3.162727e-01 9.985418e+00 -6.701950e-01
      vertex   1.773025e-01 1.000000e+01 -4.675082e-01
    endloop
  endfacet
  facet normal 2.281428e-02 9.981605e-01 -5.617000e-02
    outer loop
      vertex   1.773025e-01 1.000000e+01 -4.675082e-01
      vertex   3.162727e-01 9.985418e+00 -6.701950e-01
      vertex   2.406261e-01 9.985418e+00 -7.009200e-01
    endloop
  endfacet
  facet normal 1.637762e-02 9.981870e-01 -5.791790e-02
    outer loop
      vertex   1.773025e-01 1.000000e+01 -4.675082e-01
      vertex   2.406261e-01 9.985418e+00 -7.009200e-01
      vertex   1.620587e-01 9.985418e+00 -7.231367e-01
    endloop
  endfacet
  facet normal 4.912018e-02 9.835713e-01 -1.737089e-01
    outer loop
      vertex   1.620587e-01 9.985418e+00 -7.231367e-01
      vertex   2.406261e-01 9.985418e+00 -7.009200e-01
      vertex   3.177611e-01 9.941884e+00 -9.256064e-01
    endloop
  endfacet
  facet normal 4.912018e-02 9.835713e-01 -1.737089e-01
    outer loop
      vertex   1.620587e-01 9.985418e+00 -7.231367e-01
      vertex   3.177611e-01 9.941884e+00 -9.256064e-01
      vertex   2.140082e-01 9.941884e+00 -9.549449e-01
    endloop
  endfacet
  facet normal 8.106380e-02 9.545923e-01 -2.866744e-01
    outer loop
      vertex   2.140082e-01 9.941884e+00 -9.549449e-01
      vertex   3.177611e-01 9.941884e+00 -9.256064e-01
      vertex   3.926298e-01 9.870032e+00 -1.143691e+00
    endloop
  endfacet
  facet normal 8.106380e-02 9.545923e-01 -2.866744e-01
    outer loop
      vertex   2.140082e-01 9.941884e+00 -9.549449e-01
      vertex   3.926298e-01 9.870032e+00 -1.143691e+00
      vertex   2.644313e-01 9.870032e+00 -1.179943e+00
    endloop
  endfacet
  facet normal 1.118159e-01 9.116662e-01 -3.954264e-01
    outer loop
      vertex   2.644313e-01 9.870032e+00 -1.179943e+00
      vertex   3.926298e-01 9.870032e+00 -1.143691e+00
      vertex   4.641405e-01 9.770912e+00 -1.351995e+00
    endloop
  endfacet
  facet normal 1.118159e-01 9.116662e-01 -3.954264e-01
    outer loop
      vertex   2.644313e-01 9.870032e+00 -1.179943e+00
      vertex   4.641405e-01 9.770912e+00 -1.351995e+00
      vertex   3.125929e-01 9.770912e+00 -1.394849e+00
    endloop
  endfacet
  facet normal 1.409261e-01 8.554329e-01 -4.983717e-01
    outer loop
      vertex   3.125929e-01 9.770912e+00 -1.394849e+00
      vertex   4.641405e-01 9.770912e+00 -1.351995e+00
      vertex   5.312504e-01 9.645968e+00 -1.547480e+00
    endloop
  endfacet
  facet normal 1.409261e-01 8.554329e-01 -4.983717e-01
    outer loop
      vertex   3.125929e-01 9.770912e+00 -1.394849e+00
      vertex   5.312504e-01 9.645968e+00 -1.547480e+00
      vertex   3.577906e-01 9.645968e+00 -1.596529e+00
    endloop
  endfacet
  facet normal 1.679693e-01 7.867282e-01 -5.940076e-01
    outer loop
      vertex   3.577906e-01 9.645968e+00 -1.596529e+00
      vertex   5.312504e-01 9.645968e+00 -1.547480e+00
      vertex   5.929809e-01 9.497021e+00 -1.727294e+00
    endloop
  endfacet
  facet normal 1.679693e-01 7.867282e-01 -5.940076e-01
    outer loop
      vertex   3.577906e-01 9.645968e+00 -1.596529e+00
      vertex   5.929809e-01 9.497021e+00 -1.727294e+00
      vertex   3.993653e-01 9.497021e+00 -1.782044e+00
    endloop
  endfacet
  facet normal 1.925523e-01 7.065693e-01 -6.809430e-01
    outer loop
      vertex   3.993653e-01 9.497021e+00 -1.782044e+00
      vertex   5.929809e-01 9.497021e+00 -1.727294e+00
      vertex   6.484318e-01 9.326245e+00 -1.888817e+00
    endloop
  endfacet
  facet normal 1.925523e-01 7.065693e-01 -6.809430e-01
    outer loop
      vertex   3.993653e-01 9.497021e+00 -1.782044e+00
      vertex   6.484318e-01 9.326245e+00 -1.888817e+00
      vertex   4.367108e-01 9.326245e+00 -1.948686e+00
    endloop
  endfacet
  facet normal 2.143191e-01 6.161381e-01 -7.579190e-01
    outer loop
      vertex   4.367108e-01 9.326245e+00 -1.948686e+00
      vertex   6.484318e-01 9.326245e+00 -1.888817e+00
      vertex   6.967946e-01 9.136129e+00 -2.029693e+00
    endloop
  endfacet
  facet normal 2.143191e-01 6.161381e-01 -7.579190e-01
    outer loop
      vertex   4.367108e-01 9.326245e+00 -1.948686e+00
      vertex   6.967946e-01 9.136129e+00 -2.029693e+00
      vertex   4.692826e-01 9.136129e+00 -2.094028e+00
    endloop
  endfacet
  facet normal 2.329557e-01 5.167621e-01 -8.238256e-01
    outer loop
      vertex   4.692826e-01 9.136129e+00 -2.094028e+00
      vertex   6.967946e-01 9.136129e+00 -2.029693e+00
      vertex   7.373639e-01 8.929446e+00 -2.147868e+00
    endloop
  endfacet
  facet normal 2.329557e-01 5.167621e-01 -8.238256e-01
    outer loop
      vertex   4.692826e-01 9.136129e+00 -2.094028e+00
      vertex   7.373639e-01 8.929446e+00 -2.147868e+00
      vertex   4.966055e-01 8.929446e+00 -2.215948e+00
    endloop
  endfacet
  facet normal 2.481945e-01 4.098944e-01 -8.777164e-01
    outer loop
      vertex   4.966055e-01 8.929446e+00 -2.215948e+00
      vertex   7.373639e-01 8.929446e+00 -2.147868e+00
      vertex   7.695483e-01 8.709210e+00 -2.241618e+00
    endloop
  endfacet
  facet normal 2.481945e-01 4.098944e-01 -8.777164e-01
    outer loop
      vertex   4.966055e-01 8.929446e+00 -2.215948e+00
      vertex   7.695483e-01 8.709210e+00 -2.241618e+00
      vertex   5.182813e-01 8.709210e+00 -2.312669e+00
    endloop
  endfacet
  facet normal 2.598178e-01 2.970912e-01 -9.188207e-01
    outer loop
      vertex   5.182813e-01 8.709210e+00 -2.312669e+00
      vertex   7.695483e-01 8.709210e+00 -2.241618e+00
      vertex   7.928783e-01 8.478631e+00 -2.309576e+00
    endloop
  endfacet
  facet normal 2.598178e-01 2.970912e-01 -9.188207e-01
    outer loop
      vertex   5.182813e-01 8.709210e+00 -2.312669e+00
      vertex   7.928783e-01 8.478631e+00 -2.309576e+00
      vertex   5.339938e-01 8.478631e+00 -2.382781e+00
    endloop
  endfacet
  facet normal 2.676596e-01 1.799902e-01 -9.465526e-01
    outer loop
      vertex   5.339938e-01 8.478631e+00 -2.382781e+00
      vertex   7.928783e-01 8.478631e+00 -2.309576e+00
      vertex   8.070138e-01 8.241073e+00 -2.350751e+00
    endloop
  endfacet
  facet normal 2.676596e-01 1.799902e-01 -9.465526e-01
    outer loop
      vertex   5.339938e-01 8.478631e+00 -2.382781e+00
      vertex   8.070138e-01 8.241073e+00 -2.350751e+00
      vertex   5.435139e-01 8.241073e+00 -2.425262e+00
    endloop
  endfacet
  facet normal 3.957386e-02 9.982177e-01 -4.466966e-02
    outer loop
      vertex   3.742554e-01 1.000000e+01 -3.315614e-01
      vertex   5.167481e-01 9.985418e+00 -5.311885e-01
      vertex   2.840324e-01 1.000000e+01 -4.114920e-01
    endloop
  endfacet
  facet normal 3.932424e-02 9.982058e-01 -4.515353e-02
    outer loop
      vertex   2.840324e-01 1.000000e+01 -4.114920e-01
      vertex   5.167481e-01 9.985418e+00 -5.311885e-01
      vertex   4.551767e-01 9.985418e+00 -5.848110e-01
    endloop
  endfacet
  facet normal 3.456475e-02 9.981585e-01 -4.984932e-02
    outer loop
      vertex   2.840324e-01 1.000000e+01 -4.114920e-01
      vertex   4.551767e-01 9.985418e+00 -5.848110e-01
      vertex   3.880801e-01 9.985418e+00 -6.313348e-01
    endloop
  endfacet
  facet normal 1.028619e-01 9.835713e-01 -1.483475e-01
    outer loop
      vertex   3.880801e-01 9.985418e+00 -6.313348e-01
      vertex   4.551767e-01 9.985418e+00 -5.848110e-01
      vertex   6.010878e-01 9.941884e+00 -7.722777e-01
    endloop
  endfacet
  facet normal 1.028619e-01 9.835713e-01 -1.483475e-01
    outer loop
      vertex   3.880801e-01 9.985418e+00 -6.313348e-01
      vertex   6.010878e-01 9.941884e+00 -7.722777e-01
      vertex   5.124827e-01 9.941884e+00 -8.337151e-01
    endloop
  endfacet
  facet normal 1.697546e-01 9.545923e-01 -2.448202e-01
    outer loop
      vertex   5.124827e-01 9.941884e+00 -8.337151e-01
      vertex   6.010878e-01 9.941884e+00 -7.722777e-01
      vertex   7.427120e-01 9.870032e+00 -9.542364e-01
    endloop
  endfacet
  facet normal 1.697546e-01 9.545923e-01 -2.448202e-01
    outer loop
      vertex   5.124827e-01 9.941884e+00 -8.337151e-01
      vertex   7.427120e-01 9.870032e+00 -9.542364e-01
      vertex   6.332304e-01 9.870032e+00 -1.030149e+00
    endloop
  endfacet
  facet normal 2.341522e-01 9.116662e-01 -3.376945e-01
    outer loop
      vertex   6.332304e-01 9.870032e+00 -1.030149e+00
      vertex   7.427120e-01 9.870032e+00 -9.542364e-01
      vertex   8.779841e-01 9.770912e+00 -1.128034e+00
    endloop
  endfacet
  facet normal 2.341522e-01 9.116662e-01 -3.376945e-01
    outer loop
      vertex   6.332304e-01 9.870032e+00 -1.030149e+00
      vertex   8.779841e-01 9.770912e+00 -1.128034e+00
      vertex   7.485624e-01 9.770912e+00 -1.217773e+00
    endloop
  endfacet
  facet normal 2.951114e-01 8.554329e-01 -4.256100e-01
    outer loop
      vertex   7.485624e-01 9.770912e+00 -1.217773e+00
      vertex   8.779841e-01 9.770912e+00 -1.128034e+00
      vertex   1.004932e+00 9.645968e+00 -1.291136e+00
    endloop
  endfacet
  facet normal 2.951114e-01 8.554329e-01 -4.256100e-01
    outer loop
      vertex   7.485624e-01 9.770912e+00 -1.217773e+00
      vertex   1.004932e+00 9.645968e+00 -1.291136e+00
      vertex   8.567967e-01 9.645968e+00 -1.393851e+00
    endloop
  endfacet
  facet normal 3.517423e-01 7.867282e-01 -5.072831e-01
    outer loop
      vertex   8.567967e-01 9.645968e+00 -1.393851e+00
      vertex   1.004932e+00 9.645968e+00 -1.291136e+00
      vertex   1.121703e+00 9.497021e+00 -1.441164e+00
    endloop
  endfacet
  facet normal 3.517423e-01 7.867282e-01 -5.072831e-01
    outer loop
      vertex   8.567967e-01 9.645968e+00 -1.393851e+00
      vertex   1.121703e+00 9.497021e+00 -1.441164e+00
      vertex   9.563552e-01 9.497021e+00 -1.555814e+00
    endloop
  endfacet
  facet normal 4.032212e-01 7.065693e-01 -5.815260e-01
    outer loop
      vertex   9.563552e-01 9.497021e+00 -1.555814e+00
      vertex   1.121703e+00 9.497021e+00 -1.441164e+00
      vertex   1.226596e+00 9.326245e+00 -1.575931e+00
    endloop
  endfacet
  facet normal 4.032212e-01 7.065693e-01 -5.815260e-01
    outer loop
      vertex   9.563552e-01 9.497021e+00 -1.555814e+00
      vertex   1.226596e+00 9.326245e+00 -1.575931e+00
      vertex   1.045786e+00 9.326245e+00 -1.701301e+00
    endloop
  endfacet
  facet normal 4.488026e-01 6.161381e-01 -6.472636e-01
    outer loop
      vertex   1.045786e+00 9.326245e+00 -1.701301e+00
      vertex   1.226596e+00 9.326245e+00 -1.575931e+00
      vertex   1.318081e+00 9.136129e+00 -1.693470e+00
    endloop
  endfacet
  facet normal 4.488026e-01 6.161381e-01 -6.472636e-01
    outer loop
      vertex   1.045786e+00 9.326245e+00 -1.701301e+00
      vertex   1.318081e+00 9.136129e+00 -1.693470e+00
      vertex   1.123785e+00 9.136129e+00 -1.828192e+00
    endloop
  endfacet
  facet normal 4.878292e-01 5.167621e-01 -7.035478e-01
    outer loop
      vertex   1.123785e+00 9.136129e+00 -1.828192e+00
      vertex   1.318081e+00 9.136129e+00 -1.693470e+00
      vertex   1.394823e+00 8.929446e+00 -1.792069e+00
    endloop
  endfacet
  facet normal 4.878292e-01 5.167621e-01 -7.035478e-01
    outer loop
      vertex   1.123785e+00 9.136129e+00 -1.828192e+00
      vertex   1.394823e+00 8.929446e+00 -1.792069e+00
      vertex   1.189215e+00 8.929446e+00 -1.934634e+00
    endloop
  endfacet
  facet normal 5.197407e-01 4.098944e-01 -7.495707e-01
    outer loop
      vertex   1.189215e+00 8.929446e+00 -1.934634e+00
      vertex   1.394823e+00 8.929446e+00 -1.792069e+00
      vertex   1.455704e+00 8.709210e+00 -1.870289e+00
    endloop
  endfacet
  facet normal 5.197407e-01 4.098944e-01 -7.495707e-01
    outer loop
      vertex   1.189215e+00 8.929446e+00 -1.934634e+00
      vertex   1.455704e+00 8.709210e+00 -1.870289e+00
      vertex   1.241122e+00 8.709210e+00 -2.019077e+00
    endloop
  endfacet
  facet normal 5.440807e-01 2.970912e-01 -7.846738e-01
    outer loop
      vertex   1.241122e+00 8.709210e+00 -2.019077e+00
      vertex   1.455704e+00 8.709210e+00 -1.870289e+00
      vertex   1.499836e+00 8.478631e+00 -1.926989e+00
    endloop
  endfacet
  facet normal 5.440807e-01 2.970912e-01 -7.846738e-01
    outer loop
      vertex   1.241122e+00 8.709210e+00 -2.019077e+00
      vertex   1.499836e+00 8.478631e+00 -1.926989e+00
      vertex   1.278748e+00 8.478631e+00 -2.080288e+00
    endloop
  endfacet
  facet normal 5.605022e-01 1.799902e-01 -8.083569e-01
    outer loop
      vertex   1.278748e+00 8.478631e+00 -2.080288e+00
      vertex   1.499836e+00 8.478631e+00 -1.926989e+00
      vertex   1.526575e+00 8.241073e+00 -1.961344e+00
    endloop
  endfacet
  facet normal 5.605022e-01 1.799902e-01 -8.083569e-01
    outer loop
      vertex   1.278748e+00 8.478631e+00 -2.080288e+00
      vertex   1.526575e+00 8.241073e+00 -1.961344e+00
      vertex   1.301546e+00 8.241073e+00 -2.117376e+00
    endloop
  endfacet
  facet normal 4.900077e-02 9.982259e-01 -3.382279e-02
    outer loop
      vertex   4.427280e-01 1.000000e+01 -2.323616e-01
      vertex   6.204018e-01 9.985418e+00 -4.053287e-01
      vertex   3.742554e-01 1.000000e+01 -3.315614e-01
    endloop
  endfacet
  facet normal 4.846052e-02 9.981898e-01 -3.561836e-02
    outer loop
      vertex   3.742554e-01 1.000000e+01 -3.315614e-01
      vertex   6.204018e-01 9.985418e+00 -4.053287e-01
      vertex   5.720469e-01 9.985418e+00 -4.711180e-01
    endloop
  endfacet
  facet normal 4.461261e-02 9.981598e-01 -4.106880e-02
    outer loop
      vertex   3.742554e-01 1.000000e+01 -3.315614e-01
      vertex   5.720469e-01 9.985418e+00 -4.711180e-01
      vertex   5.167481e-01 9.985418e+00 -5.311885e-01
    endloop
  endfacet
  facet normal 1.328131e-01 9.835713e-01 -1.222630e-01
    outer loop
      vertex   5.167481e-01 9.985418e+00 -5.311885e-01
      vertex   5.720469e-01 9.985418e+00 -4.711180e-01
      vertex   7.554218e-01 9.941884e+00 -6.221392e-01
    endloop
  endfacet
  facet normal 1.328131e-01 9.835713e-01 -1.222630e-01
    outer loop
      vertex   5.167481e-01 9.985418e+00 -5.311885e-01
      vertex   7.554218e-01 9.941884e+00 -6.221392e-01
      vertex   6.823965e-01 9.941884e+00 -7.014658e-01
    endloop
  endfacet
  facet normal 2.191835e-01 9.545923e-01 -2.017726e-01
    outer loop
      vertex   6.823965e-01 9.941884e+00 -7.014658e-01
      vertex   7.554218e-01 9.941884e+00 -6.221392e-01
      vertex   9.334092e-01 9.870032e+00 -7.687234e-01
    endloop
  endfacet
  facet normal 2.191835e-01 9.545923e-01 -2.017726e-01
    outer loop
      vertex   6.823965e-01 9.941884e+00 -7.014658e-01
      vertex   9.334092e-01 9.870032e+00 -7.687234e-01
      vertex   8.431781e-01 9.870032e+00 -8.667404e-01
    endloop
  endfacet
  facet normal 3.023322e-01 9.116662e-01 -2.783164e-01
    outer loop
      vertex   8.431781e-01 9.870032e+00 -8.667404e-01
      vertex   9.334092e-01 9.870032e+00 -7.687234e-01
      vertex   1.103413e+00 9.770912e+00 -9.087330e-01
    endloop
  endfacet
  facet normal 3.023322e-01 9.116662e-01 -2.783164e-01
    outer loop
      vertex   8.431781e-01 9.870032e+00 -8.667404e-01
      vertex   1.103413e+00 9.770912e+00 -9.087330e-01
      vertex   9.967484e-01 9.770912e+00 -1.024602e+00
    endloop
  endfacet
  facet normal 3.810415e-01 8.554329e-01 -3.507734e-01
    outer loop
      vertex   9.967484e-01 9.770912e+00 -1.024602e+00
      vertex   1.103413e+00 9.770912e+00 -9.087330e-01
      vertex   1.262956e+00 9.645968e+00 -1.040126e+00
    endloop
  endfacet
  facet normal 3.810415e-01 8.554329e-01 -3.507734e-01
    outer loop
      vertex   9.967484e-01 9.770912e+00 -1.024602e+00
      vertex   1.262956e+00 9.645968e+00 -1.040126e+00
      vertex   1.140868e+00 9.645968e+00 -1.172749e+00
    endloop
  endfacet
  facet normal 4.541620e-01 7.867282e-01 -4.180856e-01
    outer loop
      vertex   1.140868e+00 9.645968e+00 -1.172749e+00
      vertex   1.262956e+00 9.645968e+00 -1.040126e+00
      vertex   1.409709e+00 9.497021e+00 -1.160988e+00
    endloop
  endfacet
  facet normal 4.541620e-01 7.867282e-01 -4.180856e-01
    outer loop
      vertex   1.140868e+00 9.645968e+00 -1.172749e+00
      vertex   1.409709e+00 9.497021e+00 -1.160988e+00
      vertex   1.273435e+00 9.497021e+00 -1.309021e+00
    endloop
  endfacet
  facet normal 5.206305e-01 7.065693e-01 -4.792741e-01
    outer loop
      vertex   1.273435e+00 9.497021e+00 -1.309021e+00
      vertex   1.409709e+00 9.497021e+00 -1.160988e+00
      vertex   1.541534e+00 9.326245e+00 -1.269554e+00
    endloop
  endfacet
  facet normal 5.206305e-01 7.065693e-01 -4.792741e-01
    outer loop
      vertex   1.273435e+00 9.497021e+00 -1.309021e+00
      vertex   1.541534e+00 9.326245e+00 -1.269554e+00
      vertex   1.392517e+00 9.326245e+00 -1.431430e+00
    endloop
  endfacet
  facet normal 5.794842e-01 6.161381e-01 -5.334528e-01
    outer loop
      vertex   1.392517e+00 9.326245e+00 -1.431430e+00
      vertex   1.541534e+00 9.326245e+00 -1.269554e+00
      vertex   1.656508e+00 9.136129e+00 -1.364243e+00
    endloop
  endfacet
  facet normal 5.794842e-01 6.161381e-01 -5.334528e-01
    outer loop
      vertex   1.392517e+00 9.326245e+00 -1.431430e+00
      vertex   1.656508e+00 9.136129e+00 -1.364243e+00
      vertex   1.496376e+00 9.136129e+00 -1.538192e+00
    endloop
  endfacet
  facet normal 6.298746e-01 5.167621e-01 -5.798404e-01
    outer loop
      vertex   1.496376e+00 9.136129e+00 -1.538192e+00
      vertex   1.656508e+00 9.136129e+00 -1.364243e+00
      vertex   1.752955e+00 8.929446e+00 -1.443673e+00
    endloop
  endfacet
  facet normal 6.298746e-01 5.167621e-01 -5.798404e-01
    outer loop
      vertex   1.496376e+00 9.136129e+00 -1.538192e+00
      vertex   1.752955e+00 8.929446e+00 -1.443673e+00
      vertex   1.583500e+00 8.929446e+00 -1.627750e+00
    endloop
  endfacet
  facet normal 6.710781e-01 4.098944e-01 -6.177709e-01
    outer loop
      vertex   1.583500e+00 8.929446e+00 -1.627750e+00
      vertex   1.752955e+00 8.929446e+00 -1.443673e+00
      vertex   1.829468e+00 8.709210e+00 -1.506686e+00
    endloop
  endfacet
  facet normal 6.710781e-01 4.098944e-01 -6.177709e-01
    outer loop
      vertex   1.583500e+00 8.929446e+00 -1.627750e+00
      vertex   1.829468e+00 8.709210e+00 -1.506686e+00
      vertex   1.652616e+00 8.709210e+00 -1.698798e+00
    endloop
  endfacet
  facet normal 7.025053e-01 2.970912e-01 -6.467017e-01
    outer loop
      vertex   1.652616e+00 8.709210e+00 -1.698798e+00
      vertex   1.829468e+00 8.709210e+00 -1.506686e+00
      vertex   1.884931e+00 8.478631e+00 -1.552363e+00
    endloop
  endfacet
  facet normal 7.025053e-01 2.970912e-01 -6.467017e-01
    outer loop
      vertex   1.652616e+00 8.709210e+00 -1.698798e+00
      vertex   1.884931e+00 8.478631e+00 -1.552363e+00
      vertex   1.702718e+00 8.478631e+00 -1.750300e+00
    endloop
  endfacet
  facet normal 7.237084e-01 1.799902e-01 -6.662205e-01
    outer loop
      vertex   1.702718e+00 8.478631e+00 -1.750300e+00
      vertex   1.884931e+00 8.478631e+00 -1.552363e+00
      vertex   1.918535e+00 8.241073e+00 -1.580039e+00
    endloop
  endfacet
  facet normal 7.237084e-01 1.799902e-01 -6.662205e-01
    outer loop
      vertex   1.702718e+00 8.478631e+00 -1.750300e+00
      vertex   1.918535e+00 8.241073e+00 -1.580039e+00
      vertex   1.733074e+00 8.241073e+00 -1.781504e+00
    endloop
  endfacet
  facet normal 5.561838e-02 9.982293e-01 -2.109327e-02
    outer loop
      vertex   4.854709e-01 1.000000e+01 -1.196578e-01
      vertex   6.940236e-01 9.985418e+00 -2.598482e-01
      vertex   4.427280e-01 1.000000e+01 -2.323616e-01
    endloop
  endfacet
  facet normal 5.527072e-02 9.981770e-01 -2.424399e-02
    outer loop
      vertex   4.427280e-01 1.000000e+01 -2.323616e-01
      vertex   6.940236e-01 9.985418e+00 -2.598482e-01
      vertex   6.612259e-01 9.985418e+00 -3.346194e-01
    endloop
  endfacet
  facet normal 5.244533e-02 9.981646e-01 -3.027933e-02
    outer loop
      vertex   4.427280e-01 1.000000e+01 -2.323616e-01
      vertex   6.612259e-01 9.985418e+00 -3.346194e-01
      vertex   6.204018e-01 9.985418e+00 -4.053287e-01
    endloop
  endfacet
  facet normal 1.563351e-01 9.835713e-01 -9.026012e-02
    outer loop
      vertex   6.204018e-01 9.985418e+00 -4.053287e-01
      vertex   6.612259e-01 9.985418e+00 -3.346194e-01
      vertex   8.731880e-01 9.941884e+00 -4.418847e-01
    endloop
  endfacet
  facet normal 1.563351e-01 9.835713e-01 -9.026012e-02
    outer loop
      vertex   6.204018e-01 9.985418e+00 -4.053287e-01
      vertex   8.731880e-01 9.941884e+00 -4.418847e-01
      vertex   8.192774e-01 9.941884e+00 -5.352606e-01
    endloop
  endfacet
  facet normal 2.580023e-01 9.545923e-01 -1.489577e-01
    outer loop
      vertex   8.192774e-01 9.941884e+00 -5.352606e-01
      vertex   8.731880e-01 9.941884e+00 -4.418847e-01
      vertex   1.078923e+00 9.870032e+00 -5.459986e-01
    endloop
  endfacet
  facet normal 2.580023e-01 9.545923e-01 -1.489577e-01
    outer loop
      vertex   8.192774e-01 9.941884e+00 -5.352606e-01
      vertex   1.078923e+00 9.870032e+00 -5.459986e-01
      vertex   1.012310e+00 9.870032e+00 -6.613751e-01
    endloop
  endfacet
  facet normal 3.558772e-01 9.116662e-01 -2.054658e-01
    outer loop
      vertex   1.012310e+00 9.870032e+00 -6.613751e-01
      vertex   1.078923e+00 9.870032e+00 -5.459986e-01
      vertex   1.275430e+00 9.770912e+00 -6.454427e-01
    endloop
  endfacet
  facet normal 3.558772e-01 9.116662e-01 -2.054658e-01
    outer loop
      vertex   1.012310e+00 9.870032e+00 -6.613751e-01
      vertex   1.275430e+00 9.770912e+00 -6.454427e-01
      vertex   1.196685e+00 9.770912e+00 -7.818331e-01
    endloop
  endfacet
  facet normal 4.485264e-01 8.554329e-01 -2.589568e-01
    outer loop
      vertex   1.196685e+00 9.770912e+00 -7.818331e-01
      vertex   1.275430e+00 9.770912e+00 -6.454427e-01
      vertex   1.459844e+00 9.645968e+00 -7.387671e-01
    endloop
  endfacet
  facet normal 4.485264e-01 8.554329e-01 -2.589568e-01
    outer loop
      vertex   1.196685e+00 9.770912e+00 -7.818331e-01
      vertex   1.459844e+00 9.645968e+00 -7.387671e-01
      vertex   1.369713e+00 9.645968e+00 -8.948780e-01
    endloop
  endfacet
  facet normal 5.345971e-01 7.867282e-01 -3.086498e-01
    outer loop
      vertex   1.369713e+00 9.645968e+00 -8.948780e-01
      vertex   1.459844e+00 9.645968e+00 -7.387671e-01
      vertex   1.629475e+00 9.497021e+00 -8.246107e-01
    endloop
  endfacet
  facet normal 5.345971e-01 7.867282e-01 -3.086498e-01
    outer loop
      vertex   1.369713e+00 9.645968e+00 -8.948780e-01
      vertex   1.629475e+00 9.497021e+00 -8.246107e-01
      vertex   1.528871e+00 9.497021e+00 -9.988615e-01
    endloop
  endfacet
  facet normal 6.128376e-01 7.065693e-01 -3.538219e-01
    outer loop
      vertex   1.528871e+00 9.497021e+00 -9.988615e-01
      vertex   1.629475e+00 9.497021e+00 -8.246107e-01
      vertex   1.781851e+00 9.326245e+00 -9.017218e-01
    endloop
  endfacet
  facet normal 6.128376e-01 7.065693e-01 -3.538219e-01
    outer loop
      vertex   1.528871e+00 9.497021e+00 -9.988615e-01
      vertex   1.781851e+00 9.326245e+00 -9.017218e-01
      vertex   1.671839e+00 9.326245e+00 -1.092267e+00
    endloop
  endfacet
  facet normal 6.821147e-01 6.161381e-01 -3.938191e-01
    outer loop
      vertex   1.671839e+00 9.326245e+00 -1.092267e+00
      vertex   1.781851e+00 9.326245e+00 -9.017218e-01
      vertex   1.914749e+00 9.136129e+00 -9.689760e-01
    endloop
  endfacet
  facet normal 6.821147e-01 6.161381e-01 -3.938191e-01
    outer loop
      vertex   1.671839e+00 9.326245e+00 -1.092267e+00
      vertex   1.914749e+00 9.136129e+00 -9.689760e-01
      vertex   1.796532e+00 9.136129e+00 -1.173733e+00
    endloop
  endfacet
  facet normal 7.414295e-01 5.167621e-01 -4.280645e-01
    outer loop
      vertex   1.796532e+00 9.136129e+00 -1.173733e+00
      vertex   1.914749e+00 9.136129e+00 -9.689760e-01
      vertex   2.026231e+00 8.929446e+00 -1.025393e+00
    endloop
  endfacet
  facet normal 7.414295e-01 5.167621e-01 -4.280645e-01
    outer loop
      vertex   1.796532e+00 9.136129e+00 -1.173733e+00
      vertex   2.026231e+00 8.929446e+00 -1.025393e+00
      vertex   1.901131e+00 8.929446e+00 -1.242071e+00
    endloop
  endfacet
  facet normal 7.899303e-01 4.098944e-01 -4.560665e-01
    outer loop
      vertex   1.901131e+00 8.929446e+00 -1.242071e+00
      vertex   2.026231e+00 8.929446e+00 -1.025393e+00
      vertex   2.114672e+00 8.709210e+00 -1.070149e+00
    endloop
  endfacet
  facet normal 7.899303e-01 4.098944e-01 -4.560665e-01
    outer loop
      vertex   1.901131e+00 8.929446e+00 -1.242071e+00
      vertex   2.114672e+00 8.709210e+00 -1.070149e+00
      vertex   1.984112e+00 8.709210e+00 -1.296285e+00
    endloop
  endfacet
  facet normal 8.269236e-01 2.970912e-01 -4.774246e-01
    outer loop
      vertex   1.984112e+00 8.709210e+00 -1.296285e+00
      vertex   2.114672e+00 8.709210e+00 -1.070149e+00
      vertex   2.178781e+00 8.478631e+00 -1.102592e+00
    endloop
  endfacet
  facet normal 8.269236e-01 2.970912e-01 -4.774246e-01
    outer loop
      vertex   1.984112e+00 8.709210e+00 -1.296285e+00
      vertex   2.178781e+00 8.478631e+00 -1.102592e+00
      vertex   2.044263e+00 8.478631e+00 -1.335584e+00
    endloop
  endfacet
  facet normal 8.518818e-01 1.799902e-01 -4.918342e-01
    outer loop
      vertex   2.044263e+00 8.478631e+00 -1.335584e+00
      vertex   2.178781e+00 8.478631e+00 -1.102592e+00
      vertex   2.217625e+00 8.241073e+00 -1.122249e+00
    endloop
  endfacet
  facet normal 8.518818e-01 1.799902e-01 -4.918342e-01
    outer loop
      vertex   2.044263e+00 8.478631e+00 -1.335584e+00
      vertex   2.217625e+00 8.241073e+00 -1.122249e+00
      vertex   2.080708e+00 8.241073e+00 -1.359395e+00
    endloop
  endfacet
  facet normal 5.907419e-02 9.982278e-01 -7.172905e-03
    outer loop
      vertex   5.000000e-01 1.000000e+01 0.000000e+00
      vertex   7.340496e-01 9.985418e+00 -1.017891e-01
      vertex   4.854709e-01 1.000000e+01 -1.196578e-01
    endloop
  endfacet
  facet normal 5.938894e-02 9.981675e-01 -1.160067e-02
    outer loop
      vertex   4.854709e-01 1.000000e+01 -1.196578e-01
      vertex   7.340496e-01 9.985418e+00 -1.017891e-01
      vertex   7.183967e-01 9.985418e+00 -1.819228e-01
    endloop
  endfacet
  facet normal 5.766863e-02 9.981728e-01 -1.803735e-02
    outer loop
      vertex   4.854709e-01 1.000000e+01 -1.196578e-01
      vertex   7.183967e-01 9.985418e+00 -1.819228e-01
      vertex   6.940236e-01 9.985418e+00 -2.598482e-01
    endloop
  endfacet
  facet normal 1.722894e-01 9.835713e-01 -5.388797e-02
    outer loop
      vertex   6.940236e-01 9.985418e+00 -2.598482e-01
      vertex   7.183967e-01 9.985418e+00 -1.819228e-01
      vertex   9.486855e-01 9.941884e+00 -2.402398e-01
    endloop
  endfacet
  facet normal 1.722894e-01 9.835713e-01 -5.388797e-02
    outer loop
      vertex   6.940236e-01 9.985418e+00 -2.598482e-01
      vertex   9.486855e-01 9.941884e+00 -2.402398e-01
      vertex   9.164993e-01 9.941884e+00 -3.431449e-01
    endloop
  endfacet
  facet normal 2.843319e-01 9.545923e-01 -8.893215e-02
    outer loop
      vertex   9.164993e-01 9.941884e+00 -3.431449e-01
      vertex   9.486855e-01 9.941884e+00 -2.402398e-01
      vertex   1.172208e+00 9.870032e+00 -2.968435e-01
    endloop
  endfacet
  facet normal 2.843319e-01 9.545923e-01 -8.893215e-02
    outer loop
      vertex   9.164993e-01 9.941884e+00 -3.431449e-01
      vertex   1.172208e+00 9.870032e+00 -2.968435e-01
      vertex   1.132439e+00 9.870032e+00 -4.239944e-01
    endloop
  endfacet
  facet normal 3.921952e-01 9.116662e-01 -1.226692e-01
    outer loop
      vertex   1.132439e+00 9.870032e+00 -4.239944e-01
      vertex   1.172208e+00 9.870032e+00 -2.968435e-01
      vertex   1.385706e+00 9.770912e+00 -3.509083e-01
    endloop
  endfacet
  facet normal 3.921952e-01 9.116662e-01 -1.226692e-01
    outer loop
      vertex   1.132439e+00 9.870032e+00 -4.239944e-01
      vertex   1.385706e+00 9.770912e+00 -3.509083e-01
      vertex   1.338693e+00 9.770912e+00 -5.012176e-01
    endloop
  endfacet
  facet normal 4.942994e-01 8.554329e-01 -1.546049e-01
    outer loop
      vertex   1.338693e+00 9.770912e+00 -5.012176e-01
      vertex   1.385706e+00 9.770912e+00 -3.509083e-01
      vertex   1.586064e+00 9.645968e+00 -4.016461e-01
    endloop
  endfacet
  facet normal 4.942994e-01 8.554329e-01 -1.546049e-01
    outer loop
      vertex   1.338693e+00 9.770912e+00 -5.012176e-01
      vertex   1.586064e+00 9.645968e+00 -4.016461e-01
      vertex   1.532254e+00 9.645968e+00 -5.736885e-01
    endloop
  endfacet
  facet normal 5.891538e-01 7.867282e-01 -1.842731e-01
    outer loop
      vertex   1.532254e+00 9.645968e+00 -5.736885e-01
      vertex   1.586064e+00 9.645968e+00 -4.016461e-01
      vertex   1.770363e+00 9.497021e+00 -4.483167e-01
    endloop
  endfacet
  facet normal 5.891538e-01 7.867282e-01 -1.842731e-01
    outer loop
      vertex   1.532254e+00 9.645968e+00 -5.736885e-01
      vertex   1.770363e+00 9.497021e+00 -4.483167e-01
      vertex   1.710299e+00 9.497021e+00 -6.403502e-01
    endloop
  endfacet
  facet normal 6.753788e-01 7.065693e-01 -2.112422e-01
    outer loop
      vertex   1.710299e+00 9.497021e+00 -6.403502e-01
      vertex   1.770363e+00 9.497021e+00 -4.483167e-01
      vertex   1.935913e+00 9.326245e+00 -4.902398e-01
    endloop
  endfacet
  facet normal 6.753788e-01 7.065693e-01 -2.112422e-01
    outer loop
      vertex   1.710299e+00 9.497021e+00 -6.403502e-01
      vertex   1.935913e+00 9.326245e+00 -4.902398e-01
      vertex   1.870233e+00 9.326245e+00 -7.002307e-01
    endloop
  endfacet
  facet normal 7.517258e-01 6.161381e-01 -2.351217e-01
    outer loop
      vertex   1.870233e+00 9.326245e+00 -7.002307e-01
      vertex   1.935913e+00 9.326245e+00 -4.902398e-01
      vertex   2.080302e+00 9.136129e+00 -5.268039e-01
    endloop
  endfacet
  facet normal 7.517258e-01 6.161381e-01 -2.351217e-01
    outer loop
      vertex   1.870233e+00 9.326245e+00 -7.002307e-01
      vertex   2.080302e+00 9.136129e+00 -5.268039e-01
      vertex   2.009723e+00 9.136129e+00 -7.524569e-01
    endloop
  endfacet
  facet normal 8.170938e-01 5.167621e-01 -2.555672e-01
    outer loop
      vertex   2.009723e+00 9.136129e+00 -7.524569e-01
      vertex   2.080302e+00 9.136129e+00 -5.268039e-01
      vertex   2.201423e+00 8.929446e+00 -5.574760e-01
    endloop
  endfacet
  facet normal 8.170938e-01 5.167621e-01 -2.555672e-01
    outer loop
      vertex   2.009723e+00 9.136129e+00 -7.524569e-01
      vertex   2.201423e+00 8.929446e+00 -5.574760e-01
      vertex   2.126735e+00 8.929446e+00 -7.962671e-01
    endloop
  endfacet
  facet normal 8.705443e-01 4.098944e-01 -2.722852e-01
    outer loop
      vertex   2.126735e+00 8.929446e+00 -7.962671e-01
      vertex   2.201423e+00 8.929446e+00 -5.574760e-01
      vertex   2.297510e+00 8.709210e+00 -5.818086e-01
    endloop
  endfacet
  facet normal 8.705443e-01 4.098944e-01 -2.722852e-01
    outer loop
      vertex   2.126735e+00 8.929446e+00 -7.962671e-01
      vertex   2.297510e+00 8.709210e+00 -5.818086e-01
      vertex   2.219562e+00 8.709210e+00 -8.310224e-01
    endloop
  endfacet
  facet normal 9.113128e-01 2.970912e-01 -2.850366e-01
    outer loop
      vertex   2.219562e+00 8.709210e+00 -8.310224e-01
      vertex   2.297510e+00 8.709210e+00 -5.818086e-01
      vertex   2.367163e+00 8.478631e+00 -5.994470e-01
    endloop
  endfacet
  facet normal 9.113128e-01 2.970912e-01 -2.850366e-01
    outer loop
      vertex   2.219562e+00 8.709210e+00 -8.310224e-01
      vertex   2.367163e+00 8.478631e+00 -5.994470e-01
      vertex   2.286852e+00 8.478631e+00 -8.562161e-01
    endloop
  endfacet
  facet normal 9.388180e-01 1.799902e-01 -2.936396e-01
    outer loop
      vertex   2.286852e+00 8.478631e+00 -8.562161e-01
      vertex   2.367163e+00 8.478631e+00 -5.994470e-01
      vertex   2.409365e+00 8.241073e+00 -6.101340e-01
    endloop
  endfacet
  facet normal 9.388180e-01 1.799902e-01 -2.936396e-01
    outer loop
      vertex   2.286852e+00 8.478631e+00 -8.562161e-01
      vertex   2.409365e+00 8.241073e+00 -6.101340e-01
      vertex   2.327622e+00 8.241073e+00 -8.714808e-01
    endloop
  endfacet
  facet normal 5.917854e-02 9.982216e-01 7.185575e-03
    outer loop
      vertex   4.854709e-01 1.000000e+01 1.196578e-01
      vertex   7.385423e-01 9.985418e+00 6.119736e-02
      vertex   5.000000e-01 1.000000e+01 0.000000e+00
    endloop
  endfacet
  facet normal 6.058983e-02 9.981614e-01 1.670147e-03
    outer loop
      vertex   5.000000e-01 1.000000e+01 0.000000e+00
      vertex   7.385423e-01 9.985418e+00 6.119736e-02
      vertex   7.407920e-01 9.985418e+00 -2.041979e-02
    endloop
  endfacet
  facet normal 6.002777e-02 9.981843e-01 -4.974043e-03
    outer loop
      vertex   5.000000e-01 1.000000e+01 0.000000e+00
      vertex   7.407920e-01 9.985418e+00 -2.041979e-02
      vertex   7.340496e-01 9.985418e+00 -1.017891e-01
    endloop
  endfacet
  facet normal 1.799037e-01 9.835713e-01 -1.490724e-02
    outer loop
      vertex   7.340496e-01 9.985418e+00 -1.017891e-01
      vertex   7.407920e-01 9.985418e+00 -2.041979e-02
      vertex   9.782598e-01 9.941884e+00 -2.696554e-02
    endloop
  endfacet
  facet normal 1.799037e-01 9.835713e-01 -1.490724e-02
    outer loop
      vertex   7.340496e-01 9.985418e+00 -1.017891e-01
      vertex   9.782598e-01 9.941884e+00 -2.696554e-02
      vertex   9.693560e-01 9.941884e+00 -1.344185e-01
    endloop
  endfacet
  facet normal 2.968978e-01 9.545923e-01 -2.460166e-02
    outer loop
      vertex   9.693560e-01 9.941884e+00 -1.344185e-01
      vertex   9.782598e-01 9.941884e+00 -2.696554e-02
      vertex   1.208751e+00 9.870032e+00 -3.331898e-02
    endloop
  endfacet
  facet normal 2.968978e-01 9.545923e-01 -2.460166e-02
    outer loop
      vertex   9.693560e-01 9.941884e+00 -1.344185e-01
      vertex   1.208751e+00 9.870032e+00 -3.331898e-02
      vertex   1.197749e+00 9.870032e+00 -1.660893e-01
    endloop
  endfacet
  facet normal 4.095281e-01 9.116662e-01 -3.393446e-02
    outer loop
      vertex   1.197749e+00 9.870032e+00 -1.660893e-01
      vertex   1.208751e+00 9.870032e+00 -3.331898e-02
      vertex   1.428904e+00 9.770912e+00 -3.938745e-02
    endloop
  endfacet
  facet normal 4.095281e-01 9.116662e-01 -3.393446e-02
    outer loop
      vertex   1.197749e+00 9.870032e+00 -1.660893e-01
      vertex   1.428904e+00 9.770912e+00 -3.938745e-02
      vertex   1.415898e+00 9.770912e+00 -1.963395e-01
    endloop
  endfacet
  facet normal 5.161447e-01 8.554329e-01 -4.276897e-02
    outer loop
      vertex   1.415898e+00 9.770912e+00 -1.963395e-01
      vertex   1.428904e+00 9.770912e+00 -3.938745e-02
      vertex   1.635508e+00 9.645968e+00 -4.508247e-02
    endloop
  endfacet
  facet normal 5.161447e-01 8.554329e-01 -4.276897e-02
    outer loop
      vertex   1.415898e+00 9.770912e+00 -1.963395e-01
      vertex   1.635508e+00 9.645968e+00 -4.508247e-02
      vertex   1.620622e+00 9.645968e+00 -2.247282e-01
    endloop
  endfacet
  facet normal 6.151912e-01 7.867282e-01 -5.097619e-02
    outer loop
      vertex   1.620622e+00 9.645968e+00 -2.247282e-01
      vertex   1.635508e+00 9.645968e+00 -4.508247e-02
      vertex   1.825552e+00 9.497021e+00 -5.032099e-02
    endloop
  endfacet
  facet normal 6.151912e-01 7.867282e-01 -5.097619e-02
    outer loop
      vertex   1.620622e+00 9.645968e+00 -2.247282e-01
      vertex   1.825552e+00 9.497021e+00 -5.032099e-02
      vertex   1.808936e+00 9.497021e+00 -2.508413e-01
    endloop
  endfacet
  facet normal 7.052269e-01 7.065693e-01 -5.843677e-02
    outer loop
      vertex   1.808936e+00 9.497021e+00 -2.508413e-01
      vertex   1.825552e+00 9.497021e+00 -5.032099e-02
      vertex   1.996263e+00 9.326245e+00 -5.502662e-02
    endloop
  endfacet
  facet normal 7.052269e-01 7.065693e-01 -5.843677e-02
    outer loop
      vertex   1.808936e+00 9.497021e+00 -2.508413e-01
      vertex   1.996263e+00 9.326245e+00 -5.502662e-02
      vertex   1.978094e+00 9.326245e+00 -2.742980e-01
    endloop
  endfacet
  facet normal 7.849480e-01 6.161381e-01 -6.504264e-02
    outer loop
      vertex   1.978094e+00 9.326245e+00 -2.742980e-01
      vertex   1.996263e+00 9.326245e+00 -5.502662e-02
      vertex   2.145153e+00 9.136129e+00 -5.913073e-02
    endloop
  endfacet
  facet normal 7.849480e-01 6.161381e-01 -6.504264e-02
    outer loop
      vertex   1.978094e+00 9.326245e+00 -2.742980e-01
      vertex   2.145153e+00 9.136129e+00 -5.913073e-02
      vertex   2.125628e+00 9.136129e+00 -2.947563e-01
    endloop
  endfacet
  facet normal 8.532049e-01 5.167621e-01 -7.069857e-02
    outer loop
      vertex   2.125628e+00 9.136129e+00 -2.947563e-01
      vertex   2.145153e+00 9.136129e+00 -5.913073e-02
      vertex   2.270050e+00 8.929446e+00 -6.257349e-02
    endloop
  endfacet
  facet normal 8.532049e-01 5.167621e-01 -7.069857e-02
    outer loop
      vertex   2.125628e+00 9.136129e+00 -2.947563e-01
      vertex   2.270050e+00 8.929446e+00 -6.257349e-02
      vertex   2.249389e+00 8.929446e+00 -3.119179e-01
    endloop
  endfacet
  facet normal 9.090176e-01 4.098944e-01 -7.532335e-02
    outer loop
      vertex   2.249389e+00 8.929446e+00 -3.119179e-01
      vertex   2.270050e+00 8.929446e+00 -6.257349e-02
      vertex   2.369133e+00 8.709210e+00 -6.530469e-02
    endloop
  endfacet
  facet normal 9.090176e-01 4.098944e-01 -7.532335e-02
    outer loop
      vertex   2.249389e+00 8.929446e+00 -3.119179e-01
      vertex   2.369133e+00 8.709210e+00 -6.530469e-02
      vertex   2.347570e+00 8.709210e+00 -3.255324e-01
    endloop
  endfacet
  facet normal 9.515878e-01 2.970912e-01 -7.885081e-02
    outer loop
      vertex   2.347570e+00 8.709210e+00 -3.255324e-01
      vertex   2.369133e+00 8.709210e+00 -6.530469e-02
      vertex   2.440957e+00 8.478631e+00 -6.728450e-02
    endloop
  endfacet
  facet normal 9.515878e-01 2.970912e-01 -7.885081e-02
    outer loop
      vertex   2.347570e+00 8.709210e+00 -3.255324e-01
      vertex   2.440957e+00 8.478631e+00 -6.728450e-02
      vertex   2.418740e+00 8.478631e+00 -3.354014e-01
    endloop
  endfacet
  facet normal 9.803087e-01 1.799902e-01 -8.123069e-02
    outer loop
      vertex   2.418740e+00 8.478631e+00 -3.354014e-01
      vertex   2.440957e+00 8.478631e+00 -6.728450e-02
      vertex   2.484474e+00 8.241073e+00 -6.848405e-02
    endloop
  endfacet
  facet normal 9.803087e-01 1.799902e-01 -8.123069e-02
    outer loop
      vertex   2.418740e+00 8.478631e+00 -3.354014e-01
      vertex   2.484474e+00 8.241073e+00 -6.848405e-02
      vertex   2.461861e+00 8.241073e+00 -3.413810e-01
    endloop
  endfacet
  facet normal 5.583487e-02 9.982154e-01 2.117537e-02
    outer loop
      vertex   4.427280e-01 1.000000e+01 2.323616e-01
      vertex   6.786553e-01 9.985418e+00 2.976858e-01
      vertex   4.854709e-01 1.000000e+01 1.196578e-01
    endloop
  endfacet
  facet normal 5.601975e-02 9.982093e-01 2.097426e-02
    outer loop
      vertex   4.854709e-01 1.000000e+01 1.196578e-01
      vertex   6.786553e-01 9.985418e+00 2.976858e-01
      vertex   7.072842e-01 9.985418e+00 2.212214e-01
    endloop
  endfacet
  facet normal 5.880195e-02 9.981586e-01 1.489068e-02
    outer loop
      vertex   4.854709e-01 1.000000e+01 1.196578e-01
      vertex   7.072842e-01 9.985418e+00 2.212214e-01
      vertex   7.273276e-01 9.985418e+00 1.420716e-01
    endloop
  endfacet
  facet normal 1.749964e-01 9.835713e-01 4.431510e-02
    outer loop
      vertex   7.273276e-01 9.985418e+00 1.420716e-01
      vertex   7.072842e-01 9.985418e+00 2.212214e-01
      vertex   9.340107e-01 9.941884e+00 2.921360e-01
    endloop
  endfacet
  facet normal 1.749964e-01 9.835713e-01 4.431510e-02
    outer loop
      vertex   7.273276e-01 9.985418e+00 1.420716e-01
      vertex   9.340107e-01 9.941884e+00 2.921360e-01
      vertex   9.604792e-01 9.941884e+00 1.876140e-01
    endloop
  endfacet
  facet normal 2.887992e-01 9.545923e-01 7.313390e-02
    outer loop
      vertex   9.604792e-01 9.941884e+00 1.876140e-01
      vertex   9.340107e-01 9.941884e+00 2.921360e-01
      vertex   1.154076e+00 9.870032e+00 3.609670e-01
    endloop
  endfacet
  facet normal 2.887992e-01 9.545923e-01 7.313390e-02
    outer loop
      vertex   9.604792e-01 9.941884e+00 1.876140e-01
      vertex   1.154076e+00 9.870032e+00 3.609670e-01
      vertex   1.186781e+00 9.870032e+00 2.318184e-01
    endloop
  endfacet
  facet normal 3.983572e-01 9.116662e-01 1.008778e-01
    outer loop
      vertex   1.186781e+00 9.870032e+00 2.318184e-01
      vertex   1.154076e+00 9.870032e+00 3.609670e-01
      vertex   1.364271e+00 9.770912e+00 4.267109e-01
    endloop
  endfacet
  facet normal 3.983572e-01 9.116662e-01 1.008778e-01
    outer loop
      vertex   1.186781e+00 9.870032e+00 2.318184e-01
      vertex   1.364271e+00 9.770912e+00 4.267109e-01
      vertex   1.402932e+00 9.770912e+00 2.740401e-01
    endloop
  endfacet
  facet normal 5.020656e-01 8.554329e-01 1.271403e-01
    outer loop
      vertex   1.402932e+00 9.770912e+00 2.740401e-01
      vertex   1.364271e+00 9.770912e+00 4.267109e-01
      vertex   1.561530e+00 9.645968e+00 4.884089e-01
    endloop
  endfacet
  facet normal 5.020656e-01 8.554329e-01 1.271403e-01
    outer loop
      vertex   1.402932e+00 9.770912e+00 2.740401e-01
      vertex   1.561530e+00 9.645968e+00 4.884089e-01
      vertex   1.605782e+00 9.645968e+00 3.136634e-01
    endloop
  endfacet
  facet normal 5.984103e-01 7.867282e-01 1.515381e-01
    outer loop
      vertex   1.605782e+00 9.645968e+00 3.136634e-01
      vertex   1.561530e+00 9.645968e+00 4.884089e-01
      vertex   1.742978e+00 9.497021e+00 5.451613e-01
    endloop
  endfacet
  facet normal 5.984103e-01 7.867282e-01 1.515381e-01
    outer loop
      vertex   1.605782e+00 9.645968e+00 3.136634e-01
      vertex   1.742978e+00 9.497021e+00 5.451613e-01
      vertex   1.792371e+00 9.497021e+00 3.501107e-01
    endloop
  endfacet
  facet normal 6.859901e-01 7.065693e-01 1.737163e-01
    outer loop
      vertex   1.792371e+00 9.497021e+00 3.501107e-01
      vertex   1.742978e+00 9.497021e+00 5.451613e-01
      vertex   1.905967e+00 9.326245e+00 5.961405e-01
    endloop
  endfacet
  facet normal 6.859901e-01 7.065693e-01 1.737163e-01
    outer loop
      vertex   1.792371e+00 9.497021e+00 3.501107e-01
      vertex   1.905967e+00 9.326245e+00 5.961405e-01
      vertex   1.959980e+00 9.326245e+00 3.828503e-01
    endloop
  endfacet
  facet normal 7.635366e-01 6.161381e-01 1.933537e-01
    outer loop
      vertex   1.959980e+00 9.326245e+00 3.828503e-01
      vertex   1.905967e+00 9.326245e+00 5.961405e-01
      vertex   2.048122e+00 9.136129e+00 6.406032e-01
    endloop
  endfacet
  facet normal 7.635366e-01 6.161381e-01 1.933537e-01
    outer loop
      vertex   1.959980e+00 9.326245e+00 3.828503e-01
      vertex   2.048122e+00 9.136129e+00 6.406032e-01
      vertex   2.106163e+00 9.136129e+00 4.114048e-01
    endloop
  endfacet
  facet normal 8.299317e-01 5.167621e-01 2.101672e-01
    outer loop
      vertex   2.106163e+00 9.136129e+00 4.114048e-01
      vertex   2.048122e+00 9.136129e+00 6.406032e-01
      vertex   2.167370e+00 8.929446e+00 6.779009e-01
    endloop
  endfacet
  facet normal 8.299317e-01 5.167621e-01 2.101672e-01
    outer loop
      vertex   2.106163e+00 9.136129e+00 4.114048e-01
      vertex   2.167370e+00 8.929446e+00 6.779009e-01
      vertex   2.228790e+00 8.929446e+00 4.353580e-01
    endloop
  endfacet
  facet normal 8.842220e-01 4.098944e-01 2.239154e-01
    outer loop
      vertex   2.228790e+00 8.929446e+00 4.353580e-01
      vertex   2.167370e+00 8.929446e+00 6.779009e-01
      vertex   2.261971e+00 8.709210e+00 7.074898e-01
    endloop
  endfacet
  facet normal 8.842220e-01 4.098944e-01 2.239154e-01
    outer loop
      vertex   2.228790e+00 8.929446e+00 4.353580e-01
      vertex   2.261971e+00 8.709210e+00 7.074898e-01
      vertex   2.326072e+00 8.709210e+00 4.543604e-01
    endloop
  endfacet
  facet normal 9.256310e-01 2.970912e-01 2.344016e-01
    outer loop
      vertex   2.326072e+00 8.709210e+00 4.543604e-01
      vertex   2.261971e+00 8.709210e+00 7.074898e-01
      vertex   2.330546e+00 8.478631e+00 7.289384e-01
    endloop
  endfacet
  facet normal 9.256310e-01 2.970912e-01 2.344016e-01
    outer loop
      vertex   2.326072e+00 8.709210e+00 4.543604e-01
      vertex   2.330546e+00 8.478631e+00 7.289384e-01
      vertex   2.396590e+00 8.478631e+00 4.681351e-01
    endloop
  endfacet
  facet normal 9.535684e-01 1.799902e-01 2.414763e-01
    outer loop
      vertex   2.396590e+00 8.478631e+00 4.681351e-01
      vertex   2.330546e+00 8.478631e+00 7.289384e-01
      vertex   2.372095e+00 8.241073e+00 7.419340e-01
    endloop
  endfacet
  facet normal 9.535684e-01 1.799902e-01 2.414763e-01
    outer loop
      vertex   2.396590e+00 8.478631e+00 4.681351e-01
      vertex   2.372095e+00 8.241073e+00 7.419340e-01
      vertex   2.439317e+00 8.241073e+00 4.764810e-01
    endloop
  endfacet
  facet normal 4.901807e-02 9.982246e-01 3.383473e-02
    outer loop
      vertex   3.742554e-01 1.000000e+01 3.315614e-01
      vertex   5.971311e-01 9.985418e+00 4.388898e-01
      vertex   4.427280e-01 1.000000e+01 2.323616e-01
    endloop
  endfacet
  facet normal 5.030818e-02 9.981928e-01 3.286797e-02
    outer loop
      vertex   4.427280e-01 1.000000e+01 2.323616e-01
      vertex   5.971311e-01 9.985418e+00 4.388898e-01
      vertex   6.417884e-01 9.985418e+00 3.705367e-01
    endloop
  endfacet
  facet normal 5.411233e-02 9.981593e-01 2.738403e-02
    outer loop
      vertex   4.427280e-01 1.000000e+01 2.323616e-01
      vertex   6.417884e-01 9.985418e+00 3.705367e-01
      vertex   6.786553e-01 9.985418e+00 2.976858e-01
    endloop
  endfacet
  facet normal 1.610700e-01 9.835713e-01 8.151091e-02
    outer loop
      vertex   6.786553e-01 9.985418e+00 2.976858e-01
      vertex   6.417884e-01 9.985418e+00 3.705367e-01
      vertex   8.475196e-01 9.941884e+00 4.893157e-01
    endloop
  endfacet
  facet normal 1.610700e-01 9.835713e-01 8.151091e-02
    outer loop
      vertex   6.786553e-01 9.985418e+00 2.976858e-01
      vertex   8.475196e-01 9.941884e+00 4.893157e-01
      vertex   8.962045e-01 9.941884e+00 3.931117e-01
    endloop
  endfacet
  facet normal 2.658162e-01 9.545923e-01 1.345187e-01
    outer loop
      vertex   8.962045e-01 9.941884e+00 3.931117e-01
      vertex   8.475196e-01 9.941884e+00 4.893157e-01
      vertex   1.047206e+00 9.870032e+00 6.046049e-01
    endloop
  endfacet
  facet normal 2.658162e-01 9.545923e-01 1.345187e-01
    outer loop
      vertex   8.962045e-01 9.941884e+00 3.931117e-01
      vertex   1.047206e+00 9.870032e+00 6.046049e-01
      vertex   1.107362e+00 9.870032e+00 4.857340e-01
    endloop
  endfacet
  facet normal 3.666555e-01 9.116662e-01 1.855493e-01
    outer loop
      vertex   1.107362e+00 9.870032e+00 4.857340e-01
      vertex   1.047206e+00 9.870032e+00 6.046049e-01
      vertex   1.237937e+00 9.770912e+00 7.147232e-01
    endloop
  endfacet
  facet normal 3.666555e-01 9.116662e-01 1.855493e-01
    outer loop
      vertex   1.107362e+00 9.870032e+00 4.857340e-01
      vertex   1.237937e+00 9.770912e+00 7.147232e-01
      vertex   1.309049e+00 9.770912e+00 5.742021e-01
    endloop
  endfacet
  facet normal 4.621107e-01 8.554329e-01 2.338553e-01
    outer loop
      vertex   1.309049e+00 9.770912e+00 5.742021e-01
      vertex   1.237937e+00 9.770912e+00 7.147232e-01
      vertex   1.416930e+00 9.645968e+00 8.180648e-01
    endloop
  endfacet
  facet normal 4.621107e-01 8.554329e-01 2.338553e-01
    outer loop
      vertex   1.309049e+00 9.770912e+00 5.742021e-01
      vertex   1.416930e+00 9.645968e+00 8.180648e-01
      vertex   1.498324e+00 9.645968e+00 6.572257e-01
    endloop
  endfacet
  facet normal 5.507881e-01 7.867282e-01 2.787313e-01
    outer loop
      vertex   1.498324e+00 9.645968e+00 6.572257e-01
      vertex   1.416930e+00 9.645968e+00 8.180648e-01
      vertex   1.581575e+00 9.497021e+00 9.131227e-01
    endloop
  endfacet
  facet normal 5.507881e-01 7.867282e-01 2.787313e-01
    outer loop
      vertex   1.498324e+00 9.645968e+00 6.572257e-01
      vertex   1.581575e+00 9.497021e+00 9.131227e-01
      vertex   1.672427e+00 9.497021e+00 7.335944e-01
    endloop
  endfacet
  facet normal 6.313982e-01 7.065693e-01 3.195248e-01
    outer loop
      vertex   1.672427e+00 9.497021e+00 7.335944e-01
      vertex   1.581575e+00 9.497021e+00 9.131227e-01
      vertex   1.729471e+00 9.326245e+00 9.985108e-01
    endloop
  endfacet
  facet normal 6.313982e-01 7.065693e-01 3.195248e-01
    outer loop
      vertex   1.672427e+00 9.497021e+00 7.335944e-01
      vertex   1.729471e+00 9.326245e+00 9.985108e-01
      vertex   1.828819e+00 9.326245e+00 8.021944e-01
    endloop
  endfacet
  facet normal 7.027735e-01 6.161381e-01 3.556449e-01
    outer loop
      vertex   1.828819e+00 9.326245e+00 8.021944e-01
      vertex   1.729471e+00 9.326245e+00 9.985108e-01
      vertex   1.858463e+00 9.136129e+00 1.072984e+00
    endloop
  endfacet
  facet normal 7.027735e-01 6.161381e-01 3.556449e-01
    outer loop
      vertex   1.828819e+00 9.326245e+00 8.021944e-01
      vertex   1.858463e+00 9.136129e+00 1.072984e+00
      vertex   1.965220e+00 9.136129e+00 8.620254e-01
    endloop
  endfacet
  facet normal 7.638847e-01 5.167621e-01 3.865708e-01
    outer loop
      vertex   1.965220e+00 9.136129e+00 8.620254e-01
      vertex   1.858463e+00 9.136129e+00 1.072984e+00
      vertex   1.966668e+00 8.929446e+00 1.135456e+00
    endloop
  endfacet
  facet normal 7.638847e-01 5.167621e-01 3.865708e-01
    outer loop
      vertex   1.965220e+00 9.136129e+00 8.620254e-01
      vertex   1.966668e+00 8.929446e+00 1.135456e+00
      vertex   2.079641e+00 8.929446e+00 9.122150e-01
    endloop
  endfacet
  facet normal 8.138545e-01 4.098944e-01 4.118585e-01
    outer loop
      vertex   2.079641e+00 8.929446e+00 9.122150e-01
      vertex   1.966668e+00 8.929446e+00 1.135456e+00
      vertex   2.052508e+00 8.709210e+00 1.185016e+00
    endloop
  endfacet
  facet normal 8.138545e-01 4.098944e-01 4.118585e-01
    outer loop
      vertex   2.079641e+00 8.929446e+00 9.122150e-01
      vertex   2.052508e+00 8.709210e+00 1.185016e+00
      vertex   2.170413e+00 8.709210e+00 9.520312e-01
    endloop
  endfacet
  facet normal 8.519682e-01 2.970912e-01 4.311462e-01
    outer loop
      vertex   2.170413e+00 8.709210e+00 9.520312e-01
      vertex   2.052508e+00 8.709210e+00 1.185016e+00
      vertex   2.114733e+00 8.478631e+00 1.220942e+00
    endloop
  endfacet
  facet normal 8.519682e-01 2.970912e-01 4.311462e-01
    outer loop
      vertex   2.170413e+00 8.709210e+00 9.520312e-01
      vertex   2.114733e+00 8.478631e+00 1.220942e+00
      vertex   2.236212e+00 8.478631e+00 9.808935e-01
    endloop
  endfacet
  facet normal 8.776823e-01 1.799902e-01 4.441591e-01
    outer loop
      vertex   2.236212e+00 8.478631e+00 9.808935e-01
      vertex   2.114733e+00 8.478631e+00 1.220942e+00
      vertex   2.152435e+00 8.241073e+00 1.242709e+00
    endloop
  endfacet
  facet normal 8.776823e-01 1.799902e-01 4.441591e-01
    outer loop
      vertex   2.236212e+00 8.478631e+00 9.808935e-01
      vertex   2.152435e+00 8.241073e+00 1.242709e+00
      vertex   2.276079e+00 8.241073e+00 9.983810e-01
    endloop
  endfacet
  facet normal 3.944831e-02 9.982290e-01 4.452793e-02
    outer loop
      vertex   2.840324e-01 1.000000e+01 4.114920e-01
      vertex   4.867015e-01 9.985418e+00 5.588483e-01
      vertex   3.742554e-01 1.000000e+01 3.315614e-01
    endloop
  endfacet
  facet normal 4.205823e-02 9.981793e-01 4.323353e-02
    outer loop
      vertex   3.742554e-01 1.000000e+01 3.315614e-01
      vertex   4.867015e-01 9.985418e+00 5.588483e-01
      vertex   5.452254e-01 9.985418e+00 5.019154e-01
    endloop
  endfacet
  facet normal 4.676191e-02 9.981634e-01 3.851149e-02
    outer loop
      vertex   3.742554e-01 1.000000e+01 3.315614e-01
      vertex   5.452254e-01 9.985418e+00 5.019154e-01
      vertex   5.971311e-01 9.985418e+00 4.388898e-01
    endloop
  endfacet
  facet normal 1.393466e-01 9.835713e-01 1.147610e-01
    outer loop
      vertex   5.971311e-01 9.985418e+00 4.388898e-01
      vertex   5.452254e-01 9.985418e+00 5.019154e-01
      vertex   7.200025e-01 9.941884e+00 6.628090e-01
    endloop
  endfacet
  facet normal 1.393466e-01 9.835713e-01 1.147610e-01
    outer loop
      vertex   5.971311e-01 9.985418e+00 4.388898e-01
      vertex   7.200025e-01 9.941884e+00 6.628090e-01
      vertex   7.885470e-01 9.941884e+00 5.795800e-01
    endloop
  endfacet
  facet normal 2.299658e-01 9.545923e-01 1.893919e-01
    outer loop
      vertex   7.885470e-01 9.941884e+00 5.795800e-01
      vertex   7.200025e-01 9.941884e+00 6.628090e-01
      vertex   8.896446e-01 9.870032e+00 8.189755e-01
    endloop
  endfacet
  facet normal 2.299658e-01 9.545923e-01 1.893919e-01
    outer loop
      vertex   7.885470e-01 9.941884e+00 5.795800e-01
      vertex   8.896446e-01 9.870032e+00 8.189755e-01
      vertex   9.743391e-01 9.870032e+00 7.161367e-01
    endloop
  endfacet
  facet normal 3.172050e-01 9.116662e-01 2.612390e-01
    outer loop
      vertex   9.743391e-01 9.870032e+00 7.161367e-01
      vertex   8.896446e-01 9.870032e+00 8.189755e-01
      vertex   1.051678e+00 9.770912e+00 9.681377e-01
    endloop
  endfacet
  facet normal 3.172050e-01 9.116662e-01 2.612390e-01
    outer loop
      vertex   9.743391e-01 9.870032e+00 7.161367e-01
      vertex   1.051678e+00 9.770912e+00 9.681377e-01
      vertex   1.151798e+00 9.770912e+00 8.465685e-01
    endloop
  endfacet
  facet normal 3.997862e-01 8.554329e-01 3.292500e-01
    outer loop
      vertex   1.151798e+00 9.770912e+00 8.465685e-01
      vertex   1.051678e+00 9.770912e+00 9.681377e-01
      vertex   1.203740e+00 9.645968e+00 1.108120e+00
    endloop
  endfacet
  facet normal 3.997862e-01 8.554329e-01 3.292500e-01
    outer loop
      vertex   1.151798e+00 9.770912e+00 8.465685e-01
      vertex   1.203740e+00 9.645968e+00 1.108120e+00
      vertex   1.318336e+00 9.645968e+00 9.689736e-01
    endloop
  endfacet
  facet normal 4.765038e-01 7.867282e-01 3.924320e-01
    outer loop
      vertex   1.318336e+00 9.645968e+00 9.689736e-01
      vertex   1.203740e+00 9.645968e+00 1.108120e+00
      vertex   1.343612e+00 9.497021e+00 1.236882e+00
    endloop
  endfacet
  facet normal 4.765038e-01 7.867282e-01 3.924320e-01
    outer loop
      vertex   1.318336e+00 9.645968e+00 9.689736e-01
      vertex   1.343612e+00 9.497021e+00 1.236882e+00
      vertex   1.471525e+00 9.497021e+00 1.081567e+00
    endloop
  endfacet
  facet normal 5.462421e-01 7.065693e-01 4.498660e-01
    outer loop
      vertex   1.471525e+00 9.497021e+00 1.081567e+00
      vertex   1.343612e+00 9.497021e+00 1.236882e+00
      vertex   1.469256e+00 9.326245e+00 1.352546e+00
    endloop
  endfacet
  facet normal 5.462421e-01 7.065693e-01 4.498660e-01
    outer loop
      vertex   1.471525e+00 9.497021e+00 1.081567e+00
      vertex   1.469256e+00 9.326245e+00 1.352546e+00
      vertex   1.609130e+00 9.326245e+00 1.182707e+00
    endloop
  endfacet
  facet normal 6.079910e-01 6.161381e-01 5.007203e-01
    outer loop
      vertex   1.609130e+00 9.326245e+00 1.182707e+00
      vertex   1.469256e+00 9.326245e+00 1.352546e+00
      vertex   1.578840e+00 9.136129e+00 1.453424e+00
    endloop
  endfacet
  facet normal 6.079910e-01 6.161381e-01 5.007203e-01
    outer loop
      vertex   1.609130e+00 9.326245e+00 1.182707e+00
      vertex   1.578840e+00 9.136129e+00 1.453424e+00
      vertex   1.729146e+00 9.136129e+00 1.270918e+00
    endloop
  endfacet
  facet normal 6.608602e-01 5.167621e-01 5.442615e-01
    outer loop
      vertex   1.729146e+00 9.136129e+00 1.270918e+00
      vertex   1.578840e+00 9.136129e+00 1.453424e+00
      vertex   1.670764e+00 8.929446e+00 1.538047e+00
    endloop
  endfacet
  facet normal 6.608602e-01 5.167621e-01 5.442615e-01
    outer loop
      vertex   1.729146e+00 9.136129e+00 1.270918e+00
      vertex   1.670764e+00 8.929446e+00 1.538047e+00
      vertex   1.829822e+00 8.929446e+00 1.344914e+00
    endloop
  endfacet
  facet normal 7.040906e-01 4.098944e-01 5.798646e-01
    outer loop
      vertex   1.829822e+00 8.929446e+00 1.344914e+00
      vertex   1.670764e+00 8.929446e+00 1.538047e+00
      vertex   1.743690e+00 8.709210e+00 1.605179e+00
    endloop
  endfacet
  facet normal 7.040906e-01 4.098944e-01 5.798646e-01
    outer loop
      vertex   1.829822e+00 8.929446e+00 1.344914e+00
      vertex   1.743690e+00 8.709210e+00 1.605179e+00
      vertex   1.909690e+00 8.709210e+00 1.403617e+00
    endloop
  endfacet
  facet normal 7.370639e-01 2.970912e-01 6.070203e-01
    outer loop
      vertex   1.909690e+00 8.709210e+00 1.403617e+00
      vertex   1.743690e+00 8.709210e+00 1.605179e+00
      vertex   1.796552e+00 8.478631e+00 1.653843e+00
    endloop
  endfacet
  facet normal 7.370639e-01 2.970912e-01 6.070203e-01
    outer loop
      vertex   1.909690e+00 8.709210e+00 1.403617e+00
      vertex   1.796552e+00 8.478631e+00 1.653843e+00
      vertex   1.967585e+00 8.478631e+00 1.446170e+00
    endloop
  endfacet
  facet normal 7.593100e-01 1.799902e-01 6.253414e-01
    outer loop
      vertex   1.967585e+00 8.478631e+00 1.446170e+00
      vertex   1.796552e+00 8.478631e+00 1.653843e+00
      vertex   1.828581e+00 8.241073e+00 1.683328e+00
    endloop
  endfacet
  facet normal 7.593100e-01 1.799902e-01 6.253414e-01
    outer loop
      vertex   1.967585e+00 8.478631e+00 1.446170e+00
      vertex   1.828581e+00 8.241073e+00 1.683328e+00
      vertex   2.002663e+00 8.241073e+00 1.471952e+00
    endloop
  endfacet
  facet normal 2.764953e-02 9.982285e-01 5.268177e-02
    outer loop
      vertex   1.773025e-01 1.000000e+01 4.675082e-01
      vertex   3.527120e-01 9.985418e+00 6.517546e-01
      vertex   2.840324e-01 1.000000e+01 4.114920e-01
    endloop
  endfacet
  facet normal 3.167400e-02 9.981691e-01 5.152777e-02
    outer loop
      vertex   2.840324e-01 1.000000e+01 4.114920e-01
      vertex   3.527120e-01 9.985418e+00 6.517546e-01
      vertex   4.222696e-01 9.985418e+00 6.089977e-01
    endloop
  endfacet
  facet normal 3.713229e-02 9.981709e-01 4.770756e-02
    outer loop
      vertex   2.840324e-01 1.000000e+01 4.114920e-01
      vertex   4.222696e-01 9.985418e+00 6.089977e-01
      vertex   4.867015e-01 9.985418e+00 5.588483e-01
    endloop
  endfacet
  facet normal 1.108778e-01 9.835713e-01 1.424558e-01
    outer loop
      vertex   4.867015e-01 9.985418e+00 5.588483e-01
      vertex   4.222696e-01 9.985418e+00 6.089977e-01
      vertex   5.576320e-01 9.941884e+00 8.042175e-01
    endloop
  endfacet
  facet normal 1.108778e-01 9.835713e-01 1.424558e-01
    outer loop
      vertex   4.867015e-01 9.985418e+00 5.588483e-01
      vertex   5.576320e-01 9.941884e+00 8.042175e-01
      vertex   6.427181e-01 9.941884e+00 7.379924e-01
    endloop
  endfacet
  facet normal 1.829834e-01 9.545923e-01 2.350971e-01
    outer loop
      vertex   6.427181e-01 9.941884e+00 7.379924e-01
      vertex   5.576320e-01 9.941884e+00 8.042175e-01
      vertex   6.890175e-01 9.870032e+00 9.937018e-01
    endloop
  endfacet
  facet normal 1.829834e-01 9.545923e-01 2.350971e-01
    outer loop
      vertex   6.427181e-01 9.941884e+00 7.379924e-01
      vertex   6.890175e-01 9.870032e+00 9.937018e-01
      vertex   7.941510e-01 9.870032e+00 9.118731e-01
    endloop
  endfacet
  facet normal 2.523994e-01 9.116662e-01 3.242828e-01
    outer loop
      vertex   7.941510e-01 9.870032e+00 9.118731e-01
      vertex   6.890175e-01 9.870032e+00 9.937018e-01
      vertex   8.145101e-01 9.770912e+00 1.174687e+00
    endloop
  endfacet
  facet normal 2.523994e-01 9.116662e-01 3.242828e-01
    outer loop
      vertex   7.941510e-01 9.870032e+00 9.118731e-01
      vertex   8.145101e-01 9.770912e+00 1.174687e+00
      vertex   9.387918e-01 9.770912e+00 1.077955e+00
    endloop
  endfacet
  facet normal 3.181092e-01 8.554329e-01 4.087066e-01
    outer loop
      vertex   9.387918e-01 9.770912e+00 1.077955e+00
      vertex   8.145101e-01 9.770912e+00 1.174687e+00
      vertex   9.322798e-01 9.645968e+00 1.344535e+00
    endloop
  endfacet
  facet normal 3.181092e-01 8.554329e-01 4.087066e-01
    outer loop
      vertex   9.387918e-01 9.770912e+00 1.077955e+00
      vertex   9.322798e-01 9.645968e+00 1.344535e+00
      vertex   1.074531e+00 9.645968e+00 1.233816e+00
    endloop
  endfacet
  facet normal 3.791532e-01 7.867282e-01 4.871361e-01
    outer loop
      vertex   1.074531e+00 9.645968e+00 1.233816e+00
      vertex   9.322798e-01 9.645968e+00 1.344535e+00
      vertex   1.040609e+00 9.497021e+00 1.500768e+00
    endloop
  endfacet
  facet normal 3.791532e-01 7.867282e-01 4.871361e-01
    outer loop
      vertex   1.074531e+00 9.645968e+00 1.233816e+00
      vertex   1.040609e+00 9.497021e+00 1.500768e+00
      vertex   1.199390e+00 9.497021e+00 1.377184e+00
    endloop
  endfacet
  facet normal 4.346438e-01 7.065693e-01 5.584304e-01
    outer loop
      vertex   1.199390e+00 9.497021e+00 1.377184e+00
      vertex   1.040609e+00 9.497021e+00 1.500768e+00
      vertex   1.137919e+00 9.326245e+00 1.641108e+00
    endloop
  endfacet
  facet normal 4.346438e-01 7.065693e-01 5.584304e-01
    outer loop
      vertex   1.199390e+00 9.497021e+00 1.377184e+00
      vertex   1.137919e+00 9.326245e+00 1.641108e+00
      vertex   1.311548e+00 9.326245e+00 1.505967e+00
    endloop
  endfacet
  facet normal 4.837774e-01 6.161381e-01 6.215572e-01
    outer loop
      vertex   1.311548e+00 9.326245e+00 1.505967e+00
      vertex   1.137919e+00 9.326245e+00 1.641108e+00
      vertex   1.222790e+00 9.136129e+00 1.763509e+00
    endloop
  endfacet
  facet normal 4.837774e-01 6.161381e-01 6.215572e-01
    outer loop
      vertex   1.311548e+00 9.326245e+00 1.505967e+00
      vertex   1.222790e+00 9.136129e+00 1.763509e+00
      vertex   1.409369e+00 9.136129e+00 1.618288e+00
    endloop
  endfacet
  facet normal 5.258453e-01 5.167621e-01 6.756061e-01
    outer loop
      vertex   1.409369e+00 9.136129e+00 1.618288e+00
      vertex   1.222790e+00 9.136129e+00 1.763509e+00
      vertex   1.293984e+00 8.929446e+00 1.866185e+00
    endloop
  endfacet
  facet normal 5.258453e-01 5.167621e-01 6.756061e-01
    outer loop
      vertex   1.409369e+00 9.136129e+00 1.618288e+00
      vertex   1.293984e+00 8.929446e+00 1.866185e+00
      vertex   1.491426e+00 8.929446e+00 1.712510e+00
    endloop
  endfacet
  facet normal 5.602437e-01 4.098944e-01 7.198011e-01
    outer loop
      vertex   1.491426e+00 8.929446e+00 1.712510e+00
      vertex   1.293984e+00 8.929446e+00 1.866185e+00
      vertex   1.350464e+00 8.709210e+00 1.947640e+00
    endloop
  endfacet
  facet normal 5.602437e-01 4.098944e-01 7.198011e-01
    outer loop
      vertex   1.491426e+00 8.929446e+00 1.712510e+00
      vertex   1.350464e+00 8.709210e+00 1.947640e+00
      vertex   1.556524e+00 8.709210e+00 1.787257e+00
    endloop
  endfacet
  facet normal 5.864805e-01 2.970912e-01 7.535101e-01
    outer loop
      vertex   1.556524e+00 8.709210e+00 1.787257e+00
      vertex   1.350464e+00 8.709210e+00 1.947640e+00
      vertex   1.391405e+00 8.478631e+00 2.006686e+00
    endloop
  endfacet
  facet normal 5.864805e-01 2.970912e-01 7.535101e-01
    outer loop
      vertex   1.556524e+00 8.709210e+00 1.787257e+00
      vertex   1.391405e+00 8.478631e+00 2.006686e+00
      vertex   1.603712e+00 8.478631e+00 1.841441e+00
    endloop
  endfacet
  facet normal 6.041816e-01 1.799902e-01 7.762526e-01
    outer loop
      vertex   1.603712e+00 8.478631e+00 1.841441e+00
      vertex   1.391405e+00 8.478631e+00 2.006686e+00
      vertex   1.416211e+00 8.241073e+00 2.042461e+00
    endloop
  endfacet
  facet normal 6.041816e-01 1.799902e-01 7.762526e-01
    outer loop
      vertex   1.603712e+00 8.478631e+00 1.841441e+00
      vertex   1.416211e+00 8.241073e+00 2.042461e+00
      vertex   1.632303e+00 8.241073e+00 1.874270e+00
    endloop
  endfacet
  facet normal 1.425978e-02 9.982232e-01 5.785421e-02
    outer loop
      vertex   6.026834e-02 1.000000e+01 4.963545e-01
      vertex   2.016486e-01 9.985418e+00 7.131112e-01
      vertex   1.773025e-01 1.000000e+01 4.675082e-01
    endloop
  endfacet
  facet normal 1.967582e-02 9.981623e-01 5.731371e-02
    outer loop
      vertex   1.773025e-01 1.000000e+01 4.675082e-01
      vertex   2.016486e-01 9.985418e+00 7.131112e-01
      vertex   2.788729e-01 9.985418e+00 6.866001e-01
    endloop
  endfacet
  facet normal 2.572433e-02 9.981818e-01 5.451093e-02
    outer loop
      vertex   1.773025e-01 1.000000e+01 4.675082e-01
      vertex   2.788729e-01 9.985418e+00 6.866001e-01
      vertex   3.527120e-01 9.985418e+00 6.517546e-01
    endloop
  endfacet
  facet normal 7.704179e-02 9.835713e-01 1.632548e-01
    outer loop
      vertex   3.527120e-01 9.985418e+00 6.517546e-01
      vertex   2.788729e-01 9.985418e+00 6.866001e-01
      vertex   3.682682e-01 9.941884e+00 9.066962e-01
    endloop
  endfacet
  facet normal 7.704179e-02 9.835713e-01 1.632548e-01
    outer loop
      vertex   3.527120e-01 9.985418e+00 6.517546e-01
      vertex   3.682682e-01 9.941884e+00 9.066962e-01
      vertex   4.657770e-01 9.941884e+00 8.606806e-01
    endloop
  endfacet
  facet normal 1.271433e-01 9.545923e-01 2.694219e-01
    outer loop
      vertex   4.657770e-01 9.941884e+00 8.606806e-01
      vertex   3.682682e-01 9.941884e+00 9.066962e-01
      vertex   4.550370e-01 9.870032e+00 1.120326e+00
    endloop
  endfacet
  facet normal 1.271433e-01 9.545923e-01 2.694219e-01
    outer loop
      vertex   4.657770e-01 9.941884e+00 8.606806e-01
      vertex   4.550370e-01 9.870032e+00 1.120326e+00
      vertex   5.755203e-01 9.870032e+00 1.063468e+00
    endloop
  endfacet
  facet normal 1.753759e-01 9.116662e-01 3.716290e-01
    outer loop
      vertex   5.755203e-01 9.870032e+00 1.063468e+00
      vertex   4.550370e-01 9.870032e+00 1.120326e+00
      vertex   5.379141e-01 9.770912e+00 1.324374e+00
    endloop
  endfacet
  facet normal 1.753759e-01 9.116662e-01 3.716290e-01
    outer loop
      vertex   5.755203e-01 9.870032e+00 1.063468e+00
      vertex   5.379141e-01 9.770912e+00 1.324374e+00
      vertex   6.803413e-01 9.770912e+00 1.257161e+00
    endloop
  endfacet
  facet normal 2.210333e-01 8.554329e-01 4.683789e-01
    outer loop
      vertex   6.803413e-01 9.770912e+00 1.257161e+00
      vertex   5.379141e-01 9.770912e+00 1.324374e+00
      vertex   6.156909e-01 9.645968e+00 1.515864e+00
    endloop
  endfacet
  facet normal 2.210333e-01 8.554329e-01 4.683789e-01
    outer loop
      vertex   6.803413e-01 9.770912e+00 1.257161e+00
      vertex   6.156909e-01 9.645968e+00 1.515864e+00
      vertex   7.787116e-01 9.645968e+00 1.438933e+00
    endloop
  endfacet
  facet normal 2.634489e-01 7.867282e-01 5.582593e-01
    outer loop
      vertex   7.787116e-01 9.645968e+00 1.438933e+00
      vertex   6.156909e-01 9.645968e+00 1.515864e+00
      vertex   6.872332e-01 9.497021e+00 1.692005e+00
    endloop
  endfacet
  facet normal 2.634489e-01 7.867282e-01 5.582593e-01
    outer loop
      vertex   7.787116e-01 9.645968e+00 1.438933e+00
      vertex   6.872332e-01 9.497021e+00 1.692005e+00
      vertex   8.691967e-01 9.497021e+00 1.606135e+00
    endloop
  endfacet
  facet normal 3.020057e-01 7.065693e-01 6.399628e-01
    outer loop
      vertex   8.691967e-01 9.497021e+00 1.606135e+00
      vertex   6.872332e-01 9.497021e+00 1.692005e+00
      vertex   7.514979e-01 9.326245e+00 1.850229e+00
    endloop
  endfacet
  facet normal 3.020057e-01 7.065693e-01 6.399628e-01
    outer loop
      vertex   8.691967e-01 9.497021e+00 1.606135e+00
      vertex   7.514979e-01 9.326245e+00 1.850229e+00
      vertex   9.504772e-01 9.326245e+00 1.756328e+00
    endloop
  endfacet
  facet normal 3.361454e-01 6.161381e-01 7.123062e-01
    outer loop
      vertex   9.504772e-01 9.326245e+00 1.756328e+00
      vertex   7.514979e-01 9.326245e+00 1.850229e+00
      vertex   8.075478e-01 9.136129e+00 1.988226e+00
    endloop
  endfacet
  facet normal 3.361454e-01 6.161381e-01 7.123062e-01
    outer loop
      vertex   9.504772e-01 9.326245e+00 1.756328e+00
      vertex   8.075478e-01 9.136129e+00 1.988226e+00
      vertex   1.021368e+00 9.136129e+00 1.887322e+00
    endloop
  endfacet
  facet normal 3.653757e-01 5.167621e-01 7.742464e-01
    outer loop
      vertex   1.021368e+00 9.136129e+00 1.887322e+00
      vertex   8.075478e-01 9.136129e+00 1.988226e+00
      vertex   8.545655e-01 8.929446e+00 2.103987e+00
    endloop
  endfacet
  facet normal 3.653757e-01 5.167621e-01 7.742464e-01
    outer loop
      vertex   1.021368e+00 9.136129e+00 1.887322e+00
      vertex   8.545655e-01 8.929446e+00 2.103987e+00
      vertex   1.080835e+00 8.929446e+00 1.997208e+00
    endloop
  endfacet
  facet normal 3.892769e-01 4.098944e-01 8.248940e-01
    outer loop
      vertex   1.080835e+00 8.929446e+00 1.997208e+00
      vertex   8.545655e-01 8.929446e+00 2.103987e+00
      vertex   8.918655e-01 8.709210e+00 2.195821e+00
    endloop
  endfacet
  facet normal 3.892769e-01 4.098944e-01 8.248940e-01
    outer loop
      vertex   1.080835e+00 8.929446e+00 1.997208e+00
      vertex   8.918655e-01 8.709210e+00 2.195821e+00
      vertex   1.128011e+00 8.709210e+00 2.084381e+00
    endloop
  endfacet
  facet normal 4.075071e-01 2.970912e-01 8.635246e-01
    outer loop
      vertex   1.128011e+00 8.709210e+00 2.084381e+00
      vertex   8.918655e-01 8.709210e+00 2.195821e+00
      vertex   9.189037e-01 8.478631e+00 2.262391e+00
    endloop
  endfacet
  facet normal 4.075071e-01 2.970912e-01 8.635246e-01
    outer loop
      vertex   1.128011e+00 8.709210e+00 2.084381e+00
      vertex   9.189037e-01 8.478631e+00 2.262391e+00
      vertex   1.162208e+00 8.478631e+00 2.147573e+00
    endloop
  endfacet
  facet normal 4.198065e-01 1.799902e-01 8.895876e-01
    outer loop
      vertex   1.162208e+00 8.478631e+00 2.147573e+00
      vertex   9.189037e-01 8.478631e+00 2.262391e+00
      vertex   9.352860e-01 8.241073e+00 2.302725e+00
    endloop
  endfacet
  facet normal 4.198065e-01 1.799902e-01 8.895876e-01
    outer loop
      vertex   1.162208e+00 8.478631e+00 2.147573e+00
      vertex   9.352860e-01 8.241073e+00 2.302725e+00
      vertex   1.182928e+00 8.241073e+00 2.185860e+00
    endloop
  endfacet
  facet normal 2.751965e-17 9.982130e-01 5.975605e-02
    outer loop
      vertex   -6.026834e-02 1.000000e+01 4.963545e-01
      vertex   4.082407e-02 9.985418e+00 7.399481e-01
      vertex   6.026834e-02 1.000000e+01 4.963545e-01
    endloop
  endfacet
  facet normal 6.672389e-03 9.981589e-01 6.028542e-02
    outer loop
      vertex   6.026834e-02 1.000000e+01 4.963545e-01
      vertex   4.082407e-02 9.985418e+00 7.399481e-01
      vertex   1.219767e-01 9.985418e+00 7.309661e-01
    endloop
  endfacet
  facet normal 1.313014e-02 9.981958e-01 5.858918e-02
    outer loop
      vertex   6.026834e-02 1.000000e+01 4.963545e-01
      vertex   1.219767e-01 9.985418e+00 7.309661e-01
      vertex   2.016486e-01 9.985418e+00 7.131112e-01
    endloop
  endfacet
  facet normal 3.947636e-02 9.835713e-01 1.761510e-01
    outer loop
      vertex   2.016486e-01 9.985418e+00 7.131112e-01
      vertex   1.219767e-01 9.985418e+00 7.309661e-01
      vertex   1.610774e-01 9.941884e+00 9.652841e-01
    endloop
  endfacet
  facet normal 3.947636e-02 9.835713e-01 1.761510e-01
    outer loop
      vertex   2.016486e-01 9.985418e+00 7.131112e-01
      vertex   1.610774e-01 9.941884e+00 9.652841e-01
      vertex   2.662890e-01 9.941884e+00 9.417056e-01
    endloop
  endfacet
  facet normal 6.514846e-02 9.545923e-01 2.907047e-01
    outer loop
      vertex   2.662890e-01 9.941884e+00 9.417056e-01
      vertex   1.610774e-01 9.941884e+00 9.652841e-01
      vertex   1.990294e-01 9.870032e+00 1.192718e+00
    endloop
  endfacet
  facet normal 6.514846e-02 9.545923e-01 2.907047e-01
    outer loop
      vertex   2.662890e-01 9.941884e+00 9.417056e-01
      vertex   1.990294e-01 9.870032e+00 1.192718e+00
      vertex   3.290302e-01 9.870032e+00 1.163584e+00
    endloop
  endfacet
  facet normal 8.986298e-02 9.116662e-01 4.009856e-01
    outer loop
      vertex   3.290302e-01 9.870032e+00 1.163584e+00
      vertex   1.990294e-01 9.870032e+00 1.192718e+00
      vertex   2.352791e-01 9.770912e+00 1.409951e+00
    endloop
  endfacet
  facet normal 8.986298e-02 9.116662e-01 4.009856e-01
    outer loop
      vertex   3.290302e-01 9.870032e+00 1.163584e+00
      vertex   2.352791e-01 9.770912e+00 1.409951e+00
      vertex   3.889573e-01 9.770912e+00 1.375511e+00
    endloop
  endfacet
  facet normal 1.132579e-01 8.554329e-01 5.053783e-01
    outer loop
      vertex   3.889573e-01 9.770912e+00 1.375511e+00
      vertex   2.352791e-01 9.770912e+00 1.409951e+00
      vertex   2.692981e-01 9.645968e+00 1.613815e+00
    endloop
  endfacet
  facet normal 1.132579e-01 8.554329e-01 5.053783e-01
    outer loop
      vertex   3.889573e-01 9.770912e+00 1.375511e+00
      vertex   2.692981e-01 9.645968e+00 1.613815e+00
      vertex   4.451965e-01 9.645968e+00 1.574395e+00
    endloop
  endfacet
  facet normal 1.349917e-01 7.867282e-01 6.023587e-01
    outer loop
      vertex   4.451965e-01 9.645968e+00 1.574395e+00
      vertex   2.692981e-01 9.645968e+00 1.613815e+00
      vertex   3.005901e-01 9.497021e+00 1.801338e+00
    endloop
  endfacet
  facet normal 1.349917e-01 7.867282e-01 6.023587e-01
    outer loop
      vertex   4.451965e-01 9.645968e+00 1.574395e+00
      vertex   3.005901e-01 9.497021e+00 1.801338e+00
      vertex   4.969277e-01 9.497021e+00 1.757337e+00
    endloop
  endfacet
  facet normal 1.547483e-01 7.065693e-01 6.905163e-01
    outer loop
      vertex   4.969277e-01 9.497021e+00 1.757337e+00
      vertex   3.005901e-01 9.497021e+00 1.801338e+00
      vertex   3.286989e-01 9.326245e+00 1.969785e+00
    endloop
  endfacet
  facet normal 1.547483e-01 7.065693e-01 6.905163e-01
    outer loop
      vertex   4.969277e-01 9.497021e+00 1.757337e+00
      vertex   3.286989e-01 9.326245e+00 1.969785e+00
      vertex   5.433965e-01 9.326245e+00 1.921670e+00
    endloop
  endfacet
  facet normal 1.722416e-01 6.161381e-01 7.685745e-01
    outer loop
      vertex   5.433965e-01 9.326245e+00 1.921670e+00
      vertex   3.286989e-01 9.326245e+00 1.969785e+00
      vertex   3.532147e-01 9.136129e+00 2.116700e+00
    endloop
  endfacet
  facet normal 1.722416e-01 6.161381e-01 7.685745e-01
    outer loop
      vertex   5.433965e-01 9.326245e+00 1.921670e+00
      vertex   3.532147e-01 9.136129e+00 2.116700e+00
      vertex   5.839253e-01 9.136129e+00 2.064996e+00
    endloop
  endfacet
  facet normal 1.872192e-01 5.167621e-01 8.354076e-01
    outer loop
      vertex   5.839253e-01 9.136129e+00 2.064996e+00
      vertex   3.532147e-01 9.136129e+00 2.116700e+00
      vertex   3.737798e-01 8.929446e+00 2.239940e+00
    endloop
  endfacet
  facet normal 1.872192e-01 5.167621e-01 8.354076e-01
    outer loop
      vertex   5.839253e-01 9.136129e+00 2.064996e+00
      vertex   3.737798e-01 8.929446e+00 2.239940e+00
      vertex   6.179230e-01 8.929446e+00 2.185226e+00
    endloop
  endfacet
  facet normal 1.994662e-01 4.098944e-01 8.900561e-01
    outer loop
      vertex   6.179230e-01 8.929446e+00 2.185226e+00
      vertex   3.737798e-01 8.929446e+00 2.239940e+00
      vertex   3.900945e-01 8.709210e+00 2.337708e+00
    endloop
  endfacet
  facet normal 1.994662e-01 4.098944e-01 8.900561e-01
    outer loop
      vertex   6.179230e-01 8.929446e+00 2.185226e+00
      vertex   3.900945e-01 8.709210e+00 2.337708e+00
      vertex   6.448941e-01 8.709210e+00 2.280606e+00
    endloop
  endfacet
  facet normal 2.088074e-01 2.970912e-01 9.317383e-01
    outer loop
      vertex   6.448941e-01 8.709210e+00 2.280606e+00
      vertex   3.900945e-01 8.709210e+00 2.337708e+00
      vertex   4.019208e-01 8.478631e+00 2.408580e+00
    endloop
  endfacet
  facet normal 2.088074e-01 2.970912e-01 9.317383e-01
    outer loop
      vertex   6.448941e-01 8.709210e+00 2.280606e+00
      vertex   4.019208e-01 8.478631e+00 2.408580e+00
      vertex   6.644450e-01 8.478631e+00 2.349747e+00
    endloop
  endfacet
  facet normal 2.151097e-01 1.799902e-01 9.598601e-01
    outer loop
      vertex   6.644450e-01 8.478631e+00 2.349747e+00
      vertex   4.019208e-01 8.478631e+00 2.408580e+00
      vertex   4.090863e-01 8.241073e+00 2.451520e+00
    endloop
  endfacet
  facet normal 2.151097e-01 1.799902e-01 9.598601e-01
    outer loop
      vertex   6.644450e-01 8.478631e+00 2.349747e+00
      vertex   4.090863e-01 8.241073e+00 2.451520e+00
      vertex   6.762908e-01 8.241073e+00 2.391638e+00
    endloop
  endfacet
  facet normal -1.425978e-02 9.982232e-01 5.785421e-02
    outer loop
      vertex   -1.773025e-01 1.000000e+01 4.675082e-01
      vertex   -2.016486e-01 9.985418e+00 7.131112e-01
      vertex   -6.026834e-02 1.000000e+01 4.963545e-01
    endloop
  endfacet
  facet normal -1.313014e-02 9.981958e-01 5.858918e-02
    outer loop
      vertex   -6.026834e-02 1.000000e+01 4.963545e-01
      vertex   -2.016486e-01 9.985418e+00 7.131112e-01
      vertex   -1.219767e-01 9.985418e+00 7.309661e-01
    endloop
  endfacet
  facet normal -6.672389e-03 9.981589e-01 6.028542e-02
    outer loop
      vertex   -6.026834e-02 1.000000e+01 4.963545e-01
      vertex   -1.219767e-01 9.985418e+00 7.309661e-01
      vertex   -4.082407e-02 9.985418e+00 7.399481e-01
    endloop
  endfacet
  facet normal -1.985871e-02 9.835713e-01 1.794246e-01
    outer loop
      vertex   -4.082407e-02 9.985418e+00 7.399481e-01
      vertex   -1.219767e-01 9.985418e+00 7.309661e-01
      vertex   -1.610774e-01 9.941884e+00 9.652841e-01
    endloop
  endfacet
  facet normal -1.985871e-02 9.835713e-01 1.794246e-01
    outer loop
      vertex   -4.082407e-02 9.985418e+00 7.399481e-01
      vertex   -1.610774e-01 9.941884e+00 9.652841e-01
      vertex   -5.391061e-02 9.941884e+00 9.771453e-01
    endloop
  endfacet
  facet normal -3.277314e-02 9.545923e-01 2.961072e-01
    outer loop
      vertex   -5.391061e-02 9.941884e+00 9.771453e-01
      vertex   -1.610774e-01 9.941884e+00 9.652841e-01
      vertex   -1.990294e-01 9.870032e+00 1.192718e+00
    endloop
  endfacet
  facet normal -3.277314e-02 9.545923e-01 2.961072e-01
    outer loop
      vertex   -5.391061e-02 9.941884e+00 9.771453e-01
      vertex   -1.990294e-01 9.870032e+00 1.192718e+00
      vertex   -6.661266e-02 9.870032e+00 1.207374e+00
    endloop
  endfacet
  facet normal -4.520586e-02 9.116662e-01 4.084376e-01
    outer loop
      vertex   -6.661266e-02 9.870032e+00 1.207374e+00
      vertex   -1.990294e-01 9.870032e+00 1.192718e+00
      vertex   -2.352791e-01 9.770912e+00 1.409951e+00
    endloop
  endfacet
  facet normal -4.520586e-02 9.116662e-01 4.084376e-01
    outer loop
      vertex   -6.661266e-02 9.870032e+00 1.207374e+00
      vertex   -2.352791e-01 9.770912e+00 1.409951e+00
      vertex   -7.874500e-02 9.770912e+00 1.427276e+00
    endloop
  endfacet
  facet normal -5.697476e-02 8.554329e-01 5.147703e-01
    outer loop
      vertex   -7.874500e-02 9.770912e+00 1.427276e+00
      vertex   -2.352791e-01 9.770912e+00 1.409951e+00
      vertex   -2.692981e-01 9.645968e+00 1.613815e+00
    endloop
  endfacet
  facet normal -5.697476e-02 8.554329e-01 5.147703e-01
    outer loop
      vertex   -7.874500e-02 9.770912e+00 1.427276e+00
      vertex   -2.692981e-01 9.645968e+00 1.613815e+00
      vertex   -9.013071e-02 9.645968e+00 1.633645e+00
    endloop
  endfacet
  facet normal -6.790802e-02 7.867282e-01 6.135530e-01
    outer loop
      vertex   -9.013071e-02 9.645968e+00 1.633645e+00
      vertex   -2.692981e-01 9.645968e+00 1.613815e+00
      vertex   -3.005901e-01 9.497021e+00 1.801338e+00
    endloop
  endfacet
  facet normal -6.790802e-02 7.867282e-01 6.135530e-01
    outer loop
      vertex   -9.013071e-02 9.645968e+00 1.633645e+00
      vertex   -3.005901e-01 9.497021e+00 1.801338e+00
      vertex   -1.006038e-01 9.497021e+00 1.823472e+00
    endloop
  endfacet
  facet normal -7.784664e-02 7.065693e-01 7.033489e-01
    outer loop
      vertex   -1.006038e-01 9.497021e+00 1.823472e+00
      vertex   -3.005901e-01 9.497021e+00 1.801338e+00
      vertex   -3.286989e-01 9.326245e+00 1.969785e+00
    endloop
  endfacet
  facet normal -7.784664e-02 7.065693e-01 7.033489e-01
    outer loop
      vertex   -1.006038e-01 9.497021e+00 1.823472e+00
      vertex   -3.286989e-01 9.326245e+00 1.969785e+00
      vertex   -1.100114e-01 9.326245e+00 1.993989e+00
    endloop
  endfacet
  facet normal -8.664667e-02 6.161381e-01 7.828577e-01
    outer loop
      vertex   -1.100114e-01 9.326245e+00 1.993989e+00
      vertex   -3.286989e-01 9.326245e+00 1.969785e+00
      vertex   -3.532147e-01 9.136129e+00 2.116700e+00
    endloop
  endfacet
  facet normal -8.664667e-02 6.161381e-01 7.828577e-01
    outer loop
      vertex   -1.100114e-01 9.326245e+00 1.993989e+00
      vertex   -3.532147e-01 9.136129e+00 2.116700e+00
      vertex   -1.182166e-01 9.136129e+00 2.142709e+00
    endloop
  endfacet
  facet normal -9.418123e-02 5.167621e-01 8.509329e-01
    outer loop
      vertex   -1.182166e-01 9.136129e+00 2.142709e+00
      vertex   -3.532147e-01 9.136129e+00 2.116700e+00
      vertex   -3.737798e-01 8.929446e+00 2.239940e+00
    endloop
  endfacet
  facet normal -9.418123e-02 5.167621e-01 8.509329e-01
    outer loop
      vertex   -1.182166e-01 9.136129e+00 2.142709e+00
      vertex   -3.737798e-01 8.929446e+00 2.239940e+00
      vertex   -1.250995e-01 8.929446e+00 2.267464e+00
    endloop
  endfacet
  facet normal -1.003421e-01 4.098944e-01 9.065970e-01
    outer loop
      vertex   -1.250995e-01 8.929446e+00 2.267464e+00
      vertex   -3.737798e-01 8.929446e+00 2.239940e+00
      vertex   -3.900945e-01 8.709210e+00 2.337708e+00
    endloop
  endfacet
  facet normal -1.003421e-01 4.098944e-01 9.065970e-01
    outer loop
      vertex   -1.250995e-01 8.929446e+00 2.267464e+00
      vertex   -3.900945e-01 8.709210e+00 2.337708e+00
      vertex   -1.305598e-01 8.709210e+00 2.366434e+00
    endloop
  endfacet
  facet normal -1.050413e-01 2.970912e-01 9.490538e-01
    outer loop
      vertex   -1.305598e-01 8.709210e+00 2.366434e+00
      vertex   -3.900945e-01 8.709210e+00 2.337708e+00
      vertex   -4.019208e-01 8.478631e+00 2.408580e+00
    endloop
  endfacet
  facet normal -1.050413e-01 2.970912e-01 9.490538e-01
    outer loop
      vertex   -1.305598e-01 8.709210e+00 2.366434e+00
      vertex   -4.019208e-01 8.478631e+00 2.408580e+00
      vertex   -1.345179e-01 8.478631e+00 2.438176e+00
    endloop
  endfacet
  facet normal -1.082116e-01 1.799902e-01 9.776982e-01
    outer loop
      vertex   -1.345179e-01 8.478631e+00 2.438176e+00
      vertex   -4.019208e-01 8.478631e+00 2.408580e+00
      vertex   -4.090863e-01 8.241073e+00 2.451520e+00
    endloop
  endfacet
  facet normal -1.082116e-01 1.799902e-01 9.776982e-01
    outer loop
      vertex   -1.345179e-01 8.478631e+00 2.438176e+00
      vertex   -4.090863e-01 8.241073e+00 2.451520e+00
      vertex   -1.369161e-01 8.241073e+00 2.481644e+00
    endloop
  endfacet
  facet normal -2.764953e-02 9.982285e-01 5.268177e-02
    outer loop
      vertex   -2.840324e-01 1.000000e+01 4.114920e-01
      vertex   -3.527120e-01 9.985418e+00 6.517546e-01
      vertex   -1.773025e-01 1.000000e+01 4.675082e-01
    endloop
  endfacet
  facet normal -2.572433e-02 9.981818e-01 5.451093e-02
    outer loop
      vertex   -1.773025e-01 1.000000e+01 4.675082e-01
      vertex   -3.527120e-01 9.985418e+00 6.517546e-01
      vertex   -2.788729e-01 9.985418e+00 6.866001e-01
    endloop
  endfacet
  facet normal -1.967582e-02 9.981623e-01 5.731371e-02
    outer loop
      vertex   -1.773025e-01 1.000000e+01 4.675082e-01
      vertex   -2.788729e-01 9.985418e+00 6.866001e-01
      vertex   -2.016486e-01 9.985418e+00 7.131112e-01
    endloop
  endfacet
  facet normal -5.861483e-02 9.835713e-01 1.707392e-01
    outer loop
      vertex   -2.016486e-01 9.985418e+00 7.131112e-01
      vertex   -2.788729e-01 9.985418e+00 6.866001e-01
      vertex   -3.682682e-01 9.941884e+00 9.066962e-01
    endloop
  endfacet
  facet normal -5.861483e-02 9.835713e-01 1.707392e-01
    outer loop
      vertex   -2.016486e-01 9.985418e+00 7.131112e-01
      vertex   -3.682682e-01 9.941884e+00 9.066962e-01
      vertex   -2.662890e-01 9.941884e+00 9.417056e-01
    endloop
  endfacet
  facet normal -9.673296e-02 9.545923e-01 2.817735e-01
    outer loop
      vertex   -2.662890e-01 9.941884e+00 9.417056e-01
      vertex   -3.682682e-01 9.941884e+00 9.066962e-01
      vertex   -4.550370e-01 9.870032e+00 1.120326e+00
    endloop
  endfacet
  facet normal -9.673296e-02 9.545923e-01 2.817735e-01
    outer loop
      vertex   -2.662890e-01 9.941884e+00 9.417056e-01
      vertex   -4.550370e-01 9.870032e+00 1.120326e+00
      vertex   -3.290302e-01 9.870032e+00 1.163584e+00
    endloop
  endfacet
  facet normal -1.334293e-01 9.116662e-01 3.886662e-01
    outer loop
      vertex   -3.290302e-01 9.870032e+00 1.163584e+00
      vertex   -4.550370e-01 9.870032e+00 1.120326e+00
      vertex   -5.379141e-01 9.770912e+00 1.324374e+00
    endloop
  endfacet
  facet normal -1.334293e-01 9.116662e-01 3.886662e-01
    outer loop
      vertex   -3.290302e-01 9.870032e+00 1.163584e+00
      vertex   -5.379141e-01 9.770912e+00 1.324374e+00
      vertex   -3.889573e-01 9.770912e+00 1.375511e+00
    endloop
  endfacet
  facet normal -1.681663e-01 8.554329e-01 4.898517e-01
    outer loop
      vertex   -3.889573e-01 9.770912e+00 1.375511e+00
      vertex   -5.379141e-01 9.770912e+00 1.324374e+00
      vertex   -6.156909e-01 9.645968e+00 1.515864e+00
    endloop
  endfacet
  facet normal -1.681663e-01 8.554329e-01 4.898517e-01
    outer loop
      vertex   -3.889573e-01 9.770912e+00 1.375511e+00
      vertex   -6.156909e-01 9.645968e+00 1.515864e+00
      vertex   -4.451965e-01 9.645968e+00 1.574395e+00
    endloop
  endfacet
  facet normal -2.004368e-01 7.867282e-01 5.838526e-01
    outer loop
      vertex   -4.451965e-01 9.645968e+00 1.574395e+00
      vertex   -6.156909e-01 9.645968e+00 1.515864e+00
      vertex   -6.872332e-01 9.497021e+00 1.692005e+00
    endloop
  endfacet
  facet normal -2.004368e-01 7.867282e-01 5.838526e-01
    outer loop
      vertex   -4.451965e-01 9.645968e+00 1.574395e+00
      vertex   -6.872332e-01 9.497021e+00 1.692005e+00
      vertex   -4.969277e-01 9.497021e+00 1.757337e+00
    endloop
  endfacet
  facet normal -2.297716e-01 7.065693e-01 6.693018e-01
    outer loop
      vertex   -4.969277e-01 9.497021e+00 1.757337e+00
      vertex   -6.872332e-01 9.497021e+00 1.692005e+00
      vertex   -7.514979e-01 9.326245e+00 1.850229e+00
    endloop
  endfacet
  facet normal -2.297716e-01 7.065693e-01 6.693018e-01
    outer loop
      vertex   -4.969277e-01 9.497021e+00 1.757337e+00
      vertex   -7.514979e-01 9.326245e+00 1.850229e+00
      vertex   -5.433965e-01 9.326245e+00 1.921670e+00
    endloop
  endfacet
  facet normal -2.557457e-01 6.161381e-01 7.449618e-01
    outer loop
      vertex   -5.433965e-01 9.326245e+00 1.921670e+00
      vertex   -7.514979e-01 9.326245e+00 1.850229e+00
      vertex   -8.075478e-01 9.136129e+00 1.988226e+00
    endloop
  endfacet
  facet normal -2.557457e-01 6.161381e-01 7.449618e-01
    outer loop
      vertex   -5.433965e-01 9.326245e+00 1.921670e+00
      vertex   -8.075478e-01 9.136129e+00 1.988226e+00
      vertex   -5.839253e-01 9.136129e+00 2.064996e+00
    endloop
  endfacet
  facet normal -2.779846e-01 5.167621e-01 8.097416e-01
    outer loop
      vertex   -5.839253e-01 9.136129e+00 2.064996e+00
      vertex   -8.075478e-01 9.136129e+00 1.988226e+00
      vertex   -8.545655e-01 8.929446e+00 2.103987e+00
    endloop
  endfacet
  facet normal -2.779846e-01 5.167621e-01 8.097416e-01
    outer loop
      vertex   -5.839253e-01 9.136129e+00 2.064996e+00
      vertex   -8.545655e-01 8.929446e+00 2.103987e+00
      vertex   -6.179230e-01 8.929446e+00 2.185226e+00
    endloop
  endfacet
  facet normal -2.961691e-01 4.098944e-01 8.627111e-01
    outer loop
      vertex   -6.179230e-01 8.929446e+00 2.185226e+00
      vertex   -8.545655e-01 8.929446e+00 2.103987e+00
      vertex   -8.918655e-01 8.709210e+00 2.195821e+00
    endloop
  endfacet
  facet normal -2.961691e-01 4.098944e-01 8.627111e-01
    outer loop
      vertex   -6.179230e-01 8.929446e+00 2.185226e+00
      vertex   -8.918655e-01 8.709210e+00 2.195821e+00
      vertex   -6.448941e-01 8.709210e+00 2.280606e+00
    endloop
  endfacet
  facet normal -3.100390e-01 2.970912e-01 9.031127e-01
    outer loop
      vertex   -6.448941e-01 8.709210e+00 2.280606e+00
      vertex   -8.918655e-01 8.709210e+00 2.195821e+00
      vertex   -9.189037e-01 8.478631e+00 2.262391e+00
    endloop
  endfacet
  facet normal -3.100390e-01 2.970912e-01 9.031127e-01
    outer loop
      vertex   -6.448941e-01 8.709210e+00 2.280606e+00
      vertex   -9.189037e-01 8.478631e+00 2.262391e+00
      vertex   -6.644450e-01 8.478631e+00 2.349747e+00
    endloop
  endfacet
  facet normal -3.193966e-01 1.799902e-01 9.303705e-01
    outer loop
      vertex   -6.644450e-01 8.478631e+00 2.349747e+00
      vertex   -9.189037e-01 8.478631e+00 2.262391e+00
      vertex   -9.352860e-01 8.241073e+00 2.302725e+00
    endloop
  endfacet
  facet normal -3.193966e-01 1.799902e-01 9.303705e-01
    outer loop
      vertex   -6.644450e-01 8.478631e+00 2.349747e+00
      vertex   -9.352860e-01 8.241073e+00 2.302725e+00
      vertex   -6.762908e-01 8.241073e+00 2.391638e+00
    endloop
  endfacet
  facet normal -3.944831e-02 9.982290e-01 4.452793e-02
    outer loop
      vertex   -3.742554e-01 1.000000e+01 3.315614e-01
      vertex   -4.867015e-01 9.985418e+00 5.588483e-01
      vertex   -2.840324e-01 1.000000e+01 4.114920e-01
    endloop
  endfacet
  facet normal -3.713229e-02 9.981709e-01 4.770756e-02
    outer loop
      vertex   -2.840324e-01 1.000000e+01 4.114920e-01
      vertex   -4.867015e-01 9.985418e+00 5.588483e-01
      vertex   -4.222696e-01 9.985418e+00 6.089977e-01
    endloop
  endfacet
  facet normal -3.167400e-02 9.981691e-01 5.152777e-02
    outer loop
      vertex   -2.840324e-01 1.000000e+01 4.114920e-01
      vertex   -4.222696e-01 9.985418e+00 6.089977e-01
      vertex   -3.527120e-01 9.985418e+00 6.517546e-01
    endloop
  endfacet
  facet normal -9.453356e-02 9.835713e-01 1.537887e-01
    outer loop
      vertex   -3.527120e-01 9.985418e+00 6.517546e-01
      vertex   -4.222696e-01 9.985418e+00 6.089977e-01
      vertex   -5.576320e-01 9.941884e+00 8.042175e-01
    endloop
  endfacet
  facet normal -9.453356e-02 9.835713e-01 1.537887e-01
    outer loop
      vertex   -3.527120e-01 9.985418e+00 6.517546e-01
      vertex   -5.576320e-01 9.941884e+00 8.042175e-01
      vertex   -4.657770e-01 9.941884e+00 8.606806e-01
    endloop
  endfacet
  facet normal -1.560102e-01 9.545923e-01 2.537999e-01
    outer loop
      vertex   -4.657770e-01 9.941884e+00 8.606806e-01
      vertex   -5.576320e-01 9.941884e+00 8.042175e-01
      vertex   -6.890175e-01 9.870032e+00 9.937018e-01
    endloop
  endfacet
  facet normal -1.560102e-01 9.545923e-01 2.537999e-01
    outer loop
      vertex   -4.657770e-01 9.941884e+00 8.606806e-01
      vertex   -6.890175e-01 9.870032e+00 9.937018e-01
      vertex   -5.755203e-01 9.870032e+00 1.063468e+00
    endloop
  endfacet
  facet normal -2.151938e-01 9.116662e-01 3.500806e-01
    outer loop
      vertex   -5.755203e-01 9.870032e+00 1.063468e+00
      vertex   -6.890175e-01 9.870032e+00 9.937018e-01
      vertex   -8.145101e-01 9.770912e+00 1.174687e+00
    endloop
  endfacet
  facet normal -2.151938e-01 9.116662e-01 3.500806e-01
    outer loop
      vertex   -5.755203e-01 9.870032e+00 1.063468e+00
      vertex   -8.145101e-01 9.770912e+00 1.174687e+00
      vertex   -6.803413e-01 9.770912e+00 1.257161e+00
    endloop
  endfacet
  facet normal -2.712174e-01 8.554329e-01 4.412207e-01
    outer loop
      vertex   -6.803413e-01 9.770912e+00 1.257161e+00
      vertex   -8.145101e-01 9.770912e+00 1.174687e+00
      vertex   -9.322798e-01 9.645968e+00 1.344535e+00
    endloop
  endfacet
  facet normal -2.712174e-01 8.554329e-01 4.412207e-01
    outer loop
      vertex   -6.803413e-01 9.770912e+00 1.257161e+00
      vertex   -9.322798e-01 9.645968e+00 1.344535e+00
      vertex   -7.787116e-01 9.645968e+00 1.438933e+00
    endloop
  endfacet
  facet normal -3.232631e-01 7.867282e-01 5.258895e-01
    outer loop
      vertex   -7.787116e-01 9.645968e+00 1.438933e+00
      vertex   -9.322798e-01 9.645968e+00 1.344535e+00
      vertex   -1.040609e+00 9.497021e+00 1.500768e+00
    endloop
  endfacet
  facet normal -3.232631e-01 7.867282e-01 5.258895e-01
    outer loop
      vertex   -7.787116e-01 9.645968e+00 1.438933e+00
      vertex   -1.040609e+00 9.497021e+00 1.500768e+00
      vertex   -8.691967e-01 9.497021e+00 1.606135e+00
    endloop
  endfacet
  facet normal -3.705739e-01 7.065693e-01 6.028555e-01
    outer loop
      vertex   -8.691967e-01 9.497021e+00 1.606135e+00
      vertex   -1.040609e+00 9.497021e+00 1.500768e+00
      vertex   -1.137919e+00 9.326245e+00 1.641108e+00
    endloop
  endfacet
  facet normal -3.705739e-01 7.065693e-01 6.028555e-01
    outer loop
      vertex   -8.691967e-01 9.497021e+00 1.606135e+00
      vertex   -1.137919e+00 9.326245e+00 1.641108e+00
      vertex   -9.504772e-01 9.326245e+00 1.756328e+00
    endloop
  endfacet
  facet normal -4.124648e-01 6.161381e-01 6.710042e-01
    outer loop
      vertex   -9.504772e-01 9.326245e+00 1.756328e+00
      vertex   -1.137919e+00 9.326245e+00 1.641108e+00
      vertex   -1.222790e+00 9.136129e+00 1.763509e+00
    endloop
  endfacet
  facet normal -4.124648e-01 6.161381e-01 6.710042e-01
    outer loop
      vertex   -9.504772e-01 9.326245e+00 1.756328e+00
      vertex   -1.222790e+00 9.136129e+00 1.763509e+00
      vertex   -1.021368e+00 9.136129e+00 1.887322e+00
    endloop
  endfacet
  facet normal -4.483316e-01 5.167621e-01 7.293529e-01
    outer loop
      vertex   -1.021368e+00 9.136129e+00 1.887322e+00
      vertex   -1.222790e+00 9.136129e+00 1.763509e+00
      vertex   -1.293984e+00 8.929446e+00 1.866185e+00
    endloop
  endfacet
  facet normal -4.483316e-01 5.167621e-01 7.293529e-01
    outer loop
      vertex   -1.021368e+00 9.136129e+00 1.887322e+00
      vertex   -1.293984e+00 8.929446e+00 1.866185e+00
      vertex   -1.080835e+00 8.929446e+00 1.997208e+00
    endloop
  endfacet
  facet normal -4.776593e-01 4.098944e-01 7.770638e-01
    outer loop
      vertex   -1.080835e+00 8.929446e+00 1.997208e+00
      vertex   -1.293984e+00 8.929446e+00 1.866185e+00
      vertex   -1.350464e+00 8.709210e+00 1.947640e+00
    endloop
  endfacet
  facet normal -4.776593e-01 4.098944e-01 7.770638e-01
    outer loop
      vertex   -1.080835e+00 8.929446e+00 1.997208e+00
      vertex   -1.350464e+00 8.709210e+00 1.947640e+00
      vertex   -1.128011e+00 8.709210e+00 2.084381e+00
    endloop
  endfacet
  facet normal -5.000286e-01 2.970912e-01 8.134545e-01
    outer loop
      vertex   -1.128011e+00 8.709210e+00 2.084381e+00
      vertex   -1.350464e+00 8.709210e+00 1.947640e+00
      vertex   -1.391405e+00 8.478631e+00 2.006686e+00
    endloop
  endfacet
  facet normal -5.000286e-01 2.970912e-01 8.134545e-01
    outer loop
      vertex   -1.128011e+00 8.709210e+00 2.084381e+00
      vertex   -1.391405e+00 8.478631e+00 2.006686e+00
      vertex   -1.162208e+00 8.478631e+00 2.147573e+00
    endloop
  endfacet
  facet normal -5.151205e-01 1.799902e-01 8.380062e-01
    outer loop
      vertex   -1.162208e+00 8.478631e+00 2.147573e+00
      vertex   -1.391405e+00 8.478631e+00 2.006686e+00
      vertex   -1.416211e+00 8.241073e+00 2.042461e+00
    endloop
  endfacet
  facet normal -5.151205e-01 1.799902e-01 8.380062e-01
    outer loop
      vertex   -1.162208e+00 8.478631e+00 2.147573e+00
      vertex   -1.416211e+00 8.241073e+00 2.042461e+00
      vertex   -1.182928e+00 8.241073e+00 2.185860e+00
    endloop
  endfacet
  facet normal -4.901807e-02 9.982246e-01 3.383473e-02
    outer loop
      vertex   -4.427280e-01 1.000000e+01 2.323616e-01
      vertex   -5.971311e-01 9.985418e+00 4.388898e-01
      vertex   -3.742554e-01 1.000000e+01 3.315614e-01
    endloop
  endfacet
  facet normal -4.676191e-02 9.981634e-01 3.851149e-02
    outer loop
      vertex   -3.742554e-01 1.000000e+01 3.315614e-01
      vertex   -5.971311e-01 9.985418e+00 4.388898e-01
      vertex   -5.452254e-01 9.985418e+00 5.019154e-01
    endloop
  endfacet
  facet normal -4.205823e-02 9.981793e-01 4.323353e-02
    outer loop
      vertex   -3.742554e-01 1.000000e+01 3.315614e-01
      vertex   -5.452254e-01 9.985418e+00 5.019154e-01
      vertex   -4.867015e-01 9.985418e+00 5.588483e-01
    endloop
  endfacet
  facet normal -1.258762e-01 9.835713e-01 1.293938e-01
    outer loop
      vertex   -4.867015e-01 9.985418e+00 5.588483e-01
      vertex   -5.452254e-01 9.985418e+00 5.019154e-01
      vertex   -7.200025e-01 9.941884e+00 6.628090e-01
    endloop
  endfacet
  facet normal -1.258762e-01 9.835713e-01 1.293938e-01
    outer loop
      vertex   -4.867015e-01 9.985418e+00 5.588483e-01
      vertex   -7.200025e-01 9.941884e+00 6.628090e-01
      vertex   -6.427181e-01 9.941884e+00 7.379924e-01
    endloop
  endfacet
  facet normal -2.077354e-01 9.545923e-01 2.135405e-01
    outer loop
      vertex   -6.427181e-01 9.941884e+00 7.379924e-01
      vertex   -7.200025e-01 9.941884e+00 6.628090e-01
      vertex   -8.896446e-01 9.870032e+00 8.189755e-01
    endloop
  endfacet
  facet normal -2.077354e-01 9.545923e-01 2.135405e-01
    outer loop
      vertex   -6.427181e-01 9.941884e+00 7.379924e-01
      vertex   -8.896446e-01 9.870032e+00 8.189755e-01
      vertex   -7.941510e-01 9.870032e+00 9.118731e-01
    endloop
  endfacet
  facet normal -2.865413e-01 9.116662e-01 2.945486e-01
    outer loop
      vertex   -7.941510e-01 9.870032e+00 9.118731e-01
      vertex   -8.896446e-01 9.870032e+00 8.189755e-01
      vertex   -1.051678e+00 9.770912e+00 9.681377e-01
    endloop
  endfacet
  facet normal -2.865413e-01 9.116662e-01 2.945486e-01
    outer loop
      vertex   -7.941510e-01 9.870032e+00 9.118731e-01
      vertex   -1.051678e+00 9.770912e+00 9.681377e-01
      vertex   -9.387918e-01 9.770912e+00 1.077955e+00
    endloop
  endfacet
  facet normal -3.611395e-01 8.554329e-01 3.712315e-01
    outer loop
      vertex   -9.387918e-01 9.770912e+00 1.077955e+00
      vertex   -1.051678e+00 9.770912e+00 9.681377e-01
      vertex   -1.203740e+00 9.645968e+00 1.108120e+00
    endloop
  endfacet
  facet normal -3.611395e-01 8.554329e-01 3.712315e-01
    outer loop
      vertex   -9.387918e-01 9.770912e+00 1.077955e+00
      vertex   -1.203740e+00 9.645968e+00 1.108120e+00
      vertex   -1.074531e+00 9.645968e+00 1.233816e+00
    endloop
  endfacet
  facet normal -4.304410e-01 7.867282e-01 4.424695e-01
    outer loop
      vertex   -1.074531e+00 9.645968e+00 1.233816e+00
      vertex   -1.203740e+00 9.645968e+00 1.108120e+00
      vertex   -1.343612e+00 9.497021e+00 1.236882e+00
    endloop
  endfacet
  facet normal -4.304410e-01 7.867282e-01 4.424695e-01
    outer loop
      vertex   -1.074531e+00 9.645968e+00 1.233816e+00
      vertex   -1.343612e+00 9.497021e+00 1.236882e+00
      vertex   -1.199390e+00 9.497021e+00 1.377184e+00
    endloop
  endfacet
  facet normal -4.934378e-01 7.065693e-01 5.072267e-01
    outer loop
      vertex   -1.199390e+00 9.497021e+00 1.377184e+00
      vertex   -1.343612e+00 9.497021e+00 1.236882e+00
      vertex   -1.469256e+00 9.326245e+00 1.352546e+00
    endloop
  endfacet
  facet normal -4.934378e-01 7.065693e-01 5.072267e-01
    outer loop
      vertex   -1.199390e+00 9.497021e+00 1.377184e+00
      vertex   -1.469256e+00 9.326245e+00 1.352546e+00
      vertex   -1.311548e+00 9.326245e+00 1.505967e+00
    endloop
  endfacet
  facet normal -5.492176e-01 6.161381e-01 5.645653e-01
    outer loop
      vertex   -1.311548e+00 9.326245e+00 1.505967e+00
      vertex   -1.469256e+00 9.326245e+00 1.352546e+00
      vertex   -1.578840e+00 9.136129e+00 1.453424e+00
    endloop
  endfacet
  facet normal -5.492176e-01 6.161381e-01 5.645653e-01
    outer loop
      vertex   -1.311548e+00 9.326245e+00 1.505967e+00
      vertex   -1.578840e+00 9.136129e+00 1.453424e+00
      vertex   -1.409369e+00 9.136129e+00 1.618288e+00
    endloop
  endfacet
  facet normal -5.969760e-01 5.167621e-01 6.136583e-01
    outer loop
      vertex   -1.409369e+00 9.136129e+00 1.618288e+00
      vertex   -1.578840e+00 9.136129e+00 1.453424e+00
      vertex   -1.670764e+00 8.929446e+00 1.538047e+00
    endloop
  endfacet
  facet normal -5.969760e-01 5.167621e-01 6.136583e-01
    outer loop
      vertex   -1.409369e+00 9.136129e+00 1.618288e+00
      vertex   -1.670764e+00 8.929446e+00 1.538047e+00
      vertex   -1.491426e+00 8.929446e+00 1.712510e+00
    endloop
  endfacet
  facet normal -6.360274e-01 4.098944e-01 6.538010e-01
    outer loop
      vertex   -1.491426e+00 8.929446e+00 1.712510e+00
      vertex   -1.670764e+00 8.929446e+00 1.538047e+00
      vertex   -1.743690e+00 8.709210e+00 1.605179e+00
    endloop
  endfacet
  facet normal -6.360274e-01 4.098944e-01 6.538010e-01
    outer loop
      vertex   -1.491426e+00 8.929446e+00 1.712510e+00
      vertex   -1.743690e+00 8.709210e+00 1.605179e+00
      vertex   -1.556524e+00 8.709210e+00 1.787257e+00
    endloop
  endfacet
  facet normal -6.658132e-01 2.970912e-01 6.844191e-01
    outer loop
      vertex   -1.556524e+00 8.709210e+00 1.787257e+00
      vertex   -1.743690e+00 8.709210e+00 1.605179e+00
      vertex   -1.796552e+00 8.478631e+00 1.653843e+00
    endloop
  endfacet
  facet normal -6.658132e-01 2.970912e-01 6.844191e-01
    outer loop
      vertex   -1.556524e+00 8.709210e+00 1.787257e+00
      vertex   -1.796552e+00 8.478631e+00 1.653843e+00
      vertex   -1.603712e+00 8.478631e+00 1.841441e+00
    endloop
  endfacet
  facet normal -6.859088e-01 1.799902e-01 7.050763e-01
    outer loop
      vertex   -1.603712e+00 8.478631e+00 1.841441e+00
      vertex   -1.796552e+00 8.478631e+00 1.653843e+00
      vertex   -1.828581e+00 8.241073e+00 1.683328e+00
    endloop
  endfacet
  facet normal -6.859088e-01 1.799902e-01 7.050763e-01
    outer loop
      vertex   -1.603712e+00 8.478631e+00 1.841441e+00
      vertex   -1.828581e+00 8.241073e+00 1.683328e+00
      vertex   -1.632303e+00 8.241073e+00 1.874270e+00
    endloop
  endfacet
  facet normal -5.583487e-02 9.982154e-01 2.117537e-02
    outer loop
      vertex   -4.854709e-01 1.000000e+01 1.196578e-01
      vertex   -6.786553e-01 9.985418e+00 2.976858e-01
      vertex   -4.427280e-01 1.000000e+01 2.323616e-01
    endloop
  endfacet
  facet normal -5.411233e-02 9.981593e-01 2.738403e-02
    outer loop
      vertex   -4.427280e-01 1.000000e+01 2.323616e-01
      vertex   -6.786553e-01 9.985418e+00 2.976858e-01
      vertex   -6.417884e-01 9.985418e+00 3.705367e-01
    endloop
  endfacet
  facet normal -5.030818e-02 9.981928e-01 3.286797e-02
    outer loop
      vertex   -4.427280e-01 1.000000e+01 2.323616e-01
      vertex   -6.417884e-01 9.985418e+00 3.705367e-01
      vertex   -5.971311e-01 9.985418e+00 4.388898e-01
    endloop
  endfacet
  facet normal -1.511255e-01 9.835713e-01 9.873521e-02
    outer loop
      vertex   -5.971311e-01 9.985418e+00 4.388898e-01
      vertex   -6.417884e-01 9.985418e+00 3.705367e-01
      vertex   -8.475196e-01 9.941884e+00 4.893157e-01
    endloop
  endfacet
  facet normal -1.511255e-01 9.835713e-01 9.873521e-02
    outer loop
      vertex   -5.971311e-01 9.985418e+00 4.388898e-01
      vertex   -8.475196e-01 9.941884e+00 4.893157e-01
      vertex   -7.885470e-01 9.941884e+00 5.795800e-01
    endloop
  endfacet
  facet normal -2.494048e-01 9.545923e-01 1.629443e-01
    outer loop
      vertex   -7.885470e-01 9.941884e+00 5.795800e-01
      vertex   -8.475196e-01 9.941884e+00 4.893157e-01
      vertex   -1.047206e+00 9.870032e+00 6.046049e-01
    endloop
  endfacet
  facet normal -2.494048e-01 9.545923e-01 1.629443e-01
    outer loop
      vertex   -7.885470e-01 9.941884e+00 5.795800e-01
      vertex   -1.047206e+00 9.870032e+00 6.046049e-01
      vertex   -9.743391e-01 9.870032e+00 7.161367e-01
    endloop
  endfacet
  facet normal -3.440182e-01 9.116662e-01 2.247583e-01
    outer loop
      vertex   -9.743391e-01 9.870032e+00 7.161367e-01
      vertex   -1.047206e+00 9.870032e+00 6.046049e-01
      vertex   -1.237937e+00 9.770912e+00 7.147232e-01
    endloop
  endfacet
  facet normal -3.440182e-01 9.116662e-01 2.247583e-01
    outer loop
      vertex   -9.743391e-01 9.870032e+00 7.161367e-01
      vertex   -1.237937e+00 9.770912e+00 7.147232e-01
      vertex   -1.151798e+00 9.770912e+00 8.465685e-01
    endloop
  endfacet
  facet normal -4.335800e-01 8.554329e-01 2.832719e-01
    outer loop
      vertex   -1.151798e+00 9.770912e+00 8.465685e-01
      vertex   -1.237937e+00 9.770912e+00 7.147232e-01
      vertex   -1.416930e+00 9.645968e+00 8.180648e-01
    endloop
  endfacet
  facet normal -4.335800e-01 8.554329e-01 2.832719e-01
    outer loop
      vertex   -1.151798e+00 9.770912e+00 8.465685e-01
      vertex   -1.416930e+00 9.645968e+00 8.180648e-01
      vertex   -1.318336e+00 9.645968e+00 9.689736e-01
    endloop
  endfacet
  facet normal -5.167825e-01 7.867282e-01 3.376309e-01
    outer loop
      vertex   -1.318336e+00 9.645968e+00 9.689736e-01
      vertex   -1.416930e+00 9.645968e+00 8.180648e-01
      vertex   -1.581575e+00 9.497021e+00 9.131227e-01
    endloop
  endfacet
  facet normal -5.167825e-01 7.867282e-01 3.376309e-01
    outer loop
      vertex   -1.318336e+00 9.645968e+00 9.689736e-01
      vertex   -1.581575e+00 9.497021e+00 9.131227e-01
      vertex   -1.471525e+00 9.497021e+00 1.081567e+00
    endloop
  endfacet
  facet normal -5.924157e-01 7.065693e-01 3.870445e-01
    outer loop
      vertex   -1.471525e+00 9.497021e+00 1.081567e+00
      vertex   -1.581575e+00 9.497021e+00 9.131227e-01
      vertex   -1.729471e+00 9.326245e+00 9.985108e-01
    endloop
  endfacet
  facet normal -5.924157e-01 7.065693e-01 3.870445e-01
    outer loop
      vertex   -1.471525e+00 9.497021e+00 1.081567e+00
      vertex   -1.729471e+00 9.326245e+00 9.985108e-01
      vertex   -1.609130e+00 9.326245e+00 1.182707e+00
    endloop
  endfacet
  facet normal -6.593843e-01 6.161381e-01 4.307972e-01
    outer loop
      vertex   -1.609130e+00 9.326245e+00 1.182707e+00
      vertex   -1.729471e+00 9.326245e+00 9.985108e-01
      vertex   -1.858463e+00 9.136129e+00 1.072984e+00
    endloop
  endfacet
  facet normal -6.593843e-01 6.161381e-01 4.307972e-01
    outer loop
      vertex   -1.609130e+00 9.326245e+00 1.182707e+00
      vertex   -1.858463e+00 9.136129e+00 1.072984e+00
      vertex   -1.729146e+00 9.136129e+00 1.270918e+00
    endloop
  endfacet
  facet normal -7.167225e-01 5.167621e-01 4.682582e-01
    outer loop
      vertex   -1.729146e+00 9.136129e+00 1.270918e+00
      vertex   -1.858463e+00 9.136129e+00 1.072984e+00
      vertex   -1.966668e+00 8.929446e+00 1.135456e+00
    endloop
  endfacet
  facet normal -7.167225e-01 5.167621e-01 4.682582e-01
    outer loop
      vertex   -1.729146e+00 9.136129e+00 1.270918e+00
      vertex   -1.966668e+00 8.929446e+00 1.135456e+00
      vertex   -1.829822e+00 8.929446e+00 1.344914e+00
    endloop
  endfacet
  facet normal -7.636072e-01 4.098944e-01 4.988895e-01
    outer loop
      vertex   -1.829822e+00 8.929446e+00 1.344914e+00
      vertex   -1.966668e+00 8.929446e+00 1.135456e+00
      vertex   -2.052508e+00 8.709210e+00 1.185016e+00
    endloop
  endfacet
  facet normal -7.636072e-01 4.098944e-01 4.988895e-01
    outer loop
      vertex   -1.829822e+00 8.929446e+00 1.344914e+00
      vertex   -2.052508e+00 8.709210e+00 1.185016e+00
      vertex   -1.909690e+00 8.709210e+00 1.403617e+00
    endloop
  endfacet
  facet normal -7.993677e-01 2.970912e-01 5.222530e-01
    outer loop
      vertex   -1.909690e+00 8.709210e+00 1.403617e+00
      vertex   -2.052508e+00 8.709210e+00 1.185016e+00
      vertex   -2.114733e+00 8.478631e+00 1.220942e+00
    endloop
  endfacet
  facet normal -7.993677e-01 2.970912e-01 5.222530e-01
    outer loop
      vertex   -1.909690e+00 8.709210e+00 1.403617e+00
      vertex   -2.114733e+00 8.478631e+00 1.220942e+00
      vertex   -1.967585e+00 8.478631e+00 1.446170e+00
    endloop
  endfacet
  facet normal -8.234942e-01 1.799902e-01 5.380156e-01
    outer loop
      vertex   -1.967585e+00 8.478631e+00 1.446170e+00
      vertex   -2.114733e+00 8.478631e+00 1.220942e+00
      vertex   -2.152435e+00 8.241073e+00 1.242709e+00
    endloop
  endfacet
  facet normal -8.234942e-01 1.799902e-01 5.380156e-01
    outer loop
      vertex   -1.967585e+00 8.478631e+00 1.446170e+00
      vertex   -2.152435e+00 8.241073e+00 1.242709e+00
      vertex   -2.002663e+00 8.241073e+00 1.471952e+00
    endloop
  endfacet
  facet normal -5.917854e-02 9.982216e-01 7.185575e-03
    outer loop
      vertex   -5.000000e-01 1.000000e+01 -6.123234e-17
      vertex   -7.385423e-01 9.985418e+00 6.119736e-02
      vertex   -4.854709e-01 1.000000e+01 1.196578e-01
    endloop
  endfacet
  facet normal -5.942076e-02 9.981990e-01 8.239748e-03
    outer loop
      vertex   -4.854709e-01 1.000000e+01 1.196578e-01
      vertex   -7.385423e-01 9.985418e+00 6.119736e-02
      vertex   -7.273276e-01 9.985418e+00 1.420716e-01
    endloop
  endfacet
  facet normal -5.880195e-02 9.981586e-01 1.489068e-02
    outer loop
      vertex   -4.854709e-01 1.000000e+01 1.196578e-01
      vertex   -7.273276e-01 9.985418e+00 1.420716e-01
      vertex   -7.072842e-01 9.985418e+00 2.212214e-01
    endloop
  endfacet
  facet normal -1.749964e-01 9.835713e-01 4.431510e-02
    outer loop
      vertex   -7.072842e-01 9.985418e+00 2.212214e-01
      vertex   -7.273276e-01 9.985418e+00 1.420716e-01
      vertex   -9.604792e-01 9.941884e+00 1.876140e-01
    endloop
  endfacet
  facet normal -1.749964e-01 9.835713e-01 4.431510e-02
    outer loop
      vertex   -7.072842e-01 9.985418e+00 2.212214e-01
      vertex   -9.604792e-01 9.941884e+00 1.876140e-01
      vertex   -9.340107e-01 9.941884e+00 2.921360e-01
    endloop
  endfacet
  facet normal -2.887992e-01 9.545923e-01 7.313390e-02
    outer loop
      vertex   -9.340107e-01 9.941884e+00 2.921360e-01
      vertex   -9.604792e-01 9.941884e+00 1.876140e-01
      vertex   -1.186781e+00 9.870032e+00 2.318184e-01
    endloop
  endfacet
  facet normal -2.887992e-01 9.545923e-01 7.313390e-02
    outer loop
      vertex   -9.340107e-01 9.941884e+00 2.921360e-01
      vertex   -1.186781e+00 9.870032e+00 2.318184e-01
      vertex   -1.154076e+00 9.870032e+00 3.609670e-01
    endloop
  endfacet
  facet normal -3.983572e-01 9.116662e-01 1.008778e-01
    outer loop
      vertex   -1.154076e+00 9.870032e+00 3.609670e-01
      vertex   -1.186781e+00 9.870032e+00 2.318184e-01
      vertex   -1.402932e+00 9.770912e+00 2.740401e-01
    endloop
  endfacet
  facet normal -3.983572e-01 9.116662e-01 1.008778e-01
    outer loop
      vertex   -1.154076e+00 9.870032e+00 3.609670e-01
      vertex   -1.402932e+00 9.770912e+00 2.740401e-01
      vertex   -1.364271e+00 9.770912e+00 4.267109e-01
    endloop
  endfacet
  facet normal -5.020656e-01 8.554329e-01 1.271403e-01
    outer loop
      vertex   -1.364271e+00 9.770912e+00 4.267109e-01
      vertex   -1.402932e+00 9.770912e+00 2.740401e-01
      vertex   -1.605782e+00 9.645968e+00 3.136634e-01
    endloop
  endfacet
  facet normal -5.020656e-01 8.554329e-01 1.271403e-01
    outer loop
      vertex   -1.364271e+00 9.770912e+00 4.267109e-01
      vertex   -1.605782e+00 9.645968e+00 3.136634e-01
      vertex   -1.561530e+00 9.645968e+00 4.884089e-01
    endloop
  endfacet
  facet normal -5.984103e-01 7.867282e-01 1.515381e-01
    outer loop
      vertex   -1.561530e+00 9.645968e+00 4.884089e-01
      vertex   -1.605782e+00 9.645968e+00 3.136634e-01
      vertex   -1.792371e+00 9.497021e+00 3.501107e-01
    endloop
  endfacet
  facet normal -5.984103e-01 7.867282e-01 1.515381e-01
    outer loop
      vertex   -1.561530e+00 9.645968e+00 4.884089e-01
      vertex   -1.792371e+00 9.497021e+00 3.501107e-01
      vertex   -1.742978e+00 9.497021e+00 5.451613e-01
    endloop
  endfacet
  facet normal -6.859901e-01 7.065693e-01 1.737163e-01
    outer loop
      vertex   -1.742978e+00 9.497021e+00 5.451613e-01
      vertex   -1.792371e+00 9.497021e+00 3.501107e-01
      vertex   -1.959980e+00 9.326245e+00 3.828503e-01
    endloop
  endfacet
  facet normal -6.859901e-01 7.065693e-01 1.737163e-01
    outer loop
      vertex   -1.742978e+00 9.497021e+00 5.451613e-01
      vertex   -1.959980e+00 9.326245e+00 3.828503e-01
      vertex   -1.905967e+00 9.326245e+00 5.961405e-01
    endloop
  endfacet
  facet normal -7.635366e-01 6.161381e-01 1.933537e-01
    outer loop
      vertex   -1.905967e+00 9.326245e+00 5.961405e-01
      vertex   -1.959980e+00 9.326245e+00 3.828503e-01
      vertex   -2.106163e+00 9.136129e+00 4.114048e-01
    endloop
  endfacet
  facet normal -7.635366e-01 6.161381e-01 1.933537e-01
    outer loop
      vertex   -1.905967e+00 9.326245e+00 5.961405e-01
      vertex   -2.106163e+00 9.136129e+00 4.114048e-01
      vertex   -2.048122e+00 9.136129e+00 6.406032e-01
    endloop
  endfacet
  facet normal -8.299317e-01 5.167621e-01 2.101672e-01
    outer loop
      vertex   -2.048122e+00 9.136129e+00 6.406032e-01
      vertex   -2.106163e+00 9.136129e+00 4.114048e-01
      vertex   -2.228790e+00 8.929446e+00 4.353580e-01
    endloop
  endfacet
  facet normal -8.299317e-01 5.167621e-01 2.101672e-01
    outer loop
      vertex   -2.048122e+00 9.136129e+00 6.406032e-01
      vertex   -2.228790e+00 8.929446e+00 4.353580e-01
      vertex   -2.167370e+00 8.929446e+00 6.779009e-01
    endloop
  endfacet
  facet normal -8.842220e-01 4.098944e-01 2.239154e-01
    outer loop
      vertex   -2.167370e+00 8.929446e+00 6.779009e-01
      vertex   -2.228790e+00 8.929446e+00 4.353580e-01
      vertex   -2.326072e+00 8.709210e+00 4.543604e-01
    endloop
  endfacet
  facet normal -8.842220e-01 4.098944e-01 2.239154e-01
    outer loop
      vertex   -2.167370e+00 8.929446e+00 6.779009e-01
      vertex   -2.326072e+00 8.709210e+00 4.543604e-01
      vertex   -2.261971e+00 8.709210e+00 7.074898e-01
    endloop
  endfacet
  facet normal -9.256310e-01 2.970912e-01 2.344016e-01
    outer loop
      vertex   -2.261971e+00 8.709210e+00 7.074898e-01
      vertex   -2.326072e+00 8.709210e+00 4.543604e-01
      vertex   -2.396590e+00 8.478631e+00 4.681351e-01
    endloop
  endfacet
  facet normal -9.256310e-01 2.970912e-01 2.344016e-01
    outer loop
      vertex   -2.261971e+00 8.709210e+00 7.074898e-01
      vertex   -2.396590e+00 8.478631e+00 4.681351e-01
      vertex   -2.330546e+00 8.478631e+00 7.289384e-01
    endloop
  endfacet
  facet normal -9.535684e-01 1.799902e-01 2.414763e-01
    outer loop
      vertex   -2.330546e+00 8.478631e+00 7.289384e-01
      vertex   -2.396590e+00 8.478631e+00 4.681351e-01
      vertex   -2.439317e+00 8.241073e+00 4.764810e-01
    endloop
  endfacet
  facet normal -9.535684e-01 1.799902e-01 2.414763e-01
    outer loop
      vertex   -2.330546e+00 8.478631e+00 7.289384e-01
      vertex   -2.439317e+00 8.241073e+00 4.764810e-01
      vertex   -2.372095e+00 8.241073e+00 7.419340e-01
    endloop
  endfacet
  facet normal -5.418809e-02 1.799902e-01 -9.821747e-01
    outer loop
      vertex   -2.734164e-01 8.241073e+00 -2.470333e+00
      vertex   -2.686273e-01 8.478631e+00 -2.427063e+00
      vertex   3.043759e-16 8.241073e+00 -2.485418e+00
    endloop
  endfacet
  facet normal -5.418809e-02 1.799902e-01 -9.821747e-01
    outer loop
      vertex   3.043759e-16 8.241073e+00 -2.485418e+00
      vertex   -2.686273e-01 8.478631e+00 -2.427063e+00
      vertex   2.990445e-16 8.478631e+00 -2.441884e+00
    endloop
  endfacet
  facet normal -5.260050e-02 2.970912e-01 -9.533992e-01
    outer loop
      vertex   -2.686273e-01 8.478631e+00 -2.427063e+00
      vertex   -2.607231e-01 8.709210e+00 -2.355648e+00
      vertex   2.990445e-16 8.478631e+00 -2.441884e+00
    endloop
  endfacet
  facet normal -5.260050e-02 2.970912e-01 -9.533992e-01
    outer loop
      vertex   2.990445e-16 8.478631e+00 -2.441884e+00
      vertex   -2.607231e-01 8.709210e+00 -2.355648e+00
      vertex   2.902453e-16 8.709210e+00 -2.370033e+00
    endloop
  endfacet
  facet normal -5.024736e-02 4.098944e-01 -9.107479e-01
    outer loop
      vertex   -2.607231e-01 8.709210e+00 -2.355648e+00
      vertex   -2.498190e-01 8.929446e+00 -2.257129e+00
      vertex   2.902453e-16 8.709210e+00 -2.370033e+00
    endloop
  endfacet
  facet normal -5.024736e-02 4.098944e-01 -9.107479e-01
    outer loop
      vertex   2.902453e-16 8.709210e+00 -2.370033e+00
      vertex   -2.498190e-01 8.929446e+00 -2.257129e+00
      vertex   2.781065e-16 8.929446e+00 -2.270912e+00
    endloop
  endfacet
  facet normal -4.716223e-02 5.167621e-01 -8.548290e-01
    outer loop
      vertex   -2.498190e-01 8.929446e+00 -2.257129e+00
      vertex   -2.360741e-01 9.136129e+00 -2.132943e+00
      vertex   2.781065e-16 8.929446e+00 -2.270912e+00
    endloop
  endfacet
  facet normal -4.716223e-02 5.167621e-01 -8.548290e-01
    outer loop
      vertex   2.781065e-16 8.929446e+00 -2.270912e+00
      vertex   -2.360741e-01 9.136129e+00 -2.132943e+00
      vertex   2.628053e-16 9.136129e+00 -2.145968e+00
    endloop
  endfacet
  facet normal -4.338922e-02 6.161381e-01 -7.864421e-01
    outer loop
      vertex   -2.360741e-01 9.136129e+00 -2.132943e+00
      vertex   -2.196888e-01 9.326245e+00 -1.984901e+00
      vertex   2.628053e-16 9.136129e+00 -2.145968e+00
    endloop
  endfacet
  facet normal -4.338922e-02 6.161381e-01 -7.864421e-01
    outer loop
      vertex   2.628053e-16 9.136129e+00 -2.145968e+00
      vertex   -2.196888e-01 9.326245e+00 -1.984901e+00
      vertex   2.445646e-16 9.326245e+00 -1.997022e+00
    endloop
  endfacet
  facet normal -3.898251e-02 7.065693e-01 -7.065693e-01
    outer loop
      vertex   -2.196888e-01 9.326245e+00 -1.984901e+00
      vertex   -2.009020e-01 9.497021e+00 -1.815161e+00
      vertex   2.445646e-16 9.326245e+00 -1.997022e+00
    endloop
  endfacet
  facet normal -3.898251e-02 7.065693e-01 -7.065693e-01
    outer loop
      vertex   2.445646e-16 9.326245e+00 -1.997022e+00
      vertex   -2.009020e-01 9.497021e+00 -1.815161e+00
      vertex   2.236506e-16 9.497021e+00 -1.826245e+00
    endloop
  endfacet
  facet normal -3.400565e-02 7.867282e-01 -6.163622e-01
    outer loop
      vertex   -2.009020e-01 9.497021e+00 -1.815161e+00
      vertex   -1.799877e-01 9.645968e+00 -1.626199e+00
      vertex   2.236506e-16 9.497021e+00 -1.826245e+00
    endloop
  endfacet
  facet normal -3.400565e-02 7.867282e-01 -6.163622e-01
    outer loop
      vertex   2.236506e-16 9.497021e+00 -1.826245e+00
      vertex   -1.799877e-01 9.645968e+00 -1.626199e+00
      vertex   2.003681e-16 9.645968e+00 -1.636130e+00
    endloop
  endfacet
  facet normal -2.853070e-02 8.554329e-01 -5.171272e-01
    outer loop
      vertex   -1.799877e-01 9.645968e+00 -1.626199e+00
      vertex   -1.572509e-01 9.770912e+00 -1.420771e+00
      vertex   2.003681e-16 9.645968e+00 -1.636130e+00
    endloop
  endfacet
  facet normal -2.853070e-02 8.554329e-01 -5.171272e-01
    outer loop
      vertex   2.003681e-16 9.645968e+00 -1.636130e+00
      vertex   -1.572509e-01 9.770912e+00 -1.420771e+00
      vertex   1.750567e-16 9.770912e+00 -1.429446e+00
    endloop
  endfacet
  facet normal -2.263730e-02 9.116662e-01 -4.103076e-01
    outer loop
      vertex   -1.572509e-01 9.770912e+00 -1.420771e+00
      vertex   -1.330230e-01 9.870032e+00 -1.201871e+00
      vertex   1.750567e-16 9.770912e+00 -1.429446e+00
    endloop
  endfacet
  facet normal -2.263730e-02 9.116662e-01 -4.103076e-01
    outer loop
      vertex   1.750567e-16 9.770912e+00 -1.429446e+00
      vertex   -1.330230e-01 9.870032e+00 -1.201871e+00
      vertex   1.480855e-16 9.870032e+00 -1.209210e+00
    endloop
  endfacet
  facet normal -9.944456e-03 9.835713e-01 -1.802461e-01
    outer loop
      vertex   -8.152417e-02 9.985418e+00 -7.365756e-01
      vertex   -9.075532e-17 9.985418e+00 -7.410734e-01
      vertex   1.198478e-16 9.941884e+00 -9.786314e-01
    endloop
  endfacet
  facet normal -1.641149e-02 9.545923e-01 -2.974630e-01
    outer loop
      vertex   -1.330230e-01 9.870032e+00 -1.201871e+00
      vertex   -1.076575e-01 9.941884e+00 -9.726917e-01
      vertex   1.480855e-16 9.870032e+00 -1.209210e+00
    endloop
  endfacet
  facet normal -1.641149e-02 9.545923e-01 -2.974630e-01
    outer loop
      vertex   1.480855e-16 9.870032e+00 -1.209210e+00
      vertex   -1.076575e-01 9.941884e+00 -9.726917e-01
      vertex   1.198478e-16 9.941884e+00 -9.786314e-01
    endloop
  endfacet
  facet normal -9.944456e-03 9.835713e-01 -1.802461e-01
    outer loop
      vertex   -1.076575e-01 9.941884e+00 -9.726917e-01
      vertex   -8.152417e-02 9.985418e+00 -7.365756e-01
      vertex   1.198478e-16 9.941884e+00 -9.786314e-01
    endloop
  endfacet
  facet normal -3.932424e-02 9.982058e-01 -4.515353e-02
    outer loop
      vertex   -2.840324e-01 1.000000e+01 -4.114920e-01
      vertex   -4.551767e-01 9.985418e+00 -5.848110e-01
      vertex   -5.167481e-01 9.985418e+00 -5.311885e-01
    endloop
  endfacet
  facet normal -1.185570e-01 9.835713e-01 -1.361315e-01
    outer loop
      vertex   -5.167481e-01 9.985418e+00 -5.311885e-01
      vertex   -4.551767e-01 9.985418e+00 -5.848110e-01
      vertex   -6.010878e-01 9.941884e+00 -7.722777e-01
    endloop
  endfacet
  facet normal -1.185570e-01 9.835713e-01 -1.361315e-01
    outer loop
      vertex   -5.167481e-01 9.985418e+00 -5.311885e-01
      vertex   -6.010878e-01 9.941884e+00 -7.722777e-01
      vertex   -6.823965e-01 9.941884e+00 -7.014658e-01
    endloop
  endfacet
  facet normal -1.956565e-01 9.545923e-01 -2.246599e-01
    outer loop
      vertex   -6.823965e-01 9.941884e+00 -7.014658e-01
      vertex   -6.010878e-01 9.941884e+00 -7.722777e-01
      vertex   -7.427120e-01 9.870032e+00 -9.542364e-01
    endloop
  endfacet
  facet normal -1.956565e-01 9.545923e-01 -2.246599e-01
    outer loop
      vertex   -6.823965e-01 9.941884e+00 -7.014658e-01
      vertex   -7.427120e-01 9.870032e+00 -9.542364e-01
      vertex   -8.431781e-01 9.870032e+00 -8.667404e-01
    endloop
  endfacet
  facet normal -2.698802e-01 9.116662e-01 -3.098863e-01
    outer loop
      vertex   -8.431781e-01 9.870032e+00 -8.667404e-01
      vertex   -7.427120e-01 9.870032e+00 -9.542364e-01
      vertex   -8.779841e-01 9.770912e+00 -1.128034e+00
    endloop
  endfacet
  facet normal -2.698802e-01 9.116662e-01 -3.098863e-01
    outer loop
      vertex   -8.431781e-01 9.870032e+00 -8.667404e-01
      vertex   -8.779841e-01 9.770912e+00 -1.128034e+00
      vertex   -9.967484e-01 9.770912e+00 -1.024602e+00
    endloop
  endfacet
  facet normal -3.401408e-01 8.554329e-01 -3.905621e-01
    outer loop
      vertex   -9.967484e-01 9.770912e+00 -1.024602e+00
      vertex   -8.779841e-01 9.770912e+00 -1.128034e+00
      vertex   -1.004932e+00 9.645968e+00 -1.291136e+00
    endloop
  endfacet
  facet normal -3.401408e-01 8.554329e-01 -3.905621e-01
    outer loop
      vertex   -9.967484e-01 9.770912e+00 -1.024602e+00
      vertex   -1.004932e+00 9.645968e+00 -1.291136e+00
      vertex   -1.140868e+00 9.645968e+00 -1.172749e+00
    endloop
  endfacet
  facet normal -4.054127e-01 7.867282e-01 -4.655097e-01
    outer loop
      vertex   -1.140868e+00 9.645968e+00 -1.172749e+00
      vertex   -1.004932e+00 9.645968e+00 -1.291136e+00
      vertex   -1.121703e+00 9.497021e+00 -1.441164e+00
    endloop
  endfacet
  facet normal -4.054127e-01 7.867282e-01 -4.655097e-01
    outer loop
      vertex   -1.140868e+00 9.645968e+00 -1.172749e+00
      vertex   -1.121703e+00 9.497021e+00 -1.441164e+00
      vertex   -1.273435e+00 9.497021e+00 -1.309021e+00
    endloop
  endfacet
  facet normal -4.647465e-01 7.065693e-01 -5.336389e-01
    outer loop
      vertex   -1.273435e+00 9.497021e+00 -1.309021e+00
      vertex   -1.121703e+00 9.497021e+00 -1.441164e+00
      vertex   -1.226596e+00 9.326245e+00 -1.575931e+00
    endloop
  endfacet
  facet normal -4.647465e-01 7.065693e-01 -5.336389e-01
    outer loop
      vertex   -1.273435e+00 9.497021e+00 -1.309021e+00
      vertex   -1.226596e+00 9.326245e+00 -1.575931e+00
      vertex   -1.392517e+00 9.326245e+00 -1.431430e+00
    endloop
  endfacet
  facet normal -5.172830e-01 6.161381e-01 -5.939631e-01
    outer loop
      vertex   -1.392517e+00 9.326245e+00 -1.431430e+00
      vertex   -1.226596e+00 9.326245e+00 -1.575931e+00
      vertex   -1.318081e+00 9.136129e+00 -1.693470e+00
    endloop
  endfacet
  facet normal -5.172830e-01 6.161381e-01 -5.939631e-01
    outer loop
      vertex   -1.392517e+00 9.326245e+00 -1.431430e+00
      vertex   -1.318081e+00 9.136129e+00 -1.693470e+00
      vertex   -1.496376e+00 9.136129e+00 -1.538192e+00
    endloop
  endfacet
  facet normal -5.622645e-01 5.167621e-01 -6.456125e-01
    outer loop
      vertex   -1.496376e+00 9.136129e+00 -1.538192e+00
      vertex   -1.318081e+00 9.136129e+00 -1.693470e+00
      vertex   -1.394823e+00 8.929446e+00 -1.792069e+00
    endloop
  endfacet
  facet normal -5.622645e-01 5.167621e-01 -6.456125e-01
    outer loop
      vertex   -1.496376e+00 9.136129e+00 -1.538192e+00
      vertex   -1.394823e+00 8.929446e+00 -1.792069e+00
      vertex   -1.583500e+00 8.929446e+00 -1.627750e+00
    endloop
  endfacet
  facet normal -5.990452e-01 4.098944e-01 -6.878455e-01
    outer loop
      vertex   -1.583500e+00 8.929446e+00 -1.627750e+00
      vertex   -1.394823e+00 8.929446e+00 -1.792069e+00
      vertex   -1.455704e+00 8.709210e+00 -1.870289e+00
    endloop
  endfacet
  facet normal -5.990452e-01 4.098944e-01 -6.878455e-01
    outer loop
      vertex   -1.583500e+00 8.929446e+00 -1.627750e+00
      vertex   -1.455704e+00 8.709210e+00 -1.870289e+00
      vertex   -1.652616e+00 8.709210e+00 -1.698798e+00
    endloop
  endfacet
  facet normal -6.270991e-01 2.970912e-01 -7.200580e-01
    outer loop
      vertex   -1.652616e+00 8.709210e+00 -1.698798e+00
      vertex   -1.455704e+00 8.709210e+00 -1.870289e+00
      vertex   -1.499836e+00 8.478631e+00 -1.926989e+00
    endloop
  endfacet
  facet normal -6.270991e-01 2.970912e-01 -7.200580e-01
    outer loop
      vertex   -1.652616e+00 8.709210e+00 -1.698798e+00
      vertex   -1.499836e+00 8.478631e+00 -1.926989e+00
      vertex   -1.702718e+00 8.478631e+00 -1.750300e+00
    endloop
  endfacet
  facet normal -6.460262e-01 1.799902e-01 -7.417908e-01
    outer loop
      vertex   -1.702718e+00 8.478631e+00 -1.750300e+00
      vertex   -1.499836e+00 8.478631e+00 -1.926989e+00
      vertex   -1.526575e+00 8.241073e+00 -1.961344e+00
    endloop
  endfacet
  facet normal -6.460262e-01 1.799902e-01 -7.417908e-01
    outer loop
      vertex   -1.702718e+00 8.478631e+00 -1.750300e+00
      vertex   -1.526575e+00 8.241073e+00 -1.961344e+00
      vertex   -1.733074e+00 8.241073e+00 -1.781504e+00
    endloop
  endfacet
  facet normal -5.601975e-02 9.982093e-01 2.097426e-02
    outer loop
      vertex   -4.854709e-01 1.000000e+01 1.196578e-01
      vertex   -7.072842e-01 9.985418e+00 2.212214e-01
      vertex   -6.786553e-01 9.985418e+00 2.976858e-01
    endloop
  endfacet
  facet normal -1.690592e-01 9.835713e-01 6.329718e-02
    outer loop
      vertex   -6.786553e-01 9.985418e+00 2.976858e-01
      vertex   -7.072842e-01 9.985418e+00 2.212214e-01
      vertex   -9.340107e-01 9.941884e+00 2.921360e-01
    endloop
  endfacet
  facet normal -1.690592e-01 9.835713e-01 6.329718e-02
    outer loop
      vertex   -6.786553e-01 9.985418e+00 2.976858e-01
      vertex   -9.340107e-01 9.941884e+00 2.921360e-01
      vertex   -8.962045e-01 9.941884e+00 3.931117e-01
    endloop
  endfacet
  facet normal -2.790011e-01 9.545923e-01 1.044603e-01
    outer loop
      vertex   -8.962045e-01 9.941884e+00 3.931117e-01
      vertex   -9.340107e-01 9.941884e+00 2.921360e-01
      vertex   -1.154076e+00 9.870032e+00 3.609670e-01
    endloop
  endfacet
  facet normal -2.790011e-01 9.545923e-01 1.044603e-01
    outer loop
      vertex   -8.962045e-01 9.941884e+00 3.931117e-01
      vertex   -1.154076e+00 9.870032e+00 3.609670e-01
      vertex   -1.107362e+00 9.870032e+00 4.857340e-01
    endloop
  endfacet
  facet normal -3.848421e-01 9.116662e-01 1.440881e-01
    outer loop
      vertex   -1.107362e+00 9.870032e+00 4.857340e-01
      vertex   -1.154076e+00 9.870032e+00 3.609670e-01
      vertex   -1.364271e+00 9.770912e+00 4.267109e-01
    endloop
  endfacet
  facet normal -3.848421e-01 9.116662e-01 1.440881e-01
    outer loop
      vertex   -1.107362e+00 9.870032e+00 4.857340e-01
      vertex   -1.364271e+00 9.770912e+00 4.267109e-01
      vertex   -1.309049e+00 9.770912e+00 5.742021e-01
    endloop
  endfacet
  facet normal -4.850320e-01 8.554329e-01 1.816000e-01
    outer loop
      vertex   -1.309049e+00 9.770912e+00 5.742021e-01
      vertex   -1.364271e+00 9.770912e+00 4.267109e-01
      vertex   -1.561530e+00 9.645968e+00 4.884089e-01
    endloop
  endfacet
  facet normal -4.850320e-01 8.554329e-01 1.816000e-01
    outer loop
      vertex   -1.309049e+00 9.770912e+00 5.742021e-01
      vertex   -1.561530e+00 9.645968e+00 4.884089e-01
      vertex   -1.498324e+00 9.645968e+00 6.572257e-01
    endloop
  endfacet
  facet normal -5.781080e-01 7.867282e-01 2.164484e-01
    outer loop
      vertex   -1.498324e+00 9.645968e+00 6.572257e-01
      vertex   -1.561530e+00 9.645968e+00 4.884089e-01
      vertex   -1.742978e+00 9.497021e+00 5.451613e-01
    endloop
  endfacet
  facet normal -5.781080e-01 7.867282e-01 2.164484e-01
    outer loop
      vertex   -1.498324e+00 9.645968e+00 6.572257e-01
      vertex   -1.742978e+00 9.497021e+00 5.451613e-01
      vertex   -1.672427e+00 9.497021e+00 7.335944e-01
    endloop
  endfacet
  facet normal -6.627164e-01 7.065693e-01 2.481265e-01
    outer loop
      vertex   -1.672427e+00 9.497021e+00 7.335944e-01
      vertex   -1.742978e+00 9.497021e+00 5.451613e-01
      vertex   -1.905967e+00 9.326245e+00 5.961405e-01
    endloop
  endfacet
  facet normal -6.627164e-01 7.065693e-01 2.481265e-01
    outer loop
      vertex   -1.672427e+00 9.497021e+00 7.335944e-01
      vertex   -1.905967e+00 9.326245e+00 5.961405e-01
      vertex   -1.828819e+00 9.326245e+00 8.021944e-01
    endloop
  endfacet
  facet normal -7.376320e-01 6.161381e-01 2.761755e-01
    outer loop
      vertex   -1.828819e+00 9.326245e+00 8.021944e-01
      vertex   -1.905967e+00 9.326245e+00 5.961405e-01
      vertex   -2.048122e+00 9.136129e+00 6.406032e-01
    endloop
  endfacet
  facet normal -7.376320e-01 6.161381e-01 2.761755e-01
    outer loop
      vertex   -1.828819e+00 9.326245e+00 8.021944e-01
      vertex   -2.048122e+00 9.136129e+00 6.406032e-01
      vertex   -1.965220e+00 9.136129e+00 8.620254e-01
    endloop
  endfacet
  facet normal -8.017744e-01 5.167621e-01 3.001910e-01
    outer loop
      vertex   -1.965220e+00 9.136129e+00 8.620254e-01
      vertex   -2.048122e+00 9.136129e+00 6.406032e-01
      vertex   -2.167370e+00 8.929446e+00 6.779009e-01
    endloop
  endfacet
  facet normal -8.017744e-01 5.167621e-01 3.001910e-01
    outer loop
      vertex   -1.965220e+00 9.136129e+00 8.620254e-01
      vertex   -2.167370e+00 8.929446e+00 6.779009e-01
      vertex   -2.079641e+00 8.929446e+00 9.122150e-01
    endloop
  endfacet
  facet normal -8.542228e-01 4.098944e-01 3.198281e-01
    outer loop
      vertex   -2.079641e+00 8.929446e+00 9.122150e-01
      vertex   -2.167370e+00 8.929446e+00 6.779009e-01
      vertex   -2.261971e+00 8.709210e+00 7.074898e-01
    endloop
  endfacet
  facet normal -8.542228e-01 4.098944e-01 3.198281e-01
    outer loop
      vertex   -2.079641e+00 8.929446e+00 9.122150e-01
      vertex   -2.261971e+00 8.709210e+00 7.074898e-01
      vertex   -2.170413e+00 8.709210e+00 9.520312e-01
    endloop
  endfacet
  facet normal -8.942269e-01 2.970912e-01 3.348060e-01
    outer loop
      vertex   -2.170413e+00 8.709210e+00 9.520312e-01
      vertex   -2.261971e+00 8.709210e+00 7.074898e-01
      vertex   -2.330546e+00 8.478631e+00 7.289384e-01
    endloop
  endfacet
  facet normal -8.942269e-01 2.970912e-01 3.348060e-01
    outer loop
      vertex   -2.170413e+00 8.709210e+00 9.520312e-01
      vertex   -2.330546e+00 8.478631e+00 7.289384e-01
      vertex   -2.236212e+00 8.478631e+00 9.808935e-01
    endloop
  endfacet
  facet normal -9.212165e-01 1.799902e-01 3.449111e-01
    outer loop
      vertex   -2.236212e+00 8.478631e+00 9.808935e-01
      vertex   -2.330546e+00 8.478631e+00 7.289384e-01
      vertex   -2.372095e+00 8.241073e+00 7.419340e-01
    endloop
  endfacet
  facet normal -9.212165e-01 1.799902e-01 3.449111e-01
    outer loop
      vertex   -2.236212e+00 8.478631e+00 9.808935e-01
      vertex   -2.372095e+00 8.241073e+00 7.419340e-01
      vertex   -2.276079e+00 8.241073e+00 9.983810e-01
    endloop
  endfacet
  facet normal 0.000000e+00 9.982130e-01 5.975605e-02
    outer loop
      vertex   -6.026834e-02 1.000000e+01 4.963545e-01
      vertex   -4.082407e-02 9.985418e+00 7.399481e-01
      vertex   4.082407e-02 9.985418e+00 7.399481e-01
    endloop
  endfacet
  facet normal 0.000000e+00 9.835713e-01 1.805202e-01
    outer loop
      vertex   4.082407e-02 9.985418e+00 7.399481e-01
      vertex   -4.082407e-02 9.985418e+00 7.399481e-01
      vertex   -5.391061e-02 9.941884e+00 9.771453e-01
    endloop
  endfacet
  facet normal 0.000000e+00 9.835713e-01 1.805202e-01
    outer loop
      vertex   4.082407e-02 9.985418e+00 7.399481e-01
      vertex   -5.391061e-02 9.941884e+00 9.771453e-01
      vertex   5.391061e-02 9.941884e+00 9.771453e-01
    endloop
  endfacet
  facet normal 0.000000e+00 9.545923e-01 2.979154e-01
    outer loop
      vertex   5.391061e-02 9.941884e+00 9.771453e-01
      vertex   -5.391061e-02 9.941884e+00 9.771453e-01
      vertex   -6.661266e-02 9.870032e+00 1.207374e+00
    endloop
  endfacet
  facet normal 0.000000e+00 9.545923e-01 2.979154e-01
    outer loop
      vertex   5.391061e-02 9.941884e+00 9.771453e-01
      vertex   -6.661266e-02 9.870032e+00 1.207374e+00
      vertex   6.661266e-02 9.870032e+00 1.207374e+00
    endloop
  endfacet
  facet normal 0.000000e+00 9.116662e-01 4.109316e-01
    outer loop
      vertex   6.661266e-02 9.870032e+00 1.207374e+00
      vertex   -6.661266e-02 9.870032e+00 1.207374e+00
      vertex   -7.874500e-02 9.770912e+00 1.427276e+00
    endloop
  endfacet
  facet normal 0.000000e+00 9.116662e-01 4.109316e-01
    outer loop
      vertex   6.661266e-02 9.870032e+00 1.207374e+00
      vertex   -7.874500e-02 9.770912e+00 1.427276e+00
      vertex   7.874500e-02 9.770912e+00 1.427276e+00
    endloop
  endfacet
  facet normal 0.000000e+00 8.554329e-01 5.179137e-01
    outer loop
      vertex   7.874500e-02 9.770912e+00 1.427276e+00
      vertex   -7.874500e-02 9.770912e+00 1.427276e+00
      vertex   -9.013071e-02 9.645968e+00 1.633645e+00
    endloop
  endfacet
  facet normal 0.000000e+00 8.554329e-01 5.179137e-01
    outer loop
      vertex   7.874500e-02 9.770912e+00 1.427276e+00
      vertex   -9.013071e-02 9.645968e+00 1.633645e+00
      vertex   9.013071e-02 9.645968e+00 1.633645e+00
    endloop
  endfacet
  facet normal 0.000000e+00 7.867282e-01 6.172995e-01
    outer loop
      vertex   9.013071e-02 9.645968e+00 1.633645e+00
      vertex   -9.013071e-02 9.645968e+00 1.633645e+00
      vertex   -1.006038e-01 9.497021e+00 1.823472e+00
    endloop
  endfacet
  facet normal 0.000000e+00 7.867282e-01 6.172995e-01
    outer loop
      vertex   9.013071e-02 9.645968e+00 1.633645e+00
      vertex   -1.006038e-01 9.497021e+00 1.823472e+00
      vertex   1.006038e-01 9.497021e+00 1.823472e+00
    endloop
  endfacet
  facet normal 0.000000e+00 7.065693e-01 7.076438e-01
    outer loop
      vertex   1.006038e-01 9.497021e+00 1.823472e+00
      vertex   -1.006038e-01 9.497021e+00 1.823472e+00
      vertex   -1.100114e-01 9.326245e+00 1.993989e+00
    endloop
  endfacet
  facet normal 0.000000e+00 7.065693e-01 7.076438e-01
    outer loop
      vertex   1.006038e-01 9.497021e+00 1.823472e+00
      vertex   -1.100114e-01 9.326245e+00 1.993989e+00
      vertex   1.100114e-01 9.326245e+00 1.993989e+00
    endloop
  endfacet
  facet normal 0.000000e+00 6.161381e-01 7.876382e-01
    outer loop
      vertex   1.100114e-01 9.326245e+00 1.993989e+00
      vertex   -1.100114e-01 9.326245e+00 1.993989e+00
      vertex   -1.182166e-01 9.136129e+00 2.142709e+00
    endloop
  endfacet
  facet normal 0.000000e+00 6.161381e-01 7.876382e-01
    outer loop
      vertex   1.100114e-01 9.326245e+00 1.993989e+00
      vertex   -1.182166e-01 9.136129e+00 2.142709e+00
      vertex   1.182166e-01 9.136129e+00 2.142709e+00
    endloop
  endfacet
  facet normal 0.000000e+00 5.167621e-01 8.561290e-01
    outer loop
      vertex   1.182166e-01 9.136129e+00 2.142709e+00
      vertex   -1.182166e-01 9.136129e+00 2.142709e+00
      vertex   -1.250995e-01 8.929446e+00 2.267464e+00
    endloop
  endfacet
  facet normal 0.000000e+00 5.167621e-01 8.561290e-01
    outer loop
      vertex   1.182166e-01 9.136129e+00 2.142709e+00
      vertex   -1.250995e-01 8.929446e+00 2.267464e+00
      vertex   1.250995e-01 8.929446e+00 2.267464e+00
    endloop
  endfacet
  facet normal 0.000000e+00 4.098944e-01 9.121330e-01
    outer loop
      vertex   1.250995e-01 8.929446e+00 2.267464e+00
      vertex   -1.250995e-01 8.929446e+00 2.267464e+00
      vertex   -1.305598e-01 8.709210e+00 2.366434e+00
    endloop
  endfacet
  facet normal 0.000000e+00 4.098944e-01 9.121330e-01
    outer loop
      vertex   1.250995e-01 8.929446e+00 2.267464e+00
      vertex   -1.305598e-01 8.709210e+00 2.366434e+00
      vertex   1.305598e-01 8.709210e+00 2.366434e+00
    endloop
  endfacet
  facet normal 0.000000e+00 2.970912e-01 9.548491e-01
    outer loop
      vertex   1.305598e-01 8.709210e+00 2.366434e+00
      vertex   -1.305598e-01 8.709210e+00 2.366434e+00
      vertex   -1.345179e-01 8.478631e+00 2.438176e+00
    endloop
  endfacet
  facet normal 0.000000e+00 2.970912e-01 9.548491e-01
    outer loop
      vertex   1.305598e-01 8.709210e+00 2.366434e+00
      vertex   -1.345179e-01 8.478631e+00 2.438176e+00
      vertex   1.345179e-01 8.478631e+00 2.438176e+00
    endloop
  endfacet
  facet normal 0.000000e+00 1.799902e-01 9.836684e-01
    outer loop
      vertex   1.345179e-01 8.478631e+00 2.438176e+00
      vertex   -1.345179e-01 8.478631e+00 2.438176e+00
      vertex   -1.369161e-01 8.241073e+00 2.481644e+00
    endloop
  endfacet
  facet normal 0.000000e+00 1.799902e-01 9.836684e-01
    outer loop
      vertex   1.345179e-01 8.478631e+00 2.438176e+00
      vertex   -1.369161e-01 8.241073e+00 2.481644e+00
      vertex   1.369161e-01 8.241073e+00 2.481644e+00
    endloop
  endfacet
  facet normal 5.942076e-02 9.981990e-01 8.239748e-03
    outer loop
      vertex   4.854709e-01 1.000000e+01 1.196578e-01
      vertex   7.273276e-01 9.985418e+00 1.420716e-01
      vertex   7.385423e-01 9.985418e+00 6.119736e-02
    endloop
  endfacet
  facet normal 1.788093e-01 9.835713e-01 2.479510e-02
    outer loop
      vertex   7.385423e-01 9.985418e+00 6.119736e-02
      vertex   7.273276e-01 9.985418e+00 1.420716e-01
      vertex   9.604792e-01 9.941884e+00 1.876140e-01
    endloop
  endfacet
  facet normal 1.788093e-01 9.835713e-01 2.479510e-02
    outer loop
      vertex   7.385423e-01 9.985418e+00 6.119736e-02
      vertex   9.604792e-01 9.941884e+00 1.876140e-01
      vertex   9.752888e-01 9.941884e+00 8.081474e-02
    endloop
  endfacet
  facet normal 2.950917e-01 9.545923e-01 4.091974e-02
    outer loop
      vertex   9.752888e-01 9.941884e+00 8.081474e-02
      vertex   9.604792e-01 9.941884e+00 1.876140e-01
      vertex   1.186781e+00 9.870032e+00 2.318184e-01
    endloop
  endfacet
  facet normal 2.950917e-01 9.545923e-01 4.091974e-02
    outer loop
      vertex   9.752888e-01 9.941884e+00 8.081474e-02
      vertex   1.186781e+00 9.870032e+00 2.318184e-01
      vertex   1.205080e+00 9.870032e+00 9.985575e-02
    endloop
  endfacet
  facet normal 4.070369e-01 9.116662e-01 5.644292e-02
    outer loop
      vertex   1.205080e+00 9.870032e+00 9.985575e-02
      vertex   1.186781e+00 9.870032e+00 2.318184e-01
      vertex   1.402932e+00 9.770912e+00 2.740401e-01
    endloop
  endfacet
  facet normal 4.070369e-01 9.116662e-01 5.644292e-02
    outer loop
      vertex   1.205080e+00 9.870032e+00 9.985575e-02
      vertex   1.402932e+00 9.770912e+00 2.740401e-01
      vertex   1.424564e+00 9.770912e+00 1.180427e-01
    endloop
  endfacet
  facet normal 5.130049e-01 8.554329e-01 7.113728e-02
    outer loop
      vertex   1.424564e+00 9.770912e+00 1.180427e-01
      vertex   1.402932e+00 9.770912e+00 2.740401e-01
      vertex   1.605782e+00 9.645968e+00 3.136634e-01
    endloop
  endfacet
  facet normal 5.130049e-01 8.554329e-01 7.113728e-02
    outer loop
      vertex   1.424564e+00 9.770912e+00 1.180427e-01
      vertex   1.605782e+00 9.645968e+00 3.136634e-01
      vertex   1.630541e+00 9.645968e+00 1.351105e-01
    endloop
  endfacet
  facet normal 6.114488e-01 7.867282e-01 8.478829e-02
    outer loop
      vertex   1.630541e+00 9.645968e+00 1.351105e-01
      vertex   1.605782e+00 9.645968e+00 3.136634e-01
      vertex   1.792371e+00 9.497021e+00 3.501107e-01
    endloop
  endfacet
  facet normal 6.114488e-01 7.867282e-01 8.478829e-02
    outer loop
      vertex   1.630541e+00 9.645968e+00 1.351105e-01
      vertex   1.792371e+00 9.497021e+00 3.501107e-01
      vertex   1.820008e+00 9.497021e+00 1.508101e-01
    endloop
  endfacet
  facet normal 7.009369e-01 7.065693e-01 9.719740e-02
    outer loop
      vertex   1.820008e+00 9.497021e+00 1.508101e-01
      vertex   1.792371e+00 9.497021e+00 3.501107e-01
      vertex   1.959980e+00 9.326245e+00 3.828503e-01
    endloop
  endfacet
  facet normal 7.009369e-01 7.065693e-01 9.719740e-02
    outer loop
      vertex   1.820008e+00 9.497021e+00 1.508101e-01
      vertex   1.959980e+00 9.326245e+00 3.828503e-01
      vertex   1.990201e+00 9.326245e+00 1.649127e-01
    endloop
  endfacet
  facet normal 7.801730e-01 6.161381e-01 1.081849e-01
    outer loop
      vertex   1.990201e+00 9.326245e+00 1.649127e-01
      vertex   1.959980e+00 9.326245e+00 3.828503e-01
      vertex   2.106163e+00 9.136129e+00 4.114048e-01
    endloop
  endfacet
  facet normal 7.801730e-01 6.161381e-01 1.081849e-01
    outer loop
      vertex   1.990201e+00 9.326245e+00 1.649127e-01
      vertex   2.106163e+00 9.136129e+00 4.114048e-01
      vertex   2.138638e+00 9.136129e+00 1.772126e-01
    endloop
  endfacet
  facet normal 8.480147e-01 5.167621e-01 1.175924e-01
    outer loop
      vertex   2.138638e+00 9.136129e+00 1.772126e-01
      vertex   2.106163e+00 9.136129e+00 4.114048e-01
      vertex   2.228790e+00 8.929446e+00 4.353580e-01
    endloop
  endfacet
  facet normal 8.480147e-01 5.167621e-01 1.175924e-01
    outer loop
      vertex   2.138638e+00 9.136129e+00 1.772126e-01
      vertex   2.228790e+00 8.929446e+00 4.353580e-01
      vertex   2.263156e+00 8.929446e+00 1.875304e-01
    endloop
  endfacet
  facet normal 9.034879e-01 4.098944e-01 1.252847e-01
    outer loop
      vertex   2.263156e+00 8.929446e+00 1.875304e-01
      vertex   2.228790e+00 8.929446e+00 4.353580e-01
      vertex   2.326072e+00 8.709210e+00 4.543604e-01
    endloop
  endfacet
  facet normal 9.034879e-01 4.098944e-01 1.252847e-01
    outer loop
      vertex   2.263156e+00 8.929446e+00 1.875304e-01
      vertex   2.326072e+00 8.709210e+00 4.543604e-01
      vertex   2.361938e+00 8.709210e+00 1.957157e-01
    endloop
  endfacet
  facet normal 9.457991e-01 2.970912e-01 1.311519e-01
    outer loop
      vertex   2.361938e+00 8.709210e+00 1.957157e-01
      vertex   2.326072e+00 8.709210e+00 4.543604e-01
      vertex   2.396590e+00 8.478631e+00 4.681351e-01
    endloop
  endfacet
  facet normal 9.457991e-01 2.970912e-01 1.311519e-01
    outer loop
      vertex   2.361938e+00 8.709210e+00 1.957157e-01
      vertex   2.396590e+00 8.478631e+00 4.681351e-01
      vertex   2.433543e+00 8.478631e+00 2.016492e-01
    endloop
  endfacet
  facet normal 9.743453e-01 1.799902e-01 1.351104e-01
    outer loop
      vertex   2.433543e+00 8.478631e+00 2.016492e-01
      vertex   2.396590e+00 8.478631e+00 4.681351e-01
      vertex   2.439317e+00 8.241073e+00 4.764810e-01
    endloop
  endfacet
  facet normal 9.743453e-01 1.799902e-01 1.351104e-01
    outer loop
      vertex   2.433543e+00 8.478631e+00 2.016492e-01
      vertex   2.439317e+00 8.241073e+00 4.764810e-01
      vertex   2.476929e+00 8.241073e+00 2.052442e-01
    endloop
  endfacet
  facet normal 2.852550e-02 9.982023e-01 -5.271050e-02
    outer loop
      vertex   2.840324e-01 1.000000e+01 -4.114920e-01
      vertex   3.880801e-01 9.985418e+00 -6.313348e-01
      vertex   3.162727e-01 9.985418e+00 -6.701950e-01
    endloop
  endfacet
  facet normal 8.591814e-02 9.835713e-01 -1.587628e-01
    outer loop
      vertex   3.162727e-01 9.985418e+00 -6.701950e-01
      vertex   3.880801e-01 9.985418e+00 -6.313348e-01
      vertex   5.124827e-01 9.941884e+00 -8.337151e-01
    endloop
  endfacet
  facet normal 8.591814e-02 9.835713e-01 -1.587628e-01
    outer loop
      vertex   3.162727e-01 9.985418e+00 -6.701950e-01
      vertex   5.124827e-01 9.941884e+00 -8.337151e-01
      vertex   4.176568e-01 9.941884e+00 -8.850323e-01
    endloop
  endfacet
  facet normal 1.417920e-01 9.545923e-01 -2.620087e-01
    outer loop
      vertex   4.176568e-01 9.941884e+00 -8.850323e-01
      vertex   5.124827e-01 9.941884e+00 -8.337151e-01
      vertex   6.332304e-01 9.870032e+00 -1.030149e+00
    endloop
  endfacet
  facet normal 1.417920e-01 9.545923e-01 -2.620087e-01
    outer loop
      vertex   4.176568e-01 9.941884e+00 -8.850323e-01
      vertex   6.332304e-01 9.870032e+00 -1.030149e+00
      vertex   5.160623e-01 9.870032e+00 -1.093558e+00
    endloop
  endfacet
  facet normal 1.955818e-01 9.116662e-01 -3.614036e-01
    outer loop
      vertex   5.160623e-01 9.870032e+00 -1.093558e+00
      vertex   6.332304e-01 9.870032e+00 -1.030149e+00
      vertex   7.485624e-01 9.770912e+00 -1.217773e+00
    endloop
  endfacet
  facet normal 1.955818e-01 9.116662e-01 -3.614036e-01
    outer loop
      vertex   5.160623e-01 9.870032e+00 -1.093558e+00
      vertex   7.485624e-01 9.770912e+00 -1.217773e+00
      vertex   6.100540e-01 9.770912e+00 -1.292730e+00
    endloop
  endfacet
  facet normal 2.464997e-01 8.554329e-01 -4.554915e-01
    outer loop
      vertex   6.100540e-01 9.770912e+00 -1.292730e+00
      vertex   7.485624e-01 9.770912e+00 -1.217773e+00
      vertex   8.567967e-01 9.645968e+00 -1.393851e+00
    endloop
  endfacet
  facet normal 2.464997e-01 8.554329e-01 -4.554915e-01
    outer loop
      vertex   6.100540e-01 9.770912e+00 -1.292730e+00
      vertex   8.567967e-01 9.645968e+00 -1.393851e+00
      vertex   6.982615e-01 9.645968e+00 -1.479645e+00
    endloop
  endfacet
  facet normal 2.938021e-01 7.867282e-01 -5.428987e-01
    outer loop
      vertex   6.982615e-01 9.645968e+00 -1.479645e+00
      vertex   8.567967e-01 9.645968e+00 -1.393851e+00
      vertex   9.563552e-01 9.497021e+00 -1.555814e+00
    endloop
  endfacet
  facet normal 2.938021e-01 7.867282e-01 -5.428987e-01
    outer loop
      vertex   6.982615e-01 9.645968e+00 -1.479645e+00
      vertex   9.563552e-01 9.497021e+00 -1.555814e+00
      vertex   7.793985e-01 9.497021e+00 -1.651578e+00
    endloop
  endfacet
  facet normal 3.368012e-01 7.065693e-01 -6.223542e-01
    outer loop
      vertex   7.793985e-01 9.497021e+00 -1.651578e+00
      vertex   9.563552e-01 9.497021e+00 -1.555814e+00
      vertex   1.045786e+00 9.326245e+00 -1.701301e+00
    endloop
  endfacet
  facet normal 3.368012e-01 7.065693e-01 -6.223542e-01
    outer loop
      vertex   7.793985e-01 9.497021e+00 -1.651578e+00
      vertex   1.045786e+00 9.326245e+00 -1.701301e+00
      vertex   8.522817e-01 9.326245e+00 -1.806021e+00
    endloop
  endfacet
  facet normal 3.748743e-01 6.161381e-01 -6.927071e-01
    outer loop
      vertex   8.522817e-01 9.326245e+00 -1.806021e+00
      vertex   1.045786e+00 9.326245e+00 -1.701301e+00
      vertex   1.123785e+00 9.136129e+00 -1.828192e+00
    endloop
  endfacet
  facet normal 3.748743e-01 6.161381e-01 -6.927071e-01
    outer loop
      vertex   8.522817e-01 9.326245e+00 -1.806021e+00
      vertex   1.123785e+00 9.136129e+00 -1.828192e+00
      vertex   9.158485e-01 9.136129e+00 -1.940721e+00
    endloop
  endfacet
  facet normal 4.074724e-01 5.167621e-01 -7.529430e-01
    outer loop
      vertex   9.158485e-01 9.136129e+00 -1.940721e+00
      vertex   1.123785e+00 9.136129e+00 -1.828192e+00
      vertex   1.189215e+00 8.929446e+00 -1.934634e+00
    endloop
  endfacet
  facet normal 4.074724e-01 5.167621e-01 -7.529430e-01
    outer loop
      vertex   9.158485e-01 9.136129e+00 -1.940721e+00
      vertex   1.189215e+00 8.929446e+00 -1.934634e+00
      vertex   9.691718e-01 8.929446e+00 -2.053716e+00
    endloop
  endfacet
  facet normal 4.341273e-01 4.098944e-01 -8.021970e-01
    outer loop
      vertex   9.691718e-01 8.929446e+00 -2.053716e+00
      vertex   1.189215e+00 8.929446e+00 -1.934634e+00
      vertex   1.241122e+00 8.709210e+00 -2.019077e+00
    endloop
  endfacet
  facet normal 4.341273e-01 4.098944e-01 -8.021970e-01
    outer loop
      vertex   9.691718e-01 8.929446e+00 -2.053716e+00
      vertex   1.241122e+00 8.709210e+00 -2.019077e+00
      vertex   1.011474e+00 8.709210e+00 -2.143356e+00
    endloop
  endfacet
  facet normal 4.544579e-01 2.970912e-01 -8.397647e-01
    outer loop
      vertex   1.011474e+00 8.709210e+00 -2.143356e+00
      vertex   1.241122e+00 8.709210e+00 -2.019077e+00
      vertex   1.278748e+00 8.478631e+00 -2.080288e+00
    endloop
  endfacet
  facet normal 4.544579e-01 2.970912e-01 -8.397647e-01
    outer loop
      vertex   1.011474e+00 8.709210e+00 -2.143356e+00
      vertex   1.278748e+00 8.478631e+00 -2.080288e+00
      vertex   1.042138e+00 8.478631e+00 -2.208335e+00
    endloop
  endfacet
  facet normal 4.681744e-01 1.799902e-01 -8.651105e-01
    outer loop
      vertex   1.042138e+00 8.478631e+00 -2.208335e+00
      vertex   1.278748e+00 8.478631e+00 -2.080288e+00
      vertex   1.301546e+00 8.241073e+00 -2.117376e+00
    endloop
  endfacet
  facet normal 4.681744e-01 1.799902e-01 -8.651105e-01
    outer loop
      vertex   1.042138e+00 8.478631e+00 -2.208335e+00
      vertex   1.301546e+00 8.241073e+00 -2.117376e+00
      vertex   1.060718e+00 8.241073e+00 -2.247705e+00
    endloop
  endfacet
  facet normal -9.743453e-01 1.799902e-01 1.351104e-01
    outer loop
      vertex   -2.439317e+00 8.241073e+00 4.764810e-01
      vertex   -2.396590e+00 8.478631e+00 4.681351e-01
      vertex   -2.476929e+00 8.241073e+00 2.052442e-01
    endloop
  endfacet
  facet normal -9.743453e-01 1.799902e-01 1.351104e-01
    outer loop
      vertex   -2.476929e+00 8.241073e+00 2.052442e-01
      vertex   -2.396590e+00 8.478631e+00 4.681351e-01
      vertex   -2.433543e+00 8.478631e+00 2.016492e-01
    endloop
  endfacet
  facet normal -9.457991e-01 2.970912e-01 1.311519e-01
    outer loop
      vertex   -2.396590e+00 8.478631e+00 4.681351e-01
      vertex   -2.326072e+00 8.709210e+00 4.543604e-01
      vertex   -2.433543e+00 8.478631e+00 2.016492e-01
    endloop
  endfacet
  facet normal -9.457991e-01 2.970912e-01 1.311519e-01
    outer loop
      vertex   -2.433543e+00 8.478631e+00 2.016492e-01
      vertex   -2.326072e+00 8.709210e+00 4.543604e-01
      vertex   -2.361938e+00 8.709210e+00 1.957157e-01
    endloop
  endfacet
  facet normal -9.034879e-01 4.098944e-01 1.252847e-01
    outer loop
      vertex   -2.326072e+00 8.709210e+00 4.543604e-01
      vertex   -2.228790e+00 8.929446e+00 4.353580e-01
      vertex   -2.361938e+00 8.709210e+00 1.957157e-01
    endloop
  endfacet
  facet normal -9.034879e-01 4.098944e-01 1.252847e-01
    outer loop
      vertex   -2.361938e+00 8.709210e+00 1.957157e-01
      vertex   -2.228790e+00 8.929446e+00 4.353580e-01
      vertex   -2.263156e+00 8.929446e+00 1.875304e-01
    endloop
  endfacet
  facet normal -8.480147e-01 5.167621e-01 1.175924e-01
    outer loop
      vertex   -2.228790e+00 8.929446e+00 4.353580e-01
      vertex   -2.106163e+00 9.136129e+00 4.114048e-01
      vertex   -2.263156e+00 8.929446e+00 1.875304e-01
    endloop
  endfacet
  facet normal -8.480147e-01 5.167621e-01 1.175924e-01
    outer loop
      vertex   -2.263156e+00 8.929446e+00 1.875304e-01
      vertex   -2.106163e+00 9.136129e+00 4.114048e-01
      vertex   -2.138638e+00 9.136129e+00 1.772126e-01
    endloop
  endfacet
  facet normal -7.801730e-01 6.161381e-01 1.081849e-01
    outer loop
      vertex   -2.106163e+00 9.136129e+00 4.114048e-01
      vertex   -1.959980e+00 9.326245e+00 3.828503e-01
      vertex   -2.138638e+00 9.136129e+00 1.772126e-01
    endloop
  endfacet
  facet normal -7.801730e-01 6.161381e-01 1.081849e-01
    outer loop
      vertex   -2.138638e+00 9.136129e+00 1.772126e-01
      vertex   -1.959980e+00 9.326245e+00 3.828503e-01
      vertex   -1.990201e+00 9.326245e+00 1.649127e-01
    endloop
  endfacet
  facet normal -7.009369e-01 7.065693e-01 9.719740e-02
    outer loop
      vertex   -1.959980e+00 9.326245e+00 3.828503e-01
      vertex   -1.792371e+00 9.497021e+00 3.501107e-01
      vertex   -1.990201e+00 9.326245e+00 1.649127e-01
    endloop
  endfacet
  facet normal -7.009369e-01 7.065693e-01 9.719740e-02
    outer loop
      vertex   -1.990201e+00 9.326245e+00 1.649127e-01
      vertex   -1.792371e+00 9.497021e+00 3.501107e-01
      vertex   -1.820008e+00 9.497021e+00 1.508101e-01
    endloop
  endfacet
  facet normal -6.114488e-01 7.867282e-01 8.478829e-02
    outer loop
      vertex   -1.792371e+00 9.497021e+00 3.501107e-01
      vertex   -1.605782e+00 9.645968e+00 3.136634e-01
      vertex   -1.820008e+00 9.497021e+00 1.508101e-01
    endloop
  endfacet
  facet normal -6.114488e-01 7.867282e-01 8.478829e-02
    outer loop
      vertex   -1.820008e+00 9.497021e+00 1.508101e-01
      vertex   -1.605782e+00 9.645968e+00 3.136634e-01
      vertex   -1.630541e+00 9.645968e+00 1.351105e-01
    endloop
  endfacet
  facet normal -5.130049e-01 8.554329e-01 7.113728e-02
    outer loop
      vertex   -1.605782e+00 9.645968e+00 3.136634e-01
      vertex   -1.402932e+00 9.770912e+00 2.740401e-01
      vertex   -1.630541e+00 9.645968e+00 1.351105e-01
    endloop
  endfacet
  facet normal -5.130049e-01 8.554329e-01 7.113728e-02
    outer loop
      vertex   -1.630541e+00 9.645968e+00 1.351105e-01
      vertex   -1.402932e+00 9.770912e+00 2.740401e-01
      vertex   -1.424564e+00 9.770912e+00 1.180427e-01
    endloop
  endfacet
  facet normal -4.070369e-01 9.116662e-01 5.644292e-02
    outer loop
      vertex   -1.402932e+00 9.770912e+00 2.740401e-01
      vertex   -1.186781e+00 9.870032e+00 2.318184e-01
      vertex   -1.424564e+00 9.770912e+00 1.180427e-01
    endloop
  endfacet
  facet normal -4.070369e-01 9.116662e-01 5.644292e-02
    outer loop
      vertex   -1.424564e+00 9.770912e+00 1.180427e-01
      vertex   -1.186781e+00 9.870032e+00 2.318184e-01
      vertex   -1.205080e+00 9.870032e+00 9.985575e-02
    endloop
  endfacet
  facet normal -1.788093e-01 9.835713e-01 2.479510e-02
    outer loop
      vertex   -7.273276e-01 9.985418e+00 1.420716e-01
      vertex   -7.385423e-01 9.985418e+00 6.119736e-02
      vertex   -9.752888e-01 9.941884e+00 8.081474e-02
    endloop
  endfacet
  facet normal -2.950917e-01 9.545923e-01 4.091974e-02
    outer loop
      vertex   -1.186781e+00 9.870032e+00 2.318184e-01
      vertex   -9.604792e-01 9.941884e+00 1.876140e-01
      vertex   -1.205080e+00 9.870032e+00 9.985575e-02
    endloop
  endfacet
  facet normal -2.950917e-01 9.545923e-01 4.091974e-02
    outer loop
      vertex   -1.205080e+00 9.870032e+00 9.985575e-02
      vertex   -9.604792e-01 9.941884e+00 1.876140e-01
      vertex   -9.752888e-01 9.941884e+00 8.081474e-02
    endloop
  endfacet
  facet normal -1.788093e-01 9.835713e-01 2.479510e-02
    outer loop
      vertex   -9.604792e-01 9.941884e+00 1.876140e-01
      vertex   -7.273276e-01 9.985418e+00 1.420716e-01
      vertex   -9.752888e-01 9.941884e+00 8.081474e-02
    endloop
  endfacet
  facet normal -1.799037e-01 9.835713e-01 -1.490724e-02
    outer loop
      vertex   -7.340496e-01 9.985418e+00 -1.017891e-01
      vertex   -9.693560e-01 9.941884e+00 -1.344185e-01
      vertex   -7.407920e-01 9.985418e+00 -2.041979e-02
    endloop
  endfacet
  facet normal -1.799037e-01 9.835713e-01 -1.490724e-02
    outer loop
      vertex   -7.407920e-01 9.985418e+00 -2.041979e-02
      vertex   -9.693560e-01 9.941884e+00 -1.344185e-01
      vertex   -9.782598e-01 9.941884e+00 -2.696554e-02
    endloop
  endfacet
  facet normal -2.968978e-01 9.545923e-01 -2.460166e-02
    outer loop
      vertex   -9.693560e-01 9.941884e+00 -1.344185e-01
      vertex   -1.197749e+00 9.870032e+00 -1.660893e-01
      vertex   -9.782598e-01 9.941884e+00 -2.696554e-02
    endloop
  endfacet
  facet normal -2.968978e-01 9.545923e-01 -2.460166e-02
    outer loop
      vertex   -9.782598e-01 9.941884e+00 -2.696554e-02
      vertex   -1.197749e+00 9.870032e+00 -1.660893e-01
      vertex   -1.208751e+00 9.870032e+00 -3.331898e-02
    endloop
  endfacet
  facet normal -4.095281e-01 9.116662e-01 -3.393446e-02
    outer loop
      vertex   -1.197749e+00 9.870032e+00 -1.660893e-01
      vertex   -1.415898e+00 9.770912e+00 -1.963395e-01
      vertex   -1.208751e+00 9.870032e+00 -3.331898e-02
    endloop
  endfacet
  facet normal -4.095281e-01 9.116662e-01 -3.393446e-02
    outer loop
      vertex   -1.208751e+00 9.870032e+00 -3.331898e-02
      vertex   -1.415898e+00 9.770912e+00 -1.963395e-01
      vertex   -1.428904e+00 9.770912e+00 -3.938745e-02
    endloop
  endfacet
  facet normal -5.161447e-01 8.554329e-01 -4.276897e-02
    outer loop
      vertex   -1.415898e+00 9.770912e+00 -1.963395e-01
      vertex   -1.620622e+00 9.645968e+00 -2.247282e-01
      vertex   -1.428904e+00 9.770912e+00 -3.938745e-02
    endloop
  endfacet
  facet normal -5.161447e-01 8.554329e-01 -4.276897e-02
    outer loop
      vertex   -1.428904e+00 9.770912e+00 -3.938745e-02
      vertex   -1.620622e+00 9.645968e+00 -2.247282e-01
      vertex   -1.635508e+00 9.645968e+00 -4.508247e-02
    endloop
  endfacet
  facet normal -6.151912e-01 7.867282e-01 -5.097619e-02
    outer loop
      vertex   -1.620622e+00 9.645968e+00 -2.247282e-01
      vertex   -1.808936e+00 9.497021e+00 -2.508413e-01
      vertex   -1.635508e+00 9.645968e+00 -4.508247e-02
    endloop
  endfacet
  facet normal -6.151912e-01 7.867282e-01 -5.097619e-02
    outer loop
      vertex   -1.635508e+00 9.645968e+00 -4.508247e-02
      vertex   -1.808936e+00 9.497021e+00 -2.508413e-01
      vertex   -1.825552e+00 9.497021e+00 -5.032099e-02
    endloop
  endfacet
  facet normal -7.052269e-01 7.065693e-01 -5.843677e-02
    outer loop
      vertex   -1.808936e+00 9.497021e+00 -2.508413e-01
      vertex   -1.978094e+00 9.326245e+00 -2.742980e-01
      vertex   -1.825552e+00 9.497021e+00 -5.032099e-02
    endloop
  endfacet
  facet normal -7.052269e-01 7.065693e-01 -5.843677e-02
    outer loop
      vertex   -1.825552e+00 9.497021e+00 -5.032099e-02
      vertex   -1.978094e+00 9.326245e+00 -2.742980e-01
      vertex   -1.996263e+00 9.326245e+00 -5.502662e-02
    endloop
  endfacet
  facet normal -7.849480e-01 6.161381e-01 -6.504264e-02
    outer loop
      vertex   -1.978094e+00 9.326245e+00 -2.742980e-01
      vertex   -2.125628e+00 9.136129e+00 -2.947563e-01
      vertex   -1.996263e+00 9.326245e+00 -5.502662e-02
    endloop
  endfacet
  facet normal -7.849480e-01 6.161381e-01 -6.504264e-02
    outer loop
      vertex   -1.996263e+00 9.326245e+00 -5.502662e-02
      vertex   -2.125628e+00 9.136129e+00 -2.947563e-01
      vertex   -2.145153e+00 9.136129e+00 -5.913073e-02
    endloop
  endfacet
  facet normal -8.532049e-01 5.167621e-01 -7.069857e-02
    outer loop
      vertex   -2.125628e+00 9.136129e+00 -2.947563e-01
      vertex   -2.249389e+00 8.929446e+00 -3.119179e-01
      vertex   -2.145153e+00 9.136129e+00 -5.913073e-02
    endloop
  endfacet
  facet normal -8.532049e-01 5.167621e-01 -7.069857e-02
    outer loop
      vertex   -2.145153e+00 9.136129e+00 -5.913073e-02
      vertex   -2.249389e+00 8.929446e+00 -3.119179e-01
      vertex   -2.270050e+00 8.929446e+00 -6.257349e-02
    endloop
  endfacet
  facet normal -9.090176e-01 4.098944e-01 -7.532335e-02
    outer loop
      vertex   -2.249389e+00 8.929446e+00 -3.119179e-01
      vertex   -2.347570e+00 8.709210e+00 -3.255324e-01
      vertex   -2.270050e+00 8.929446e+00 -6.257349e-02
    endloop
  endfacet
  facet normal -9.090176e-01 4.098944e-01 -7.532335e-02
    outer loop
      vertex   -2.270050e+00 8.929446e+00 -6.257349e-02
      vertex   -2.347570e+00 8.709210e+00 -3.255324e-01
      vertex   -2.369133e+00 8.709210e+00 -6.530469e-02
    endloop
  endfacet
  facet normal -9.803087e-01 1.799902e-01 -8.123069e-02
    outer loop
      vertex   -2.461861e+00 8.241073e+00 -3.413810e-01
      vertex   -2.484474e+00 8.241073e+00 -6.848405e-02
      vertex   -2.440957e+00 8.478631e+00 -6.728450e-02
    endloop
  endfacet
  facet normal -9.515878e-01 2.970912e-01 -7.885081e-02
    outer loop
      vertex   -2.347570e+00 8.709210e+00 -3.255324e-01
      vertex   -2.418740e+00 8.478631e+00 -3.354014e-01
      vertex   -2.369133e+00 8.709210e+00 -6.530469e-02
    endloop
  endfacet
  facet normal -9.515878e-01 2.970912e-01 -7.885081e-02
    outer loop
      vertex   -2.369133e+00 8.709210e+00 -6.530469e-02
      vertex   -2.418740e+00 8.478631e+00 -3.354014e-01
      vertex   -2.440957e+00 8.478631e+00 -6.728450e-02
    endloop
  endfacet
  facet normal -9.803087e-01 1.799902e-01 -8.123069e-02
    outer loop
      vertex   -2.418740e+00 8.478631e+00 -3.354014e-01
      vertex   -2.461861e+00 8.241073e+00 -3.413810e-01
      vertex   -2.440957e+00 8.478631e+00 -6.728450e-02
    endloop
  endfacet
  facet normal -8.776823e-01 1.799902e-01 4.441591e-01
    outer loop
      vertex   -2.152435e+00 8.241073e+00 1.242709e+00
      vertex   -2.114733e+00 8.478631e+00 1.220942e+00
      vertex   -2.276079e+00 8.241073e+00 9.983810e-01
    endloop
  endfacet
  facet normal -8.776823e-01 1.799902e-01 4.441591e-01
    outer loop
      vertex   -2.276079e+00 8.241073e+00 9.983810e-01
      vertex   -2.114733e+00 8.478631e+00 1.220942e+00
      vertex   -2.236212e+00 8.478631e+00 9.808935e-01
    endloop
  endfacet
  facet normal -8.519682e-01 2.970912e-01 4.311462e-01
    outer loop
      vertex   -2.114733e+00 8.478631e+00 1.220942e+00
      vertex   -2.052508e+00 8.709210e+00 1.185016e+00
      vertex   -2.236212e+00 8.478631e+00 9.808935e-01
    endloop
  endfacet
  facet normal -8.519682e-01 2.970912e-01 4.311462e-01
    outer loop
      vertex   -2.236212e+00 8.478631e+00 9.808935e-01
      vertex   -2.052508e+00 8.709210e+00 1.185016e+00
      vertex   -2.170413e+00 8.709210e+00 9.520312e-01
    endloop
  endfacet
  facet normal -8.138545e-01 4.098944e-01 4.118585e-01
    outer loop
      vertex   -2.052508e+00 8.709210e+00 1.185016e+00
      vertex   -1.966668e+00 8.929446e+00 1.135456e+00
      vertex   -2.170413e+00 8.709210e+00 9.520312e-01
    endloop
  endfacet
  facet normal -8.138545e-01 4.098944e-01 4.118585e-01
    outer loop
      vertex   -2.170413e+00 8.709210e+00 9.520312e-01
      vertex   -1.966668e+00 8.929446e+00 1.135456e+00
      vertex   -2.079641e+00 8.929446e+00 9.122150e-01
    endloop
  endfacet
  facet normal -7.638847e-01 5.167621e-01 3.865708e-01
    outer loop
      vertex   -1.966668e+00 8.929446e+00 1.135456e+00
      vertex   -1.858463e+00 9.136129e+00 1.072984e+00
      vertex   -2.079641e+00 8.929446e+00 9.122150e-01
    endloop
  endfacet
  facet normal -7.638847e-01 5.167621e-01 3.865708e-01
    outer loop
      vertex   -2.079641e+00 8.929446e+00 9.122150e-01
      vertex   -1.858463e+00 9.136129e+00 1.072984e+00
      vertex   -1.965220e+00 9.136129e+00 8.620254e-01
    endloop
  endfacet
  facet normal -7.027735e-01 6.161381e-01 3.556449e-01
    outer loop
      vertex   -1.858463e+00 9.136129e+00 1.072984e+00
      vertex   -1.729471e+00 9.326245e+00 9.985108e-01
      vertex   -1.965220e+00 9.136129e+00 8.620254e-01
    endloop
  endfacet
  facet normal -7.027735e-01 6.161381e-01 3.556449e-01
    outer loop
      vertex   -1.965220e+00 9.136129e+00 8.620254e-01
      vertex   -1.729471e+00 9.326245e+00 9.985108e-01
      vertex   -1.828819e+00 9.326245e+00 8.021944e-01
    endloop
  endfacet
  facet normal -6.313982e-01 7.065693e-01 3.195248e-01
    outer loop
      vertex   -1.729471e+00 9.326245e+00 9.985108e-01
      vertex   -1.581575e+00 9.497021e+00 9.131227e-01
      vertex   -1.828819e+00 9.326245e+00 8.021944e-01
    endloop
  endfacet
  facet normal -6.313982e-01 7.065693e-01 3.195248e-01
    outer loop
      vertex   -1.828819e+00 9.326245e+00 8.021944e-01
      vertex   -1.581575e+00 9.497021e+00 9.131227e-01
      vertex   -1.672427e+00 9.497021e+00 7.335944e-01
    endloop
  endfacet
  facet normal -5.507881e-01 7.867282e-01 2.787313e-01
    outer loop
      vertex   -1.581575e+00 9.497021e+00 9.131227e-01
      vertex   -1.416930e+00 9.645968e+00 8.180648e-01
      vertex   -1.672427e+00 9.497021e+00 7.335944e-01
    endloop
  endfacet
  facet normal -5.507881e-01 7.867282e-01 2.787313e-01
    outer loop
      vertex   -1.672427e+00 9.497021e+00 7.335944e-01
      vertex   -1.416930e+00 9.645968e+00 8.180648e-01
      vertex   -1.498324e+00 9.645968e+00 6.572257e-01
    endloop
  endfacet
  facet normal -4.621107e-01 8.554329e-01 2.338553e-01
    outer loop
      vertex   -1.416930e+00 9.645968e+00 8.180648e-01
      vertex   -1.237937e+00 9.770912e+00 7.147232e-01
      vertex   -1.498324e+00 9.645968e+00 6.572257e-01
    endloop
  endfacet
  facet normal -4.621107e-01 8.554329e-01 2.338553e-01
    outer loop
      vertex   -1.498324e+00 9.645968e+00 6.572257e-01
      vertex   -1.237937e+00 9.770912e+00 7.147232e-01
      vertex   -1.309049e+00 9.770912e+00 5.742021e-01
    endloop
  endfacet
  facet normal -3.666555e-01 9.116662e-01 1.855493e-01
    outer loop
      vertex   -1.237937e+00 9.770912e+00 7.147232e-01
      vertex   -1.047206e+00 9.870032e+00 6.046049e-01
      vertex   -1.309049e+00 9.770912e+00 5.742021e-01
    endloop
  endfacet
  facet normal -3.666555e-01 9.116662e-01 1.855493e-01
    outer loop
      vertex   -1.309049e+00 9.770912e+00 5.742021e-01
      vertex   -1.047206e+00 9.870032e+00 6.046049e-01
      vertex   -1.107362e+00 9.870032e+00 4.857340e-01
    endloop
  endfacet
  facet normal -1.610700e-01 9.835713e-01 8.151091e-02
    outer loop
      vertex   -6.417884e-01 9.985418e+00 3.705367e-01
      vertex   -6.786553e-01 9.985418e+00 2.976858e-01
      vertex   -8.962045e-01 9.941884e+00 3.931117e-01
    endloop
  endfacet
  facet normal -2.658162e-01 9.545923e-01 1.345187e-01
    outer loop
      vertex   -1.047206e+00 9.870032e+00 6.046049e-01
      vertex   -8.475196e-01 9.941884e+00 4.893157e-01
      vertex   -1.107362e+00 9.870032e+00 4.857340e-01
    endloop
  endfacet
  facet normal -2.658162e-01 9.545923e-01 1.345187e-01
    outer loop
      vertex   -1.107362e+00 9.870032e+00 4.857340e-01
      vertex   -8.475196e-01 9.941884e+00 4.893157e-01
      vertex   -8.962045e-01 9.941884e+00 3.931117e-01
    endloop
  endfacet
  facet normal -1.610700e-01 9.835713e-01 8.151091e-02
    outer loop
      vertex   -8.475196e-01 9.941884e+00 4.893157e-01
      vertex   -6.417884e-01 9.985418e+00 3.705367e-01
      vertex   -8.962045e-01 9.941884e+00 3.931117e-01
    endloop
  endfacet
  facet normal -7.593100e-01 1.799902e-01 6.253414e-01
    outer loop
      vertex   -1.828581e+00 8.241073e+00 1.683328e+00
      vertex   -1.796552e+00 8.478631e+00 1.653843e+00
      vertex   -2.002663e+00 8.241073e+00 1.471952e+00
    endloop
  endfacet
  facet normal -7.593100e-01 1.799902e-01 6.253414e-01
    outer loop
      vertex   -2.002663e+00 8.241073e+00 1.471952e+00
      vertex   -1.796552e+00 8.478631e+00 1.653843e+00
      vertex   -1.967585e+00 8.478631e+00 1.446170e+00
    endloop
  endfacet
  facet normal -7.370639e-01 2.970912e-01 6.070203e-01
    outer loop
      vertex   -1.796552e+00 8.478631e+00 1.653843e+00
      vertex   -1.743690e+00 8.709210e+00 1.605179e+00
      vertex   -1.967585e+00 8.478631e+00 1.446170e+00
    endloop
  endfacet
  facet normal -7.370639e-01 2.970912e-01 6.070203e-01
    outer loop
      vertex   -1.967585e+00 8.478631e+00 1.446170e+00
      vertex   -1.743690e+00 8.709210e+00 1.605179e+00
      vertex   -1.909690e+00 8.709210e+00 1.403617e+00
    endloop
  endfacet
  facet normal -7.040906e-01 4.098944e-01 5.798646e-01
    outer loop
      vertex   -1.743690e+00 8.709210e+00 1.605179e+00
      vertex   -1.670764e+00 8.929446e+00 1.538047e+00
      vertex   -1.909690e+00 8.709210e+00 1.403617e+00
    endloop
  endfacet
  facet normal -7.040906e-01 4.098944e-01 5.798646e-01
    outer loop
      vertex   -1.909690e+00 8.709210e+00 1.403617e+00
      vertex   -1.670764e+00 8.929446e+00 1.538047e+00
      vertex   -1.829822e+00 8.929446e+00 1.344914e+00
    endloop
  endfacet
  facet normal -6.608602e-01 5.167621e-01 5.442615e-01
    outer loop
      vertex   -1.670764e+00 8.929446e+00 1.538047e+00
      vertex   -1.578840e+00 9.136129e+00 1.453424e+00
      vertex   -1.829822e+00 8.929446e+00 1.344914e+00
    endloop
  endfacet
  facet normal -6.608602e-01 5.167621e-01 5.442615e-01
    outer loop
      vertex   -1.829822e+00 8.929446e+00 1.344914e+00
      vertex   -1.578840e+00 9.136129e+00 1.453424e+00
      vertex   -1.729146e+00 9.136129e+00 1.270918e+00
    endloop
  endfacet
  facet normal -6.079910e-01 6.161381e-01 5.007203e-01
    outer loop
      vertex   -1.578840e+00 9.136129e+00 1.453424e+00
      vertex   -1.469256e+00 9.326245e+00 1.352546e+00
      vertex   -1.729146e+00 9.136129e+00 1.270918e+00
    endloop
  endfacet
  facet normal -6.079910e-01 6.161381e-01 5.007203e-01
    outer loop
      vertex   -1.729146e+00 9.136129e+00 1.270918e+00
      vertex   -1.469256e+00 9.326245e+00 1.352546e+00
      vertex   -1.609130e+00 9.326245e+00 1.182707e+00
    endloop
  endfacet
  facet normal -5.462421e-01 7.065693e-01 4.498660e-01
    outer loop
      vertex   -1.469256e+00 9.326245e+00 1.352546e+00
      vertex   -1.343612e+00 9.497021e+00 1.236882e+00
      vertex   -1.609130e+00 9.326245e+00 1.182707e+00
    endloop
  endfacet
  facet normal -5.462421e-01 7.065693e-01 4.498660e-01
    outer loop
      vertex   -1.609130e+00 9.326245e+00 1.182707e+00
      vertex   -1.343612e+00 9.497021e+00 1.236882e+00
      vertex   -1.471525e+00 9.497021e+00 1.081567e+00
    endloop
  endfacet
  facet normal -4.765038e-01 7.867282e-01 3.924320e-01
    outer loop
      vertex   -1.343612e+00 9.497021e+00 1.236882e+00
      vertex   -1.203740e+00 9.645968e+00 1.108120e+00
      vertex   -1.471525e+00 9.497021e+00 1.081567e+00
    endloop
  endfacet
  facet normal -4.765038e-01 7.867282e-01 3.924320e-01
    outer loop
      vertex   -1.471525e+00 9.497021e+00 1.081567e+00
      vertex   -1.203740e+00 9.645968e+00 1.108120e+00
      vertex   -1.318336e+00 9.645968e+00 9.689736e-01
    endloop
  endfacet
  facet normal -3.997862e-01 8.554329e-01 3.292500e-01
    outer loop
      vertex   -1.203740e+00 9.645968e+00 1.108120e+00
      vertex   -1.051678e+00 9.770912e+00 9.681377e-01
      vertex   -1.318336e+00 9.645968e+00 9.689736e-01
    endloop
  endfacet
  facet normal -3.997862e-01 8.554329e-01 3.292500e-01
    outer loop
      vertex   -1.318336e+00 9.645968e+00 9.689736e-01
      vertex   -1.051678e+00 9.770912e+00 9.681377e-01
      vertex   -1.151798e+00 9.770912e+00 8.465685e-01
    endloop
  endfacet
  facet normal -3.172050e-01 9.116662e-01 2.612390e-01
    outer loop
      vertex   -1.051678e+00 9.770912e+00 9.681377e-01
      vertex   -8.896446e-01 9.870032e+00 8.189755e-01
      vertex   -1.151798e+00 9.770912e+00 8.465685e-01
    endloop
  endfacet
  facet normal -3.172050e-01 9.116662e-01 2.612390e-01
    outer loop
      vertex   -1.151798e+00 9.770912e+00 8.465685e-01
      vertex   -8.896446e-01 9.870032e+00 8.189755e-01
      vertex   -9.743391e-01 9.870032e+00 7.161367e-01
    endloop
  endfacet
  facet normal -1.393466e-01 9.835713e-01 1.147610e-01
    outer loop
      vertex   -5.452254e-01 9.985418e+00 5.019154e-01
      vertex   -5.971311e-01 9.985418e+00 4.388898e-01
      vertex   -7.885470e-01 9.941884e+00 5.795800e-01
    endloop
  endfacet
  facet normal -2.299658e-01 9.545923e-01 1.893919e-01
    outer loop
      vertex   -8.896446e-01 9.870032e+00 8.189755e-01
      vertex   -7.200025e-01 9.941884e+00 6.628090e-01
      vertex   -9.743391e-01 9.870032e+00 7.161367e-01
    endloop
  endfacet
  facet normal -2.299658e-01 9.545923e-01 1.893919e-01
    outer loop
      vertex   -9.743391e-01 9.870032e+00 7.161367e-01
      vertex   -7.200025e-01 9.941884e+00 6.628090e-01
      vertex   -7.885470e-01 9.941884e+00 5.795800e-01
    endloop
  endfacet
  facet normal -1.393466e-01 9.835713e-01 1.147610e-01
    outer loop
      vertex   -7.200025e-01 9.941884e+00 6.628090e-01
      vertex   -5.452254e-01 9.985418e+00 5.019154e-01
      vertex   -7.885470e-01 9.941884e+00 5.795800e-01
    endloop
  endfacet
  facet normal -6.041816e-01 1.799902e-01 7.762526e-01
    outer loop
      vertex   -1.416211e+00 8.241073e+00 2.042461e+00
      vertex   -1.391405e+00 8.478631e+00 2.006686e+00
      vertex   -1.632303e+00 8.241073e+00 1.874270e+00
    endloop
  endfacet
  facet normal -6.041816e-01 1.799902e-01 7.762526e-01
    outer loop
      vertex   -1.632303e+00 8.241073e+00 1.874270e+00
      vertex   -1.391405e+00 8.478631e+00 2.006686e+00
      vertex   -1.603712e+00 8.478631e+00 1.841441e+00
    endloop
  endfacet
  facet normal -5.864805e-01 2.970912e-01 7.535101e-01
    outer loop
      vertex   -1.391405e+00 8.478631e+00 2.006686e+00
      vertex   -1.350464e+00 8.709210e+00 1.947640e+00
      vertex   -1.603712e+00 8.478631e+00 1.841441e+00
    endloop
  endfacet
  facet normal -5.864805e-01 2.970912e-01 7.535101e-01
    outer loop
      vertex   -1.603712e+00 8.478631e+00 1.841441e+00
      vertex   -1.350464e+00 8.709210e+00 1.947640e+00
      vertex   -1.556524e+00 8.709210e+00 1.787257e+00
    endloop
  endfacet
  facet normal -5.602437e-01 4.098944e-01 7.198011e-01
    outer loop
      vertex   -1.350464e+00 8.709210e+00 1.947640e+00
      vertex   -1.293984e+00 8.929446e+00 1.866185e+00
      vertex   -1.556524e+00 8.709210e+00 1.787257e+00
    endloop
  endfacet
  facet normal -5.602437e-01 4.098944e-01 7.198011e-01
    outer loop
      vertex   -1.556524e+00 8.709210e+00 1.787257e+00
      vertex   -1.293984e+00 8.929446e+00 1.866185e+00
      vertex   -1.491426e+00 8.929446e+00 1.712510e+00
    endloop
  endfacet
  facet normal -5.258453e-01 5.167621e-01 6.756061e-01
    outer loop
      vertex   -1.293984e+00 8.929446e+00 1.866185e+00
      vertex   -1.222790e+00 9.136129e+00 1.763509e+00
      vertex   -1.491426e+00 8.929446e+00 1.712510e+00
    endloop
  endfacet
  facet normal -5.258453e-01 5.167621e-01 6.756061e-01
    outer loop
      vertex   -1.491426e+00 8.929446e+00 1.712510e+00
      vertex   -1.222790e+00 9.136129e+00 1.763509e+00
      vertex   -1.409369e+00 9.136129e+00 1.618288e+00
    endloop
  endfacet
  facet normal -4.837774e-01 6.161381e-01 6.215572e-01
    outer loop
      vertex   -1.222790e+00 9.136129e+00 1.763509e+00
      vertex   -1.137919e+00 9.326245e+00 1.641108e+00
      vertex   -1.409369e+00 9.136129e+00 1.618288e+00
    endloop
  endfacet
  facet normal -4.837774e-01 6.161381e-01 6.215572e-01
    outer loop
      vertex   -1.409369e+00 9.136129e+00 1.618288e+00
      vertex   -1.137919e+00 9.326245e+00 1.641108e+00
      vertex   -1.311548e+00 9.326245e+00 1.505967e+00
    endloop
  endfacet
  facet normal -4.346438e-01 7.065693e-01 5.584304e-01
    outer loop
      vertex   -1.137919e+00 9.326245e+00 1.641108e+00
      vertex   -1.040609e+00 9.497021e+00 1.500768e+00
      vertex   -1.311548e+00 9.326245e+00 1.505967e+00
    endloop
  endfacet
  facet normal -4.346438e-01 7.065693e-01 5.584304e-01
    outer loop
      vertex   -1.311548e+00 9.326245e+00 1.505967e+00
      vertex   -1.040609e+00 9.497021e+00 1.500768e+00
      vertex   -1.199390e+00 9.497021e+00 1.377184e+00
    endloop
  endfacet
  facet normal -3.791532e-01 7.867282e-01 4.871361e-01
    outer loop
      vertex   -1.040609e+00 9.497021e+00 1.500768e+00
      vertex   -9.322798e-01 9.645968e+00 1.344535e+00
      vertex   -1.199390e+00 9.497021e+00 1.377184e+00
    endloop
  endfacet
  facet normal -3.791532e-01 7.867282e-01 4.871361e-01
    outer loop
      vertex   -1.199390e+00 9.497021e+00 1.377184e+00
      vertex   -9.322798e-01 9.645968e+00 1.344535e+00
      vertex   -1.074531e+00 9.645968e+00 1.233816e+00
    endloop
  endfacet
  facet normal -3.181092e-01 8.554329e-01 4.087066e-01
    outer loop
      vertex   -9.322798e-01 9.645968e+00 1.344535e+00
      vertex   -8.145101e-01 9.770912e+00 1.174687e+00
      vertex   -1.074531e+00 9.645968e+00 1.233816e+00
    endloop
  endfacet
  facet normal -3.181092e-01 8.554329e-01 4.087066e-01
    outer loop
      vertex   -1.074531e+00 9.645968e+00 1.233816e+00
      vertex   -8.145101e-01 9.770912e+00 1.174687e+00
      vertex   -9.387918e-01 9.770912e+00 1.077955e+00
    endloop
  endfacet
  facet normal -2.523994e-01 9.116662e-01 3.242828e-01
    outer loop
      vertex   -8.145101e-01 9.770912e+00 1.174687e+00
      vertex   -6.890175e-01 9.870032e+00 9.937018e-01
      vertex   -9.387918e-01 9.770912e+00 1.077955e+00
    endloop
  endfacet
  facet normal -2.523994e-01 9.116662e-01 3.242828e-01
    outer loop
      vertex   -9.387918e-01 9.770912e+00 1.077955e+00
      vertex   -6.890175e-01 9.870032e+00 9.937018e-01
      vertex   -7.941510e-01 9.870032e+00 9.118731e-01
    endloop
  endfacet
  facet normal -1.108778e-01 9.835713e-01 1.424558e-01
    outer loop
      vertex   -4.222696e-01 9.985418e+00 6.089977e-01
      vertex   -4.867015e-01 9.985418e+00 5.588483e-01
      vertex   -6.427181e-01 9.941884e+00 7.379924e-01
    endloop
  endfacet
  facet normal -1.829834e-01 9.545923e-01 2.350971e-01
    outer loop
      vertex   -6.890175e-01 9.870032e+00 9.937018e-01
      vertex   -5.576320e-01 9.941884e+00 8.042175e-01
      vertex   -7.941510e-01 9.870032e+00 9.118731e-01
    endloop
  endfacet
  facet normal -1.829834e-01 9.545923e-01 2.350971e-01
    outer loop
      vertex   -7.941510e-01 9.870032e+00 9.118731e-01
      vertex   -5.576320e-01 9.941884e+00 8.042175e-01
      vertex   -6.427181e-01 9.941884e+00 7.379924e-01
    endloop
  endfacet
  facet normal -1.108778e-01 9.835713e-01 1.424558e-01
    outer loop
      vertex   -5.576320e-01 9.941884e+00 8.042175e-01
      vertex   -4.222696e-01 9.985418e+00 6.089977e-01
      vertex   -6.427181e-01 9.941884e+00 7.379924e-01
    endloop
  endfacet
  facet normal -4.198065e-01 1.799902e-01 8.895876e-01
    outer loop
      vertex   -9.352860e-01 8.241073e+00 2.302725e+00
      vertex   -9.189037e-01 8.478631e+00 2.262391e+00
      vertex   -1.182928e+00 8.241073e+00 2.185860e+00
    endloop
  endfacet
  facet normal -4.198065e-01 1.799902e-01 8.895876e-01
    outer loop
      vertex   -1.182928e+00 8.241073e+00 2.185860e+00
      vertex   -9.189037e-01 8.478631e+00 2.262391e+00
      vertex   -1.162208e+00 8.478631e+00 2.147573e+00
    endloop
  endfacet
  facet normal -4.075071e-01 2.970912e-01 8.635246e-01
    outer loop
      vertex   -9.189037e-01 8.478631e+00 2.262391e+00
      vertex   -8.918655e-01 8.709210e+00 2.195821e+00
      vertex   -1.162208e+00 8.478631e+00 2.147573e+00
    endloop
  endfacet
  facet normal -4.075071e-01 2.970912e-01 8.635246e-01
    outer loop
      vertex   -1.162208e+00 8.478631e+00 2.147573e+00
      vertex   -8.918655e-01 8.709210e+00 2.195821e+00
      vertex   -1.128011e+00 8.709210e+00 2.084381e+00
    endloop
  endfacet
  facet normal -3.892769e-01 4.098944e-01 8.248940e-01
    outer loop
      vertex   -8.918655e-01 8.709210e+00 2.195821e+00
      vertex   -8.545655e-01 8.929446e+00 2.103987e+00
      vertex   -1.128011e+00 8.709210e+00 2.084381e+00
    endloop
  endfacet
  facet normal -3.892769e-01 4.098944e-01 8.248940e-01
    outer loop
      vertex   -1.128011e+00 8.709210e+00 2.084381e+00
      vertex   -8.545655e-01 8.929446e+00 2.103987e+00
      vertex   -1.080835e+00 8.929446e+00 1.997208e+00
    endloop
  endfacet
  facet normal -3.653757e-01 5.167621e-01 7.742464e-01
    outer loop
      vertex   -8.545655e-01 8.929446e+00 2.103987e+00
      vertex   -8.075478e-01 9.136129e+00 1.988226e+00
      vertex   -1.080835e+00 8.929446e+00 1.997208e+00
    endloop
  endfacet
  facet normal -3.653757e-01 5.167621e-01 7.742464e-01
    outer loop
      vertex   -1.080835e+00 8.929446e+00 1.997208e+00
      vertex   -8.075478e-01 9.136129e+00 1.988226e+00
      vertex   -1.021368e+00 9.136129e+00 1.887322e+00
    endloop
  endfacet
  facet normal -3.361454e-01 6.161381e-01 7.123062e-01
    outer loop
      vertex   -8.075478e-01 9.136129e+00 1.988226e+00
      vertex   -7.514979e-01 9.326245e+00 1.850229e+00
      vertex   -1.021368e+00 9.136129e+00 1.887322e+00
    endloop
  endfacet
  facet normal -3.361454e-01 6.161381e-01 7.123062e-01
    outer loop
      vertex   -1.021368e+00 9.136129e+00 1.887322e+00
      vertex   -7.514979e-01 9.326245e+00 1.850229e+00
      vertex   -9.504772e-01 9.326245e+00 1.756328e+00
    endloop
  endfacet
  facet normal -3.020057e-01 7.065693e-01 6.399628e-01
    outer loop
      vertex   -7.514979e-01 9.326245e+00 1.850229e+00
      vertex   -6.872332e-01 9.497021e+00 1.692005e+00
      vertex   -9.504772e-01 9.326245e+00 1.756328e+00
    endloop
  endfacet
  facet normal -3.020057e-01 7.065693e-01 6.399628e-01
    outer loop
      vertex   -9.504772e-01 9.326245e+00 1.756328e+00
      vertex   -6.872332e-01 9.497021e+00 1.692005e+00
      vertex   -8.691967e-01 9.497021e+00 1.606135e+00
    endloop
  endfacet
  facet normal -2.634489e-01 7.867282e-01 5.582593e-01
    outer loop
      vertex   -6.872332e-01 9.497021e+00 1.692005e+00
      vertex   -6.156909e-01 9.645968e+00 1.515864e+00
      vertex   -8.691967e-01 9.497021e+00 1.606135e+00
    endloop
  endfacet
  facet normal -2.634489e-01 7.867282e-01 5.582593e-01
    outer loop
      vertex   -8.691967e-01 9.497021e+00 1.606135e+00
      vertex   -6.156909e-01 9.645968e+00 1.515864e+00
      vertex   -7.787116e-01 9.645968e+00 1.438933e+00
    endloop
  endfacet
  facet normal -2.210333e-01 8.554329e-01 4.683789e-01
    outer loop
      vertex   -6.156909e-01 9.645968e+00 1.515864e+00
      vertex   -5.379141e-01 9.770912e+00 1.324374e+00
      vertex   -7.787116e-01 9.645968e+00 1.438933e+00
    endloop
  endfacet
  facet normal -2.210333e-01 8.554329e-01 4.683789e-01
    outer loop
      vertex   -7.787116e-01 9.645968e+00 1.438933e+00
      vertex   -5.379141e-01 9.770912e+00 1.324374e+00
      vertex   -6.803413e-01 9.770912e+00 1.257161e+00
    endloop
  endfacet
  facet normal -1.753759e-01 9.116662e-01 3.716290e-01
    outer loop
      vertex   -5.379141e-01 9.770912e+00 1.324374e+00
      vertex   -4.550370e-01 9.870032e+00 1.120326e+00
      vertex   -6.803413e-01 9.770912e+00 1.257161e+00
    endloop
  endfacet
  facet normal -1.753759e-01 9.116662e-01 3.716290e-01
    outer loop
      vertex   -6.803413e-01 9.770912e+00 1.257161e+00
      vertex   -4.550370e-01 9.870032e+00 1.120326e+00
      vertex   -5.755203e-01 9.870032e+00 1.063468e+00
    endloop
  endfacet
  facet normal -7.704179e-02 9.835713e-01 1.632548e-01
    outer loop
      vertex   -2.788729e-01 9.985418e+00 6.866001e-01
      vertex   -3.527120e-01 9.985418e+00 6.517546e-01
      vertex   -4.657770e-01 9.941884e+00 8.606806e-01
    endloop
  endfacet
  facet normal -1.271433e-01 9.545923e-01 2.694219e-01
    outer loop
      vertex   -4.550370e-01 9.870032e+00 1.120326e+00
      vertex   -3.682682e-01 9.941884e+00 9.066962e-01
      vertex   -5.755203e-01 9.870032e+00 1.063468e+00
    endloop
  endfacet
  facet normal -1.271433e-01 9.545923e-01 2.694219e-01
    outer loop
      vertex   -5.755203e-01 9.870032e+00 1.063468e+00
      vertex   -3.682682e-01 9.941884e+00 9.066962e-01
      vertex   -4.657770e-01 9.941884e+00 8.606806e-01
    endloop
  endfacet
  facet normal -7.704179e-02 9.835713e-01 1.632548e-01
    outer loop
      vertex   -3.682682e-01 9.941884e+00 9.066962e-01
      vertex   -2.788729e-01 9.985418e+00 6.866001e-01
      vertex   -4.657770e-01 9.941884e+00 8.606806e-01
    endloop
  endfacet
  facet normal -2.151097e-01 1.799902e-01 9.598601e-01
    outer loop
      vertex   -4.090863e-01 8.241073e+00 2.451520e+00
      vertex   -4.019208e-01 8.478631e+00 2.408580e+00
      vertex   -6.762908e-01 8.241073e+00 2.391638e+00
    endloop
  endfacet
  facet normal -2.151097e-01 1.799902e-01 9.598601e-01
    outer loop
      vertex   -6.762908e-01 8.241073e+00 2.391638e+00
      vertex   -4.019208e-01 8.478631e+00 2.408580e+00
      vertex   -6.644450e-01 8.478631e+00 2.349747e+00
    endloop
  endfacet
  facet normal -2.088074e-01 2.970912e-01 9.317383e-01
    outer loop
      vertex   -4.019208e-01 8.478631e+00 2.408580e+00
      vertex   -3.900945e-01 8.709210e+00 2.337708e+00
      vertex   -6.644450e-01 8.478631e+00 2.349747e+00
    endloop
  endfacet
  facet normal -2.088074e-01 2.970912e-01 9.317383e-01
    outer loop
      vertex   -6.644450e-01 8.478631e+00 2.349747e+00
      vertex   -3.900945e-01 8.709210e+00 2.337708e+00
      vertex   -6.448941e-01 8.709210e+00 2.280606e+00
    endloop
  endfacet
  facet normal -1.994662e-01 4.098944e-01 8.900561e-01
    outer loop
      vertex   -3.900945e-01 8.709210e+00 2.337708e+00
      vertex   -3.737798e-01 8.929446e+00 2.239940e+00
      vertex   -6.448941e-01 8.709210e+00 2.280606e+00
    endloop
  endfacet
  facet normal -1.994662e-01 4.098944e-01 8.900561e-01
    outer loop
      vertex   -6.448941e-01 8.709210e+00 2.280606e+00
      vertex   -3.737798e-01 8.929446e+00 2.239940e+00
      vertex   -6.179230e-01 8.929446e+00 2.185226e+00
    endloop
  endfacet
  facet normal -1.872192e-01 5.167621e-01 8.354076e-01
    outer loop
      vertex   -3.737798e-01 8.929446e+00 2.239940e+00
      vertex   -3.532147e-01 9.136129e+00 2.116700e+00
      vertex   -6.179230e-01 8.929446e+00 2.185226e+00
    endloop
  endfacet
  facet normal -1.872192e-01 5.167621e-01 8.354076e-01
    outer loop
      vertex   -6.179230e-01 8.929446e+00 2.185226e+00
      vertex   -3.532147e-01 9.136129e+00 2.116700e+00
      vertex   -5.839253e-01 9.136129e+00 2.064996e+00
    endloop
  endfacet
  facet normal -1.722416e-01 6.161381e-01 7.685745e-01
    outer loop
      vertex   -3.532147e-01 9.136129e+00 2.116700e+00
      vertex   -3.286989e-01 9.326245e+00 1.969785e+00
      vertex   -5.839253e-01 9.136129e+00 2.064996e+00
    endloop
  endfacet
  facet normal -1.722416e-01 6.161381e-01 7.685745e-01
    outer loop
      vertex   -5.839253e-01 9.136129e+00 2.064996e+00
      vertex   -3.286989e-01 9.326245e+00 1.969785e+00
      vertex   -5.433965e-01 9.326245e+00 1.921670e+00
    endloop
  endfacet
  facet normal -1.547483e-01 7.065693e-01 6.905163e-01
    outer loop
      vertex   -3.286989e-01 9.326245e+00 1.969785e+00
      vertex   -3.005901e-01 9.497021e+00 1.801338e+00
      vertex   -5.433965e-01 9.326245e+00 1.921670e+00
    endloop
  endfacet
  facet normal -1.547483e-01 7.065693e-01 6.905163e-01
    outer loop
      vertex   -5.433965e-01 9.326245e+00 1.921670e+00
      vertex   -3.005901e-01 9.497021e+00 1.801338e+00
      vertex   -4.969277e-01 9.497021e+00 1.757337e+00
    endloop
  endfacet
  facet normal -1.349917e-01 7.867282e-01 6.023587e-01
    outer loop
      vertex   -3.005901e-01 9.497021e+00 1.801338e+00
      vertex   -2.692981e-01 9.645968e+00 1.613815e+00
      vertex   -4.969277e-01 9.497021e+00 1.757337e+00
    endloop
  endfacet
  facet normal -1.349917e-01 7.867282e-01 6.023587e-01
    outer loop
      vertex   -4.969277e-01 9.497021e+00 1.757337e+00
      vertex   -2.692981e-01 9.645968e+00 1.613815e+00
      vertex   -4.451965e-01 9.645968e+00 1.574395e+00
    endloop
  endfacet
  facet normal -1.132579e-01 8.554329e-01 5.053783e-01
    outer loop
      vertex   -2.692981e-01 9.645968e+00 1.613815e+00
      vertex   -2.352791e-01 9.770912e+00 1.409951e+00
      vertex   -4.451965e-01 9.645968e+00 1.574395e+00
    endloop
  endfacet
  facet normal -1.132579e-01 8.554329e-01 5.053783e-01
    outer loop
      vertex   -4.451965e-01 9.645968e+00 1.574395e+00
      vertex   -2.352791e-01 9.770912e+00 1.409951e+00
      vertex   -3.889573e-01 9.770912e+00 1.375511e+00
    endloop
  endfacet
  facet normal -8.986298e-02 9.116662e-01 4.009856e-01
    outer loop
      vertex   -2.352791e-01 9.770912e+00 1.409951e+00
      vertex   -1.990294e-01 9.870032e+00 1.192718e+00
      vertex   -3.889573e-01 9.770912e+00 1.375511e+00
    endloop
  endfacet
  facet normal -8.986298e-02 9.116662e-01 4.009856e-01
    outer loop
      vertex   -3.889573e-01 9.770912e+00 1.375511e+00
      vertex   -1.990294e-01 9.870032e+00 1.192718e+00
      vertex   -3.290302e-01 9.870032e+00 1.163584e+00
    endloop
  endfacet
  facet normal -3.947636e-02 9.835713e-01 1.761510e-01
    outer loop
      vertex   -1.219767e-01 9.985418e+00 7.309661e-01
      vertex   -2.016486e-01 9.985418e+00 7.131112e-01
      vertex   -2.662890e-01 9.941884e+00 9.417056e-01
    endloop
  endfacet
  facet normal -6.514846e-02 9.545923e-01 2.907047e-01
    outer loop
      vertex   -1.990294e-01 9.870032e+00 1.192718e+00
      vertex   -1.610774e-01 9.941884e+00 9.652841e-01
      vertex   -3.290302e-01 9.870032e+00 1.163584e+00
    endloop
  endfacet
  facet normal -6.514846e-02 9.545923e-01 2.907047e-01
    outer loop
      vertex   -3.290302e-01 9.870032e+00 1.163584e+00
      vertex   -1.610774e-01 9.941884e+00 9.652841e-01
      vertex   -2.662890e-01 9.941884e+00 9.417056e-01
    endloop
  endfacet
  facet normal -3.947636e-02 9.835713e-01 1.761510e-01
    outer loop
      vertex   -1.610774e-01 9.941884e+00 9.652841e-01
      vertex   -1.219767e-01 9.985418e+00 7.309661e-01
      vertex   -2.662890e-01 9.941884e+00 9.417056e-01
    endloop
  endfacet
  facet normal 1.082116e-01 1.799902e-01 9.776982e-01
    outer loop
      vertex   4.090863e-01 8.241073e+00 2.451520e+00
      vertex   4.019208e-01 8.478631e+00 2.408580e+00
      vertex   1.369161e-01 8.241073e+00 2.481644e+00
    endloop
  endfacet
  facet normal 1.082116e-01 1.799902e-01 9.776982e-01
    outer loop
      vertex   1.369161e-01 8.241073e+00 2.481644e+00
      vertex   4.019208e-01 8.478631e+00 2.408580e+00
      vertex   1.345179e-01 8.478631e+00 2.438176e+00
    endloop
  endfacet
  facet normal 1.050413e-01 2.970912e-01 9.490538e-01
    outer loop
      vertex   4.019208e-01 8.478631e+00 2.408580e+00
      vertex   3.900945e-01 8.709210e+00 2.337708e+00
      vertex   1.345179e-01 8.478631e+00 2.438176e+00
    endloop
  endfacet
  facet normal 1.050413e-01 2.970912e-01 9.490538e-01
    outer loop
      vertex   1.345179e-01 8.478631e+00 2.438176e+00
      vertex   3.900945e-01 8.709210e+00 2.337708e+00
      vertex   1.305598e-01 8.709210e+00 2.366434e+00
    endloop
  endfacet
  facet normal 1.003421e-01 4.098944e-01 9.065970e-01
    outer loop
      vertex   3.900945e-01 8.709210e+00 2.337708e+00
      vertex   3.737798e-01 8.929446e+00 2.239940e+00
      vertex   1.305598e-01 8.709210e+00 2.366434e+00
    endloop
  endfacet
  facet normal 1.003421e-01 4.098944e-01 9.065970e-01
    outer loop
      vertex   1.305598e-01 8.709210e+00 2.366434e+00
      vertex   3.737798e-01 8.929446e+00 2.239940e+00
      vertex   1.250995e-01 8.929446e+00 2.267464e+00
    endloop
  endfacet
  facet normal 9.418123e-02 5.167621e-01 8.509329e-01
    outer loop
      vertex   3.737798e-01 8.929446e+00 2.239940e+00
      vertex   3.532147e-01 9.136129e+00 2.116700e+00
      vertex   1.250995e-01 8.929446e+00 2.267464e+00
    endloop
  endfacet
  facet normal 9.418123e-02 5.167621e-01 8.509329e-01
    outer loop
      vertex   1.250995e-01 8.929446e+00 2.267464e+00
      vertex   3.532147e-01 9.136129e+00 2.116700e+00
      vertex   1.182166e-01 9.136129e+00 2.142709e+00
    endloop
  endfacet
  facet normal 8.664667e-02 6.161381e-01 7.828577e-01
    outer loop
      vertex   3.532147e-01 9.136129e+00 2.116700e+00
      vertex   3.286989e-01 9.326245e+00 1.969785e+00
      vertex   1.182166e-01 9.136129e+00 2.142709e+00
    endloop
  endfacet
  facet normal 8.664667e-02 6.161381e-01 7.828577e-01
    outer loop
      vertex   1.182166e-01 9.136129e+00 2.142709e+00
      vertex   3.286989e-01 9.326245e+00 1.969785e+00
      vertex   1.100114e-01 9.326245e+00 1.993989e+00
    endloop
  endfacet
  facet normal 7.784664e-02 7.065693e-01 7.033489e-01
    outer loop
      vertex   3.286989e-01 9.326245e+00 1.969785e+00
      vertex   3.005901e-01 9.497021e+00 1.801338e+00
      vertex   1.100114e-01 9.326245e+00 1.993989e+00
    endloop
  endfacet
  facet normal 7.784664e-02 7.065693e-01 7.033489e-01
    outer loop
      vertex   1.100114e-01 9.326245e+00 1.993989e+00
      vertex   3.005901e-01 9.497021e+00 1.801338e+00
      vertex   1.006038e-01 9.497021e+00 1.823472e+00
    endloop
  endfacet
  facet normal 6.790802e-02 7.867282e-01 6.135530e-01
    outer loop
      vertex   3.005901e-01 9.497021e+00 1.801338e+00
      vertex   2.692981e-01 9.645968e+00 1.613815e+00
      vertex   1.006038e-01 9.497021e+00 1.823472e+00
    endloop
  endfacet
  facet normal 6.790802e-02 7.867282e-01 6.135530e-01
    outer loop
      vertex   1.006038e-01 9.497021e+00 1.823472e+00
      vertex   2.692981e-01 9.645968e+00 1.613815e+00
      vertex   9.013071e-02 9.645968e+00 1.633645e+00
    endloop
  endfacet
  facet normal 5.697476e-02 8.554329e-01 5.147703e-01
    outer loop
      vertex   2.692981e-01 9.645968e+00 1.613815e+00
      vertex   2.352791e-01 9.770912e+00 1.409951e+00
      vertex   9.013071e-02 9.645968e+00 1.633645e+00
    endloop
  endfacet
  facet normal 5.697476e-02 8.554329e-01 5.147703e-01
    outer loop
      vertex   9.013071e-02 9.645968e+00 1.633645e+00
      vertex   2.352791e-01 9.770912e+00 1.409951e+00
      vertex   7.874500e-02 9.770912e+00 1.427276e+00
    endloop
  endfacet
  facet normal 4.520586e-02 9.116662e-01 4.084376e-01
    outer loop
      vertex   2.352791e-01 9.770912e+00 1.409951e+00
      vertex   1.990294e-01 9.870032e+00 1.192718e+00
      vertex   7.874500e-02 9.770912e+00 1.427276e+00
    endloop
  endfacet
  facet normal 4.520586e-02 9.116662e-01 4.084376e-01
    outer loop
      vertex   7.874500e-02 9.770912e+00 1.427276e+00
      vertex   1.990294e-01 9.870032e+00 1.192718e+00
      vertex   6.661266e-02 9.870032e+00 1.207374e+00
    endloop
  endfacet
  facet normal 1.985871e-02 9.835713e-01 1.794246e-01
    outer loop
      vertex   1.219767e-01 9.985418e+00 7.309661e-01
      vertex   4.082407e-02 9.985418e+00 7.399481e-01
      vertex   5.391061e-02 9.941884e+00 9.771453e-01
    endloop
  endfacet
  facet normal 3.277314e-02 9.545923e-01 2.961072e-01
    outer loop
      vertex   1.990294e-01 9.870032e+00 1.192718e+00
      vertex   1.610774e-01 9.941884e+00 9.652841e-01
      vertex   6.661266e-02 9.870032e+00 1.207374e+00
    endloop
  endfacet
  facet normal 3.277314e-02 9.545923e-01 2.961072e-01
    outer loop
      vertex   6.661266e-02 9.870032e+00 1.207374e+00
      vertex   1.610774e-01 9.941884e+00 9.652841e-01
      vertex   5.391061e-02 9.941884e+00 9.771453e-01
    endloop
  endfacet
  facet normal 1.985871e-02 9.835713e-01 1.794246e-01
    outer loop
      vertex   1.610774e-01 9.941884e+00 9.652841e-01
      vertex   1.219767e-01 9.985418e+00 7.309661e-01
      vertex   5.391061e-02 9.941884e+00 9.771453e-01
    endloop
  endfacet
  facet normal 3.193966e-01 1.799902e-01 9.303705e-01
    outer loop
      vertex   9.352860e-01 8.241073e+00 2.302725e+00
      vertex   9.189037e-01 8.478631e+00 2.262391e+00
      vertex   6.762908e-01 8.241073e+00 2.391638e+00
    endloop
  endfacet
  facet normal 3.193966e-01 1.799902e-01 9.303705e-01
    outer loop
      vertex   6.762908e-01 8.241073e+00 2.391638e+00
      vertex   9.189037e-01 8.478631e+00 2.262391e+00
      vertex   6.644450e-01 8.478631e+00 2.349747e+00
    endloop
  endfacet
  facet normal 3.100390e-01 2.970912e-01 9.031127e-01
    outer loop
      vertex   9.189037e-01 8.478631e+00 2.262391e+00
      vertex   8.918655e-01 8.709210e+00 2.195821e+00
      vertex   6.644450e-01 8.478631e+00 2.349747e+00
    endloop
  endfacet
  facet normal 3.100390e-01 2.970912e-01 9.031127e-01
    outer loop
      vertex   6.644450e-01 8.478631e+00 2.349747e+00
      vertex   8.918655e-01 8.709210e+00 2.195821e+00
      vertex   6.448941e-01 8.709210e+00 2.280606e+00
    endloop
  endfacet
  facet normal 2.961691e-01 4.098944e-01 8.627111e-01
    outer loop
      vertex   8.918655e-01 8.709210e+00 2.195821e+00
      vertex   8.545655e-01 8.929446e+00 2.103987e+00
      vertex   6.448941e-01 8.709210e+00 2.280606e+00
    endloop
  endfacet
  facet normal 2.961691e-01 4.098944e-01 8.627111e-01
    outer loop
      vertex   6.448941e-01 8.709210e+00 2.280606e+00
      vertex   8.545655e-01 8.929446e+00 2.103987e+00
      vertex   6.179230e-01 8.929446e+00 2.185226e+00
    endloop
  endfacet
  facet normal 2.779846e-01 5.167621e-01 8.097416e-01
    outer loop
      vertex   8.545655e-01 8.929446e+00 2.103987e+00
      vertex   8.075478e-01 9.136129e+00 1.988226e+00
      vertex   6.179230e-01 8.929446e+00 2.185226e+00
    endloop
  endfacet
  facet normal 2.779846e-01 5.167621e-01 8.097416e-01
    outer loop
      vertex   6.179230e-01 8.929446e+00 2.185226e+00
      vertex   8.075478e-01 9.136129e+00 1.988226e+00
      vertex   5.839253e-01 9.136129e+00 2.064996e+00
    endloop
  endfacet
  facet normal 2.557457e-01 6.161381e-01 7.449618e-01
    outer loop
      vertex   8.075478e-01 9.136129e+00 1.988226e+00
      vertex   7.514979e-01 9.326245e+00 1.850229e+00
      vertex   5.839253e-01 9.136129e+00 2.064996e+00
    endloop
  endfacet
  facet normal 2.557457e-01 6.161381e-01 7.449618e-01
    outer loop
      vertex   5.839253e-01 9.136129e+00 2.064996e+00
      vertex   7.514979e-01 9.326245e+00 1.850229e+00
      vertex   5.433965e-01 9.326245e+00 1.921670e+00
    endloop
  endfacet
  facet normal 2.297716e-01 7.065693e-01 6.693018e-01
    outer loop
      vertex   7.514979e-01 9.326245e+00 1.850229e+00
      vertex   6.872332e-01 9.497021e+00 1.692005e+00
      vertex   5.433965e-01 9.326245e+00 1.921670e+00
    endloop
  endfacet
  facet normal 2.297716e-01 7.065693e-01 6.693018e-01
    outer loop
      vertex   5.433965e-01 9.326245e+00 1.921670e+00
      vertex   6.872332e-01 9.497021e+00 1.692005e+00
      vertex   4.969277e-01 9.497021e+00 1.757337e+00
    endloop
  endfacet
  facet normal 2.004368e-01 7.867282e-01 5.838526e-01
    outer loop
      vertex   6.872332e-01 9.497021e+00 1.692005e+00
      vertex   6.156909e-01 9.645968e+00 1.515864e+00
      vertex   4.969277e-01 9.497021e+00 1.757337e+00
    endloop
  endfacet
  facet normal 2.004368e-01 7.867282e-01 5.838526e-01
    outer loop
      vertex   4.969277e-01 9.497021e+00 1.757337e+00
      vertex   6.156909e-01 9.645968e+00 1.515864e+00
      vertex   4.451965e-01 9.645968e+00 1.574395e+00
    endloop
  endfacet
  facet normal 1.681663e-01 8.554329e-01 4.898517e-01
    outer loop
      vertex   6.156909e-01 9.645968e+00 1.515864e+00
      vertex   5.379141e-01 9.770912e+00 1.324374e+00
      vertex   4.451965e-01 9.645968e+00 1.574395e+00
    endloop
  endfacet
  facet normal 1.681663e-01 8.554329e-01 4.898517e-01
    outer loop
      vertex   4.451965e-01 9.645968e+00 1.574395e+00
      vertex   5.379141e-01 9.770912e+00 1.324374e+00
      vertex   3.889573e-01 9.770912e+00 1.375511e+00
    endloop
  endfacet
  facet normal 1.334293e-01 9.116662e-01 3.886662e-01
    outer loop
      vertex   5.379141e-01 9.770912e+00 1.324374e+00
      vertex   4.550370e-01 9.870032e+00 1.120326e+00
      vertex   3.889573e-01 9.770912e+00 1.375511e+00
    endloop
  endfacet
  facet normal 1.334293e-01 9.116662e-01 3.886662e-01
    outer loop
      vertex   3.889573e-01 9.770912e+00 1.375511e+00
      vertex   4.550370e-01 9.870032e+00 1.120326e+00
      vertex   3.290302e-01 9.870032e+00 1.163584e+00
    endloop
  endfacet
  facet normal 5.861483e-02 9.835713e-01 1.707392e-01
    outer loop
      vertex   2.788729e-01 9.985418e+00 6.866001e-01
      vertex   2.016486e-01 9.985418e+00 7.131112e-01
      vertex   2.662890e-01 9.941884e+00 9.417056e-01
    endloop
  endfacet
  facet normal 9.673296e-02 9.545923e-01 2.817735e-01
    outer loop
      vertex   4.550370e-01 9.870032e+00 1.120326e+00
      vertex   3.682682e-01 9.941884e+00 9.066962e-01
      vertex   3.290302e-01 9.870032e+00 1.163584e+00
    endloop
  endfacet
  facet normal 9.673296e-02 9.545923e-01 2.817735e-01
    outer loop
      vertex   3.290302e-01 9.870032e+00 1.163584e+00
      vertex   3.682682e-01 9.941884e+00 9.066962e-01
      vertex   2.662890e-01 9.941884e+00 9.417056e-01
    endloop
  endfacet
  facet normal 5.861483e-02 9.835713e-01 1.707392e-01
    outer loop
      vertex   3.682682e-01 9.941884e+00 9.066962e-01
      vertex   2.788729e-01 9.985418e+00 6.866001e-01
      vertex   2.662890e-01 9.941884e+00 9.417056e-01
    endloop
  endfacet
  facet normal 5.151205e-01 1.799902e-01 8.380062e-01
    outer loop
      vertex   1.416211e+00 8.241073e+00 2.042461e+00
      vertex   1.391405e+00 8.478631e+00 2.006686e+00
      vertex   1.182928e+00 8.241073e+00 2.185860e+00
    endloop
  endfacet
  facet normal 5.151205e-01 1.799902e-01 8.380062e-01
    outer loop
      vertex   1.182928e+00 8.241073e+00 2.185860e+00
      vertex   1.391405e+00 8.478631e+00 2.006686e+00
      vertex   1.162208e+00 8.478631e+00 2.147573e+00
    endloop
  endfacet
  facet normal 5.000286e-01 2.970912e-01 8.134545e-01
    outer loop
      vertex   1.391405e+00 8.478631e+00 2.006686e+00
      vertex   1.350464e+00 8.709210e+00 1.947640e+00
      vertex   1.162208e+00 8.478631e+00 2.147573e+00
    endloop
  endfacet
  facet normal 5.000286e-01 2.970912e-01 8.134545e-01
    outer loop
      vertex   1.162208e+00 8.478631e+00 2.147573e+00
      vertex   1.350464e+00 8.709210e+00 1.947640e+00
      vertex   1.128011e+00 8.709210e+00 2.084381e+00
    endloop
  endfacet
  facet normal 4.776593e-01 4.098944e-01 7.770638e-01
    outer loop
      vertex   1.350464e+00 8.709210e+00 1.947640e+00
      vertex   1.293984e+00 8.929446e+00 1.866185e+00
      vertex   1.128011e+00 8.709210e+00 2.084381e+00
    endloop
  endfacet
  facet normal 4.776593e-01 4.098944e-01 7.770638e-01
    outer loop
      vertex   1.128011e+00 8.709210e+00 2.084381e+00
      vertex   1.293984e+00 8.929446e+00 1.866185e+00
      vertex   1.080835e+00 8.929446e+00 1.997208e+00
    endloop
  endfacet
  facet normal 4.483316e-01 5.167621e-01 7.293529e-01
    outer loop
      vertex   1.293984e+00 8.929446e+00 1.866185e+00
      vertex   1.222790e+00 9.136129e+00 1.763509e+00
      vertex   1.080835e+00 8.929446e+00 1.997208e+00
    endloop
  endfacet
  facet normal 4.483316e-01 5.167621e-01 7.293529e-01
    outer loop
      vertex   1.080835e+00 8.929446e+00 1.997208e+00
      vertex   1.222790e+00 9.136129e+00 1.763509e+00
      vertex   1.021368e+00 9.136129e+00 1.887322e+00
    endloop
  endfacet
  facet normal 4.124648e-01 6.161381e-01 6.710042e-01
    outer loop
      vertex   1.222790e+00 9.136129e+00 1.763509e+00
      vertex   1.137919e+00 9.326245e+00 1.641108e+00
      vertex   1.021368e+00 9.136129e+00 1.887322e+00
    endloop
  endfacet
  facet normal 4.124648e-01 6.161381e-01 6.710042e-01
    outer loop
      vertex   1.021368e+00 9.136129e+00 1.887322e+00
      vertex   1.137919e+00 9.326245e+00 1.641108e+00
      vertex   9.504772e-01 9.326245e+00 1.756328e+00
    endloop
  endfacet
  facet normal 3.705739e-01 7.065693e-01 6.028555e-01
    outer loop
      vertex   1.137919e+00 9.326245e+00 1.641108e+00
      vertex   1.040609e+00 9.497021e+00 1.500768e+00
      vertex   9.504772e-01 9.326245e+00 1.756328e+00
    endloop
  endfacet
  facet normal 3.705739e-01 7.065693e-01 6.028555e-01
    outer loop
      vertex   9.504772e-01 9.326245e+00 1.756328e+00
      vertex   1.040609e+00 9.497021e+00 1.500768e+00
      vertex   8.691967e-01 9.497021e+00 1.606135e+00
    endloop
  endfacet
  facet normal 3.232631e-01 7.867282e-01 5.258895e-01
    outer loop
      vertex   1.040609e+00 9.497021e+00 1.500768e+00
      vertex   9.322798e-01 9.645968e+00 1.344535e+00
      vertex   8.691967e-01 9.497021e+00 1.606135e+00
    endloop
  endfacet
  facet normal 3.232631e-01 7.867282e-01 5.258895e-01
    outer loop
      vertex   8.691967e-01 9.497021e+00 1.606135e+00
      vertex   9.322798e-01 9.645968e+00 1.344535e+00
      vertex   7.787116e-01 9.645968e+00 1.438933e+00
    endloop
  endfacet
  facet normal 2.712174e-01 8.554329e-01 4.412207e-01
    outer loop
      vertex   9.322798e-01 9.645968e+00 1.344535e+00
      vertex   8.145101e-01 9.770912e+00 1.174687e+00
      vertex   7.787116e-01 9.645968e+00 1.438933e+00
    endloop
  endfacet
  facet normal 2.712174e-01 8.554329e-01 4.412207e-01
    outer loop
      vertex   7.787116e-01 9.645968e+00 1.438933e+00
      vertex   8.145101e-01 9.770912e+00 1.174687e+00
      vertex   6.803413e-01 9.770912e+00 1.257161e+00
    endloop
  endfacet
  facet normal 2.151938e-01 9.116662e-01 3.500806e-01
    outer loop
      vertex   8.145101e-01 9.770912e+00 1.174687e+00
      vertex   6.890175e-01 9.870032e+00 9.937018e-01
      vertex   6.803413e-01 9.770912e+00 1.257161e+00
    endloop
  endfacet
  facet normal 2.151938e-01 9.116662e-01 3.500806e-01
    outer loop
      vertex   6.803413e-01 9.770912e+00 1.257161e+00
      vertex   6.890175e-01 9.870032e+00 9.937018e-01
      vertex   5.755203e-01 9.870032e+00 1.063468e+00
    endloop
  endfacet
  facet normal 9.453356e-02 9.835713e-01 1.537887e-01
    outer loop
      vertex   4.222696e-01 9.985418e+00 6.089977e-01
      vertex   3.527120e-01 9.985418e+00 6.517546e-01
      vertex   4.657770e-01 9.941884e+00 8.606806e-01
    endloop
  endfacet
  facet normal 1.560102e-01 9.545923e-01 2.537999e-01
    outer loop
      vertex   6.890175e-01 9.870032e+00 9.937018e-01
      vertex   5.576320e-01 9.941884e+00 8.042175e-01
      vertex   5.755203e-01 9.870032e+00 1.063468e+00
    endloop
  endfacet
  facet normal 1.560102e-01 9.545923e-01 2.537999e-01
    outer loop
      vertex   5.755203e-01 9.870032e+00 1.063468e+00
      vertex   5.576320e-01 9.941884e+00 8.042175e-01
      vertex   4.657770e-01 9.941884e+00 8.606806e-01
    endloop
  endfacet
  facet normal 9.453356e-02 9.835713e-01 1.537887e-01
    outer loop
      vertex   5.576320e-01 9.941884e+00 8.042175e-01
      vertex   4.222696e-01 9.985418e+00 6.089977e-01
      vertex   4.657770e-01 9.941884e+00 8.606806e-01
    endloop
  endfacet
  facet normal 6.859088e-01 1.799902e-01 7.050763e-01
    outer loop
      vertex   1.828581e+00 8.241073e+00 1.683328e+00
      vertex   1.796552e+00 8.478631e+00 1.653843e+00
      vertex   1.632303e+00 8.241073e+00 1.874270e+00
    endloop
  endfacet
  facet normal 6.859088e-01 1.799902e-01 7.050763e-01
    outer loop
      vertex   1.632303e+00 8.241073e+00 1.874270e+00
      vertex   1.796552e+00 8.478631e+00 1.653843e+00
      vertex   1.603712e+00 8.478631e+00 1.841441e+00
    endloop
  endfacet
  facet normal 6.658132e-01 2.970912e-01 6.844191e-01
    outer loop
      vertex   1.796552e+00 8.478631e+00 1.653843e+00
      vertex   1.743690e+00 8.709210e+00 1.605179e+00
      vertex   1.603712e+00 8.478631e+00 1.841441e+00
    endloop
  endfacet
  facet normal 6.658132e-01 2.970912e-01 6.844191e-01
    outer loop
      vertex   1.603712e+00 8.478631e+00 1.841441e+00
      vertex   1.743690e+00 8.709210e+00 1.605179e+00
      vertex   1.556524e+00 8.709210e+00 1.787257e+00
    endloop
  endfacet
  facet normal 6.360274e-01 4.098944e-01 6.538010e-01
    outer loop
      vertex   1.743690e+00 8.709210e+00 1.605179e+00
      vertex   1.670764e+00 8.929446e+00 1.538047e+00
      vertex   1.556524e+00 8.709210e+00 1.787257e+00
    endloop
  endfacet
  facet normal 6.360274e-01 4.098944e-01 6.538010e-01
    outer loop
      vertex   1.556524e+00 8.709210e+00 1.787257e+00
      vertex   1.670764e+00 8.929446e+00 1.538047e+00
      vertex   1.491426e+00 8.929446e+00 1.712510e+00
    endloop
  endfacet
  facet normal 5.969760e-01 5.167621e-01 6.136583e-01
    outer loop
      vertex   1.670764e+00 8.929446e+00 1.538047e+00
      vertex   1.578840e+00 9.136129e+00 1.453424e+00
      vertex   1.491426e+00 8.929446e+00 1.712510e+00
    endloop
  endfacet
  facet normal 5.969760e-01 5.167621e-01 6.136583e-01
    outer loop
      vertex   1.491426e+00 8.929446e+00 1.712510e+00
      vertex   1.578840e+00 9.136129e+00 1.453424e+00
      vertex   1.409369e+00 9.136129e+00 1.618288e+00
    endloop
  endfacet
  facet normal 5.492176e-01 6.161381e-01 5.645653e-01
    outer loop
      vertex   1.578840e+00 9.136129e+00 1.453424e+00
      vertex   1.469256e+00 9.326245e+00 1.352546e+00
      vertex   1.409369e+00 9.136129e+00 1.618288e+00
    endloop
  endfacet
  facet normal 5.492176e-01 6.161381e-01 5.645653e-01
    outer loop
      vertex   1.409369e+00 9.136129e+00 1.618288e+00
      vertex   1.469256e+00 9.326245e+00 1.352546e+00
      vertex   1.311548e+00 9.326245e+00 1.505967e+00
    endloop
  endfacet
  facet normal 4.934378e-01 7.065693e-01 5.072267e-01
    outer loop
      vertex   1.469256e+00 9.326245e+00 1.352546e+00
      vertex   1.343612e+00 9.497021e+00 1.236882e+00
      vertex   1.311548e+00 9.326245e+00 1.505967e+00
    endloop
  endfacet
  facet normal 4.934378e-01 7.065693e-01 5.072267e-01
    outer loop
      vertex   1.311548e+00 9.326245e+00 1.505967e+00
      vertex   1.343612e+00 9.497021e+00 1.236882e+00
      vertex   1.199390e+00 9.497021e+00 1.377184e+00
    endloop
  endfacet
  facet normal 4.304410e-01 7.867282e-01 4.424695e-01
    outer loop
      vertex   1.343612e+00 9.497021e+00 1.236882e+00
      vertex   1.203740e+00 9.645968e+00 1.108120e+00
      vertex   1.199390e+00 9.497021e+00 1.377184e+00
    endloop
  endfacet
  facet normal 4.304410e-01 7.867282e-01 4.424695e-01
    outer loop
      vertex   1.199390e+00 9.497021e+00 1.377184e+00
      vertex   1.203740e+00 9.645968e+00 1.108120e+00
      vertex   1.074531e+00 9.645968e+00 1.233816e+00
    endloop
  endfacet
  facet normal 3.611395e-01 8.554329e-01 3.712315e-01
    outer loop
      vertex   1.203740e+00 9.645968e+00 1.108120e+00
      vertex   1.051678e+00 9.770912e+00 9.681377e-01
      vertex   1.074531e+00 9.645968e+00 1.233816e+00
    endloop
  endfacet
  facet normal 3.611395e-01 8.554329e-01 3.712315e-01
    outer loop
      vertex   1.074531e+00 9.645968e+00 1.233816e+00
      vertex   1.051678e+00 9.770912e+00 9.681377e-01
      vertex   9.387918e-01 9.770912e+00 1.077955e+00
    endloop
  endfacet
  facet normal 2.865413e-01 9.116662e-01 2.945486e-01
    outer loop
      vertex   1.051678e+00 9.770912e+00 9.681377e-01
      vertex   8.896446e-01 9.870032e+00 8.189755e-01
      vertex   9.387918e-01 9.770912e+00 1.077955e+00
    endloop
  endfacet
  facet normal 2.865413e-01 9.116662e-01 2.945486e-01
    outer loop
      vertex   9.387918e-01 9.770912e+00 1.077955e+00
      vertex   8.896446e-01 9.870032e+00 8.189755e-01
      vertex   7.941510e-01 9.870032e+00 9.118731e-01
    endloop
  endfacet
  facet normal 1.258762e-01 9.835713e-01 1.293938e-01
    outer loop
      vertex   5.452254e-01 9.985418e+00 5.019154e-01
      vertex   4.867015e-01 9.985418e+00 5.588483e-01
      vertex   6.427181e-01 9.941884e+00 7.379924e-01
    endloop
  endfacet
  facet normal 2.077354e-01 9.545923e-01 2.135405e-01
    outer loop
      vertex   8.896446e-01 9.870032e+00 8.189755e-01
      vertex   7.200025e-01 9.941884e+00 6.628090e-01
      vertex   7.941510e-01 9.870032e+00 9.118731e-01
    endloop
  endfacet
  facet normal 2.077354e-01 9.545923e-01 2.135405e-01
    outer loop
      vertex   7.941510e-01 9.870032e+00 9.118731e-01
      vertex   7.200025e-01 9.941884e+00 6.628090e-01
      vertex   6.427181e-01 9.941884e+00 7.379924e-01
    endloop
  endfacet
  facet normal 1.258762e-01 9.835713e-01 1.293938e-01
    outer loop
      vertex   7.200025e-01 9.941884e+00 6.628090e-01
      vertex   5.452254e-01 9.985418e+00 5.019154e-01
      vertex   6.427181e-01 9.941884e+00 7.379924e-01
    endloop
  endfacet
  facet normal 8.234942e-01 1.799902e-01 5.380156e-01
    outer loop
      vertex   2.152435e+00 8.241073e+00 1.242709e+00
      vertex   2.114733e+00 8.478631e+00 1.220942e+00
      vertex   2.002663e+00 8.241073e+00 1.471952e+00
    endloop
  endfacet
  facet normal 8.234942e-01 1.799902e-01 5.380156e-01
    outer loop
      vertex   2.002663e+00 8.241073e+00 1.471952e+00
      vertex   2.114733e+00 8.478631e+00 1.220942e+00
      vertex   1.967585e+00 8.478631e+00 1.446170e+00
    endloop
  endfacet
  facet normal 7.993677e-01 2.970912e-01 5.222530e-01
    outer loop
      vertex   2.114733e+00 8.478631e+00 1.220942e+00
      vertex   2.052508e+00 8.709210e+00 1.185016e+00
      vertex   1.967585e+00 8.478631e+00 1.446170e+00
    endloop
  endfacet
  facet normal 7.993677e-01 2.970912e-01 5.222530e-01
    outer loop
      vertex   1.967585e+00 8.478631e+00 1.446170e+00
      vertex   2.052508e+00 8.709210e+00 1.185016e+00
      vertex   1.909690e+00 8.709210e+00 1.403617e+00
    endloop
  endfacet
  facet normal 7.636072e-01 4.098944e-01 4.988895e-01
    outer loop
      vertex   2.052508e+00 8.709210e+00 1.185016e+00
      vertex   1.966668e+00 8.929446e+00 1.135456e+00
      vertex   1.909690e+00 8.709210e+00 1.403617e+00
    endloop
  endfacet
  facet normal 7.636072e-01 4.098944e-01 4.988895e-01
    outer loop
      vertex   1.909690e+00 8.709210e+00 1.403617e+00
      vertex   1.966668e+00 8.929446e+00 1.135456e+00
      vertex   1.829822e+00 8.929446e+00 1.344914e+00
    endloop
  endfacet
  facet normal 7.167225e-01 5.167621e-01 4.682582e-01
    outer loop
      vertex   1.966668e+00 8.929446e+00 1.135456e+00
      vertex   1.858463e+00 9.136129e+00 1.072984e+00
      vertex   1.829822e+00 8.929446e+00 1.344914e+00
    endloop
  endfacet
  facet normal 7.167225e-01 5.167621e-01 4.682582e-01
    outer loop
      vertex   1.829822e+00 8.929446e+00 1.344914e+00
      vertex   1.858463e+00 9.136129e+00 1.072984e+00
      vertex   1.729146e+00 9.136129e+00 1.270918e+00
    endloop
  endfacet
  facet normal 6.593843e-01 6.161381e-01 4.307972e-01
    outer loop
      vertex   1.858463e+00 9.136129e+00 1.072984e+00
      vertex   1.729471e+00 9.326245e+00 9.985108e-01
      vertex   1.729146e+00 9.136129e+00 1.270918e+00
    endloop
  endfacet
  facet normal 6.593843e-01 6.161381e-01 4.307972e-01
    outer loop
      vertex   1.729146e+00 9.136129e+00 1.270918e+00
      vertex   1.729471e+00 9.326245e+00 9.985108e-01
      vertex   1.609130e+00 9.326245e+00 1.182707e+00
    endloop
  endfacet
  facet normal 5.924157e-01 7.065693e-01 3.870445e-01
    outer loop
      vertex   1.729471e+00 9.326245e+00 9.985108e-01
      vertex   1.581575e+00 9.497021e+00 9.131227e-01
      vertex   1.609130e+00 9.326245e+00 1.182707e+00
    endloop
  endfacet
  facet normal 5.924157e-01 7.065693e-01 3.870445e-01
    outer loop
      vertex   1.609130e+00 9.326245e+00 1.182707e+00
      vertex   1.581575e+00 9.497021e+00 9.131227e-01
      vertex   1.471525e+00 9.497021e+00 1.081567e+00
    endloop
  endfacet
  facet normal 5.167825e-01 7.867282e-01 3.376309e-01
    outer loop
      vertex   1.581575e+00 9.497021e+00 9.131227e-01
      vertex   1.416930e+00 9.645968e+00 8.180648e-01
      vertex   1.471525e+00 9.497021e+00 1.081567e+00
    endloop
  endfacet
  facet normal 5.167825e-01 7.867282e-01 3.376309e-01
    outer loop
      vertex   1.471525e+00 9.497021e+00 1.081567e+00
      vertex   1.416930e+00 9.645968e+00 8.180648e-01
      vertex   1.318336e+00 9.645968e+00 9.689736e-01
    endloop
  endfacet
  facet normal 4.335800e-01 8.554329e-01 2.832719e-01
    outer loop
      vertex   1.416930e+00 9.645968e+00 8.180648e-01
      vertex   1.237937e+00 9.770912e+00 7.147232e-01
      vertex   1.318336e+00 9.645968e+00 9.689736e-01
    endloop
  endfacet
  facet normal 4.335800e-01 8.554329e-01 2.832719e-01
    outer loop
      vertex   1.318336e+00 9.645968e+00 9.689736e-01
      vertex   1.237937e+00 9.770912e+00 7.147232e-01
      vertex   1.151798e+00 9.770912e+00 8.465685e-01
    endloop
  endfacet
  facet normal 3.440182e-01 9.116662e-01 2.247583e-01
    outer loop
      vertex   1.237937e+00 9.770912e+00 7.147232e-01
      vertex   1.047206e+00 9.870032e+00 6.046049e-01
      vertex   1.151798e+00 9.770912e+00 8.465685e-01
    endloop
  endfacet
  facet normal 3.440182e-01 9.116662e-01 2.247583e-01
    outer loop
      vertex   1.151798e+00 9.770912e+00 8.465685e-01
      vertex   1.047206e+00 9.870032e+00 6.046049e-01
      vertex   9.743391e-01 9.870032e+00 7.161367e-01
    endloop
  endfacet
  facet normal 1.511255e-01 9.835713e-01 9.873521e-02
    outer loop
      vertex   6.417884e-01 9.985418e+00 3.705367e-01
      vertex   5.971311e-01 9.985418e+00 4.388898e-01
      vertex   7.885470e-01 9.941884e+00 5.795800e-01
    endloop
  endfacet
  facet normal 2.494048e-01 9.545923e-01 1.629443e-01
    outer loop
      vertex   1.047206e+00 9.870032e+00 6.046049e-01
      vertex   8.475196e-01 9.941884e+00 4.893157e-01
      vertex   9.743391e-01 9.870032e+00 7.161367e-01
    endloop
  endfacet
  facet normal 2.494048e-01 9.545923e-01 1.629443e-01
    outer loop
      vertex   9.743391e-01 9.870032e+00 7.161367e-01
      vertex   8.475196e-01 9.941884e+00 4.893157e-01
      vertex   7.885470e-01 9.941884e+00 5.795800e-01
    endloop
  endfacet
  facet normal 1.511255e-01 9.835713e-01 9.873521e-02
    outer loop
      vertex   8.475196e-01 9.941884e+00 4.893157e-01
      vertex   6.417884e-01 9.985418e+00 3.705367e-01
      vertex   7.885470e-01 9.941884e+00 5.795800e-01
    endloop
  endfacet
  facet normal 9.212165e-01 1.799902e-01 3.449111e-01
    outer loop
      vertex   2.372095e+00 8.241073e+00 7.419340e-01
      vertex   2.330546e+00 8.478631e+00 7.289384e-01
      vertex   2.276079e+00 8.241073e+00 9.983810e-01
    endloop
  endfacet
  facet normal 9.212165e-01 1.799902e-01 3.449111e-01
    outer loop
      vertex   2.276079e+00 8.241073e+00 9.983810e-01
      vertex   2.330546e+00 8.478631e+00 7.289384e-01
      vertex   2.236212e+00 8.478631e+00 9.808935e-01
    endloop
  endfacet
  facet normal 8.942269e-01 2.970912e-01 3.348060e-01
    outer loop
      vertex   2.330546e+00 8.478631e+00 7.289384e-01
      vertex   2.261971e+00 8.709210e+00 7.074898e-01
      vertex   2.236212e+00 8.478631e+00 9.808935e-01
    endloop
  endfacet
  facet normal 8.942269e-01 2.970912e-01 3.348060e-01
    outer loop
      vertex   2.236212e+00 8.478631e+00 9.808935e-01
      vertex   2.261971e+00 8.709210e+00 7.074898e-01
      vertex   2.170413e+00 8.709210e+00 9.520312e-01
    endloop
  endfacet
  facet normal 8.542228e-01 4.098944e-01 3.198281e-01
    outer loop
      vertex   2.261971e+00 8.709210e+00 7.074898e-01
      vertex   2.167370e+00 8.929446e+00 6.779009e-01
      vertex   2.170413e+00 8.709210e+00 9.520312e-01
    endloop
  endfacet
  facet normal 8.542228e-01 4.098944e-01 3.198281e-01
    outer loop
      vertex   2.170413e+00 8.709210e+00 9.520312e-01
      vertex   2.167370e+00 8.929446e+00 6.779009e-01
      vertex   2.079641e+00 8.929446e+00 9.122150e-01
    endloop
  endfacet
  facet normal 8.017744e-01 5.167621e-01 3.001910e-01
    outer loop
      vertex   2.167370e+00 8.929446e+00 6.779009e-01
      vertex   2.048122e+00 9.136129e+00 6.406032e-01
      vertex   2.079641e+00 8.929446e+00 9.122150e-01
    endloop
  endfacet
  facet normal 8.017744e-01 5.167621e-01 3.001910e-01
    outer loop
      vertex   2.079641e+00 8.929446e+00 9.122150e-01
      vertex   2.048122e+00 9.136129e+00 6.406032e-01
      vertex   1.965220e+00 9.136129e+00 8.620254e-01
    endloop
  endfacet
  facet normal 7.376320e-01 6.161381e-01 2.761755e-01
    outer loop
      vertex   2.048122e+00 9.136129e+00 6.406032e-01
      vertex   1.905967e+00 9.326245e+00 5.961405e-01
      vertex   1.965220e+00 9.136129e+00 8.620254e-01
    endloop
  endfacet
  facet normal 7.376320e-01 6.161381e-01 2.761755e-01
    outer loop
      vertex   1.965220e+00 9.136129e+00 8.620254e-01
      vertex   1.905967e+00 9.326245e+00 5.961405e-01
      vertex   1.828819e+00 9.326245e+00 8.021944e-01
    endloop
  endfacet
  facet normal 6.627164e-01 7.065693e-01 2.481265e-01
    outer loop
      vertex   1.905967e+00 9.326245e+00 5.961405e-01
      vertex   1.742978e+00 9.497021e+00 5.451613e-01
      vertex   1.828819e+00 9.326245e+00 8.021944e-01
    endloop
  endfacet
  facet normal 6.627164e-01 7.065693e-01 2.481265e-01
    outer loop
      vertex   1.828819e+00 9.326245e+00 8.021944e-01
      vertex   1.742978e+00 9.497021e+00 5.451613e-01
      vertex   1.672427e+00 9.497021e+00 7.335944e-01
    endloop
  endfacet
  facet normal 5.781080e-01 7.867282e-01 2.164484e-01
    outer loop
      vertex   1.742978e+00 9.497021e+00 5.451613e-01
      vertex   1.561530e+00 9.645968e+00 4.884089e-01
      vertex   1.672427e+00 9.497021e+00 7.335944e-01
    endloop
  endfacet
  facet normal 5.781080e-01 7.867282e-01 2.164484e-01
    outer loop
      vertex   1.672427e+00 9.497021e+00 7.335944e-01
      vertex   1.561530e+00 9.645968e+00 4.884089e-01
      vertex   1.498324e+00 9.645968e+00 6.572257e-01
    endloop
  endfacet
  facet normal 4.850320e-01 8.554329e-01 1.816000e-01
    outer loop
      vertex   1.561530e+00 9.645968e+00 4.884089e-01
      vertex   1.364271e+00 9.770912e+00 4.267109e-01
      vertex   1.498324e+00 9.645968e+00 6.572257e-01
    endloop
  endfacet
  facet normal 4.850320e-01 8.554329e-01 1.816000e-01
    outer loop
      vertex   1.498324e+00 9.645968e+00 6.572257e-01
      vertex   1.364271e+00 9.770912e+00 4.267109e-01
      vertex   1.309049e+00 9.770912e+00 5.742021e-01
    endloop
  endfacet
  facet normal 3.848421e-01 9.116662e-01 1.440881e-01
    outer loop
      vertex   1.364271e+00 9.770912e+00 4.267109e-01
      vertex   1.154076e+00 9.870032e+00 3.609670e-01
      vertex   1.309049e+00 9.770912e+00 5.742021e-01
    endloop
  endfacet
  facet normal 3.848421e-01 9.116662e-01 1.440881e-01
    outer loop
      vertex   1.309049e+00 9.770912e+00 5.742021e-01
      vertex   1.154076e+00 9.870032e+00 3.609670e-01
      vertex   1.107362e+00 9.870032e+00 4.857340e-01
    endloop
  endfacet
  facet normal 1.690592e-01 9.835713e-01 6.329718e-02
    outer loop
      vertex   7.072842e-01 9.985418e+00 2.212214e-01
      vertex   6.786553e-01 9.985418e+00 2.976858e-01
      vertex   8.962045e-01 9.941884e+00 3.931117e-01
    endloop
  endfacet
  facet normal 2.790011e-01 9.545923e-01 1.044603e-01
    outer loop
      vertex   1.154076e+00 9.870032e+00 3.609670e-01
      vertex   9.340107e-01 9.941884e+00 2.921360e-01
      vertex   1.107362e+00 9.870032e+00 4.857340e-01
    endloop
  endfacet
  facet normal 2.790011e-01 9.545923e-01 1.044603e-01
    outer loop
      vertex   1.107362e+00 9.870032e+00 4.857340e-01
      vertex   9.340107e-01 9.941884e+00 2.921360e-01
      vertex   8.962045e-01 9.941884e+00 3.931117e-01
    endloop
  endfacet
  facet normal 1.690592e-01 9.835713e-01 6.329718e-02
    outer loop
      vertex   9.340107e-01 9.941884e+00 2.921360e-01
      vertex   7.072842e-01 9.985418e+00 2.212214e-01
      vertex   8.962045e-01 9.941884e+00 3.931117e-01
    endloop
  endfacet
  facet normal 9.832949e-01 1.799902e-01 2.710434e-02
    outer loop
      vertex   2.484474e+00 8.241073e+00 -6.848405e-02
      vertex   2.440957e+00 8.478631e+00 -6.728450e-02
      vertex   2.476929e+00 8.241073e+00 2.052442e-01
    endloop
  endfacet
  facet normal 9.832949e-01 1.799902e-01 2.710434e-02
    outer loop
      vertex   2.476929e+00 8.241073e+00 2.052442e-01
      vertex   2.440957e+00 8.478631e+00 -6.728450e-02
      vertex   2.433543e+00 8.478631e+00 2.016492e-01
    endloop
  endfacet
  facet normal 9.544866e-01 2.970912e-01 2.631024e-02
    outer loop
      vertex   2.440957e+00 8.478631e+00 -6.728450e-02
      vertex   2.369133e+00 8.709210e+00 -6.530469e-02
      vertex   2.433543e+00 8.478631e+00 2.016492e-01
    endloop
  endfacet
  facet normal 9.544866e-01 2.970912e-01 2.631024e-02
    outer loop
      vertex   2.433543e+00 8.478631e+00 2.016492e-01
      vertex   2.369133e+00 8.709210e+00 -6.530469e-02
      vertex   2.361938e+00 8.709210e+00 1.957157e-01
    endloop
  endfacet
  facet normal 9.117867e-01 4.098944e-01 2.513322e-02
    outer loop
      vertex   2.369133e+00 8.709210e+00 -6.530469e-02
      vertex   2.270050e+00 8.929446e+00 -6.257349e-02
      vertex   2.361938e+00 8.709210e+00 1.957157e-01
    endloop
  endfacet
  facet normal 9.117867e-01 4.098944e-01 2.513322e-02
    outer loop
      vertex   2.361938e+00 8.709210e+00 1.957157e-01
      vertex   2.270050e+00 8.929446e+00 -6.257349e-02
      vertex   2.263156e+00 8.929446e+00 1.875304e-01
    endloop
  endfacet
  facet normal 8.558039e-01 5.167621e-01 2.359007e-02
    outer loop
      vertex   2.270050e+00 8.929446e+00 -6.257349e-02
      vertex   2.145153e+00 9.136129e+00 -5.913073e-02
      vertex   2.263156e+00 8.929446e+00 1.875304e-01
    endloop
  endfacet
  facet normal 8.558039e-01 5.167621e-01 2.359007e-02
    outer loop
      vertex   2.263156e+00 8.929446e+00 1.875304e-01
      vertex   2.145153e+00 9.136129e+00 -5.913073e-02
      vertex   2.138638e+00 9.136129e+00 1.772126e-01
    endloop
  endfacet
  facet normal 7.873391e-01 6.161381e-01 2.170285e-02
    outer loop
      vertex   2.145153e+00 9.136129e+00 -5.913073e-02
      vertex   1.996263e+00 9.326245e+00 -5.502662e-02
      vertex   2.138638e+00 9.136129e+00 1.772126e-01
    endloop
  endfacet
  facet normal 7.873391e-01 6.161381e-01 2.170285e-02
    outer loop
      vertex   2.138638e+00 9.136129e+00 1.772126e-01
      vertex   1.996263e+00 9.326245e+00 -5.502662e-02
      vertex   1.990201e+00 9.326245e+00 1.649127e-01
    endloop
  endfacet
  facet normal 7.073752e-01 7.065693e-01 1.949866e-02
    outer loop
      vertex   1.996263e+00 9.326245e+00 -5.502662e-02
      vertex   1.825552e+00 9.497021e+00 -5.032099e-02
      vertex   1.990201e+00 9.326245e+00 1.649127e-01
    endloop
  endfacet
  facet normal 7.073752e-01 7.065693e-01 1.949866e-02
    outer loop
      vertex   1.990201e+00 9.326245e+00 1.649127e-01
      vertex   1.825552e+00 9.497021e+00 -5.032099e-02
      vertex   1.820008e+00 9.497021e+00 1.508101e-01
    endloop
  endfacet
  facet normal 6.170652e-01 7.867282e-01 1.700928e-02
    outer loop
      vertex   1.825552e+00 9.497021e+00 -5.032099e-02
      vertex   1.635508e+00 9.645968e+00 -4.508247e-02
      vertex   1.820008e+00 9.497021e+00 1.508101e-01
    endloop
  endfacet
  facet normal 6.170652e-01 7.867282e-01 1.700928e-02
    outer loop
      vertex   1.820008e+00 9.497021e+00 1.508101e-01
      vertex   1.635508e+00 9.645968e+00 -4.508247e-02
      vertex   1.630541e+00 9.645968e+00 1.351105e-01
    endloop
  endfacet
  facet normal 5.177170e-01 8.554329e-01 1.427077e-02
    outer loop
      vertex   1.635508e+00 9.645968e+00 -4.508247e-02
      vertex   1.428904e+00 9.770912e+00 -3.938745e-02
      vertex   1.630541e+00 9.645968e+00 1.351105e-01
    endloop
  endfacet
  facet normal 5.177170e-01 8.554329e-01 1.427077e-02
    outer loop
      vertex   1.630541e+00 9.645968e+00 1.351105e-01
      vertex   1.428904e+00 9.770912e+00 -3.938745e-02
      vertex   1.424564e+00 9.770912e+00 1.180427e-01
    endloop
  endfacet
  facet normal 4.107756e-01 9.116662e-01 1.132295e-02
    outer loop
      vertex   1.428904e+00 9.770912e+00 -3.938745e-02
      vertex   1.208751e+00 9.870032e+00 -3.331898e-02
      vertex   1.424564e+00 9.770912e+00 1.180427e-01
    endloop
  endfacet
  facet normal 4.107756e-01 9.116662e-01 1.132295e-02
    outer loop
      vertex   1.424564e+00 9.770912e+00 1.180427e-01
      vertex   1.208751e+00 9.870032e+00 -3.331898e-02
      vertex   1.205080e+00 9.870032e+00 9.985575e-02
    endloop
  endfacet
  facet normal 1.804517e-01 9.835713e-01 4.974117e-03
    outer loop
      vertex   7.407920e-01 9.985418e+00 -2.041979e-02
      vertex   7.385423e-01 9.985418e+00 6.119736e-02
      vertex   9.752888e-01 9.941884e+00 8.081474e-02
    endloop
  endfacet
  facet normal 2.978023e-01 9.545923e-01 8.208862e-03
    outer loop
      vertex   1.208751e+00 9.870032e+00 -3.331898e-02
      vertex   9.782598e-01 9.941884e+00 -2.696554e-02
      vertex   1.205080e+00 9.870032e+00 9.985575e-02
    endloop
  endfacet
  facet normal 2.978023e-01 9.545923e-01 8.208862e-03
    outer loop
      vertex   1.205080e+00 9.870032e+00 9.985575e-02
      vertex   9.782598e-01 9.941884e+00 -2.696554e-02
      vertex   9.752888e-01 9.941884e+00 8.081474e-02
    endloop
  endfacet
  facet normal 1.804517e-01 9.835713e-01 4.974117e-03
    outer loop
      vertex   9.782598e-01 9.941884e+00 -2.696554e-02
      vertex   7.407920e-01 9.985418e+00 -2.041979e-02
      vertex   9.752888e-01 9.941884e+00 8.081474e-02
    endloop
  endfacet
  facet normal 9.654228e-01 1.799902e-01 -1.885797e-01
    outer loop
      vertex   2.409365e+00 8.241073e+00 -6.101340e-01
      vertex   2.367163e+00 8.478631e+00 -5.994470e-01
      vertex   2.461861e+00 8.241073e+00 -3.413810e-01
    endloop
  endfacet
  facet normal 9.654228e-01 1.799902e-01 -1.885797e-01
    outer loop
      vertex   2.461861e+00 8.241073e+00 -3.413810e-01
      vertex   2.367163e+00 8.478631e+00 -5.994470e-01
      vertex   2.418740e+00 8.478631e+00 -3.354014e-01
    endloop
  endfacet
  facet normal 9.371381e-01 2.970912e-01 -1.830547e-01
    outer loop
      vertex   2.367163e+00 8.478631e+00 -5.994470e-01
      vertex   2.297510e+00 8.709210e+00 -5.818086e-01
      vertex   2.418740e+00 8.478631e+00 -3.354014e-01
    endloop
  endfacet
  facet normal 9.371381e-01 2.970912e-01 -1.830547e-01
    outer loop
      vertex   2.418740e+00 8.478631e+00 -3.354014e-01
      vertex   2.297510e+00 8.709210e+00 -5.818086e-01
      vertex   2.347570e+00 8.709210e+00 -3.255324e-01
    endloop
  endfacet
  facet normal 8.952143e-01 4.098944e-01 -1.748656e-01
    outer loop
      vertex   2.297510e+00 8.709210e+00 -5.818086e-01
      vertex   2.201423e+00 8.929446e+00 -5.574760e-01
      vertex   2.347570e+00 8.709210e+00 -3.255324e-01
    endloop
  endfacet
  facet normal 8.952143e-01 4.098944e-01 -1.748656e-01
    outer loop
      vertex   2.347570e+00 8.709210e+00 -3.255324e-01
      vertex   2.201423e+00 8.929446e+00 -5.574760e-01
      vertex   2.249389e+00 8.929446e+00 -3.119179e-01
    endloop
  endfacet
  facet normal 8.402491e-01 5.167621e-01 -1.641290e-01
    outer loop
      vertex   2.201423e+00 8.929446e+00 -5.574760e-01
      vertex   2.080302e+00 9.136129e+00 -5.268039e-01
      vertex   2.249389e+00 8.929446e+00 -3.119179e-01
    endloop
  endfacet
  facet normal 8.402491e-01 5.167621e-01 -1.641290e-01
    outer loop
      vertex   2.249389e+00 8.929446e+00 -3.119179e-01
      vertex   2.080302e+00 9.136129e+00 -5.268039e-01
      vertex   2.125628e+00 9.136129e+00 -2.947563e-01
    endloop
  endfacet
  facet normal 7.730286e-01 6.161381e-01 -1.509986e-01
    outer loop
      vertex   2.080302e+00 9.136129e+00 -5.268039e-01
      vertex   1.935913e+00 9.326245e+00 -4.902398e-01
      vertex   2.125628e+00 9.136129e+00 -2.947563e-01
    endloop
  endfacet
  facet normal 7.730286e-01 6.161381e-01 -1.509986e-01
    outer loop
      vertex   2.125628e+00 9.136129e+00 -2.947563e-01
      vertex   1.935913e+00 9.326245e+00 -4.902398e-01
      vertex   1.978094e+00 9.326245e+00 -2.742980e-01
    endloop
  endfacet
  facet normal 6.945181e-01 7.065693e-01 -1.356628e-01
    outer loop
      vertex   1.935913e+00 9.326245e+00 -4.902398e-01
      vertex   1.770363e+00 9.497021e+00 -4.483167e-01
      vertex   1.978094e+00 9.326245e+00 -2.742980e-01
    endloop
  endfacet
  facet normal 6.945181e-01 7.065693e-01 -1.356628e-01
    outer loop
      vertex   1.978094e+00 9.326245e+00 -2.742980e-01
      vertex   1.770363e+00 9.497021e+00 -4.483167e-01
      vertex   1.808936e+00 9.497021e+00 -2.508413e-01
    endloop
  endfacet
  facet normal 6.058496e-01 7.867282e-01 -1.183429e-01
    outer loop
      vertex   1.770363e+00 9.497021e+00 -4.483167e-01
      vertex   1.586064e+00 9.645968e+00 -4.016461e-01
      vertex   1.808936e+00 9.497021e+00 -2.508413e-01
    endloop
  endfacet
  facet normal 6.058496e-01 7.867282e-01 -1.183429e-01
    outer loop
      vertex   1.808936e+00 9.497021e+00 -2.508413e-01
      vertex   1.586064e+00 9.645968e+00 -4.016461e-01
      vertex   1.620622e+00 9.645968e+00 -2.247282e-01
    endloop
  endfacet
  facet normal 5.083071e-01 8.554329e-01 -9.928955e-02
    outer loop
      vertex   1.586064e+00 9.645968e+00 -4.016461e-01
      vertex   1.385706e+00 9.770912e+00 -3.509083e-01
      vertex   1.620622e+00 9.645968e+00 -2.247282e-01
    endloop
  endfacet
  facet normal 5.083071e-01 8.554329e-01 -9.928955e-02
    outer loop
      vertex   1.620622e+00 9.645968e+00 -2.247282e-01
      vertex   1.385706e+00 9.770912e+00 -3.509083e-01
      vertex   1.415898e+00 9.770912e+00 -1.963395e-01
    endloop
  endfacet
  facet normal 4.033095e-01 9.116662e-01 -7.877996e-02
    outer loop
      vertex   1.385706e+00 9.770912e+00 -3.509083e-01
      vertex   1.172208e+00 9.870032e+00 -2.968435e-01
      vertex   1.415898e+00 9.770912e+00 -1.963395e-01
    endloop
  endfacet
  facet normal 4.033095e-01 9.116662e-01 -7.877996e-02
    outer loop
      vertex   1.415898e+00 9.770912e+00 -1.963395e-01
      vertex   1.172208e+00 9.870032e+00 -2.968435e-01
      vertex   1.197749e+00 9.870032e+00 -1.660893e-01
    endloop
  endfacet
  facet normal 1.771719e-01 9.835713e-01 -3.460765e-02
    outer loop
      vertex   7.183967e-01 9.985418e+00 -1.819228e-01
      vertex   7.340496e-01 9.985418e+00 -1.017891e-01
      vertex   9.693560e-01 9.941884e+00 -1.344185e-01
    endloop
  endfacet
  facet normal 2.923895e-01 9.545923e-01 -5.711354e-02
    outer loop
      vertex   1.172208e+00 9.870032e+00 -2.968435e-01
      vertex   9.486855e-01 9.941884e+00 -2.402398e-01
      vertex   1.197749e+00 9.870032e+00 -1.660893e-01
    endloop
  endfacet
  facet normal 2.923895e-01 9.545923e-01 -5.711354e-02
    outer loop
      vertex   1.197749e+00 9.870032e+00 -1.660893e-01
      vertex   9.486855e-01 9.941884e+00 -2.402398e-01
      vertex   9.693560e-01 9.941884e+00 -1.344185e-01
    endloop
  endfacet
  facet normal 1.771719e-01 9.835713e-01 -3.460765e-02
    outer loop
      vertex   9.486855e-01 9.941884e+00 -2.402398e-01
      vertex   7.183967e-01 9.985418e+00 -1.819228e-01
      vertex   9.693560e-01 9.941884e+00 -1.344185e-01
    endloop
  endfacet
  facet normal 9.008173e-01 1.799902e-01 -3.951351e-01
    outer loop
      vertex   2.217625e+00 8.241073e+00 -1.122249e+00
      vertex   2.178781e+00 8.478631e+00 -1.102592e+00
      vertex   2.327622e+00 8.241073e+00 -8.714808e-01
    endloop
  endfacet
  facet normal 9.008173e-01 1.799902e-01 -3.951351e-01
    outer loop
      vertex   2.327622e+00 8.241073e+00 -8.714808e-01
      vertex   2.178781e+00 8.478631e+00 -1.102592e+00
      vertex   2.286852e+00 8.478631e+00 -8.562161e-01
    endloop
  endfacet
  facet normal 8.744253e-01 2.970912e-01 -3.835585e-01
    outer loop
      vertex   2.178781e+00 8.478631e+00 -1.102592e+00
      vertex   2.114672e+00 8.709210e+00 -1.070149e+00
      vertex   2.286852e+00 8.478631e+00 -8.562161e-01
    endloop
  endfacet
  facet normal 8.744253e-01 2.970912e-01 -3.835585e-01
    outer loop
      vertex   2.286852e+00 8.478631e+00 -8.562161e-01
      vertex   2.114672e+00 8.709210e+00 -1.070149e+00
      vertex   2.219562e+00 8.709210e+00 -8.310224e-01
    endloop
  endfacet
  facet normal 8.353071e-01 4.098944e-01 -3.663997e-01
    outer loop
      vertex   2.114672e+00 8.709210e+00 -1.070149e+00
      vertex   2.026231e+00 8.929446e+00 -1.025393e+00
      vertex   2.219562e+00 8.709210e+00 -8.310224e-01
    endloop
  endfacet
  facet normal 8.353071e-01 4.098944e-01 -3.663997e-01
    outer loop
      vertex   2.219562e+00 8.709210e+00 -8.310224e-01
      vertex   2.026231e+00 8.929446e+00 -1.025393e+00
      vertex   2.126735e+00 8.929446e+00 -7.962671e-01
    endloop
  endfacet
  facet normal 7.840201e-01 5.167621e-01 -3.439031e-01
    outer loop
      vertex   2.026231e+00 8.929446e+00 -1.025393e+00
      vertex   1.914749e+00 9.136129e+00 -9.689760e-01
      vertex   2.126735e+00 8.929446e+00 -7.962671e-01
    endloop
  endfacet
  facet normal 7.840201e-01 5.167621e-01 -3.439031e-01
    outer loop
      vertex   2.126735e+00 8.929446e+00 -7.962671e-01
      vertex   1.914749e+00 9.136129e+00 -9.689760e-01
      vertex   2.009723e+00 9.136129e+00 -7.524569e-01
    endloop
  endfacet
  facet normal 7.212980e-01 6.161381e-01 -3.163906e-01
    outer loop
      vertex   1.914749e+00 9.136129e+00 -9.689760e-01
      vertex   1.781851e+00 9.326245e+00 -9.017218e-01
      vertex   2.009723e+00 9.136129e+00 -7.524569e-01
    endloop
  endfacet
  facet normal 7.212980e-01 6.161381e-01 -3.163906e-01
    outer loop
      vertex   2.009723e+00 9.136129e+00 -7.524569e-01
      vertex   1.781851e+00 9.326245e+00 -9.017218e-01
      vertex   1.870233e+00 9.326245e+00 -7.002307e-01
    endloop
  endfacet
  facet normal 6.480414e-01 7.065693e-01 -2.842573e-01
    outer loop
      vertex   1.781851e+00 9.326245e+00 -9.017218e-01
      vertex   1.629475e+00 9.497021e+00 -8.246107e-01
      vertex   1.870233e+00 9.326245e+00 -7.002307e-01
    endloop
  endfacet
  facet normal 6.480414e-01 7.065693e-01 -2.842573e-01
    outer loop
      vertex   1.870233e+00 9.326245e+00 -7.002307e-01
      vertex   1.629475e+00 9.497021e+00 -8.246107e-01
      vertex   1.710299e+00 9.497021e+00 -6.403502e-01
    endloop
  endfacet
  facet normal 5.653065e-01 7.867282e-01 -2.479664e-01
    outer loop
      vertex   1.629475e+00 9.497021e+00 -8.246107e-01
      vertex   1.459844e+00 9.645968e+00 -7.387671e-01
      vertex   1.710299e+00 9.497021e+00 -6.403502e-01
    endloop
  endfacet
  facet normal 5.653065e-01 7.867282e-01 -2.479664e-01
    outer loop
      vertex   1.710299e+00 9.497021e+00 -6.403502e-01
      vertex   1.459844e+00 9.645968e+00 -7.387671e-01
      vertex   1.532254e+00 9.645968e+00 -5.736885e-01
    endloop
  endfacet
  facet normal 4.742915e-01 8.554329e-01 -2.080435e-01
    outer loop
      vertex   1.459844e+00 9.645968e+00 -7.387671e-01
      vertex   1.275430e+00 9.770912e+00 -6.454427e-01
      vertex   1.532254e+00 9.645968e+00 -5.736885e-01
    endloop
  endfacet
  facet normal 4.742915e-01 8.554329e-01 -2.080435e-01
    outer loop
      vertex   1.532254e+00 9.645968e+00 -5.736885e-01
      vertex   1.275430e+00 9.770912e+00 -6.454427e-01
      vertex   1.338693e+00 9.770912e+00 -5.012176e-01
    endloop
  endfacet
  facet normal 3.763202e-01 9.116662e-01 -1.650694e-01
    outer loop
      vertex   1.275430e+00 9.770912e+00 -6.454427e-01
      vertex   1.078923e+00 9.870032e+00 -5.459986e-01
      vertex   1.338693e+00 9.770912e+00 -5.012176e-01
    endloop
  endfacet
  facet normal 3.763202e-01 9.116662e-01 -1.650694e-01
    outer loop
      vertex   1.338693e+00 9.770912e+00 -5.012176e-01
      vertex   1.078923e+00 9.870032e+00 -5.459986e-01
      vertex   1.132439e+00 9.870032e+00 -4.239944e-01
    endloop
  endfacet
  facet normal 1.653156e-01 9.835713e-01 -7.251416e-02
    outer loop
      vertex   6.612259e-01 9.985418e+00 -3.346194e-01
      vertex   6.940236e-01 9.985418e+00 -2.598482e-01
      vertex   9.164993e-01 9.941884e+00 -3.431449e-01
    endloop
  endfacet
  facet normal 2.728229e-01 9.545923e-01 -1.196712e-01
    outer loop
      vertex   1.078923e+00 9.870032e+00 -5.459986e-01
      vertex   8.731880e-01 9.941884e+00 -4.418847e-01
      vertex   1.132439e+00 9.870032e+00 -4.239944e-01
    endloop
  endfacet
  facet normal 2.728229e-01 9.545923e-01 -1.196712e-01
    outer loop
      vertex   1.132439e+00 9.870032e+00 -4.239944e-01
      vertex   8.731880e-01 9.941884e+00 -4.418847e-01
      vertex   9.164993e-01 9.941884e+00 -3.431449e-01
    endloop
  endfacet
  facet normal 1.653156e-01 9.835713e-01 -7.251416e-02
    outer loop
      vertex   8.731880e-01 9.941884e+00 -4.418847e-01
      vertex   6.612259e-01 9.985418e+00 -3.346194e-01
      vertex   9.164993e-01 9.941884e+00 -3.431449e-01
    endloop
  endfacet
  facet normal 7.926057e-01 1.799902e-01 -5.825631e-01
    outer loop
      vertex   1.918535e+00 8.241073e+00 -1.580039e+00
      vertex   1.884931e+00 8.478631e+00 -1.552363e+00
      vertex   2.080708e+00 8.241073e+00 -1.359395e+00
    endloop
  endfacet
  facet normal 7.926057e-01 1.799902e-01 -5.825631e-01
    outer loop
      vertex   2.080708e+00 8.241073e+00 -1.359395e+00
      vertex   1.884931e+00 8.478631e+00 -1.552363e+00
      vertex   2.044263e+00 8.478631e+00 -1.335584e+00
    endloop
  endfacet
  facet normal 7.693841e-01 2.970912e-01 -5.654953e-01
    outer loop
      vertex   1.884931e+00 8.478631e+00 -1.552363e+00
      vertex   1.829468e+00 8.709210e+00 -1.506686e+00
      vertex   2.044263e+00 8.478631e+00 -1.335584e+00
    endloop
  endfacet
  facet normal 7.693841e-01 2.970912e-01 -5.654953e-01
    outer loop
      vertex   2.044263e+00 8.478631e+00 -1.335584e+00
      vertex   1.829468e+00 8.709210e+00 -1.506686e+00
      vertex   1.984112e+00 8.709210e+00 -1.296285e+00
    endloop
  endfacet
  facet normal 7.349649e-01 4.098944e-01 -5.401973e-01
    outer loop
      vertex   1.829468e+00 8.709210e+00 -1.506686e+00
      vertex   1.752955e+00 8.929446e+00 -1.443673e+00
      vertex   1.984112e+00 8.709210e+00 -1.296285e+00
    endloop
  endfacet
  facet normal 7.349649e-01 4.098944e-01 -5.401973e-01
    outer loop
      vertex   1.984112e+00 8.709210e+00 -1.296285e+00
      vertex   1.752955e+00 8.929446e+00 -1.443673e+00
      vertex   1.901131e+00 8.929446e+00 -1.242071e+00
    endloop
  endfacet
  facet normal 6.898389e-01 5.167621e-01 -5.070298e-01
    outer loop
      vertex   1.752955e+00 8.929446e+00 -1.443673e+00
      vertex   1.656508e+00 9.136129e+00 -1.364243e+00
      vertex   1.901131e+00 8.929446e+00 -1.242071e+00
    endloop
  endfacet
  facet normal 6.898389e-01 5.167621e-01 -5.070298e-01
    outer loop
      vertex   1.901131e+00 8.929446e+00 -1.242071e+00
      vertex   1.656508e+00 9.136129e+00 -1.364243e+00
      vertex   1.796532e+00 9.136129e+00 -1.173733e+00
    endloop
  endfacet
  facet normal 6.346513e-01 6.161381e-01 -4.664671e-01
    outer loop
      vertex   1.656508e+00 9.136129e+00 -1.364243e+00
      vertex   1.541534e+00 9.326245e+00 -1.269554e+00
      vertex   1.796532e+00 9.136129e+00 -1.173733e+00
    endloop
  endfacet
  facet normal 6.346513e-01 6.161381e-01 -4.664671e-01
    outer loop
      vertex   1.796532e+00 9.136129e+00 -1.173733e+00
      vertex   1.541534e+00 9.326245e+00 -1.269554e+00
      vertex   1.671839e+00 9.326245e+00 -1.092267e+00
    endloop
  endfacet
  facet normal 5.701947e-01 7.065693e-01 -4.190916e-01
    outer loop
      vertex   1.541534e+00 9.326245e+00 -1.269554e+00
      vertex   1.409709e+00 9.497021e+00 -1.160988e+00
      vertex   1.671839e+00 9.326245e+00 -1.092267e+00
    endloop
  endfacet
  facet normal 5.701947e-01 7.065693e-01 -4.190916e-01
    outer loop
      vertex   1.671839e+00 9.326245e+00 -1.092267e+00
      vertex   1.409709e+00 9.497021e+00 -1.160988e+00
      vertex   1.528871e+00 9.497021e+00 -9.988615e-01
    endloop
  endfacet
  facet normal 4.973984e-01 7.867282e-01 -3.655866e-01
    outer loop
      vertex   1.409709e+00 9.497021e+00 -1.160988e+00
      vertex   1.262956e+00 9.645968e+00 -1.040126e+00
      vertex   1.528871e+00 9.497021e+00 -9.988615e-01
    endloop
  endfacet
  facet normal 4.973984e-01 7.867282e-01 -3.655866e-01
    outer loop
      vertex   1.528871e+00 9.497021e+00 -9.988615e-01
      vertex   1.262956e+00 9.645968e+00 -1.040126e+00
      vertex   1.369713e+00 9.645968e+00 -8.948780e-01
    endloop
  endfacet
  facet normal 4.173168e-01 8.554329e-01 -3.067267e-01
    outer loop
      vertex   1.262956e+00 9.645968e+00 -1.040126e+00
      vertex   1.103413e+00 9.770912e+00 -9.087330e-01
      vertex   1.369713e+00 9.645968e+00 -8.948780e-01
    endloop
  endfacet
  facet normal 4.173168e-01 8.554329e-01 -3.067267e-01
    outer loop
      vertex   1.369713e+00 9.645968e+00 -8.948780e-01
      vertex   1.103413e+00 9.770912e+00 -9.087330e-01
      vertex   1.196685e+00 9.770912e+00 -7.818331e-01
    endloop
  endfacet
  facet normal 3.311144e-01 9.116662e-01 -2.433682e-01
    outer loop
      vertex   1.103413e+00 9.770912e+00 -9.087330e-01
      vertex   9.334092e-01 9.870032e+00 -7.687234e-01
      vertex   1.196685e+00 9.770912e+00 -7.818331e-01
    endloop
  endfacet
  facet normal 3.311144e-01 9.116662e-01 -2.433682e-01
    outer loop
      vertex   1.196685e+00 9.770912e+00 -7.818331e-01
      vertex   9.334092e-01 9.870032e+00 -7.687234e-01
      vertex   1.012310e+00 9.870032e+00 -6.613751e-01
    endloop
  endfacet
  facet normal 1.454569e-01 9.835713e-01 -1.069105e-01
    outer loop
      vertex   5.720469e-01 9.985418e+00 -4.711180e-01
      vertex   6.204018e-01 9.985418e+00 -4.053287e-01
      vertex   8.192774e-01 9.941884e+00 -5.352606e-01
    endloop
  endfacet
  facet normal 2.400498e-01 9.545923e-01 -1.764360e-01
    outer loop
      vertex   9.334092e-01 9.870032e+00 -7.687234e-01
      vertex   7.554218e-01 9.941884e+00 -6.221392e-01
      vertex   1.012310e+00 9.870032e+00 -6.613751e-01
    endloop
  endfacet
  facet normal 2.400498e-01 9.545923e-01 -1.764360e-01
    outer loop
      vertex   1.012310e+00 9.870032e+00 -6.613751e-01
      vertex   7.554218e-01 9.941884e+00 -6.221392e-01
      vertex   8.192774e-01 9.941884e+00 -5.352606e-01
    endloop
  endfacet
  facet normal 1.454569e-01 9.835713e-01 -1.069105e-01
    outer loop
      vertex   7.554218e-01 9.941884e+00 -6.221392e-01
      vertex   5.720469e-01 9.985418e+00 -4.711180e-01
      vertex   8.192774e-01 9.941884e+00 -5.352606e-01
    endloop
  endfacet
  facet normal 6.460262e-01 1.799902e-01 -7.417908e-01
    outer loop
      vertex   1.526575e+00 8.241073e+00 -1.961344e+00
      vertex   1.499836e+00 8.478631e+00 -1.926989e+00
      vertex   1.733074e+00 8.241073e+00 -1.781504e+00
    endloop
  endfacet
  facet normal 6.460262e-01 1.799902e-01 -7.417908e-01
    outer loop
      vertex   1.733074e+00 8.241073e+00 -1.781504e+00
      vertex   1.499836e+00 8.478631e+00 -1.926989e+00
      vertex   1.702718e+00 8.478631e+00 -1.750300e+00
    endloop
  endfacet
  facet normal 6.270991e-01 2.970912e-01 -7.200580e-01
    outer loop
      vertex   1.499836e+00 8.478631e+00 -1.926989e+00
      vertex   1.455704e+00 8.709210e+00 -1.870289e+00
      vertex   1.702718e+00 8.478631e+00 -1.750300e+00
    endloop
  endfacet
  facet normal 6.270991e-01 2.970912e-01 -7.200580e-01
    outer loop
      vertex   1.702718e+00 8.478631e+00 -1.750300e+00
      vertex   1.455704e+00 8.709210e+00 -1.870289e+00
      vertex   1.652616e+00 8.709210e+00 -1.698798e+00
    endloop
  endfacet
  facet normal 5.990452e-01 4.098944e-01 -6.878455e-01
    outer loop
      vertex   1.455704e+00 8.709210e+00 -1.870289e+00
      vertex   1.394823e+00 8.929446e+00 -1.792069e+00
      vertex   1.652616e+00 8.709210e+00 -1.698798e+00
    endloop
  endfacet
  facet normal 5.990452e-01 4.098944e-01 -6.878455e-01
    outer loop
      vertex   1.652616e+00 8.709210e+00 -1.698798e+00
      vertex   1.394823e+00 8.929446e+00 -1.792069e+00
      vertex   1.583500e+00 8.929446e+00 -1.627750e+00
    endloop
  endfacet
  facet normal 5.622645e-01 5.167621e-01 -6.456125e-01
    outer loop
      vertex   1.394823e+00 8.929446e+00 -1.792069e+00
      vertex   1.318081e+00 9.136129e+00 -1.693470e+00
      vertex   1.583500e+00 8.929446e+00 -1.627750e+00
    endloop
  endfacet
  facet normal 5.622645e-01 5.167621e-01 -6.456125e-01
    outer loop
      vertex   1.583500e+00 8.929446e+00 -1.627750e+00
      vertex   1.318081e+00 9.136129e+00 -1.693470e+00
      vertex   1.496376e+00 9.136129e+00 -1.538192e+00
    endloop
  endfacet
  facet normal 5.172830e-01 6.161381e-01 -5.939631e-01
    outer loop
      vertex   1.318081e+00 9.136129e+00 -1.693470e+00
      vertex   1.226596e+00 9.326245e+00 -1.575931e+00
      vertex   1.496376e+00 9.136129e+00 -1.538192e+00
    endloop
  endfacet
  facet normal 5.172830e-01 6.161381e-01 -5.939631e-01
    outer loop
      vertex   1.496376e+00 9.136129e+00 -1.538192e+00
      vertex   1.226596e+00 9.326245e+00 -1.575931e+00
      vertex   1.392517e+00 9.326245e+00 -1.431430e+00
    endloop
  endfacet
  facet normal 4.647465e-01 7.065693e-01 -5.336389e-01
    outer loop
      vertex   1.226596e+00 9.326245e+00 -1.575931e+00
      vertex   1.121703e+00 9.497021e+00 -1.441164e+00
      vertex   1.392517e+00 9.326245e+00 -1.431430e+00
    endloop
  endfacet
  facet normal 4.647465e-01 7.065693e-01 -5.336389e-01
    outer loop
      vertex   1.392517e+00 9.326245e+00 -1.431430e+00
      vertex   1.121703e+00 9.497021e+00 -1.441164e+00
      vertex   1.273435e+00 9.497021e+00 -1.309021e+00
    endloop
  endfacet
  facet normal 4.054127e-01 7.867282e-01 -4.655097e-01
    outer loop
      vertex   1.121703e+00 9.497021e+00 -1.441164e+00
      vertex   1.004932e+00 9.645968e+00 -1.291136e+00
      vertex   1.273435e+00 9.497021e+00 -1.309021e+00
    endloop
  endfacet
  facet normal 4.054127e-01 7.867282e-01 -4.655097e-01
    outer loop
      vertex   1.273435e+00 9.497021e+00 -1.309021e+00
      vertex   1.004932e+00 9.645968e+00 -1.291136e+00
      vertex   1.140868e+00 9.645968e+00 -1.172749e+00
    endloop
  endfacet
  facet normal 3.401408e-01 8.554329e-01 -3.905621e-01
    outer loop
      vertex   1.004932e+00 9.645968e+00 -1.291136e+00
      vertex   8.779841e-01 9.770912e+00 -1.128034e+00
      vertex   1.140868e+00 9.645968e+00 -1.172749e+00
    endloop
  endfacet
  facet normal 3.401408e-01 8.554329e-01 -3.905621e-01
    outer loop
      vertex   1.140868e+00 9.645968e+00 -1.172749e+00
      vertex   8.779841e-01 9.770912e+00 -1.128034e+00
      vertex   9.967484e-01 9.770912e+00 -1.024602e+00
    endloop
  endfacet
  facet normal 2.698802e-01 9.116662e-01 -3.098863e-01
    outer loop
      vertex   8.779841e-01 9.770912e+00 -1.128034e+00
      vertex   7.427120e-01 9.870032e+00 -9.542364e-01
      vertex   9.967484e-01 9.770912e+00 -1.024602e+00
    endloop
  endfacet
  facet normal 2.698802e-01 9.116662e-01 -3.098863e-01
    outer loop
      vertex   9.967484e-01 9.770912e+00 -1.024602e+00
      vertex   7.427120e-01 9.870032e+00 -9.542364e-01
      vertex   8.431781e-01 9.870032e+00 -8.667404e-01
    endloop
  endfacet
  facet normal 1.185570e-01 9.835713e-01 -1.361315e-01
    outer loop
      vertex   4.551767e-01 9.985418e+00 -5.848110e-01
      vertex   5.167481e-01 9.985418e+00 -5.311885e-01
      vertex   6.823965e-01 9.941884e+00 -7.014658e-01
    endloop
  endfacet
  facet normal 1.956565e-01 9.545923e-01 -2.246599e-01
    outer loop
      vertex   7.427120e-01 9.870032e+00 -9.542364e-01
      vertex   6.010878e-01 9.941884e+00 -7.722777e-01
      vertex   8.431781e-01 9.870032e+00 -8.667404e-01
    endloop
  endfacet
  facet normal 1.956565e-01 9.545923e-01 -2.246599e-01
    outer loop
      vertex   8.431781e-01 9.870032e+00 -8.667404e-01
      vertex   6.010878e-01 9.941884e+00 -7.722777e-01
      vertex   6.823965e-01 9.941884e+00 -7.014658e-01
    endloop
  endfacet
  facet normal 1.185570e-01 9.835713e-01 -1.361315e-01
    outer loop
      vertex   6.010878e-01 9.941884e+00 -7.722777e-01
      vertex   4.551767e-01 9.985418e+00 -5.848110e-01
      vertex   6.823965e-01 9.941884e+00 -7.014658e-01
    endloop
  endfacet
  facet normal 3.701636e-01 1.799902e-01 -9.113629e-01
    outer loop
      vertex   8.070138e-01 8.241073e+00 -2.350751e+00
      vertex   7.928783e-01 8.478631e+00 -2.309576e+00
      vertex   1.060718e+00 8.241073e+00 -2.247705e+00
    endloop
  endfacet
  facet normal 3.701636e-01 1.799902e-01 -9.113629e-01
    outer loop
      vertex   1.060718e+00 8.241073e+00 -2.247705e+00
      vertex   7.928783e-01 8.478631e+00 -2.309576e+00
      vertex   1.042138e+00 8.478631e+00 -2.208335e+00
    endloop
  endfacet
  facet normal 3.593187e-01 2.970912e-01 -8.846620e-01
    outer loop
      vertex   7.928783e-01 8.478631e+00 -2.309576e+00
      vertex   7.695483e-01 8.709210e+00 -2.241618e+00
      vertex   1.042138e+00 8.478631e+00 -2.208335e+00
    endloop
  endfacet
  facet normal 3.593187e-01 2.970912e-01 -8.846620e-01
    outer loop
      vertex   1.042138e+00 8.478631e+00 -2.208335e+00
      vertex   7.695483e-01 8.709210e+00 -2.241618e+00
      vertex   1.011474e+00 8.709210e+00 -2.143356e+00
    endloop
  endfacet
  facet normal 3.432442e-01 4.098944e-01 -8.450858e-01
    outer loop
      vertex   7.695483e-01 8.709210e+00 -2.241618e+00
      vertex   7.373639e-01 8.929446e+00 -2.147868e+00
      vertex   1.011474e+00 8.709210e+00 -2.143356e+00
    endloop
  endfacet
  facet normal 3.432442e-01 4.098944e-01 -8.450858e-01
    outer loop
      vertex   1.011474e+00 8.709210e+00 -2.143356e+00
      vertex   7.373639e-01 8.929446e+00 -2.147868e+00
      vertex   9.691718e-01 8.929446e+00 -2.053716e+00
    endloop
  endfacet
  facet normal 3.221694e-01 5.167621e-01 -7.931985e-01
    outer loop
      vertex   7.373639e-01 8.929446e+00 -2.147868e+00
      vertex   6.967946e-01 9.136129e+00 -2.029693e+00
      vertex   9.691718e-01 8.929446e+00 -2.053716e+00
    endloop
  endfacet
  facet normal 3.221694e-01 5.167621e-01 -7.931985e-01
    outer loop
      vertex   9.691718e-01 8.929446e+00 -2.053716e+00
      vertex   6.967946e-01 9.136129e+00 -2.029693e+00
      vertex   9.158485e-01 9.136129e+00 -1.940721e+00
    endloop
  endfacet
  facet normal 2.963956e-01 6.161381e-01 -7.297421e-01
    outer loop
      vertex   6.967946e-01 9.136129e+00 -2.029693e+00
      vertex   6.484318e-01 9.326245e+00 -1.888817e+00
      vertex   9.158485e-01 9.136129e+00 -1.940721e+00
    endloop
  endfacet
  facet normal 2.963956e-01 6.161381e-01 -7.297421e-01
    outer loop
      vertex   9.158485e-01 9.136129e+00 -1.940721e+00
      vertex   6.484318e-01 9.326245e+00 -1.888817e+00
      vertex   8.522817e-01 9.326245e+00 -1.806021e+00
    endloop
  endfacet
  facet normal 2.662930e-01 7.065693e-01 -6.556278e-01
    outer loop
      vertex   6.484318e-01 9.326245e+00 -1.888817e+00
      vertex   5.929809e-01 9.497021e+00 -1.727294e+00
      vertex   8.522817e-01 9.326245e+00 -1.806021e+00
    endloop
  endfacet
  facet normal 2.662930e-01 7.065693e-01 -6.556278e-01
    outer loop
      vertex   8.522817e-01 9.326245e+00 -1.806021e+00
      vertex   5.929809e-01 9.497021e+00 -1.727294e+00
      vertex   7.793985e-01 9.497021e+00 -1.651578e+00
    endloop
  endfacet
  facet normal 2.322956e-01 7.867282e-01 -5.719244e-01
    outer loop
      vertex   5.929809e-01 9.497021e+00 -1.727294e+00
      vertex   5.312504e-01 9.645968e+00 -1.547480e+00
      vertex   7.793985e-01 9.497021e+00 -1.651578e+00
    endloop
  endfacet
  facet normal 2.322956e-01 7.867282e-01 -5.719244e-01
    outer loop
      vertex   7.793985e-01 9.497021e+00 -1.651578e+00
      vertex   5.312504e-01 9.645968e+00 -1.547480e+00
      vertex   6.982615e-01 9.645968e+00 -1.479645e+00
    endloop
  endfacet
  facet normal 1.948958e-01 8.554329e-01 -4.798439e-01
    outer loop
      vertex   5.312504e-01 9.645968e+00 -1.547480e+00
      vertex   4.641405e-01 9.770912e+00 -1.351995e+00
      vertex   6.982615e-01 9.645968e+00 -1.479645e+00
    endloop
  endfacet
  facet normal 1.948958e-01 8.554329e-01 -4.798439e-01
    outer loop
      vertex   6.982615e-01 9.645968e+00 -1.479645e+00
      vertex   4.641405e-01 9.770912e+00 -1.351995e+00
      vertex   6.100540e-01 9.770912e+00 -1.292730e+00
    endloop
  endfacet
  facet normal 1.546374e-01 9.116662e-01 -3.807257e-01
    outer loop
      vertex   4.641405e-01 9.770912e+00 -1.351995e+00
      vertex   3.926298e-01 9.870032e+00 -1.143691e+00
      vertex   6.100540e-01 9.770912e+00 -1.292730e+00
    endloop
  endfacet
  facet normal 1.546374e-01 9.116662e-01 -3.807257e-01
    outer loop
      vertex   6.100540e-01 9.770912e+00 -1.292730e+00
      vertex   3.926298e-01 9.870032e+00 -1.143691e+00
      vertex   5.160623e-01 9.870032e+00 -1.093558e+00
    endloop
  endfacet
  facet normal 6.793146e-02 9.835713e-01 -1.672509e-01
    outer loop
      vertex   2.406261e-01 9.985418e+00 -7.009200e-01
      vertex   3.162727e-01 9.985418e+00 -6.701950e-01
      vertex   4.176568e-01 9.941884e+00 -8.850323e-01
    endloop
  endfacet
  facet normal 1.121083e-01 9.545923e-01 -2.760168e-01
    outer loop
      vertex   3.926298e-01 9.870032e+00 -1.143691e+00
      vertex   3.177611e-01 9.941884e+00 -9.256064e-01
      vertex   5.160623e-01 9.870032e+00 -1.093558e+00
    endloop
  endfacet
  facet normal 1.121083e-01 9.545923e-01 -2.760168e-01
    outer loop
      vertex   5.160623e-01 9.870032e+00 -1.093558e+00
      vertex   3.177611e-01 9.941884e+00 -9.256064e-01
      vertex   4.176568e-01 9.941884e+00 -8.850323e-01
    endloop
  endfacet
  facet normal 6.793146e-02 9.835713e-01 -1.672509e-01
    outer loop
      vertex   3.177611e-01 9.941884e+00 -9.256064e-01
      vertex   2.406261e-01 9.985418e+00 -7.009200e-01
      vertex   4.176568e-01 9.941884e+00 -8.850323e-01
    endloop
  endfacet
  facet normal 1.619065e-01 1.799902e-01 -9.702524e-01
    outer loop
      vertex   2.734164e-01 8.241073e+00 -2.470333e+00
      vertex   2.686273e-01 8.478631e+00 -2.427063e+00
      vertex   5.435139e-01 8.241073e+00 -2.425262e+00
    endloop
  endfacet
  facet normal 1.619065e-01 1.799902e-01 -9.702524e-01
    outer loop
      vertex   5.435139e-01 8.241073e+00 -2.425262e+00
      vertex   2.686273e-01 8.478631e+00 -2.427063e+00
      vertex   5.339938e-01 8.478631e+00 -2.382781e+00
    endloop
  endfacet
  facet normal 1.571630e-01 2.970912e-01 -9.418262e-01
    outer loop
      vertex   2.686273e-01 8.478631e+00 -2.427063e+00
      vertex   2.607231e-01 8.709210e+00 -2.355648e+00
      vertex   5.339938e-01 8.478631e+00 -2.382781e+00
    endloop
  endfacet
  facet normal 1.571630e-01 2.970912e-01 -9.418262e-01
    outer loop
      vertex   5.339938e-01 8.478631e+00 -2.382781e+00
      vertex   2.607231e-01 8.709210e+00 -2.355648e+00
      vertex   5.182813e-01 8.709210e+00 -2.312669e+00
    endloop
  endfacet
  facet normal 1.501322e-01 4.098944e-01 -8.996927e-01
    outer loop
      vertex   2.607231e-01 8.709210e+00 -2.355648e+00
      vertex   2.498190e-01 8.929446e+00 -2.257129e+00
      vertex   5.182813e-01 8.709210e+00 -2.312669e+00
    endloop
  endfacet
  facet normal 1.501322e-01 4.098944e-01 -8.996927e-01
    outer loop
      vertex   5.182813e-01 8.709210e+00 -2.312669e+00
      vertex   2.498190e-01 8.929446e+00 -2.257129e+00
      vertex   4.966055e-01 8.929446e+00 -2.215948e+00
    endloop
  endfacet
  facet normal 1.409142e-01 5.167621e-01 -8.444525e-01
    outer loop
      vertex   2.498190e-01 8.929446e+00 -2.257129e+00
      vertex   2.360741e-01 9.136129e+00 -2.132943e+00
      vertex   4.966055e-01 8.929446e+00 -2.215948e+00
    endloop
  endfacet
  facet normal 1.409142e-01 5.167621e-01 -8.444525e-01
    outer loop
      vertex   4.966055e-01 8.929446e+00 -2.215948e+00
      vertex   2.360741e-01 9.136129e+00 -2.132943e+00
      vertex   4.692826e-01 9.136129e+00 -2.094028e+00
    endloop
  endfacet
  facet normal 1.296410e-01 6.161381e-01 -7.768958e-01
    outer loop
      vertex   2.360741e-01 9.136129e+00 -2.132943e+00
      vertex   2.196888e-01 9.326245e+00 -1.984901e+00
      vertex   4.692826e-01 9.136129e+00 -2.094028e+00
    endloop
  endfacet
  facet normal 1.296410e-01 6.161381e-01 -7.768958e-01
    outer loop
      vertex   4.692826e-01 9.136129e+00 -2.094028e+00
      vertex   2.196888e-01 9.326245e+00 -1.984901e+00
      vertex   4.367108e-01 9.326245e+00 -1.948686e+00
    endloop
  endfacet
  facet normal 1.164743e-01 7.065693e-01 -6.979925e-01
    outer loop
      vertex   2.196888e-01 9.326245e+00 -1.984901e+00
      vertex   2.009020e-01 9.497021e+00 -1.815161e+00
      vertex   4.367108e-01 9.326245e+00 -1.948686e+00
    endloop
  endfacet
  facet normal 1.164743e-01 7.065693e-01 -6.979925e-01
    outer loop
      vertex   4.367108e-01 9.326245e+00 -1.948686e+00
      vertex   2.009020e-01 9.497021e+00 -1.815161e+00
      vertex   3.993653e-01 9.497021e+00 -1.782044e+00
    endloop
  endfacet
  facet normal 1.016042e-01 7.867282e-01 -6.088804e-01
    outer loop
      vertex   2.009020e-01 9.497021e+00 -1.815161e+00
      vertex   1.799877e-01 9.645968e+00 -1.626199e+00
      vertex   3.993653e-01 9.497021e+00 -1.782044e+00
    endloop
  endfacet
  facet normal 1.016042e-01 7.867282e-01 -6.088804e-01
    outer loop
      vertex   3.993653e-01 9.497021e+00 -1.782044e+00
      vertex   1.799877e-01 9.645968e+00 -1.626199e+00
      vertex   3.577906e-01 9.645968e+00 -1.596529e+00
    endloop
  endfacet
  facet normal 8.524579e-02 8.554329e-01 -5.108500e-01
    outer loop
      vertex   1.799877e-01 9.645968e+00 -1.626199e+00
      vertex   1.572509e-01 9.770912e+00 -1.420771e+00
      vertex   3.577906e-01 9.645968e+00 -1.596529e+00
    endloop
  endfacet
  facet normal 8.524579e-02 8.554329e-01 -5.108500e-01
    outer loop
      vertex   3.577906e-01 9.645968e+00 -1.596529e+00
      vertex   1.572509e-01 9.770912e+00 -1.420771e+00
      vertex   3.125929e-01 9.770912e+00 -1.394849e+00
    endloop
  endfacet
  facet normal 6.763712e-02 9.116662e-01 -4.053271e-01
    outer loop
      vertex   1.572509e-01 9.770912e+00 -1.420771e+00
      vertex   1.330230e-01 9.870032e+00 -1.201871e+00
      vertex   3.125929e-01 9.770912e+00 -1.394849e+00
    endloop
  endfacet
  facet normal 6.763712e-02 9.116662e-01 -4.053271e-01
    outer loop
      vertex   3.125929e-01 9.770912e+00 -1.394849e+00
      vertex   1.330230e-01 9.870032e+00 -1.201871e+00
      vertex   2.644313e-01 9.870032e+00 -1.179943e+00
    endloop
  endfacet
  facet normal 2.971266e-02 9.835713e-01 -1.780582e-01
    outer loop
      vertex   8.152417e-02 9.985418e+00 -7.365756e-01
      vertex   1.620587e-01 9.985418e+00 -7.231367e-01
      vertex   2.140082e-01 9.941884e+00 -9.549449e-01
    endloop
  endfacet
  facet normal 4.903526e-02 9.545923e-01 -2.938522e-01
    outer loop
      vertex   1.330230e-01 9.870032e+00 -1.201871e+00
      vertex   1.076575e-01 9.941884e+00 -9.726917e-01
      vertex   2.644313e-01 9.870032e+00 -1.179943e+00
    endloop
  endfacet
  facet normal 4.903526e-02 9.545923e-01 -2.938522e-01
    outer loop
      vertex   2.644313e-01 9.870032e+00 -1.179943e+00
      vertex   1.076575e-01 9.941884e+00 -9.726917e-01
      vertex   2.140082e-01 9.941884e+00 -9.549449e-01
    endloop
  endfacet
  facet normal 2.971266e-02 9.835713e-01 -1.780582e-01
    outer loop
      vertex   1.076575e-01 9.941884e+00 -9.726917e-01
      vertex   8.152417e-02 9.985418e+00 -7.365756e-01
      vertex   2.140082e-01 9.941884e+00 -9.549449e-01
    endloop
  endfacet
  facet normal -2.676596e-01 1.799902e-01 -9.465526e-01
    outer loop
      vertex   -8.070138e-01 8.241073e+00 -2.350751e+00
      vertex   -7.928783e-01 8.478631e+00 -2.309576e+00
      vertex   -5.435139e-01 8.241073e+00 -2.425262e+00
    endloop
  endfacet
  facet normal -2.676596e-01 1.799902e-01 -9.465526e-01
    outer loop
      vertex   -5.435139e-01 8.241073e+00 -2.425262e+00
      vertex   -7.928783e-01 8.478631e+00 -2.309576e+00
      vertex   -5.339938e-01 8.478631e+00 -2.382781e+00
    endloop
  endfacet
  facet normal -2.598178e-01 2.970912e-01 -9.188207e-01
    outer loop
      vertex   -7.928783e-01 8.478631e+00 -2.309576e+00
      vertex   -7.695483e-01 8.709210e+00 -2.241618e+00
      vertex   -5.339938e-01 8.478631e+00 -2.382781e+00
    endloop
  endfacet
  facet normal -2.598178e-01 2.970912e-01 -9.188207e-01
    outer loop
      vertex   -5.339938e-01 8.478631e+00 -2.382781e+00
      vertex   -7.695483e-01 8.709210e+00 -2.241618e+00
      vertex   -5.182813e-01 8.709210e+00 -2.312669e+00
    endloop
  endfacet
  facet normal -2.481945e-01 4.098944e-01 -8.777164e-01
    outer loop
      vertex   -7.695483e-01 8.709210e+00 -2.241618e+00
      vertex   -7.373639e-01 8.929446e+00 -2.147868e+00
      vertex   -5.182813e-01 8.709210e+00 -2.312669e+00
    endloop
  endfacet
  facet normal -2.481945e-01 4.098944e-01 -8.777164e-01
    outer loop
      vertex   -5.182813e-01 8.709210e+00 -2.312669e+00
      vertex   -7.373639e-01 8.929446e+00 -2.147868e+00
      vertex   -4.966055e-01 8.929446e+00 -2.215948e+00
    endloop
  endfacet
  facet normal -2.329557e-01 5.167621e-01 -8.238256e-01
    outer loop
      vertex   -7.373639e-01 8.929446e+00 -2.147868e+00
      vertex   -6.967946e-01 9.136129e+00 -2.029693e+00
      vertex   -4.966055e-01 8.929446e+00 -2.215948e+00
    endloop
  endfacet
  facet normal -2.329557e-01 5.167621e-01 -8.238256e-01
    outer loop
      vertex   -4.966055e-01 8.929446e+00 -2.215948e+00
      vertex   -6.967946e-01 9.136129e+00 -2.029693e+00
      vertex   -4.692826e-01 9.136129e+00 -2.094028e+00
    endloop
  endfacet
  facet normal -2.143191e-01 6.161381e-01 -7.579190e-01
    outer loop
      vertex   -6.967946e-01 9.136129e+00 -2.029693e+00
      vertex   -6.484318e-01 9.326245e+00 -1.888817e+00
      vertex   -4.692826e-01 9.136129e+00 -2.094028e+00
    endloop
  endfacet
  facet normal -2.143191e-01 6.161381e-01 -7.579190e-01
    outer loop
      vertex   -4.692826e-01 9.136129e+00 -2.094028e+00
      vertex   -6.484318e-01 9.326245e+00 -1.888817e+00
      vertex   -4.367108e-01 9.326245e+00 -1.948686e+00
    endloop
  endfacet
  facet normal -1.925523e-01 7.065693e-01 -6.809430e-01
    outer loop
      vertex   -6.484318e-01 9.326245e+00 -1.888817e+00
      vertex   -5.929809e-01 9.497021e+00 -1.727294e+00
      vertex   -4.367108e-01 9.326245e+00 -1.948686e+00
    endloop
  endfacet
  facet normal -1.925523e-01 7.065693e-01 -6.809430e-01
    outer loop
      vertex   -4.367108e-01 9.326245e+00 -1.948686e+00
      vertex   -5.929809e-01 9.497021e+00 -1.727294e+00
      vertex   -3.993653e-01 9.497021e+00 -1.782044e+00
    endloop
  endfacet
  facet normal -1.679693e-01 7.867282e-01 -5.940076e-01
    outer loop
      vertex   -5.929809e-01 9.497021e+00 -1.727294e+00
      vertex   -5.312504e-01 9.645968e+00 -1.547480e+00
      vertex   -3.993653e-01 9.497021e+00 -1.782044e+00
    endloop
  endfacet
  facet normal -1.679693e-01 7.867282e-01 -5.940076e-01
    outer loop
      vertex   -3.993653e-01 9.497021e+00 -1.782044e+00
      vertex   -5.312504e-01 9.645968e+00 -1.547480e+00
      vertex   -3.577906e-01 9.645968e+00 -1.596529e+00
    endloop
  endfacet
  facet normal -1.409261e-01 8.554329e-01 -4.983717e-01
    outer loop
      vertex   -5.312504e-01 9.645968e+00 -1.547480e+00
      vertex   -4.641405e-01 9.770912e+00 -1.351995e+00
      vertex   -3.577906e-01 9.645968e+00 -1.596529e+00
    endloop
  endfacet
  facet normal -1.409261e-01 8.554329e-01 -4.983717e-01
    outer loop
      vertex   -3.577906e-01 9.645968e+00 -1.596529e+00
      vertex   -4.641405e-01 9.770912e+00 -1.351995e+00
      vertex   -3.125929e-01 9.770912e+00 -1.394849e+00
    endloop
  endfacet
  facet normal -1.118159e-01 9.116662e-01 -3.954264e-01
    outer loop
      vertex   -4.641405e-01 9.770912e+00 -1.351995e+00
      vertex   -3.926298e-01 9.870032e+00 -1.143691e+00
      vertex   -3.125929e-01 9.770912e+00 -1.394849e+00
    endloop
  endfacet
  facet normal -1.118159e-01 9.116662e-01 -3.954264e-01
    outer loop
      vertex   -3.125929e-01 9.770912e+00 -1.394849e+00
      vertex   -3.926298e-01 9.870032e+00 -1.143691e+00
      vertex   -2.644313e-01 9.870032e+00 -1.179943e+00
    endloop
  endfacet
  facet normal -4.912018e-02 9.835713e-01 -1.737089e-01
    outer loop
      vertex   -2.406261e-01 9.985418e+00 -7.009200e-01
      vertex   -1.620587e-01 9.985418e+00 -7.231367e-01
      vertex   -2.140082e-01 9.941884e+00 -9.549449e-01
    endloop
  endfacet
  facet normal -8.106380e-02 9.545923e-01 -2.866744e-01
    outer loop
      vertex   -3.926298e-01 9.870032e+00 -1.143691e+00
      vertex   -3.177611e-01 9.941884e+00 -9.256064e-01
      vertex   -2.644313e-01 9.870032e+00 -1.179943e+00
    endloop
  endfacet
  facet normal -8.106380e-02 9.545923e-01 -2.866744e-01
    outer loop
      vertex   -2.644313e-01 9.870032e+00 -1.179943e+00
      vertex   -3.177611e-01 9.941884e+00 -9.256064e-01
      vertex   -2.140082e-01 9.941884e+00 -9.549449e-01
    endloop
  endfacet
  facet normal -4.912018e-02 9.835713e-01 -1.737089e-01
    outer loop
      vertex   -3.177611e-01 9.941884e+00 -9.256064e-01
      vertex   -2.406261e-01 9.985418e+00 -7.009200e-01
      vertex   -2.140082e-01 9.941884e+00 -9.549449e-01
    endloop
  endfacet
  facet normal -4.681744e-01 1.799902e-01 -8.651105e-01
    outer loop
      vertex   -1.301546e+00 8.241073e+00 -2.117376e+00
      vertex   -1.278748e+00 8.478631e+00 -2.080288e+00
      vertex   -1.060718e+00 8.241073e+00 -2.247705e+00
    endloop
  endfacet
  facet normal -4.681744e-01 1.799902e-01 -8.651105e-01
    outer loop
      vertex   -1.060718e+00 8.241073e+00 -2.247705e+00
      vertex   -1.278748e+00 8.478631e+00 -2.080288e+00
      vertex   -1.042138e+00 8.478631e+00 -2.208335e+00
    endloop
  endfacet
  facet normal -4.544579e-01 2.970912e-01 -8.397647e-01
    outer loop
      vertex   -1.278748e+00 8.478631e+00 -2.080288e+00
      vertex   -1.241122e+00 8.709210e+00 -2.019077e+00
      vertex   -1.042138e+00 8.478631e+00 -2.208335e+00
    endloop
  endfacet
  facet normal -4.544579e-01 2.970912e-01 -8.397647e-01
    outer loop
      vertex   -1.042138e+00 8.478631e+00 -2.208335e+00
      vertex   -1.241122e+00 8.709210e+00 -2.019077e+00
      vertex   -1.011474e+00 8.709210e+00 -2.143356e+00
    endloop
  endfacet
  facet normal -4.341273e-01 4.098944e-01 -8.021970e-01
    outer loop
      vertex   -1.241122e+00 8.709210e+00 -2.019077e+00
      vertex   -1.189215e+00 8.929446e+00 -1.934634e+00
      vertex   -1.011474e+00 8.709210e+00 -2.143356e+00
    endloop
  endfacet
  facet normal -4.341273e-01 4.098944e-01 -8.021970e-01
    outer loop
      vertex   -1.011474e+00 8.709210e+00 -2.143356e+00
      vertex   -1.189215e+00 8.929446e+00 -1.934634e+00
      vertex   -9.691718e-01 8.929446e+00 -2.053716e+00
    endloop
  endfacet
  facet normal -4.074724e-01 5.167621e-01 -7.529430e-01
    outer loop
      vertex   -1.189215e+00 8.929446e+00 -1.934634e+00
      vertex   -1.123785e+00 9.136129e+00 -1.828192e+00
      vertex   -9.691718e-01 8.929446e+00 -2.053716e+00
    endloop
  endfacet
  facet normal -4.074724e-01 5.167621e-01 -7.529430e-01
    outer loop
      vertex   -9.691718e-01 8.929446e+00 -2.053716e+00
      vertex   -1.123785e+00 9.136129e+00 -1.828192e+00
      vertex   -9.158485e-01 9.136129e+00 -1.940721e+00
    endloop
  endfacet
  facet normal -3.748743e-01 6.161381e-01 -6.927071e-01
    outer loop
      vertex   -1.123785e+00 9.136129e+00 -1.828192e+00
      vertex   -1.045786e+00 9.326245e+00 -1.701301e+00
      vertex   -9.158485e-01 9.136129e+00 -1.940721e+00
    endloop
  endfacet
  facet normal -3.748743e-01 6.161381e-01 -6.927071e-01
    outer loop
      vertex   -9.158485e-01 9.136129e+00 -1.940721e+00
      vertex   -1.045786e+00 9.326245e+00 -1.701301e+00
      vertex   -8.522817e-01 9.326245e+00 -1.806021e+00
    endloop
  endfacet
  facet normal -3.368012e-01 7.065693e-01 -6.223542e-01
    outer loop
      vertex   -1.045786e+00 9.326245e+00 -1.701301e+00
      vertex   -9.563552e-01 9.497021e+00 -1.555814e+00
      vertex   -8.522817e-01 9.326245e+00 -1.806021e+00
    endloop
  endfacet
  facet normal -3.368012e-01 7.065693e-01 -6.223542e-01
    outer loop
      vertex   -8.522817e-01 9.326245e+00 -1.806021e+00
      vertex   -9.563552e-01 9.497021e+00 -1.555814e+00
      vertex   -7.793985e-01 9.497021e+00 -1.651578e+00
    endloop
  endfacet
  facet normal -2.938021e-01 7.867282e-01 -5.428987e-01
    outer loop
      vertex   -9.563552e-01 9.497021e+00 -1.555814e+00
      vertex   -8.567967e-01 9.645968e+00 -1.393851e+00
      vertex   -7.793985e-01 9.497021e+00 -1.651578e+00
    endloop
  endfacet
  facet normal -2.938021e-01 7.867282e-01 -5.428987e-01
    outer loop
      vertex   -7.793985e-01 9.497021e+00 -1.651578e+00
      vertex   -8.567967e-01 9.645968e+00 -1.393851e+00
      vertex   -6.982615e-01 9.645968e+00 -1.479645e+00
    endloop
  endfacet
  facet normal -2.464997e-01 8.554329e-01 -4.554915e-01
    outer loop
      vertex   -8.567967e-01 9.645968e+00 -1.393851e+00
      vertex   -7.485624e-01 9.770912e+00 -1.217773e+00
      vertex   -6.982615e-01 9.645968e+00 -1.479645e+00
    endloop
  endfacet
  facet normal -2.464997e-01 8.554329e-01 -4.554915e-01
    outer loop
      vertex   -6.982615e-01 9.645968e+00 -1.479645e+00
      vertex   -7.485624e-01 9.770912e+00 -1.217773e+00
      vertex   -6.100540e-01 9.770912e+00 -1.292730e+00
    endloop
  endfacet
  facet normal -1.955818e-01 9.116662e-01 -3.614036e-01
    outer loop
      vertex   -7.485624e-01 9.770912e+00 -1.217773e+00
      vertex   -6.332304e-01 9.870032e+00 -1.030149e+00
      vertex   -6.100540e-01 9.770912e+00 -1.292730e+00
    endloop
  endfacet
  facet normal -1.955818e-01 9.116662e-01 -3.614036e-01
    outer loop
      vertex   -6.100540e-01 9.770912e+00 -1.292730e+00
      vertex   -6.332304e-01 9.870032e+00 -1.030149e+00
      vertex   -5.160623e-01 9.870032e+00 -1.093558e+00
    endloop
  endfacet
  facet normal -8.591814e-02 9.835713e-01 -1.587628e-01
    outer loop
      vertex   -3.880801e-01 9.985418e+00 -6.313348e-01
      vertex   -3.162727e-01 9.985418e+00 -6.701950e-01
      vertex   -4.176568e-01 9.941884e+00 -8.850323e-01
    endloop
  endfacet
  facet normal -1.417920e-01 9.545923e-01 -2.620087e-01
    outer loop
      vertex   -6.332304e-01 9.870032e+00 -1.030149e+00
      vertex   -5.124827e-01 9.941884e+00 -8.337151e-01
      vertex   -5.160623e-01 9.870032e+00 -1.093558e+00
    endloop
  endfacet
  facet normal -1.417920e-01 9.545923e-01 -2.620087e-01
    outer loop
      vertex   -5.160623e-01 9.870032e+00 -1.093558e+00
      vertex   -5.124827e-01 9.941884e+00 -8.337151e-01
      vertex   -4.176568e-01 9.941884e+00 -8.850323e-01
    endloop
  endfacet
  facet normal -8.591814e-02 9.835713e-01 -1.587628e-01
    outer loop
      vertex   -5.124827e-01 9.941884e+00 -8.337151e-01
      vertex   -3.880801e-01 9.985418e+00 -6.313348e-01
      vertex   -4.176568e-01 9.941884e+00 -8.850323e-01
    endloop
  endfacet
  facet normal -7.237084e-01 1.799902e-01 -6.662205e-01
    outer loop
      vertex   -1.918535e+00 8.241073e+00 -1.580039e+00
      vertex   -1.884931e+00 8.478631e+00 -1.552363e+00
      vertex   -1.733074e+00 8.241073e+00 -1.781504e+00
    endloop
  endfacet
  facet normal -7.237084e-01 1.799902e-01 -6.662205e-01
    outer loop
      vertex   -1.733074e+00 8.241073e+00 -1.781504e+00
      vertex   -1.884931e+00 8.478631e+00 -1.552363e+00
      vertex   -1.702718e+00 8.478631e+00 -1.750300e+00
    endloop
  endfacet
  facet normal -7.025053e-01 2.970912e-01 -6.467017e-01
    outer loop
      vertex   -1.884931e+00 8.478631e+00 -1.552363e+00
      vertex   -1.829468e+00 8.709210e+00 -1.506686e+00
      vertex   -1.702718e+00 8.478631e+00 -1.750300e+00
    endloop
  endfacet
  facet normal -7.025053e-01 2.970912e-01 -6.467017e-01
    outer loop
      vertex   -1.702718e+00 8.478631e+00 -1.750300e+00
      vertex   -1.829468e+00 8.709210e+00 -1.506686e+00
      vertex   -1.652616e+00 8.709210e+00 -1.698798e+00
    endloop
  endfacet
  facet normal -6.710781e-01 4.098944e-01 -6.177709e-01
    outer loop
      vertex   -1.829468e+00 8.709210e+00 -1.506686e+00
      vertex   -1.752955e+00 8.929446e+00 -1.443673e+00
      vertex   -1.652616e+00 8.709210e+00 -1.698798e+00
    endloop
  endfacet
  facet normal -6.710781e-01 4.098944e-01 -6.177709e-01
    outer loop
      vertex   -1.652616e+00 8.709210e+00 -1.698798e+00
      vertex   -1.752955e+00 8.929446e+00 -1.443673e+00
      vertex   -1.583500e+00 8.929446e+00 -1.627750e+00
    endloop
  endfacet
  facet normal -6.298746e-01 5.167621e-01 -5.798404e-01
    outer loop
      vertex   -1.752955e+00 8.929446e+00 -1.443673e+00
      vertex   -1.656508e+00 9.136129e+00 -1.364243e+00
      vertex   -1.583500e+00 8.929446e+00 -1.627750e+00
    endloop
  endfacet
  facet normal -6.298746e-01 5.167621e-01 -5.798404e-01
    outer loop
      vertex   -1.583500e+00 8.929446e+00 -1.627750e+00
      vertex   -1.656508e+00 9.136129e+00 -1.364243e+00
      vertex   -1.496376e+00 9.136129e+00 -1.538192e+00
    endloop
  endfacet
  facet normal -5.794842e-01 6.161381e-01 -5.334528e-01
    outer loop
      vertex   -1.656508e+00 9.136129e+00 -1.364243e+00
      vertex   -1.541534e+00 9.326245e+00 -1.269554e+00
      vertex   -1.496376e+00 9.136129e+00 -1.538192e+00
    endloop
  endfacet
  facet normal -5.794842e-01 6.161381e-01 -5.334528e-01
    outer loop
      vertex   -1.496376e+00 9.136129e+00 -1.538192e+00
      vertex   -1.541534e+00 9.326245e+00 -1.269554e+00
      vertex   -1.392517e+00 9.326245e+00 -1.431430e+00
    endloop
  endfacet
  facet normal -5.206305e-01 7.065693e-01 -4.792741e-01
    outer loop
      vertex   -1.541534e+00 9.326245e+00 -1.269554e+00
      vertex   -1.409709e+00 9.497021e+00 -1.160988e+00
      vertex   -1.392517e+00 9.326245e+00 -1.431430e+00
    endloop
  endfacet
  facet normal -5.206305e-01 7.065693e-01 -4.792741e-01
    outer loop
      vertex   -1.392517e+00 9.326245e+00 -1.431430e+00
      vertex   -1.409709e+00 9.497021e+00 -1.160988e+00
      vertex   -1.273435e+00 9.497021e+00 -1.309021e+00
    endloop
  endfacet
  facet normal -4.541620e-01 7.867282e-01 -4.180856e-01
    outer loop
      vertex   -1.409709e+00 9.497021e+00 -1.160988e+00
      vertex   -1.262956e+00 9.645968e+00 -1.040126e+00
      vertex   -1.273435e+00 9.497021e+00 -1.309021e+00
    endloop
  endfacet
  facet normal -4.541620e-01 7.867282e-01 -4.180856e-01
    outer loop
      vertex   -1.273435e+00 9.497021e+00 -1.309021e+00
      vertex   -1.262956e+00 9.645968e+00 -1.040126e+00
      vertex   -1.140868e+00 9.645968e+00 -1.172749e+00
    endloop
  endfacet
  facet normal -3.810415e-01 8.554329e-01 -3.507734e-01
    outer loop
      vertex   -1.262956e+00 9.645968e+00 -1.040126e+00
      vertex   -1.103413e+00 9.770912e+00 -9.087330e-01
      vertex   -1.140868e+00 9.645968e+00 -1.172749e+00
    endloop
  endfacet
  facet normal -3.810415e-01 8.554329e-01 -3.507734e-01
    outer loop
      vertex   -1.140868e+00 9.645968e+00 -1.172749e+00
      vertex   -1.103413e+00 9.770912e+00 -9.087330e-01
      vertex   -9.967484e-01 9.770912e+00 -1.024602e+00
    endloop
  endfacet
  facet normal -3.023322e-01 9.116662e-01 -2.783164e-01
    outer loop
      vertex   -1.103413e+00 9.770912e+00 -9.087330e-01
      vertex   -9.334092e-01 9.870032e+00 -7.687234e-01
      vertex   -9.967484e-01 9.770912e+00 -1.024602e+00
    endloop
  endfacet
  facet normal -3.023322e-01 9.116662e-01 -2.783164e-01
    outer loop
      vertex   -9.967484e-01 9.770912e+00 -1.024602e+00
      vertex   -9.334092e-01 9.870032e+00 -7.687234e-01
      vertex   -8.431781e-01 9.870032e+00 -8.667404e-01
    endloop
  endfacet
  facet normal -1.328131e-01 9.835713e-01 -1.222630e-01
    outer loop
      vertex   -5.720469e-01 9.985418e+00 -4.711180e-01
      vertex   -5.167481e-01 9.985418e+00 -5.311885e-01
      vertex   -6.823965e-01 9.941884e+00 -7.014658e-01
    endloop
  endfacet
  facet normal -2.191835e-01 9.545923e-01 -2.017726e-01
    outer loop
      vertex   -9.334092e-01 9.870032e+00 -7.687234e-01
      vertex   -7.554218e-01 9.941884e+00 -6.221392e-01
      vertex   -8.431781e-01 9.870032e+00 -8.667404e-01
    endloop
  endfacet
  facet normal -2.191835e-01 9.545923e-01 -2.017726e-01
    outer loop
      vertex   -8.431781e-01 9.870032e+00 -8.667404e-01
      vertex   -7.554218e-01 9.941884e+00 -6.221392e-01
      vertex   -6.823965e-01 9.941884e+00 -7.014658e-01
    endloop
  endfacet
  facet normal -1.328131e-01 9.835713e-01 -1.222630e-01
    outer loop
      vertex   -7.554218e-01 9.941884e+00 -6.221392e-01
      vertex   -5.720469e-01 9.985418e+00 -4.711180e-01
      vertex   -6.823965e-01 9.941884e+00 -7.014658e-01
    endloop
  endfacet
  facet normal -8.518818e-01 1.799902e-01 -4.918342e-01
    outer loop
      vertex   -2.217625e+00 8.241073e+00 -1.122249e+00
      vertex   -2.178781e+00 8.478631e+00 -1.102592e+00
      vertex   -2.080708e+00 8.241073e+00 -1.359395e+00
    endloop
  endfacet
  facet normal -8.518818e-01 1.799902e-01 -4.918342e-01
    outer loop
      vertex   -2.080708e+00 8.241073e+00 -1.359395e+00
      vertex   -2.178781e+00 8.478631e+00 -1.102592e+00
      vertex   -2.044263e+00 8.478631e+00 -1.335584e+00
    endloop
  endfacet
  facet normal -8.269236e-01 2.970912e-01 -4.774246e-01
    outer loop
      vertex   -2.178781e+00 8.478631e+00 -1.102592e+00
      vertex   -2.114672e+00 8.709210e+00 -1.070149e+00
      vertex   -2.044263e+00 8.478631e+00 -1.335584e+00
    endloop
  endfacet
  facet normal -8.269236e-01 2.970912e-01 -4.774246e-01
    outer loop
      vertex   -2.044263e+00 8.478631e+00 -1.335584e+00
      vertex   -2.114672e+00 8.709210e+00 -1.070149e+00
      vertex   -1.984112e+00 8.709210e+00 -1.296285e+00
    endloop
  endfacet
  facet normal -7.899303e-01 4.098944e-01 -4.560665e-01
    outer loop
      vertex   -2.114672e+00 8.709210e+00 -1.070149e+00
      vertex   -2.026231e+00 8.929446e+00 -1.025393e+00
      vertex   -1.984112e+00 8.709210e+00 -1.296285e+00
    endloop
  endfacet
  facet normal -7.899303e-01 4.098944e-01 -4.560665e-01
    outer loop
      vertex   -1.984112e+00 8.709210e+00 -1.296285e+00
      vertex   -2.026231e+00 8.929446e+00 -1.025393e+00
      vertex   -1.901131e+00 8.929446e+00 -1.242071e+00
    endloop
  endfacet
  facet normal -7.414295e-01 5.167621e-01 -4.280645e-01
    outer loop
      vertex   -2.026231e+00 8.929446e+00 -1.025393e+00
      vertex   -1.914749e+00 9.136129e+00 -9.689760e-01
      vertex   -1.901131e+00 8.929446e+00 -1.242071e+00
    endloop
  endfacet
  facet normal -7.414295e-01 5.167621e-01 -4.280645e-01
    outer loop
      vertex   -1.901131e+00 8.929446e+00 -1.242071e+00
      vertex   -1.914749e+00 9.136129e+00 -9.689760e-01
      vertex   -1.796532e+00 9.136129e+00 -1.173733e+00
    endloop
  endfacet
  facet normal -6.821147e-01 6.161381e-01 -3.938191e-01
    outer loop
      vertex   -1.914749e+00 9.136129e+00 -9.689760e-01
      vertex   -1.781851e+00 9.326245e+00 -9.017218e-01
      vertex   -1.796532e+00 9.136129e+00 -1.173733e+00
    endloop
  endfacet
  facet normal -6.821147e-01 6.161381e-01 -3.938191e-01
    outer loop
      vertex   -1.796532e+00 9.136129e+00 -1.173733e+00
      vertex   -1.781851e+00 9.326245e+00 -9.017218e-01
      vertex   -1.671839e+00 9.326245e+00 -1.092267e+00
    endloop
  endfacet
  facet normal -6.128376e-01 7.065693e-01 -3.538219e-01
    outer loop
      vertex   -1.781851e+00 9.326245e+00 -9.017218e-01
      vertex   -1.629475e+00 9.497021e+00 -8.246107e-01
      vertex   -1.671839e+00 9.326245e+00 -1.092267e+00
    endloop
  endfacet
  facet normal -6.128376e-01 7.065693e-01 -3.538219e-01
    outer loop
      vertex   -1.671839e+00 9.326245e+00 -1.092267e+00
      vertex   -1.629475e+00 9.497021e+00 -8.246107e-01
      vertex   -1.528871e+00 9.497021e+00 -9.988615e-01
    endloop
  endfacet
  facet normal -5.345971e-01 7.867282e-01 -3.086498e-01
    outer loop
      vertex   -1.629475e+00 9.497021e+00 -8.246107e-01
      vertex   -1.459844e+00 9.645968e+00 -7.387671e-01
      vertex   -1.528871e+00 9.497021e+00 -9.988615e-01
    endloop
  endfacet
  facet normal -5.345971e-01 7.867282e-01 -3.086498e-01
    outer loop
      vertex   -1.528871e+00 9.497021e+00 -9.988615e-01
      vertex   -1.459844e+00 9.645968e+00 -7.387671e-01
      vertex   -1.369713e+00 9.645968e+00 -8.948780e-01
    endloop
  endfacet
  facet normal -4.485264e-01 8.554329e-01 -2.589568e-01
    outer loop
      vertex   -1.459844e+00 9.645968e+00 -7.387671e-01
      vertex   -1.275430e+00 9.770912e+00 -6.454427e-01
      vertex   -1.369713e+00 9.645968e+00 -8.948780e-01
    endloop
  endfacet
  facet normal -4.485264e-01 8.554329e-01 -2.589568e-01
    outer loop
      vertex   -1.369713e+00 9.645968e+00 -8.948780e-01
      vertex   -1.275430e+00 9.770912e+00 -6.454427e-01
      vertex   -1.196685e+00 9.770912e+00 -7.818331e-01
    endloop
  endfacet
  facet normal -3.558772e-01 9.116662e-01 -2.054658e-01
    outer loop
      vertex   -1.275430e+00 9.770912e+00 -6.454427e-01
      vertex   -1.078923e+00 9.870032e+00 -5.459986e-01
      vertex   -1.196685e+00 9.770912e+00 -7.818331e-01
    endloop
  endfacet
  facet normal -3.558772e-01 9.116662e-01 -2.054658e-01
    outer loop
      vertex   -1.196685e+00 9.770912e+00 -7.818331e-01
      vertex   -1.078923e+00 9.870032e+00 -5.459986e-01
      vertex   -1.012310e+00 9.870032e+00 -6.613751e-01
    endloop
  endfacet
  facet normal -1.563351e-01 9.835713e-01 -9.026012e-02
    outer loop
      vertex   -6.612259e-01 9.985418e+00 -3.346194e-01
      vertex   -6.204018e-01 9.985418e+00 -4.053287e-01
      vertex   -8.192774e-01 9.941884e+00 -5.352606e-01
    endloop
  endfacet
  facet normal -2.580023e-01 9.545923e-01 -1.489577e-01
    outer loop
      vertex   -1.078923e+00 9.870032e+00 -5.459986e-01
      vertex   -8.731880e-01 9.941884e+00 -4.418847e-01
      vertex   -1.012310e+00 9.870032e+00 -6.613751e-01
    endloop
  endfacet
  facet normal -2.580023e-01 9.545923e-01 -1.489577e-01
    outer loop
      vertex   -1.012310e+00 9.870032e+00 -6.613751e-01
      vertex   -8.731880e-01 9.941884e+00 -4.418847e-01
      vertex   -8.192774e-01 9.941884e+00 -5.352606e-01
    endloop
  endfacet
  facet normal -1.563351e-01 9.835713e-01 -9.026012e-02
    outer loop
      vertex   -8.731880e-01 9.941884e+00 -4.418847e-01
      vertex   -6.612259e-01 9.985418e+00 -3.346194e-01
      vertex   -8.192774e-01 9.941884e+00 -5.352606e-01
    endloop
  endfacet
  facet normal -9.388180e-01 1.799902e-01 -2.936396e-01
    outer loop
      vertex   -2.409365e+00 8.241073e+00 -6.101340e-01
      vertex   -2.367163e+00 8.478631e+00 -5.994470e-01
      vertex   -2.327622e+00 8.241073e+00 -8.714808e-01
    endloop
  endfacet
  facet normal -9.388180e-01 1.799902e-01 -2.936396e-01
    outer loop
      vertex   -2.327622e+00 8.241073e+00 -8.714808e-01
      vertex   -2.367163e+00 8.478631e+00 -5.994470e-01
      vertex   -2.286852e+00 8.478631e+00 -8.562161e-01
    endloop
  endfacet
  facet normal -9.113128e-01 2.970912e-01 -2.850366e-01
    outer loop
      vertex   -2.367163e+00 8.478631e+00 -5.994470e-01
      vertex   -2.297510e+00 8.709210e+00 -5.818086e-01
      vertex   -2.286852e+00 8.478631e+00 -8.562161e-01
    endloop
  endfacet
  facet normal -9.113128e-01 2.970912e-01 -2.850366e-01
    outer loop
      vertex   -2.286852e+00 8.478631e+00 -8.562161e-01
      vertex   -2.297510e+00 8.709210e+00 -5.818086e-01
      vertex   -2.219562e+00 8.709210e+00 -8.310224e-01
    endloop
  endfacet
  facet normal -8.705443e-01 4.098944e-01 -2.722852e-01
    outer loop
      vertex   -2.297510e+00 8.709210e+00 -5.818086e-01
      vertex   -2.201423e+00 8.929446e+00 -5.574760e-01
      vertex   -2.219562e+00 8.709210e+00 -8.310224e-01
    endloop
  endfacet
  facet normal -8.705443e-01 4.098944e-01 -2.722852e-01
    outer loop
      vertex   -2.219562e+00 8.709210e+00 -8.310224e-01
      vertex   -2.201423e+00 8.929446e+00 -5.574760e-01
      vertex   -2.126735e+00 8.929446e+00 -7.962671e-01
    endloop
  endfacet
  facet normal -8.170938e-01 5.167621e-01 -2.555672e-01
    outer loop
      vertex   -2.201423e+00 8.929446e+00 -5.574760e-01
      vertex   -2.080302e+00 9.136129e+00 -5.268039e-01
      vertex   -2.126735e+00 8.929446e+00 -7.962671e-01
    endloop
  endfacet
  facet normal -8.170938e-01 5.167621e-01 -2.555672e-01
    outer loop
      vertex   -2.126735e+00 8.929446e+00 -7.962671e-01
      vertex   -2.080302e+00 9.136129e+00 -5.268039e-01
      vertex   -2.009723e+00 9.136129e+00 -7.524569e-01
    endloop
  endfacet
  facet normal -7.517258e-01 6.161381e-01 -2.351217e-01
    outer loop
      vertex   -2.080302e+00 9.136129e+00 -5.268039e-01
      vertex   -1.935913e+00 9.326245e+00 -4.902398e-01
      vertex   -2.009723e+00 9.136129e+00 -7.524569e-01
    endloop
  endfacet
  facet normal -7.517258e-01 6.161381e-01 -2.351217e-01
    outer loop
      vertex   -2.009723e+00 9.136129e+00 -7.524569e-01
      vertex   -1.935913e+00 9.326245e+00 -4.902398e-01
      vertex   -1.870233e+00 9.326245e+00 -7.002307e-01
    endloop
  endfacet
  facet normal -6.753788e-01 7.065693e-01 -2.112422e-01
    outer loop
      vertex   -1.935913e+00 9.326245e+00 -4.902398e-01
      vertex   -1.770363e+00 9.497021e+00 -4.483167e-01
      vertex   -1.870233e+00 9.326245e+00 -7.002307e-01
    endloop
  endfacet
  facet normal -6.753788e-01 7.065693e-01 -2.112422e-01
    outer loop
      vertex   -1.870233e+00 9.326245e+00 -7.002307e-01
      vertex   -1.770363e+00 9.497021e+00 -4.483167e-01
      vertex   -1.710299e+00 9.497021e+00 -6.403502e-01
    endloop
  endfacet
  facet normal -5.891538e-01 7.867282e-01 -1.842731e-01
    outer loop
      vertex   -1.770363e+00 9.497021e+00 -4.483167e-01
      vertex   -1.586064e+00 9.645968e+00 -4.016461e-01
      vertex   -1.710299e+00 9.497021e+00 -6.403502e-01
    endloop
  endfacet
  facet normal -5.891538e-01 7.867282e-01 -1.842731e-01
    outer loop
      vertex   -1.710299e+00 9.497021e+00 -6.403502e-01
      vertex   -1.586064e+00 9.645968e+00 -4.016461e-01
      vertex   -1.532254e+00 9.645968e+00 -5.736885e-01
    endloop
  endfacet
  facet normal -4.942994e-01 8.554329e-01 -1.546049e-01
    outer loop
      vertex   -1.586064e+00 9.645968e+00 -4.016461e-01
      vertex   -1.385706e+00 9.770912e+00 -3.509083e-01
      vertex   -1.532254e+00 9.645968e+00 -5.736885e-01
    endloop
  endfacet
  facet normal -4.942994e-01 8.554329e-01 -1.546049e-01
    outer loop
      vertex   -1.532254e+00 9.645968e+00 -5.736885e-01
      vertex   -1.385706e+00 9.770912e+00 -3.509083e-01
      vertex   -1.338693e+00 9.770912e+00 -5.012176e-01
    endloop
  endfacet
  facet normal -3.921952e-01 9.116662e-01 -1.226692e-01
    outer loop
      vertex   -1.385706e+00 9.770912e+00 -3.509083e-01
      vertex   -1.172208e+00 9.870032e+00 -2.968435e-01
      vertex   -1.338693e+00 9.770912e+00 -5.012176e-01
    endloop
  endfacet
  facet normal -3.921952e-01 9.116662e-01 -1.226692e-01
    outer loop
      vertex   -1.338693e+00 9.770912e+00 -5.012176e-01
      vertex   -1.172208e+00 9.870032e+00 -2.968435e-01
      vertex   -1.132439e+00 9.870032e+00 -4.239944e-01
    endloop
  endfacet
  facet normal -1.722894e-01 9.835713e-01 -5.388797e-02
    outer loop
      vertex   -7.183967e-01 9.985418e+00 -1.819228e-01
      vertex   -6.940236e-01 9.985418e+00 -2.598482e-01
      vertex   -9.164993e-01 9.941884e+00 -3.431449e-01
    endloop
  endfacet
  facet normal -2.843319e-01 9.545923e-01 -8.893215e-02
    outer loop
      vertex   -1.172208e+00 9.870032e+00 -2.968435e-01
      vertex   -9.486855e-01 9.941884e+00 -2.402398e-01
      vertex   -1.132439e+00 9.870032e+00 -4.239944e-01
    endloop
  endfacet
  facet normal -2.843319e-01 9.545923e-01 -8.893215e-02
    outer loop
      vertex   -1.132439e+00 9.870032e+00 -4.239944e-01
      vertex   -9.486855e-01 9.941884e+00 -2.402398e-01
      vertex   -9.164993e-01 9.941884e+00 -3.431449e-01
    endloop
  endfacet
  facet normal -1.722894e-01 9.835713e-01 -5.388797e-02
    outer loop
      vertex   -9.486855e-01 9.941884e+00 -2.402398e-01
      vertex   -7.183967e-01 9.985418e+00 -1.819228e-01
      vertex   -9.164993e-01 9.941884e+00 -3.431449e-01
    endloop
  endfacet
  facet normal -9.984815e-01 0.000000e+00 5.508776e-02
    outer loop
      vertex   -2.484827e+00 0.000000e+00 2.750206e-01
      vertex   -2.484827e+00 4.000000e+00 2.750206e-01
      vertex   -2.500000e+00 0.000000e+00 3.061617e-16
    endloop
  endfacet
  facet normal -9.984815e-01 8.432881e-18 5.508776e-02
    outer loop
      vertex   -2.500000e+00 0.000000e+00 3.061617e-16
      vertex   -2.484827e+00 4.000000e+00 2.750206e-01
      vertex   -2.500000e+00 4.000000e+00 -3.061617e-16
    endloop
  endfacet
  facet normal -9.984815e-01 -8.432881e-18 -5.508776e-02
    outer loop
      vertex   -2.500000e+00 0.000000e+00 3.061617e-16
      vertex   -2.500000e+00 4.000000e+00 -3.061617e-16
      vertex   -2.484827e+00 0.000000e+00 -2.750206e-01
    endloop
  endfacet
  facet normal -9.984815e-01 0.000000e+00 -5.508776e-02
    outer loop
      vertex   -2.484827e+00 0.000000e+00 -2.750206e-01
      vertex   -2.500000e+00 4.000000e+00 -3.061617e-16
      vertex   -2.484827e+00 4.000000e+00 -2.750206e-01
    endloop
  endfacet
  facet normal -9.863613e-01 0.000000e+00 -1.645946e-01
    outer loop
      vertex   -2.484827e+00 0.000000e+00 -2.750206e-01
      vertex   -2.484827e+00 4.000000e+00 -2.750206e-01
      vertex   -2.439491e+00 0.000000e+00 -5.467027e-01
    endloop
  endfacet
  facet normal -9.863613e-01 0.000000e+00 -1.645946e-01
    outer loop
      vertex   -2.439491e+00 0.000000e+00 -5.467027e-01
      vertex   -2.484827e+00 4.000000e+00 -2.750206e-01
      vertex   -2.439491e+00 4.000000e+00 -5.467027e-01
    endloop
  endfacet
  facet normal -9.622680e-01 0.000000e+00 -2.721035e-01
    outer loop
      vertex   -2.439491e+00 0.000000e+00 -5.467027e-01
      vertex   -2.439491e+00 4.000000e+00 -5.467027e-01
      vertex   -2.364543e+00 0.000000e+00 -8.117487e-01
    endloop
  endfacet
  facet normal -9.622680e-01 0.000000e+00 -2.721035e-01
    outer loop
      vertex   -2.364543e+00 0.000000e+00 -8.117487e-01
      vertex   -2.439491e+00 4.000000e+00 -5.467027e-01
      vertex   -2.364543e+00 4.000000e+00 -8.117487e-01
    endloop
  endfacet
  facet normal -9.264941e-01 0.000000e+00 -3.763094e-01
    outer loop
      vertex   -2.364543e+00 0.000000e+00 -8.117487e-01
      vertex   -2.364543e+00 4.000000e+00 -8.117487e-01
      vertex   -2.260893e+00 0.000000e+00 -1.066941e+00
    endloop
  endfacet
  facet normal -9.264941e-01 0.000000e+00 -3.763094e-01
    outer loop
      vertex   -2.260893e+00 0.000000e+00 -1.066941e+00
      vertex   -2.364543e+00 4.000000e+00 -8.117487e-01
      vertex   -2.260893e+00 4.000000e+00 -1.066941e+00
    endloop
  endfacet
  facet normal -8.794738e-01 0.000000e+00 -4.759474e-01
    outer loop
      vertex   -2.260893e+00 0.000000e+00 -1.066941e+00
      vertex   -2.260893e+00 4.000000e+00 -1.066941e+00
      vertex   -2.129799e+00 0.000000e+00 -1.309182e+00
    endloop
  endfacet
  facet normal -8.794738e-01 0.000000e+00 -4.759474e-01
    outer loop
      vertex   -2.129799e+00 0.000000e+00 -1.309182e+00
      vertex   -2.260893e+00 4.000000e+00 -1.066941e+00
      vertex   -2.129799e+00 4.000000e+00 -1.309182e+00
    endloop
  endfacet
  facet normal -8.217778e-01 0.000000e+00 -5.698081e-01
    outer loop
      vertex   -2.129799e+00 0.000000e+00 -1.309182e+00
      vertex   -2.129799e+00 4.000000e+00 -1.309182e+00
      vertex   -1.972851e+00 0.000000e+00 -1.535532e+00
    endloop
  endfacet
  facet normal -8.217778e-01 0.000000e+00 -5.698081e-01
    outer loop
      vertex   -1.972851e+00 0.000000e+00 -1.535532e+00
      vertex   -2.129799e+00 4.000000e+00 -1.309182e+00
      vertex   -1.972851e+00 4.000000e+00 -1.535532e+00
    endloop
  endfacet
  facet normal -7.541066e-01 0.000000e+00 -6.567520e-01
    outer loop
      vertex   -1.972851e+00 0.000000e+00 -1.535532e+00
      vertex   -1.972851e+00 4.000000e+00 -1.535532e+00
      vertex   -1.791956e+00 0.000000e+00 -1.743242e+00
    endloop
  endfacet
  facet normal -7.541066e-01 0.000000e+00 -6.567520e-01
    outer loop
      vertex   -1.791956e+00 0.000000e+00 -1.743242e+00
      vertex   -1.972851e+00 4.000000e+00 -1.535532e+00
      vertex   -1.791956e+00 4.000000e+00 -1.743242e+00
    endloop
  endfacet
  facet normal -6.772816e-01 0.000000e+00 -7.357239e-01
    outer loop
      vertex   -1.791956e+00 0.000000e+00 -1.743242e+00
      vertex   -1.791956e+00 4.000000e+00 -1.743242e+00
      vertex   -1.589309e+00 0.000000e+00 -1.929792e+00
    endloop
  endfacet
  facet normal -6.772816e-01 0.000000e+00 -7.357239e-01
    outer loop
      vertex   -1.589309e+00 0.000000e+00 -1.929792e+00
      vertex   -1.791956e+00 4.000000e+00 -1.743242e+00
      vertex   -1.589309e+00 4.000000e+00 -1.929792e+00
    endloop
  endfacet
  facet normal -5.922353e-01 0.000000e+00 -8.057651e-01
    outer loop
      vertex   -1.589309e+00 0.000000e+00 -1.929792e+00
      vertex   -1.589309e+00 4.000000e+00 -1.929792e+00
      vertex   -1.367370e+00 0.000000e+00 -2.092916e+00
    endloop
  endfacet
  facet normal -5.922353e-01 0.000000e+00 -8.057651e-01
    outer loop
      vertex   -1.367370e+00 0.000000e+00 -2.092916e+00
      vertex   -1.589309e+00 4.000000e+00 -1.929792e+00
      vertex   -1.367370e+00 4.000000e+00 -2.092916e+00
    endloop
  endfacet
  facet normal -5.000000e-01 0.000000e+00 -8.660254e-01
    outer loop
      vertex   -1.367370e+00 0.000000e+00 -2.092916e+00
      vertex   -1.367370e+00 4.000000e+00 -2.092916e+00
      vertex   -1.128833e+00 0.000000e+00 -2.230636e+00
    endloop
  endfacet
  facet normal -5.000000e-01 0.000000e+00 -8.660254e-01
    outer loop
      vertex   -1.128833e+00 0.000000e+00 -2.230636e+00
      vertex   -1.367370e+00 4.000000e+00 -2.092916e+00
      vertex   -1.128833e+00 4.000000e+00 -2.230636e+00
    endloop
  endfacet
  facet normal -4.016954e-01 0.000000e+00 -9.157733e-01
    outer loop
      vertex   -1.128833e+00 0.000000e+00 -2.230636e+00
      vertex   -1.128833e+00 4.000000e+00 -2.230636e+00
      vertex   -8.765939e-01 0.000000e+00 -2.341278e+00
    endloop
  endfacet
  facet normal -4.016954e-01 5.574644e-17 -9.157733e-01
    outer loop
      vertex   -8.765939e-01 0.000000e+00 -2.341278e+00
      vertex   -1.128833e+00 4.000000e+00 -2.230636e+00
      vertex   -8.765939e-01 4.000000e+00 -2.341278e+00
    endloop
  endfacet
  facet normal -2.985148e-01 4.142725e-17 -9.544050e-01
    outer loop
      vertex   -8.765939e-01 0.000000e+00 -2.341278e+00
      vertex   -8.765939e-01 4.000000e+00 -2.341278e+00
      vertex   -6.137137e-01 0.000000e+00 -2.423501e+00
    endloop
  endfacet
  facet normal -2.985148e-01 -6.453299e-17 -9.544050e-01
    outer loop
      vertex   -6.137137e-01 0.000000e+00 -2.423501e+00
      vertex   -8.765939e-01 4.000000e+00 -2.341278e+00
      vertex   -6.137137e-01 4.000000e+00 -2.423501e+00
    endloop
  endfacet
  facet normal -1.917106e-01 -8.235781e-17 -9.814515e-01
    outer loop
      vertex   -6.137137e-01 0.000000e+00 -2.423501e+00
      vertex   -6.137137e-01 4.000000e+00 -2.423501e+00
      vertex   -3.433839e-01 0.000000e+00 -2.476305e+00
    endloop
  endfacet
  facet normal -1.917106e-01 -8.235781e-17 -9.814515e-01
    outer loop
      vertex   -3.433839e-01 0.000000e+00 -2.476305e+00
      vertex   -6.137137e-01 4.000000e+00 -2.423501e+00
      vertex   -3.433839e-01 4.000000e+00 -2.476305e+00
    endloop
  endfacet
  facet normal -8.257935e-02 -9.918292e-17 -9.965845e-01
    outer loop
      vertex   -3.433839e-01 0.000000e+00 -2.476305e+00
      vertex   -3.433839e-01 4.000000e+00 -2.476305e+00
      vertex   -6.888586e-02 0.000000e+00 -2.499051e+00
    endloop
  endfacet
  facet normal -8.257935e-02 1.146019e-17 -9.965845e-01
    outer loop
      vertex   -6.888586e-02 0.000000e+00 -2.499051e+00
      vertex   -3.433839e-01 4.000000e+00 -2.476305e+00
      vertex   -6.888586e-02 4.000000e+00 -2.499051e+00
    endloop
  endfacet
  facet normal 2.755434e-02 -3.823933e-18 -9.996203e-01
    outer loop
      vertex   -6.888586e-02 0.000000e+00 -2.499051e+00
      vertex   -6.888586e-02 4.000000e+00 -2.499051e+00
      vertex   2.064484e-01 0.000000e+00 -2.491461e+00
    endloop
  endfacet
  facet normal 2.755434e-02 -3.823933e-18 -9.996203e-01
    outer loop
      vertex   2.064484e-01 0.000000e+00 -2.491461e+00
      vertex   -6.888586e-02 4.000000e+00 -2.499051e+00
      vertex   2.064484e-01 4.000000e+00 -2.491461e+00
    endloop
  endfacet
  facet normal 1.373536e-01 -1.906164e-17 -9.905221e-01
    outer loop
      vertex   2.064484e-01 0.000000e+00 -2.491461e+00
      vertex   2.064484e-01 4.000000e+00 -2.491461e+00
      vertex   4.792766e-01 0.000000e+00 -2.453629e+00
    endloop
  endfacet
  facet normal 1.373536e-01 -1.906164e-17 -9.905221e-01
    outer loop
      vertex   4.792766e-01 0.000000e+00 -2.453629e+00
      vertex   2.064484e-01 4.000000e+00 -2.491461e+00
      vertex   4.792766e-01 4.000000e+00 -2.453629e+00
    endloop
  endfacet
  facet normal 2.454855e-01 -3.406796e-17 -9.694003e-01
    outer loop
      vertex   4.792766e-01 0.000000e+00 -2.453629e+00
      vertex   4.792766e-01 4.000000e+00 -2.453629e+00
      vertex   7.462870e-01 0.000000e+00 -2.386013e+00
    endloop
  endfacet
  facet normal 2.454855e-01 -3.406796e-17 -9.694003e-01
    outer loop
      vertex   7.462870e-01 0.000000e+00 -2.386013e+00
      vertex   4.792766e-01 4.000000e+00 -2.453629e+00
      vertex   7.462870e-01 4.000000e+00 -2.386013e+00
    endloop
  endfacet
  facet normal 3.506376e-01 -4.866074e-17 -9.365112e-01
    outer loop
      vertex   7.462870e-01 0.000000e+00 -2.386013e+00
      vertex   7.462870e-01 4.000000e+00 -2.386013e+00
      vertex   1.004239e+00 0.000000e+00 -2.289433e+00
    endloop
  endfacet
  facet normal 3.506376e-01 -3.892859e-17 -9.365112e-01
    outer loop
      vertex   1.004239e+00 0.000000e+00 -2.289433e+00
      vertex   7.462870e-01 4.000000e+00 -2.386013e+00
      vertex   1.004239e+00 4.000000e+00 -2.289433e+00
    endloop
  endfacet
  facet normal 4.515334e-01 -5.013027e-17 -8.922542e-01
    outer loop
      vertex   1.004239e+00 0.000000e+00 -2.289433e+00
      vertex   1.004239e+00 4.000000e+00 -2.289433e+00
      vertex   1.250000e+00 0.000000e+00 -2.165064e+00
    endloop
  endfacet
  facet normal 4.515334e-01 4.892985e-17 -8.922542e-01
    outer loop
      vertex   1.250000e+00 0.000000e+00 -2.165064e+00
      vertex   1.004239e+00 4.000000e+00 -2.289433e+00
      vertex   1.250000e+00 4.000000e+00 -2.165064e+00
    endloop
  endfacet
  facet normal 5.469482e-01 3.222071e-17 -8.371665e-01
    outer loop
      vertex   1.250000e+00 0.000000e+00 -2.165064e+00
      vertex   1.250000e+00 4.000000e+00 -2.165064e+00
      vertex   1.480588e+00 0.000000e+00 -2.014413e+00
    endloop
  endfacet
  facet normal 5.469482e-01 -9.108517e-17 -8.371665e-01
    outer loop
      vertex   1.480588e+00 0.000000e+00 -2.014413e+00
      vertex   1.250000e+00 4.000000e+00 -2.165064e+00
      vertex   1.480588e+00 4.000000e+00 -2.014413e+00
    endloop
  endfacet
  facet normal 6.357237e-01 -1.058693e-16 -7.719167e-01
    outer loop
      vertex   1.480588e+00 0.000000e+00 -2.014413e+00
      vertex   1.480588e+00 4.000000e+00 -2.014413e+00
      vertex   1.693204e+00 0.000000e+00 -1.839310e+00
    endloop
  endfacet
  facet normal 6.357237e-01 0.000000e+00 -7.719167e-01
    outer loop
      vertex   1.693204e+00 0.000000e+00 -1.839310e+00
      vertex   1.480588e+00 4.000000e+00 -2.014413e+00
      vertex   1.693204e+00 4.000000e+00 -1.839310e+00
    endloop
  endfacet
  facet normal 7.167825e-01 0.000000e+00 -6.972968e-01
    outer loop
      vertex   1.693204e+00 0.000000e+00 -1.839310e+00
      vertex   1.693204e+00 4.000000e+00 -1.839310e+00
      vertex   1.885267e+00 0.000000e+00 -1.641880e+00
    endloop
  endfacet
  facet normal 7.167825e-01 -7.741550e-17 -6.972968e-01
    outer loop
      vertex   1.885267e+00 0.000000e+00 -1.641880e+00
      vertex   1.693204e+00 4.000000e+00 -1.839310e+00
      vertex   1.885267e+00 4.000000e+00 -1.641880e+00
    endloop
  endfacet
  facet normal 7.891405e-01 -6.819131e-17 -6.142127e-01
    outer loop
      vertex   1.885267e+00 0.000000e+00 -1.641880e+00
      vertex   1.885267e+00 4.000000e+00 -1.641880e+00
      vertex   2.054445e+00 0.000000e+00 -1.424520e+00
    endloop
  endfacet
  facet normal 7.891405e-01 0.000000e+00 -6.142127e-01
    outer loop
      vertex   2.054445e+00 0.000000e+00 -1.424520e+00
      vertex   1.885267e+00 4.000000e+00 -1.641880e+00
      vertex   2.054445e+00 4.000000e+00 -1.424520e+00
    endloop
  endfacet
  facet normal 8.519194e-01 0.000000e+00 -5.236729e-01
    outer loop
      vertex   2.054445e+00 0.000000e+00 -1.424520e+00
      vertex   2.054445e+00 4.000000e+00 -1.424520e+00
      vertex   2.198684e+00 0.000000e+00 -1.189869e+00
    endloop
  endfacet
  facet normal 8.519194e-01 0.000000e+00 -5.236729e-01
    outer loop
      vertex   2.198684e+00 0.000000e+00 -1.189869e+00
      vertex   2.054445e+00 4.000000e+00 -1.424520e+00
      vertex   2.198684e+00 4.000000e+00 -1.189869e+00
    endloop
  endfacet
  facet normal 9.043572e-01 0.000000e+00 -4.267764e-01
    outer loop
      vertex   2.198684e+00 0.000000e+00 -1.189869e+00
      vertex   2.198684e+00 4.000000e+00 -1.189869e+00
      vertex   2.316235e+00 0.000000e+00 -9.407734e-01
    endloop
  endfacet
  facet normal 9.043572e-01 0.000000e+00 -4.267764e-01
    outer loop
      vertex   2.316235e+00 0.000000e+00 -9.407734e-01
      vertex   2.198684e+00 4.000000e+00 -1.189869e+00
      vertex   2.316235e+00 4.000000e+00 -9.407734e-01
    endloop
  endfacet
  facet normal 9.458172e-01 0.000000e+00 -3.246995e-01
    outer loop
      vertex   2.316235e+00 0.000000e+00 -9.407734e-01
      vertex   2.316235e+00 4.000000e+00 -9.407734e-01
      vertex   2.405670e+00 0.000000e+00 -6.802587e-01
    endloop
  endfacet
  facet normal 9.458172e-01 0.000000e+00 -3.246995e-01
    outer loop
      vertex   2.405670e+00 0.000000e+00 -6.802587e-01
      vertex   2.316235e+00 4.000000e+00 -9.407734e-01
      vertex   2.405670e+00 4.000000e+00 -6.802587e-01
    endloop
  endfacet
  facet normal 9.757964e-01 0.000000e+00 -2.186811e-01
    outer loop
      vertex   2.405670e+00 0.000000e+00 -6.802587e-01
      vertex   2.405670e+00 4.000000e+00 -6.802587e-01
      vertex   2.465903e+00 0.000000e+00 -4.114865e-01
    endloop
  endfacet
  facet normal 9.757964e-01 -3.034810e-18 -2.186811e-01
    outer loop
      vertex   2.465903e+00 0.000000e+00 -4.114865e-01
      vertex   2.405670e+00 4.000000e+00 -6.802587e-01
      vertex   2.465903e+00 4.000000e+00 -4.114865e-01
    endloop
  endfacet
  facet normal 9.939307e-01 -1.526671e-18 -1.100082e-01
    outer loop
      vertex   2.465903e+00 0.000000e+00 -4.114865e-01
      vertex   2.465903e+00 4.000000e+00 -4.114865e-01
      vertex   2.496204e+00 0.000000e+00 -1.377194e-01
    endloop
  endfacet
  facet normal 9.939307e-01 0.000000e+00 -1.100082e-01
    outer loop
      vertex   2.496204e+00 0.000000e+00 -1.377194e-01
      vertex   2.465903e+00 4.000000e+00 -4.114865e-01
      vertex   2.496204e+00 4.000000e+00 -1.377194e-01
    endloop
  endfacet
  facet normal 1.000000e+00 0.000000e+00 0.000000e+00
    outer loop
      vertex   2.496204e+00 0.000000e+00 -1.377194e-01
      vertex   2.496204e+00 4.000000e+00 -1.377194e-01
      vertex   2.496204e+00 0.000000e+00 1.377194e-01
    endloop
  endfacet
  facet normal 1.000000e+00 -0.000000e+00 0.000000e+00
    outer loop
      vertex   2.496204e+00 0.000000e+00 1.377194e-01
      vertex   2.496204e+00 4.000000e+00 -1.377194e-01
      vertex   2.496204e+00 4.000000e+00 1.377194e-01
    endloop
  endfacet
  facet normal 9.939307e-01 -0.000000e+00 1.100082e-01
    outer loop
      vertex   2.496204e+00 0.000000e+00 1.377194e-01
      vertex   2.496204e+00 4.000000e+00 1.377194e-01
      vertex   2.465903e+00 0.000000e+00 4.114865e-01
    endloop
  endfacet
  facet normal 9.939307e-01 -1.526671e-18 1.100082e-01
    outer loop
      vertex   2.465903e+00 0.000000e+00 4.114865e-01
      vertex   2.496204e+00 4.000000e+00 1.377194e-01
      vertex   2.465903e+00 4.000000e+00 4.114865e-01
    endloop
  endfacet
  facet normal 9.757964e-01 -3.034810e-18 2.186811e-01
    outer loop
      vertex   2.465903e+00 0.000000e+00 4.114865e-01
      vertex   2.465903e+00 4.000000e+00 4.114865e-01
      vertex   2.405670e+00 0.000000e+00 6.802587e-01
    endloop
  endfacet
  facet normal 9.757964e-01 -0.000000e+00 2.186811e-01
    outer loop
      vertex   2.405670e+00 0.000000e+00 6.802587e-01
      vertex   2.465903e+00 4.000000e+00 4.114865e-01
      vertex   2.405670e+00 4.000000e+00 6.802587e-01
    endloop
  endfacet
  facet normal 9.458172e-01 -0.000000e+00 3.246995e-01
    outer loop
      vertex   2.405670e+00 0.000000e+00 6.802587e-01
      vertex   2.405670e+00 4.000000e+00 6.802587e-01
      vertex   2.316235e+00 0.000000e+00 9.407734e-01
    endloop
  endfacet
  facet normal 9.458172e-01 -0.000000e+00 3.246995e-01
    outer loop
      vertex   2.316235e+00 0.000000e+00 9.407734e-01
      vertex   2.405670e+00 4.000000e+00 6.802587e-01
      vertex   2.316235e+00 4.000000e+00 9.407734e-01
    endloop
  endfacet
  facet normal 9.043572e-01 -0.000000e+00 4.267764e-01
    outer loop
      vertex   2.316235e+00 0.000000e+00 9.407734e-01
      vertex   2.316235e+00 4.000000e+00 9.407734e-01
      vertex   2.198684e+00 0.000000e+00 1.189869e+00
    endloop
  endfacet
  facet normal 9.043572e-01 -0.000000e+00 4.267764e-01
    outer loop
      vertex   2.198684e+00 0.000000e+00 1.189869e+00
      vertex   2.316235e+00 4.000000e+00 9.407734e-01
      vertex   2.198684e+00 4.000000e+00 1.189869e+00
    endloop
  endfacet
  facet normal 8.519194e-01 -0.000000e+00 5.236729e-01
    outer loop
      vertex   2.198684e+00 0.000000e+00 1.189869e+00
      vertex   2.198684e+00 4.000000e+00 1.189869e+00
      vertex   2.054445e+00 0.000000e+00 1.424520e+00
    endloop
  endfacet
  facet normal 8.519194e-01 -0.000000e+00 5.236729e-01
    outer loop
      vertex   2.054445e+00 0.000000e+00 1.424520e+00
      vertex   2.198684e+00 4.000000e+00 1.189869e+00
      vertex   2.054445e+00 4.000000e+00 1.424520e+00
    endloop
  endfacet
  facet normal 7.891405e-01 -0.000000e+00 6.142127e-01
    outer loop
      vertex   2.054445e+00 0.000000e+00 1.424520e+00
      vertex   2.054445e+00 4.000000e+00 1.424520e+00
      vertex   1.885267e+00 0.000000e+00 1.641880e+00
    endloop
  endfacet
  facet normal 7.891405e-01 -6.819131e-17 6.142127e-01
    outer loop
      vertex   1.885267e+00 0.000000e+00 1.641880e+00
      vertex   2.054445e+00 4.000000e+00 1.424520e+00
      vertex   1.885267e+00 4.000000e+00 1.641880e+00
    endloop
  endfacet
  facet normal 7.167825e-01 -7.741550e-17 6.972968e-01
    outer loop
      vertex   1.885267e+00 0.000000e+00 1.641880e+00
      vertex   1.885267e+00 4.000000e+00 1.641880e+00
      vertex   1.693204e+00 0.000000e+00 1.839310e+00
    endloop
  endfacet
  facet normal 7.167825e-01 -0.000000e+00 6.972968e-01
    outer loop
      vertex   1.693204e+00 0.000000e+00 1.839310e+00
      vertex   1.885267e+00 4.000000e+00 1.641880e+00
      vertex   1.693204e+00 4.000000e+00 1.839310e+00
    endloop
  endfacet
  facet normal 6.357237e-01 -0.000000e+00 7.719167e-01
    outer loop
      vertex   1.693204e+00 0.000000e+00 1.839310e+00
      vertex   1.693204e+00 4.000000e+00 1.839310e+00
      vertex   1.480588e+00 0.000000e+00 2.014413e+00
    endloop
  endfacet
  facet normal 6.357237e-01 -1.512045e-17 7.719167e-01
    outer loop
      vertex   1.480588e+00 0.000000e+00 2.014413e+00
      vertex   1.693204e+00 4.000000e+00 1.839310e+00
      vertex   1.480588e+00 4.000000e+00 2.014413e+00
    endloop
  endfacet
  facet normal 5.469482e-01 -3.222071e-17 8.371665e-01
    outer loop
      vertex   1.480588e+00 0.000000e+00 2.014413e+00
      vertex   1.480588e+00 4.000000e+00 2.014413e+00
      vertex   1.250000e+00 0.000000e+00 2.165064e+00
    endloop
  endfacet
  facet normal 5.469482e-01 9.108517e-17 8.371665e-01
    outer loop
      vertex   1.250000e+00 0.000000e+00 2.165064e+00
      vertex   1.480588e+00 4.000000e+00 2.014413e+00
      vertex   1.250000e+00 4.000000e+00 2.165064e+00
    endloop
  endfacet
  facet normal 4.515334e-01 7.519541e-17 8.922542e-01
    outer loop
      vertex   1.250000e+00 0.000000e+00 2.165064e+00
      vertex   1.250000e+00 4.000000e+00 2.165064e+00
      vertex   1.004239e+00 0.000000e+00 2.289433e+00
    endloop
  endfacet
  facet normal 4.515334e-01 -0.000000e+00 8.922542e-01
    outer loop
      vertex   1.004239e+00 0.000000e+00 2.289433e+00
      vertex   1.250000e+00 4.000000e+00 2.165064e+00
      vertex   1.004239e+00 4.000000e+00 2.289433e+00
    endloop
  endfacet
  facet normal 3.506376e-01 -0.000000e+00 9.365112e-01
    outer loop
      vertex   1.004239e+00 0.000000e+00 2.289433e+00
      vertex   1.004239e+00 4.000000e+00 2.289433e+00
      vertex   7.462870e-01 0.000000e+00 2.386013e+00
    endloop
  endfacet
  facet normal 3.506376e-01 -0.000000e+00 9.365112e-01
    outer loop
      vertex   7.462870e-01 0.000000e+00 2.386013e+00
      vertex   1.004239e+00 4.000000e+00 2.289433e+00
      vertex   7.462870e-01 4.000000e+00 2.386013e+00
    endloop
  endfacet
  facet normal 2.454855e-01 -0.000000e+00 9.694003e-01
    outer loop
      vertex   7.462870e-01 0.000000e+00 2.386013e+00
      vertex   7.462870e-01 4.000000e+00 2.386013e+00
      vertex   4.792766e-01 0.000000e+00 2.453629e+00
    endloop
  endfacet
  facet normal 2.454855e-01 -0.000000e+00 9.694003e-01
    outer loop
      vertex   4.792766e-01 0.000000e+00 2.453629e+00
      vertex   7.462870e-01 4.000000e+00 2.386013e+00
      vertex   4.792766e-01 4.000000e+00 2.453629e+00
    endloop
  endfacet
  facet normal 1.373536e-01 -0.000000e+00 9.905221e-01
    outer loop
      vertex   4.792766e-01 0.000000e+00 2.453629e+00
      vertex   4.792766e-01 4.000000e+00 2.453629e+00
      vertex   2.064484e-01 0.000000e+00 2.491461e+00
    endloop
  endfacet
  facet normal 1.373536e-01 -0.000000e+00 9.905221e-01
    outer loop
      vertex   2.064484e-01 0.000000e+00 2.491461e+00
      vertex   4.792766e-01 4.000000e+00 2.453629e+00
      vertex   2.064484e-01 4.000000e+00 2.491461e+00
    endloop
  endfacet
  facet normal 2.755434e-02 -0.000000e+00 9.996203e-01
    outer loop
      vertex   2.064484e-01 0.000000e+00 2.491461e+00
      vertex   2.064484e-01 4.000000e+00 2.491461e+00
      vertex   -6.888586e-02 0.000000e+00 2.499051e+00
    endloop
  endfacet
  facet normal 2.755434e-02 -0.000000e+00 9.996203e-01
    outer loop
      vertex   -6.888586e-02 0.000000e+00 2.499051e+00
      vertex   2.064484e-01 4.000000e+00 2.491461e+00
      vertex   -6.888586e-02 4.000000e+00 2.499051e+00
    endloop
  endfacet
  facet normal -8.257935e-02 0.000000e+00 9.965845e-01
    outer loop
      vertex   -6.888586e-02 0.000000e+00 2.499051e+00
      vertex   -6.888586e-02 4.000000e+00 2.499051e+00
      vertex   -3.433839e-01 0.000000e+00 2.476305e+00
    endloop
  endfacet
  facet normal -8.257935e-02 0.000000e+00 9.965845e-01
    outer loop
      vertex   -3.433839e-01 0.000000e+00 2.476305e+00
      vertex   -6.888586e-02 4.000000e+00 2.499051e+00
      vertex   -3.433839e-01 4.000000e+00 2.476305e+00
    endloop
  endfacet
  facet normal -1.917106e-01 0.000000e+00 9.814515e-01
    outer loop
      vertex   -3.433839e-01 0.000000e+00 2.476305e+00
      vertex   -3.433839e-01 4.000000e+00 2.476305e+00
      vertex   -6.137137e-01 0.000000e+00 2.423501e+00
    endloop
  endfacet
  facet normal -1.917106e-01 0.000000e+00 9.814515e-01
    outer loop
      vertex   -6.137137e-01 0.000000e+00 2.423501e+00
      vertex   -3.433839e-01 4.000000e+00 2.476305e+00
      vertex   -6.137137e-01 4.000000e+00 2.423501e+00
    endloop
  endfacet
  facet normal -2.985148e-01 0.000000e+00 9.544050e-01
    outer loop
      vertex   -6.137137e-01 0.000000e+00 2.423501e+00
      vertex   -6.137137e-01 4.000000e+00 2.423501e+00
      vertex   -8.765939e-01 0.000000e+00 2.341278e+00
    endloop
  endfacet
  facet normal -2.985148e-01 0.000000e+00 9.544050e-01
    outer loop
      vertex   -8.765939e-01 0.000000e+00 2.341278e+00
      vertex   -6.137137e-01 4.000000e+00 2.423501e+00
      vertex   -8.765939e-01 4.000000e+00 2.341278e+00
    endloop
  endfacet
  facet normal -4.016954e-01 0.000000e+00 9.157733e-01
    outer loop
      vertex   -8.765939e-01 0.000000e+00 2.341278e+00
      vertex   -8.765939e-01 4.000000e+00 2.341278e+00
      vertex   -1.128833e+00 0.000000e+00 2.230636e+00
    endloop
  endfacet
  facet normal -4.016954e-01 0.000000e+00 9.157733e-01
    outer loop
      vertex   -1.128833e+00 0.000000e+00 2.230636e+00
      vertex   -8.765939e-01 4.000000e+00 2.341278e+00
      vertex   -1.128833e+00 4.000000e+00 2.230636e+00
    endloop
  endfacet
  facet normal -5.000000e-01 0.000000e+00 8.660254e-01
    outer loop
      vertex   -1.128833e+00 0.000000e+00 2.230636e+00
      vertex   -1.128833e+00 4.000000e+00 2.230636e+00
      vertex   -1.367370e+00 0.000000e+00 2.092916e+00
    endloop
  endfacet
  facet normal -5.000000e-01 0.000000e+00 8.660254e-01
    outer loop
      vertex   -1.367370e+00 0.000000e+00 2.092916e+00
      vertex   -1.128833e+00 4.000000e+00 2.230636e+00
      vertex   -1.367370e+00 4.000000e+00 2.092916e+00
    endloop
  endfacet
  facet normal -5.922353e-01 0.000000e+00 8.057651e-01
    outer loop
      vertex   -1.367370e+00 0.000000e+00 2.092916e+00
      vertex   -1.367370e+00 4.000000e+00 2.092916e+00
      vertex   -1.589309e+00 0.000000e+00 1.929792e+00
    endloop
  endfacet
  facet normal -5.922353e-01 0.000000e+00 8.057651e-01
    outer loop
      vertex   -1.589309e+00 0.000000e+00 1.929792e+00
      vertex   -1.367370e+00 4.000000e+00 2.092916e+00
      vertex   -1.589309e+00 4.000000e+00 1.929792e+00
    endloop
  endfacet
  facet normal -6.772816e-01 0.000000e+00 7.357239e-01
    outer loop
      vertex   -1.589309e+00 0.000000e+00 1.929792e+00
      vertex   -1.589309e+00 4.000000e+00 1.929792e+00
      vertex   -1.791956e+00 0.000000e+00 1.743242e+00
    endloop
  endfacet
  facet normal -6.772816e-01 0.000000e+00 7.357239e-01
    outer loop
      vertex   -1.791956e+00 0.000000e+00 1.743242e+00
      vertex   -1.589309e+00 4.000000e+00 1.929792e+00
      vertex   -1.791956e+00 4.000000e+00 1.743242e+00
    endloop
  endfacet
  facet normal -7.541066e-01 0.000000e+00 6.567520e-01
    outer loop
      vertex   -1.791956e+00 0.000000e+00 1.743242e+00
      vertex   -1.791956e+00 4.000000e+00 1.743242e+00
      vertex   -1.972851e+00 0.000000e+00 1.535532e+00
    endloop
  endfacet
  facet normal -7.541066e-01 0.000000e+00 6.567520e-01
    outer loop
      vertex   -1.972851e+00 0.000000e+00 1.535532e+00
      vertex   -1.791956e+00 4.000000e+00 1.743242e+00
      vertex   -1.972851e+00 4.000000e+00 1.535532e+00
    endloop
  endfacet
  facet normal -8.217778e-01 0.000000e+00 5.698081e-01
    outer loop
      vertex   -1.972851e+00 0.000000e+00 1.535532e+00
      vertex   -1.972851e+00 4.000000e+00 1.535532e+00
      vertex   -2.129799e+00 0.000000e+00 1.309182e+00
    endloop
  endfacet
  facet normal -8.217778e-01 0.000000e+00 5.698081e-01
    outer loop
      vertex   -2.129799e+00 0.000000e+00 1.309182e+00
      vertex   -1.972851e+00 4.000000e+00 1.535532e+00
      vertex   -2.129799e+00 4.000000e+00 1.309182e+00
    endloop
  endfacet
  facet normal -8.794738e-01 0.000000e+00 4.759474e-01
    outer loop
      vertex   -2.129799e+00 0.000000e+00 1.309182e+00
      vertex   -2.129799e+00 4.000000e+00 1.309182e+00
      vertex   -2.260893e+00 0.000000e+00 1.066941e+00
    endloop
  endfacet
  facet normal -8.794738e-01 0.000000e+00 4.759474e-01
    outer loop
      vertex   -2.260893e+00 0.000000e+00 1.066941e+00
      vertex   -2.129799e+00 4.000000e+00 1.309182e+00
      vertex   -2.260893e+00 4.000000e+00 1.066941e+00
    endloop
  endfacet
  facet normal -9.264941e-01 0.000000e+00 3.763094e-01
    outer loop
      vertex   -2.260893e+00 0.000000e+00 1.066941e+00
      vertex   -2.260893e+00 4.000000e+00 1.066941e+00
      vertex   -2.364543e+00 0.000000e+00 8.117487e-01
    endloop
  endfacet
  facet normal -9.264941e-01 0.000000e+00 3.763094e-01
    outer loop
      vertex   -2.364543e+00 0.000000e+00 8.117487e-01
      vertex   -2.260893e+00 4.000000e+00 1.066941e+00
      vertex   -2.364543e+00 4.000000e+00 8.117487e-01
    endloop
  endfacet
  facet normal -9.622680e-01 0.000000e+00 2.721035e-01
    outer loop
      vertex   -2.364543e+00 0.000000e+00 8.117487e-01
      vertex   -2.364543e+00 4.000000e+00 8.117487e-01
      vertex   -2.439491e+00 0.000000e+00 5.467027e-01
    endloop
  endfacet
  facet normal -9.622680e-01 0.000000e+00 2.721035e-01
    outer loop
      vertex   -2.439491e+00 0.000000e+00 5.467027e-01
      vertex   -2.364543e+00 4.000000e+00 8.117487e-01
      vertex   -2.439491e+00 4.000000e+00 5.467027e-01
    endloop
  endfacet
  facet normal -9.863613e-01 0.000000e+00 1.645946e-01
    outer loop
      vertex   -2.439491e+00 0.000000e+00 5.467027e-01
      vertex   -2.439491e+00 4.000000e+00 5.467027e-01
      vertex   -2.484827e+00 0.000000e+00 2.750206e-01
    endloop
  endfacet
  facet normal -9.863613e-01 0.000000e+00 1.645946e-01
    outer loop
      vertex   -2.484827e+00 0.000000e+00 2.750206e-01
      vertex   -2.439491e+00 4.000000e+00 5.467027e-01
      vertex   -2.484827e+00 4.000000e+00 2.750206e-01
    endloop
  endfacet
  facet normal -9.984815e-01 -0.000000e+00 -5.508776e-02
    outer loop
      vertex   -2.484827e+00 8.000000e+00 -2.750206e-01
      vertex   -2.484827e+00 4.000000e+00 -2.750206e-01
      vertex   -2.500000e+00 8.000000e+00 3.061617e-16
    endloop
  endfacet
  facet normal -9.984815e-01 8.432881e-18 -5.508776e-02
    outer loop
      vertex   -2.500000e+00 8.000000e+00 3.061617e-16
      vertex   -2.484827e+00 4.000000e+00 -2.750206e-01
      vertex   -2.500000e+00 4.000000e+00 -3.061617e-16
    endloop
  endfacet
  facet normal -9.984815e-01 -8.432881e-18 5.508776e-02
    outer loop
      vertex   -2.500000e+00 8.000000e+00 3.061617e-16
      vertex   -2.500000e+00 4.000000e+00 -3.061617e-16
      vertex   -2.484827e+00 8.000000e+00 2.750206e-01
    endloop
  endfacet
  facet normal -9.984815e-01 0.000000e+00 5.508776e-02
    outer loop
      vertex   -2.484827e+00 8.000000e+00 2.750206e-01
      vertex   -2.500000e+00 4.000000e+00 -3.061617e-16
      vertex   -2.484827e+00 4.000000e+00 2.750206e-01
    endloop
  endfacet
  facet normal -9.863613e-01 0.000000e+00 1.645946e-01
    outer loop
      vertex   -2.484827e+00 8.000000e+00 2.750206e-01
      vertex   -2.484827e+00 4.000000e+00 2.750206e-01
      vertex   -2.439491e+00 8.000000e+00 5.467027e-01
    endloop
  endfacet
  facet normal -9.863613e-01 0.000000e+00 1.645946e-01
    outer loop
      vertex   -2.439491e+00 8.000000e+00 5.467027e-01
      vertex   -2.484827e+00 4.000000e+00 2.750206e-01
      vertex   -2.439491e+00 4.000000e+00 5.467027e-01
    endloop
  endfacet
  facet normal -9.622680e-01 0.000000e+00 2.721035e-01
    outer loop
      vertex   -2.439491e+00 8.000000e+00 5.467027e-01
      vertex   -2.439491e+00 4.000000e+00 5.467027e-01
      vertex   -2.364543e+00 8.000000e+00 8.117487e-01
    endloop
  endfacet
  facet normal -9.622680e-01 0.000000e+00 2.721035e-01
    outer loop
      vertex   -2.364543e+00 8.000000e+00 8.117487e-01
      vertex   -2.439491e+00 4.000000e+00 5.467027e-01
      vertex   -2.364543e+00 4.000000e+00 8.117487e-01
    endloop
  endfacet
  facet normal -9.264941e-01 0.000000e+00 3.763094e-01
    outer loop
      vertex   -2.364543e+00 8.000000e+00 8.117487e-01
      vertex   -2.364543e+00 4.000000e+00 8.117487e-01
      vertex   -2.260893e+00 8.000000e+00 1.066941e+00
    endloop
  endfacet
  facet normal -9.264941e-01 0.000000e+00 3.763094e-01
    outer loop
      vertex   -2.260893e+00 8.000000e+00 1.066941e+00
      vertex   -2.364543e+00 4.000000e+00 8.117487e-01
      vertex   -2.260893e+00 4.000000e+00 1.066941e+00
    endloop
  endfacet
  facet normal -8.794738e-01 0.000000e+00 4.759474e-01
    outer loop
      vertex   -2.260893e+00 8.000000e+00 1.066941e+00
      vertex   -2.260893e+00 4.000000e+00 1.066941e+00
      vertex   -2.129799e+00 8.000000e+00 1.309182e+00
    endloop
  endfacet
  facet normal -8.794738e-01 0.000000e+00 4.759474e-01
    outer loop
      vertex   -2.129799e+00 8.000000e+00 1.309182e+00
      vertex   -2.260893e+00 4.000000e+00 1.066941e+00
      vertex   -2.129799e+00 4.000000e+00 1.309182e+00
    endloop
  endfacet
  facet normal -8.217778e-01 0.000000e+00 5.698081e-01
    outer loop
      vertex   -2.129799e+00 8.000000e+00 1.309182e+00
      vertex   -2.129799e+00 4.000000e+00 1.309182e+00
      vertex   -1.972851e+00 8.000000e+00 1.535532e+00
    endloop
  endfacet
  facet normal -8.217778e-01 0.000000e+00 5.698081e-01
    outer loop
      vertex   -1.972851e+00 8.000000e+00 1.535532e+00
      vertex   -2.129799e+00 4.000000e+00 1.309182e+00
      vertex   -1.972851e+00 4.000000e+00 1.535532e+00
    endloop
  endfacet
  facet normal -7.541066e-01 0.000000e+00 6.567520e-01
    outer loop
      vertex   -1.972851e+00 8.000000e+00 1.535532e+00
      vertex   -1.972851e+00 4.000000e+00 1.535532e+00
      vertex   -1.791956e+00 8.000000e+00 1.743242e+00
    endloop
  endfacet
  facet normal -7.541066e-01 0.000000e+00 6.567520e-01
    outer loop
      vertex   -1.791956e+00 8.000000e+00 1.743242e+00
      vertex   -1.972851e+00 4.000000e+00 1.535532e+00
      vertex   -1.791956e+00 4.000000e+00 1.743242e+00
    endloop
  endfacet
  facet normal -6.772816e-01 0.000000e+00 7.357239e-01
    outer loop
      vertex   -1.791956e+00 8.000000e+00 1.743242e+00
      vertex   -1.791956e+00 4.000000e+00 1.743242e+00
      vertex   -1.589309e+00 8.000000e+00 1.929792e+00
    endloop
  endfacet
  facet normal -6.772816e-01 0.000000e+00 7.357239e-01
    outer loop
      vertex   -1.589309e+00 8.000000e+00 1.929792e+00
      vertex   -1.791956e+00 4.000000e+00 1.743242e+00
      vertex   -1.589309e+00 4.000000e+00 1.929792e+00
    endloop
  endfacet
  facet normal -5.922353e-01 0.000000e+00 8.057651e-01
    outer loop
      vertex   -1.589309e+00 8.000000e+00 1.929792e+00
      vertex   -1.589309e+00 4.000000e+00 1.929792e+00
      vertex   -1.367370e+00 8.000000e+00 2.092916e+00
    endloop
  endfacet
  facet normal -5.922353e-01 0.000000e+00 8.057651e-01
    outer loop
      vertex   -1.367370e+00 8.000000e+00 2.092916e+00
      vertex   -1.589309e+00 4.000000e+00 1.929792e+00
      vertex   -1.367370e+00 4.000000e+00 2.092916e+00
    endloop
  endfacet
  facet normal -5.000000e-01 0.000000e+00 8.660254e-01
    outer loop
      vertex   -1.367370e+00 8.000000e+00 2.092916e+00
      vertex   -1.367370e+00 4.000000e+00 2.092916e+00
      vertex   -1.128833e+00 8.000000e+00 2.230636e+00
    endloop
  endfacet
  facet normal -5.000000e-01 0.000000e+00 8.660254e-01
    outer loop
      vertex   -1.128833e+00 8.000000e+00 2.230636e+00
      vertex   -1.367370e+00 4.000000e+00 2.092916e+00
      vertex   -1.128833e+00 4.000000e+00 2.230636e+00
    endloop
  endfacet
  facet normal -4.016954e-01 0.000000e+00 9.157733e-01
    outer loop
      vertex   -1.128833e+00 8.000000e+00 2.230636e+00
      vertex   -1.128833e+00 4.000000e+00 2.230636e+00
      vertex   -8.765939e-01 8.000000e+00 2.341278e+00
    endloop
  endfacet
  facet normal -4.016954e-01 -5.574644e-17 9.157733e-01
    outer loop
      vertex   -8.765939e-01 8.000000e+00 2.341278e+00
      vertex   -1.128833e+00 4.000000e+00 2.230636e+00
      vertex   -8.765939e-01 4.000000e+00 2.341278e+00
    endloop
  endfacet
  facet normal -2.985148e-01 -4.142725e-17 9.544050e-01
    outer loop
      vertex   -8.765939e-01 8.000000e+00 2.341278e+00
      vertex   -8.765939e-01 4.000000e+00 2.341278e+00
      vertex   -6.137137e-01 8.000000e+00 2.423501e+00
    endloop
  endfacet
  facet normal -2.985148e-01 6.453299e-17 9.544050e-01
    outer loop
      vertex   -6.137137e-01 8.000000e+00 2.423501e+00
      vertex   -8.765939e-01 4.000000e+00 2.341278e+00
      vertex   -6.137137e-01 4.000000e+00 2.423501e+00
    endloop
  endfacet
  facet normal -1.917106e-01 8.235781e-17 9.814515e-01
    outer loop
      vertex   -6.137137e-01 8.000000e+00 2.423501e+00
      vertex   -6.137137e-01 4.000000e+00 2.423501e+00
      vertex   -3.433839e-01 8.000000e+00 2.476305e+00
    endloop
  endfacet
  facet normal -1.917106e-01 8.235781e-17 9.814515e-01
    outer loop
      vertex   -3.433839e-01 8.000000e+00 2.476305e+00
      vertex   -6.137137e-01 4.000000e+00 2.423501e+00
      vertex   -3.433839e-01 4.000000e+00 2.476305e+00
    endloop
  endfacet
  facet normal -8.257935e-02 9.918292e-17 9.965845e-01
    outer loop
      vertex   -3.433839e-01 8.000000e+00 2.476305e+00
      vertex   -3.433839e-01 4.000000e+00 2.476305e+00
      vertex   -6.888586e-02 8.000000e+00 2.499051e+00
    endloop
  endfacet
  facet normal -8.257935e-02 -1.146019e-17 9.965845e-01
    outer loop
      vertex   -6.888586e-02 8.000000e+00 2.499051e+00
      vertex   -3.433839e-01 4.000000e+00 2.476305e+00
      vertex   -6.888586e-02 4.000000e+00 2.499051e+00
    endloop
  endfacet
  facet normal 2.755434e-02 3.823933e-18 9.996203e-01
    outer loop
      vertex   -6.888586e-02 8.000000e+00 2.499051e+00
      vertex   -6.888586e-02 4.000000e+00 2.499051e+00
      vertex   2.064484e-01 8.000000e+00 2.491461e+00
    endloop
  endfacet
  facet normal 2.755434e-02 3.823933e-18 9.996203e-01
    outer loop
      vertex   2.064484e-01 8.000000e+00 2.491461e+00
      vertex   -6.888586e-02 4.000000e+00 2.499051e+00
      vertex   2.064484e-01 4.000000e+00 2.491461e+00
    endloop
  endfacet
  facet normal 1.373536e-01 1.906164e-17 9.905221e-01
    outer loop
      vertex   2.064484e-01 8.000000e+00 2.491461e+00
      vertex   2.064484e-01 4.000000e+00 2.491461e+00
      vertex   4.792766e-01 8.000000e+00 2.453629e+00
    endloop
  endfacet
  facet normal 1.373536e-01 1.906164e-17 9.905221e-01
    outer loop
      vertex   4.792766e-01 8.000000e+00 2.453629e+00
      vertex   2.064484e-01 4.000000e+00 2.491461e+00
      vertex   4.792766e-01 4.000000e+00 2.453629e+00
    endloop
  endfacet
  facet normal 2.454855e-01 3.406796e-17 9.694003e-01
    outer loop
      vertex   4.792766e-01 8.000000e+00 2.453629e+00
      vertex   4.792766e-01 4.000000e+00 2.453629e+00
      vertex   7.462870e-01 8.000000e+00 2.386013e+00
    endloop
  endfacet
  facet normal 2.454855e-01 3.406796e-17 9.694003e-01
    outer loop
      vertex   7.462870e-01 8.000000e+00 2.386013e+00
      vertex   4.792766e-01 4.000000e+00 2.453629e+00
      vertex   7.462870e-01 4.000000e+00 2.386013e+00
    endloop
  endfacet
  facet normal 3.506376e-01 4.866074e-17 9.365112e-01
    outer loop
      vertex   7.462870e-01 8.000000e+00 2.386013e+00
      vertex   7.462870e-01 4.000000e+00 2.386013e+00
      vertex   1.004239e+00 8.000000e+00 2.289433e+00
    endloop
  endfacet
  facet normal 3.506376e-01 3.892859e-17 9.365112e-01
    outer loop
      vertex   1.004239e+00 8.000000e+00 2.289433e+00
      vertex   7.462870e-01 4.000000e+00 2.386013e+00
      vertex   1.004239e+00 4.000000e+00 2.289433e+00
    endloop
  endfacet
  facet normal 4.515334e-01 5.013027e-17 8.922542e-01
    outer loop
      vertex   1.004239e+00 8.000000e+00 2.289433e+00
      vertex   1.004239e+00 4.000000e+00 2.289433e+00
      vertex   1.250000e+00 8.000000e+00 2.165064e+00
    endloop
  endfacet
  facet normal 4.515334e-01 -4.892985e-17 8.922542e-01
    outer loop
      vertex   1.250000e+00 8.000000e+00 2.165064e+00
      vertex   1.004239e+00 4.000000e+00 2.289433e+00
      vertex   1.250000e+00 4.000000e+00 2.165064e+00
    endloop
  endfacet
  facet normal 5.469482e-01 -3.222071e-17 8.371665e-01
    outer loop
      vertex   1.250000e+00 8.000000e+00 2.165064e+00
      vertex   1.250000e+00 4.000000e+00 2.165064e+00
      vertex   1.480588e+00 8.000000e+00 2.014413e+00
    endloop
  endfacet
  facet normal 5.469482e-01 9.108517e-17 8.371665e-01
    outer loop
      vertex   1.480588e+00 8.000000e+00 2.014413e+00
      vertex   1.250000e+00 4.000000e+00 2.165064e+00
      vertex   1.480588e+00 4.000000e+00 2.014413e+00
    endloop
  endfacet
  facet normal 6.357237e-01 1.058693e-16 7.719167e-01
    outer loop
      vertex   1.480588e+00 8.000000e+00 2.014413e+00
      vertex   1.480588e+00 4.000000e+00 2.014413e+00
      vertex   1.693204e+00 8.000000e+00 1.839310e+00
    endloop
  endfacet
  facet normal 6.357237e-01 0.000000e+00 7.719167e-01
    outer loop
      vertex   1.693204e+00 8.000000e+00 1.839310e+00
      vertex   1.480588e+00 4.000000e+00 2.014413e+00
      vertex   1.693204e+00 4.000000e+00 1.839310e+00
    endloop
  endfacet
  facet normal 7.167825e-01 0.000000e+00 6.972968e-01
    outer loop
      vertex   1.693204e+00 8.000000e+00 1.839310e+00
      vertex   1.693204e+00 4.000000e+00 1.839310e+00
      vertex   1.885267e+00 8.000000e+00 1.641880e+00
    endloop
  endfacet
  facet normal 7.167825e-01 7.741550e-17 6.972968e-01
    outer loop
      vertex   1.885267e+00 8.000000e+00 1.641880e+00
      vertex   1.693204e+00 4.000000e+00 1.839310e+00
      vertex   1.885267e+00 4.000000e+00 1.641880e+00
    endloop
  endfacet
  facet normal 7.891405e-01 6.819131e-17 6.142127e-01
    outer loop
      vertex   1.885267e+00 8.000000e+00 1.641880e+00
      vertex   1.885267e+00 4.000000e+00 1.641880e+00
      vertex   2.054445e+00 8.000000e+00 1.424520e+00
    endloop
  endfacet
  facet normal 7.891405e-01 0.000000e+00 6.142127e-01
    outer loop
      vertex   2.054445e+00 8.000000e+00 1.424520e+00
      vertex   1.885267e+00 4.000000e+00 1.641880e+00
      vertex   2.054445e+00 4.000000e+00 1.424520e+00
    endloop
  endfacet
  facet normal 8.519194e-01 0.000000e+00 5.236729e-01
    outer loop
      vertex   2.054445e+00 8.000000e+00 1.424520e+00
      vertex   2.054445e+00 4.000000e+00 1.424520e+00
      vertex   2.198684e+00 8.000000e+00 1.189869e+00
    endloop
  endfacet
  facet normal 8.519194e-01 0.000000e+00 5.236729e-01
    outer loop
      vertex   2.198684e+00 8.000000e+00 1.189869e+00
      vertex   2.054445e+00 4.000000e+00 1.424520e+00
      vertex   2.198684e+00 4.000000e+00 1.189869e+00
    endloop
  endfacet
  facet normal 9.043572e-01 0.000000e+00 4.267764e-01
    outer loop
      vertex   2.198684e+00 8.000000e+00 1.189869e+00
      vertex   2.198684e+00 4.000000e+00 1.189869e+00
      vertex   2.316235e+00 8.000000e+00 9.407734e-01
    endloop
  endfacet
  facet normal 9.043572e-01 0.000000e+00 4.267764e-01
    outer loop
      vertex   2.316235e+00 8.000000e+00 9.407734e-01
      vertex   2.198684e+00 4.000000e+00 1.189869e+00
      vertex   2.316235e+00 4.000000e+00 9.407734e-01
    endloop
  endfacet
  facet normal 9.458172e-01 0.000000e+00 3.246995e-01
    outer loop
      vertex   2.316235e+00 8.000000e+00 9.407734e-01
      vertex   2.316235e+00 4.000000e+00 9.407734e-01
      vertex   2.405670e+00 8.000000e+00 6.802587e-01
    endloop
  endfacet
  facet normal 9.458172e-01 0.000000e+00 3.246995e-01
    outer loop
      vertex   2.405670e+00 8.000000e+00 6.802587e-01
      vertex   2.316235e+00 4.000000e+00 9.407734e-01
      vertex   2.405670e+00 4.000000e+00 6.802587e-01
    endloop
  endfacet
  facet normal 9.757964e-01 0.000000e+00 2.186811e-01
    outer loop
      vertex   2.405670e+00 8.000000e+00 6.802587e-01
      vertex   2.405670e+00 4.000000e+00 6.802587e-01
      vertex   2.465903e+00 8.000000e+00 4.114865e-01
    endloop
  endfacet
  facet normal 9.757964e-01 3.034810e-18 2.186811e-01
    outer loop
      vertex   2.465903e+00 8.000000e+00 4.114865e-01
      vertex   2.405670e+00 4.000000e+00 6.802587e-01
      vertex   2.465903e+00 4.000000e+00 4.114865e-01
    endloop
  endfacet
  facet normal 9.939307e-01 1.526671e-18 1.100082e-01
    outer loop
      vertex   2.465903e+00 8.000000e+00 4.114865e-01
      vertex   2.465903e+00 4.000000e+00 4.114865e-01
      vertex   2.496204e+00 8.000000e+00 1.377194e-01
    endloop
  endfacet
  facet normal 9.939307e-01 0.000000e+00 1.100082e-01
    outer loop
      vertex   2.496204e+00 8.000000e+00 1.377194e-01
      vertex   2.465903e+00 4.000000e+00 4.114865e-01
      vertex   2.496204e+00 4.000000e+00 1.377194e-01
    endloop
  endfacet
  facet normal 1.000000e+00 0.000000e+00 0.000000e+00
    outer loop
      vertex   2.496204e+00 8.000000e+00 1.377194e-01
      vertex   2.496204e+00 4.000000e+00 1.377194e-01
      vertex   2.496204e+00 8.000000e+00 -1.377194e-01
    endloop
  endfacet
  facet normal 1.000000e+00 0.000000e+00 0.000000e+00
    outer loop
      vertex   2.496204e+00 8.000000e+00 -1.377194e-01
      vertex   2.496204e+00 4.000000e+00 1.377194e-01
      vertex   2.496204e+00 4.000000e+00 -1.377194e-01
    endloop
  endfacet
  facet normal 9.939307e-01 0.000000e+00 -1.100082e-01
    outer loop
      vertex   2.496204e+00 8.000000e+00 -1.377194e-01
      vertex   2.496204e+00 4.000000e+00 -1.377194e-01
      vertex   2.465903e+00 8.000000e+00 -4.114865e-01
    endloop
  endfacet
  facet normal 9.939307e-01 1.526671e-18 -1.100082e-01
    outer loop
      vertex   2.465903e+00 8.000000e+00 -4.114865e-01
      vertex   2.496204e+00 4.000000e+00 -1.377194e-01
      vertex   2.465903e+00 4.000000e+00 -4.114865e-01
    endloop
  endfacet
  facet normal 9.757964e-01 3.034810e-18 -2.186811e-01
    outer loop
      vertex   2.465903e+00 8.000000e+00 -4.114865e-01
      vertex   2.465903e+00 4.000000e+00 -4.114865e-01
      vertex   2.405670e+00 8.000000e+00 -6.802587e-01
    endloop
  endfacet
  facet normal 9.757964e-01 0.000000e+00 -2.186811e-01
    outer loop
      vertex   2.405670e+00 8.000000e+00 -6.802587e-01
      vertex   2.465903e+00 4.000000e+00 -4.114865e-01
      vertex   2.405670e+00 4.000000e+00 -6.802587e-01
    endloop
  endfacet
  facet normal 9.458172e-01 0.000000e+00 -3.246995e-01
    outer loop
      vertex   2.405670e+00 8.000000e+00 -6.802587e-01
      vertex   2.405670e+00 4.000000e+00 -6.802587e-01
      vertex   2.316235e+00 8.000000e+00 -9.407734e-01
    endloop
  endfacet
  facet normal 9.458172e-01 0.000000e+00 -3.246995e-01
    outer loop
      vertex   2.316235e+00 8.000000e+00 -9.407734e-01
      vertex   2.405670e+00 4.000000e+00 -6.802587e-01
      vertex   2.316235e+00 4.000000e+00 -9.407734e-01
    endloop
  endfacet
  facet normal 9.043572e-01 0.000000e+00 -4.267764e-01
    outer loop
      vertex   2.316235e+00 8.000000e+00 -9.407734e-01
      vertex   2.316235e+00 4.000000e+00 -9.407734e-01
      vertex   2.198684e+00 8.000000e+00 -1.189869e+00
    endloop
  endfacet
  facet normal 9.043572e-01 0.000000e+00 -4.267764e-01
    outer loop
      vertex   2.198684e+00 8.000000e+00 -1.189869e+00
      vertex   2.316235e+00 4.000000e+00 -9.407734e-01
      vertex   2.198684e+00 4.000000e+00 -1.189869e+00
    endloop
  endfacet
  facet normal 8.519194e-01 0.000000e+00 -5.236729e-01
    outer loop
      vertex   2.198684e+00 8.000000e+00 -1.189869e+00
      vertex   2.198684e+00 4.000000e+00 -1.189869e+00
      vertex   2.054445e+00 8.000000e+00 -1.424520e+00
    endloop
  endfacet
  facet normal 8.519194e-01 0.000000e+00 -5.236729e-01
    outer loop
      vertex   2.054445e+00 8.000000e+00 -1.424520e+00
      vertex   2.198684e+00 4.000000e+00 -1.189869e+00
      vertex   2.054445e+00 4.000000e+00 -1.424520e+00
    endloop
  endfacet
  facet normal 7.891405e-01 0.000000e+00 -6.142127e-01
    outer loop
      vertex   2.054445e+00 8.000000e+00 -1.424520e+00
      vertex   2.054445e+00 4.000000e+00 -1.424520e+00
      vertex   1.885267e+00 8.000000e+00 -1.641880e+00
    endloop
  endfacet
  facet normal 7.891405e-01 6.819131e-17 -6.142127e-01
    outer loop
      vertex   1.885267e+00 8.000000e+00 -1.641880e+00
      vertex   2.054445e+00 4.000000e+00 -1.424520e+00
      vertex   1.885267e+00 4.000000e+00 -1.641880e+00
    endloop
  endfacet
  facet normal 7.167825e-01 7.741550e-17 -6.972968e-01
    outer loop
      vertex   1.885267e+00 8.000000e+00 -1.641880e+00
      vertex   1.885267e+00 4.000000e+00 -1.641880e+00
      vertex   1.693204e+00 8.000000e+00 -1.839310e+00
    endloop
  endfacet
  facet normal 7.167825e-01 0.000000e+00 -6.972968e-01
    outer loop
      vertex   1.693204e+00 8.000000e+00 -1.839310e+00
      vertex   1.885267e+00 4.000000e+00 -1.641880e+00
      vertex   1.693204e+00 4.000000e+00 -1.839310e+00
    endloop
  endfacet
  facet normal 6.357237e-01 0.000000e+00 -7.719167e-01
    outer loop
      vertex   1.693204e+00 8.000000e+00 -1.839310e+00
      vertex   1.693204e+00 4.000000e+00 -1.839310e+00
      vertex   1.480588e+00 8.000000e+00 -2.014413e+00
    endloop
  endfacet
  facet normal 6.357237e-01 1.512045e-17 -7.719167e-01
    outer loop
      vertex   1.480588e+00 8.000000e+00 -2.014413e+00
      vertex   1.693204e+00 4.000000e+00 -1.839310e+00
      vertex   1.480588e+00 4.000000e+00 -2.014413e+00
    endloop
  endfacet
  facet normal 5.469482e-01 3.222071e-17 -8.371665e-01
    outer loop
      vertex   1.480588e+00 8.000000e+00 -2.014413e+00
      vertex   1.480588e+00 4.000000e+00 -2.014413e+00
      vertex   1.250000e+00 8.000000e+00 -2.165064e+00
    endloop
  endfacet
  facet normal 5.469482e-01 -9.108517e-17 -8.371665e-01
    outer loop
      vertex   1.250000e+00 8.000000e+00 -2.165064e+00
      vertex   1.480588e+00 4.000000e+00 -2.014413e+00
      vertex   1.250000e+00 4.000000e+00 -2.165064e+00
    endloop
  endfacet
  facet normal 4.515334e-01 -7.519541e-17 -8.922542e-01
    outer loop
      vertex   1.250000e+00 8.000000e+00 -2.165064e+00
      vertex   1.250000e+00 4.000000e+00 -2.165064e+00
      vertex   1.004239e+00 8.000000e+00 -2.289433e+00
    endloop
  endfacet
  facet normal 4.515334e-01 0.000000e+00 -8.922542e-01
    outer loop
      vertex   1.004239e+00 8.000000e+00 -2.289433e+00
      vertex   1.250000e+00 4.000000e+00 -2.165064e+00
      vertex   1.004239e+00 4.000000e+00 -2.289433e+00
    endloop
  endfacet
  facet normal 3.506376e-01 0.000000e+00 -9.365112e-01
    outer loop
      vertex   1.004239e+00 8.000000e+00 -2.289433e+00
      vertex   1.004239e+00 4.000000e+00 -2.289433e+00
      vertex   7.462870e-01 8.000000e+00 -2.386013e+00
    endloop
  endfacet
  facet normal 3.506376e-01 0.000000e+00 -9.365112e-01
    outer loop
      vertex   7.462870e-01 8.000000e+00 -2.386013e+00
      vertex   1.004239e+00 4.000000e+00 -2.289433e+00
      vertex   7.462870e-01 4.000000e+00 -2.386013e+00
    endloop
  endfacet
  facet normal 2.454855e-01 0.000000e+00 -9.694003e-01
    outer loop
      vertex   7.462870e-01 8.000000e+00 -2.386013e+00
      vertex   7.462870e-01 4.000000e+00 -2.386013e+00
      vertex   4.792766e-01 8.000000e+00 -2.453629e+00
    endloop
  endfacet
  facet normal 2.454855e-01 0.000000e+00 -9.694003e-01
    outer loop
      vertex   4.792766e-01 8.000000e+00 -2.453629e+00
      vertex   7.462870e-01 4.000000e+00 -2.386013e+00
      vertex   4.792766e-01 4.000000e+00 -2.453629e+00
    endloop
  endfacet
  facet normal 1.373536e-01 0.000000e+00 -9.905221e-01
    outer loop
      vertex   4.792766e-01 8.000000e+00 -2.453629e+00
      vertex   4.792766e-01 4.000000e+00 -2.453629e+00
      vertex   2.064484e-01 8.000000e+00 -2.491461e+00
    endloop
  endfacet
  facet normal 1.373536e-01 0.000000e+00 -9.905221e-01
    outer loop
      vertex   2.064484e-01 8.000000e+00 -2.491461e+00
      vertex   4.792766e-01 4.000000e+00 -2.453629e+00
      vertex   2.064484e-01 4.000000e+00 -2.491461e+00
    endloop
  endfacet
  facet normal 2.755434e-02 0.000000e+00 -9.996203e-01
    outer loop
      vertex   2.064484e-01 8.000000e+00 -2.491461e+00
      vertex   2.064484e-01 4.000000e+00 -2.491461e+00
      vertex   -6.888586e-02 8.000000e+00 -2.499051e+00
    endloop
  endfacet
  facet normal 2.755434e-02 0.000000e+00 -9.996203e-01
    outer loop
      vertex   -6.888586e-02 8.000000e+00 -2.499051e+00
      vertex   2.064484e-01 4.000000e+00 -2.491461e+00
      vertex   -6.888586e-02 4.000000e+00 -2.499051e+00
    endloop
  endfacet
  facet normal -8.257935e-02 -0.000000e+00 -9.965845e-01
    outer loop
      vertex   -6.888586e-02 8.000000e+00 -2.499051e+00
      vertex   -6.888586e-02 4.000000e+00 -2.499051e+00
      vertex   -3.433839e-01 8.000000e+00 -2.476305e+00
    endloop
  endfacet
  facet normal -8.257935e-02 -0.000000e+00 -9.965845e-01
    outer loop
      vertex   -3.433839e-01 8.000000e+00 -2.476305e+00
      vertex   -6.888586e-02 4.000000e+00 -2.499051e+00
      vertex   -3.433839e-01 4.000000e+00 -2.476305e+00
    endloop
  endfacet
  facet normal -1.917106e-01 -0.000000e+00 -9.814515e-01
    outer loop
      vertex   -3.433839e-01 8.000000e+00 -2.476305e+00
      vertex   -3.433839e-01 4.000000e+00 -2.476305e+00
      vertex   -6.137137e-01 8.000000e+00 -2.423501e+00
    endloop
  endfacet
  facet normal -1.917106e-01 -0.000000e+00 -9.814515e-01
    outer loop
      vertex   -6.137137e-01 8.000000e+00 -2.423501e+00
      vertex   -3.433839e-01 4.000000e+00 -2.476305e+00
      vertex   -6.137137e-01 4.000000e+00 -2.423501e+00
    endloop
  endfacet
  facet normal -2.985148e-01 -0.000000e+00 -9.544050e-01
    outer loop
      vertex   -6.137137e-01 8.000000e+00 -2.423501e+00
      vertex   -6.137137e-01 4.000000e+00 -2.423501e+00
      vertex   -8.765939e-01 8.000000e+00 -2.341278e+00
    endloop
  endfacet
  facet normal -2.985148e-01 -0.000000e+00 -9.544050e-01
    outer loop
      vertex   -8.765939e-01 8.000000e+00 -2.341278e+00
      vertex   -6.137137e-01 4.000000e+00 -2.423501e+00
      vertex   -8.765939e-01 4.000000e+00 -2.341278e+00
    endloop
  endfacet
  facet normal -4.016954e-01 -0.000000e+00 -9.157733e-01
    outer loop
      vertex   -8.765939e-01 8.000000e+00 -2.341278e+00
      vertex   -8.765939e-01 4.000000e+00 -2.341278e+00
      vertex   -1.128833e+00 8.000000e+00 -2.230636e+00
    endloop
  endfacet
  facet normal -4.016954e-01 -0.000000e+00 -9.157733e-01
    outer loop
      vertex   -1.128833e+00 8.000000e+00 -2.230636e+00
      vertex   -8.765939e-01 4.000000e+00 -2.341278e+00
      vertex   -1.128833e+00 4.000000e+00 -2.230636e+00
    endloop
  endfacet
  facet normal -5.000000e-01 -0.000000e+00 -8.660254e-01
    outer loop
      vertex   -1.128833e+00 8.000000e+00 -2.230636e+00
      vertex   -1.128833e+00 4.000000e+00 -2.230636e+00
      vertex   -1.367370e+00 8.000000e+00 -2.092916e+00
    endloop
  endfacet
  facet normal -5.000000e-01 -0.000000e+00 -8.660254e-01
    outer loop
      vertex   -1.367370e+00 8.000000e+00 -2.092916e+00
      vertex   -1.128833e+00 4.000000e+00 -2.230636e+00
      vertex   -1.367370e+00 4.000000e+00 -2.092916e+00
    endloop
  endfacet
  facet normal -5.922353e-01 -0.000000e+00 -8.057651e-01
    outer loop
      vertex   -1.367370e+00 8.000000e+00 -2.092916e+00
      vertex   -1.367370e+00 4.000000e+00 -2.092916e+00
      vertex   -1.589309e+00 8.000000e+00 -1.929792e+00
    endloop
  endfacet
  facet normal -5.922353e-01 -0.000000e+00 -8.057651e-01
    outer loop
      vertex   -1.589309e+00 8.000000e+00 -1.929792e+00
      vertex   -1.367370e+00 4.000000e+00 -2.092916e+00
      vertex   -1.589309e+00 4.000000e+00 -1.929792e+00
    endloop
  endfacet
  facet normal -6.772816e-01 -0.000000e+00 -7.357239e-01
    outer loop
      vertex   -1.589309e+00 8.000000e+00 -1.929792e+00
      vertex   -1.589309e+00 4.000000e+00 -1.929792e+00
      vertex   -1.791956e+00 8.000000e+00 -1.743242e+00
    endloop
  endfacet
  facet normal -6.772816e-01 -0.000000e+00 -7.357239e-01
    outer loop
      vertex   -1.791956e+00 8.000000e+00 -1.743242e+00
      vertex   -1.589309e+00 4.000000e+00 -1.929792e+00
      vertex   -1.791956e+00 4.000000e+00 -1.743242e+00
    endloop
  endfacet
  facet normal -7.541066e-01 -0.000000e+00 -6.567520e-01
    outer loop
      vertex   -1.791956e+00 8.000000e+00 -1.743242e+00
      vertex   -1.791956e+00 4.000000e+00 -1.743242e+00
      vertex   -1.972851e+00 8.000000e+00 -1.535532e+00
    endloop
  endfacet
  facet normal -7.541066e-01 -0.000000e+00 -6.567520e-01
    outer loop
      vertex   -1.972851e+00 8.000000e+00 -1.535532e+00
      vertex   -1.791956e+00 4.000000e+00 -1.743242e+00
      vertex   -1.972851e+00 4.000000e+00 -1.535532e+00
    endloop
  endfacet
  facet normal -8.217778e-01 -0.000000e+00 -5.698081e-01
    outer loop
      vertex   -1.972851e+00 8.000000e+00 -1.535532e+00
      vertex   -1.972851e+00 4.000000e+00 -1.535532e+00
      vertex   -2.129799e+00 8.000000e+00 -1.309182e+00
    endloop
  endfacet
  facet normal -8.217778e-01 -0.000000e+00 -5.698081e-01
    outer loop
      vertex   -2.129799e+00 8.000000e+00 -1.309182e+00
      vertex   -1.972851e+00 4.000000e+00 -1.535532e+00
      vertex   -2.129799e+00 4.000000e+00 -1.309182e+00
    endloop
  endfacet
  facet normal -8.794738e-01 -0.000000e+00 -4.759474e-01
    outer loop
      vertex   -2.129799e+00 8.000000e+00 -1.309182e+00
      vertex   -2.129799e+00 4.000000e+00 -1.309182e+00
      vertex   -2.260893e+00 8.000000e+00 -1.066941e+00
    endloop
  endfacet
  facet normal -8.794738e-01 -0.000000e+00 -4.759474e-01
    outer loop
      vertex   -2.260893e+00 8.000000e+00 -1.066941e+00
      vertex   -2.129799e+00 4.000000e+00 -1.309182e+00
      vertex   -2.260893e+00 4.000000e+00 -1.066941e+00
    endloop
  endfacet
  facet normal -9.264941e-01 -0.000000e+00 -3.763094e-01
    outer loop
      vertex   -2.260893e+00 8.000000e+00 -1.066941e+00
      vertex   -2.260893e+00 4.000000e+00 -1.066941e+00
      vertex   -2.364543e+00 8.000000e+00 -8.117487e-01
    endloop
  endfacet
  facet normal -9.264941e-01 -0.000000e+00 -3.763094e-01
    outer loop
      vertex   -2.364543e+00 8.000000e+00 -8.117487e-01
      vertex   -2.260893e+00 4.000000e+00 -1.066941e+00
      vertex   -2.364543e+00 4.000000e+00 -8.117487e-01
    endloop
  endfacet
  facet normal -9.622680e-01 -0.000000e+00 -2.721035e-01
    outer loop
      vertex   -2.364543e+00 8.000000e+00 -8.117487e-01
      vertex   -2.364543e+00 4.000000e+00 -8.117487e-01
      vertex   -2.439491e+00 8.000000e+00 -5.467027e-01
    endloop
  endfacet
  facet normal -9.622680e-01 -0.000000e+00 -2.721035e-01
    outer loop
      vertex   -2.439491e+00 8.000000e+00 -5.467027e-01
      vertex   -2.364543e+00 4.000000e+00 -8.117487e-01
      vertex   -2.439491e+00 4.000000e+00 -5.467027e-01
    endloop
  endfacet
  facet normal -9.863613e-01 -0.000000e+00 -1.645946e-01
    outer loop
      vertex   -2.439491e+00 8.000000e+00 -5.467027e-01
      vertex   -2.439491e+00 4.000000e+00 -5.467027e-01
      vertex   -2.484827e+00 8.000000e+00 -2.750206e-01
    endloop
  endfacet
  facet normal -9.863613e-01 -0.000000e+00 -1.645946e-01
    outer loop
      vertex   -2.484827e+00 8.000000e+00 -2.750206e-01
      vertex   -2.439491e+00 4.000000e+00 -5.467027e-01
      vertex   -2.484827e+00 4.000000e+00 -2.750206e-01
    endloop
  endfacet
  facet normal 0.000000e+00 1.000000e+00 0.000000e+00
    outer loop
      vertex   -4.854709e-01 1.000000e+01 1.196578e-01
      vertex   4.854709e-01 1.000000e+01 1.196578e-01
      vertex   -5.000000e-01 1.000000e+01 -6.123234e-17
    endloop
  endfacet
  facet normal 0.000000e+00 1.000000e+00 0.000000e+00
    outer loop
      vertex   -5.000000e-01 1.000000e+01 -6.123234e-17
      vertex   4.854709e-01 1.000000e+01 1.196578e-01
      vertex   5.000000e-01 1.000000e+01 0.000000e+00
    endloop
  endfacet
  facet normal -0.000000e+00 1.000000e+00 0.000000e+00
    outer loop
      vertex   -5.000000e-01 1.000000e+01 -6.123234e-17
      vertex   5.000000e-01 1.000000e+01 0.000000e+00
      vertex   -4.854709e-01 1.000000e+01 -1.196578e-01
    endloop
  endfacet
  facet normal -0.000000e+00 1.000000e+00 0.000000e+00
    outer loop
      vertex   -4.854709e-01 1.000000e+01 -1.196578e-01
      vertex   5.000000e-01 1.000000e+01 0.000000e+00
      vertex   4.854709e-01 1.000000e+01 -1.196578e-01
    endloop
  endfacet
  facet normal 0.000000e+00 1.000000e+00 0.000000e+00
    outer loop
      vertex   -4.854709e-01 1.000000e+01 -1.196578e-01
      vertex   4.854709e-01 1.000000e+01 -1.196578e-01
      vertex   -4.427280e-01 1.000000e+01 -2.323616e-01
    endloop
  endfacet
  facet normal 0.000000e+00 1.000000e+00 0.000000e+00
    outer loop
      vertex   -4.427280e-01 1.000000e+01 -2.323616e-01
      vertex   4.854709e-01 1.000000e+01 -1.196578e-01
      vertex   4.427280e-01 1.000000e+01 -2.323616e-01
    endloop
  endfacet
  facet normal -0.000000e+00 1.000000e+00 0.000000e+00
    outer loop
      vertex   -4.427280e-01 1.000000e+01 -2.323616e-01
      vertex   4.427280e-01 1.000000e+01 -2.323616e-01
      vertex   -3.742554e-01 1.000000e+01 -3.315614e-01
    endloop
  endfacet
  facet normal -0.000000e+00 1.000000e+00 0.000000e+00
    outer loop
      vertex   -3.742554e-01 1.000000e+01 -3.315614e-01
      vertex   4.427280e-01 1.000000e+01 -2.323616e-01
      vertex   3.742554e-01 1.000000e+01 -3.315614e-01
    endloop
  endfacet
  facet normal 0.000000e+00 1.000000e+00 0.000000e+00
    outer loop
      vertex   -3.742554e-01 1.000000e+01 -3.315614e-01
      vertex   3.742554e-01 1.000000e+01 -3.315614e-01
      vertex   -2.840324e-01 1.000000e+01 -4.114920e-01
    endloop
  endfacet
  facet normal 0.000000e+00 1.000000e+00 0.000000e+00
    outer loop
      vertex   -2.840324e-01 1.000000e+01 -4.114920e-01
      vertex   3.742554e-01 1.000000e+01 -3.315614e-01
      vertex   2.840324e-01 1.000000e+01 -4.114920e-01
    endloop
  endfacet
  facet normal -0.000000e+00 1.000000e+00 0.000000e+00
    outer loop
      vertex   -2.840324e-01 1.000000e+01 -4.114920e-01
      vertex   2.840324e-01 1.000000e+01 -4.114920e-01
      vertex   -1.773025e-01 1.000000e+01 -4.675082e-01
    endloop
  endfacet
  facet normal 0.000000e+00 1.000000e+00 0.000000e+00
    outer loop
      vertex   -1.773025e-01 1.000000e+01 -4.675082e-01
      vertex   2.840324e-01 1.000000e+01 -4.114920e-01
      vertex   1.773025e-01 1.000000e+01 -4.675082e-01
    endloop
  endfacet
  facet normal -0.000000e+00 1.000000e+00 0.000000e+00
    outer loop
      vertex   -1.773025e-01 1.000000e+01 -4.675082e-01
      vertex   1.773025e-01 1.000000e+01 -4.675082e-01
      vertex   -6.026834e-02 1.000000e+01 -4.963545e-01
    endloop
  endfacet
  facet normal 0.000000e+00 1.000000e+00 0.000000e+00
    outer loop
      vertex   -6.026834e-02 1.000000e+01 -4.963545e-01
      vertex   1.773025e-01 1.000000e+01 -4.675082e-01
      vertex   6.026834e-02 1.000000e+01 -4.963545e-01
    endloop
  endfacet
  facet normal 0.000000e+00 1.000000e+00 0.000000e+00
    outer loop
      vertex   4.854709e-01 1.000000e+01 1.196578e-01
      vertex   -4.854709e-01 1.000000e+01 1.196578e-01
      vertex   4.427280e-01 1.000000e+01 2.323616e-01
    endloop
  endfacet
  facet normal 0.000000e+00 1.000000e+00 0.000000e+00
    outer loop
      vertex   4.427280e-01 1.000000e+01 2.323616e-01
      vertex   -4.854709e-01 1.000000e+01 1.196578e-01
      vertex   -4.427280e-01 1.000000e+01 2.323616e-01
    endloop
  endfacet
  facet normal 0.000000e+00 1.000000e+00 0.000000e+00
    outer loop
      vertex   4.427280e-01 1.000000e+01 2.323616e-01
      vertex   -4.427280e-01 1.000000e+01 2.323616e-01
      vertex   3.742554e-01 1.000000e+01 3.315614e-01
    endloop
  endfacet
  facet normal 0.000000e+00 1.000000e+00 0.000000e+00
    outer loop
      vertex   3.742554e-01 1.000000e+01 3.315614e-01
      vertex   -4.427280e-01 1.000000e+01 2.323616e-01
      vertex   -3.742554e-01 1.000000e+01 3.315614e-01
    endloop
  endfacet
  facet normal 0.000000e+00 1.000000e+00 0.000000e+00
    outer loop
      vertex   3.742554e-01 1.000000e+01 3.315614e-01
      vertex   -3.742554e-01 1.000000e+01 3.315614e-01
      vertex   2.840324e-01 1.000000e+01 4.114920e-01
    endloop
  endfacet
  facet normal 0.000000e+00 1.000000e+00 0.000000e+00
    outer loop
      vertex   2.840324e-01 1.000000e+01 4.114920e-01
      vertex   -3.742554e-01 1.000000e+01 3.315614e-01
      vertex   -2.840324e-01 1.000000e+01 4.114920e-01
    endloop
  endfacet
  facet normal 0.000000e+00 1.000000e+00 0.000000e+00
    outer loop
      vertex   2.840324e-01 1.000000e+01 4.114920e-01
      vertex   -2.840324e-01 1.000000e+01 4.114920e-01
      vertex   1.773025e-01 1.000000e+01 4.675082e-01
    endloop
  endfacet
  facet normal 0.000000e+00 1.000000e+00 0.000000e+00
    outer loop
      vertex   1.773025e-01 1.000000e+01 4.675082e-01
      vertex   -2.840324e-01 1.000000e+01 4.114920e-01
      vertex   -1.773025e-01 1.000000e+01 4.675082e-01
    endloop
  endfacet
  facet normal 0.000000e+00 1.000000e+00 0.000000e+00
    outer loop
      vertex   1.773025e-01 1.000000e+01 4.675082e-01
      vertex   -1.773025e-01 1.000000e+01 4.675082e-01
      vertex   6.026834e-02 1.000000e+01 4.963545e-01
    endloop
  endfacet
  facet normal 0.000000e+00 1.000000e+00 0.000000e+00
    outer loop
      vertex   6.026834e-02 1.000000e+01 4.963545e-01
      vertex   -1.773025e-01 1.000000e+01 4.675082e-01
      vertex   -6.026834e-02 1.000000e+01 4.963545e-01
    endloop
  endfacet
  facet normal -9.992290e-01 0.000000e+00 3.925982e-02
    outer loop
      vertex   -4.984587e+00 -1.000000e+01 3.922955e-01
      vertex   -4.984587e+00 -5.000000e+00 3.922955e-01
      vertex   -5.000000e+00 -1.000000e+01 6.123234e-16
    endloop
  endfacet
  facet normal -9.992290e-01 9.615882e-18 3.925982e-02
    outer loop
      vertex   -5.000000e+00 -1.000000e+01 6.123234e-16
      vertex   -4.984587e+00 -5.000000e+00 3.922955e-01
      vertex   -5.000000e+00 -5.000000e+00 -6.123234e-16
    endloop
  endfacet
  facet normal -9.992290e-01 -9.615882e-18 -3.925982e-02
    outer loop
      vertex   -5.000000e+00 -1.000000e+01 6.123234e-16
      vertex   -5.000000e+00 -5.000000e+00 -6.123234e-16
      vertex   -4.984587e+00 -1.000000e+01 -3.922955e-01
    endloop
  endfacet
  facet normal -9.992290e-01 -1.743486e-17 -3.925982e-02
    outer loop
      vertex   -4.984587e+00 -1.000000e+01 -3.922955e-01
      vertex   -5.000000e+00 -5.000000e+00 -6.123234e-16
      vertex   -4.984587e+00 -5.000000e+00 -3.922955e-01
    endloop
  endfacet
  facet normal -9.930685e-01 -5.219709e-17 -1.175374e-01
    outer loop
      vertex   -4.984587e+00 -1.000000e+01 -3.922955e-01
      vertex   -4.984587e+00 -5.000000e+00 -3.922955e-01
      vertex   -4.938442e+00 -1.000000e+01 -7.821723e-01
    endloop
  endfacet
  facet normal -9.930685e-01 0.000000e+00 -1.175374e-01
    outer loop
      vertex   -4.938442e+00 -1.000000e+01 -7.821723e-01
      vertex   -4.984587e+00 -5.000000e+00 -3.922955e-01
      vertex   -4.938442e+00 -5.000000e+00 -7.821723e-01
    endloop
  endfacet
  facet normal -9.807853e-01 0.000000e+00 -1.950903e-01
    outer loop
      vertex   -4.938442e+00 -1.000000e+01 -7.821723e-01
      vertex   -4.938442e+00 -5.000000e+00 -7.821723e-01
      vertex   -4.861850e+00 -1.000000e+01 -1.167227e+00
    endloop
  endfacet
  facet normal -9.807853e-01 8.663751e-17 -1.950903e-01
    outer loop
      vertex   -4.861850e+00 -1.000000e+01 -1.167227e+00
      vertex   -4.938442e+00 -5.000000e+00 -7.821723e-01
      vertex   -4.861850e+00 -5.000000e+00 -1.167227e+00
    endloop
  endfacet
  facet normal -9.624552e-01 1.205438e-16 -2.714404e-01
    outer loop
      vertex   -4.861850e+00 -1.000000e+01 -1.167227e+00
      vertex   -4.861850e+00 -5.000000e+00 -1.167227e+00
      vertex   -4.755283e+00 -1.000000e+01 -1.545085e+00
    endloop
  endfacet
  facet normal -9.624552e-01 0.000000e+00 -2.714404e-01
    outer loop
      vertex   -4.755283e+00 -1.000000e+01 -1.545085e+00
      vertex   -4.861850e+00 -5.000000e+00 -1.167227e+00
      vertex   -4.755283e+00 -5.000000e+00 -1.545085e+00
    endloop
  endfacet
  facet normal -9.381913e-01 0.000000e+00 -3.461171e-01
    outer loop
      vertex   -4.755283e+00 -1.000000e+01 -1.545085e+00
      vertex   -4.755283e+00 -5.000000e+00 -1.545085e+00
      vertex   -4.619398e+00 -1.000000e+01 -1.913417e+00
    endloop
  endfacet
  facet normal -9.381913e-01 1.949764e-16 -3.461171e-01
    outer loop
      vertex   -4.619398e+00 -1.000000e+01 -1.913417e+00
      vertex   -4.755283e+00 -5.000000e+00 -1.545085e+00
      vertex   -4.619398e+00 -5.000000e+00 -1.913417e+00
    endloop
  endfacet
  facet normal -9.081432e-01 1.553072e-16 -4.186597e-01
    outer loop
      vertex   -4.619398e+00 -1.000000e+01 -1.913417e+00
      vertex   -4.619398e+00 -5.000000e+00 -1.913417e+00
      vertex   -4.455033e+00 -1.000000e+01 -2.269952e+00
    endloop
  endfacet
  facet normal -9.081432e-01 0.000000e+00 -4.186597e-01
    outer loop
      vertex   -4.455033e+00 -1.000000e+01 -2.269952e+00
      vertex   -4.619398e+00 -5.000000e+00 -1.913417e+00
      vertex   -4.455033e+00 -5.000000e+00 -2.269952e+00
    endloop
  endfacet
  facet normal -8.724960e-01 0.000000e+00 -4.886212e-01
    outer loop
      vertex   -4.455033e+00 -1.000000e+01 -2.269952e+00
      vertex   -4.455033e+00 -5.000000e+00 -2.269952e+00
      vertex   -4.263201e+00 -1.000000e+01 -2.612493e+00
    endloop
  endfacet
  facet normal -8.724960e-01 1.860671e-17 -4.886212e-01
    outer loop
      vertex   -4.263201e+00 -1.000000e+01 -2.612493e+00
      vertex   -4.455033e+00 -5.000000e+00 -2.269952e+00
      vertex   -4.263201e+00 -5.000000e+00 -2.612493e+00
    endloop
  endfacet
  facet normal -8.314696e-01 4.967952e-17 -5.555702e-01
    outer loop
      vertex   -4.263201e+00 -1.000000e+01 -2.612493e+00
      vertex   -4.263201e+00 -5.000000e+00 -2.612493e+00
      vertex   -4.045085e+00 -1.000000e+01 -2.938926e+00
    endloop
  endfacet
  facet normal -8.314696e-01 0.000000e+00 -5.555702e-01
    outer loop
      vertex   -4.045085e+00 -1.000000e+01 -2.938926e+00
      vertex   -4.263201e+00 -5.000000e+00 -2.612493e+00
      vertex   -4.045085e+00 -5.000000e+00 -2.938926e+00
    endloop
  endfacet
  facet normal -7.853169e-01 0.000000e+00 -6.190939e-01
    outer loop
      vertex   -4.045085e+00 -1.000000e+01 -2.938926e+00
      vertex   -4.045085e+00 -5.000000e+00 -2.938926e+00
      vertex   -3.802030e+00 -1.000000e+01 -3.247240e+00
    endloop
  endfacet
  facet normal -7.853169e-01 1.140409e-16 -6.190939e-01
    outer loop
      vertex   -3.802030e+00 -1.000000e+01 -3.247240e+00
      vertex   -4.045085e+00 -5.000000e+00 -2.938926e+00
      vertex   -3.802030e+00 -5.000000e+00 -3.247240e+00
    endloop
  endfacet
  facet normal -7.343225e-01 8.001491e-17 -6.788007e-01
    outer loop
      vertex   -3.802030e+00 -1.000000e+01 -3.247240e+00
      vertex   -3.802030e+00 -5.000000e+00 -3.247240e+00
      vertex   -3.535534e+00 -1.000000e+01 -3.535534e+00
    endloop
  endfacet
  facet normal -7.343225e-01 0.000000e+00 -6.788007e-01
    outer loop
      vertex   -3.535534e+00 -1.000000e+01 -3.535534e+00
      vertex   -3.802030e+00 -5.000000e+00 -3.247240e+00
      vertex   -3.535534e+00 -5.000000e+00 -3.535534e+00
    endloop
  endfacet
  facet normal -6.788007e-01 0.000000e+00 -7.343225e-01
    outer loop
      vertex   -3.535534e+00 -1.000000e+01 -3.535534e+00
      vertex   -3.535534e+00 -5.000000e+00 -3.535534e+00
      vertex   -3.247240e+00 -1.000000e+01 -3.802030e+00
    endloop
  endfacet
  facet normal -6.788007e-01 -4.549565e-17 -7.343225e-01
    outer loop
      vertex   -3.247240e+00 -1.000000e+01 -3.802030e+00
      vertex   -3.535534e+00 -5.000000e+00 -3.535534e+00
      vertex   -3.247240e+00 -5.000000e+00 -3.802030e+00
    endloop
  endfacet
  facet normal -6.190939e-01 -1.069589e-17 -7.853169e-01
    outer loop
      vertex   -3.247240e+00 -1.000000e+01 -3.802030e+00
      vertex   -3.247240e+00 -5.000000e+00 -3.802030e+00
      vertex   -2.938926e+00 -1.000000e+01 -4.045085e+00
    endloop
  endfacet
  facet normal -6.190939e-01 0.000000e+00 -7.853169e-01
    outer loop
      vertex   -2.938926e+00 -1.000000e+01 -4.045085e+00
      vertex   -3.247240e+00 -5.000000e+00 -3.802030e+00
      vertex   -2.938926e+00 -5.000000e+00 -4.045085e+00
    endloop
  endfacet
  facet normal -5.555702e-01 0.000000e+00 -8.314696e-01
    outer loop
      vertex   -2.938926e+00 -1.000000e+01 -4.045085e+00
      vertex   -2.938926e+00 -5.000000e+00 -4.045085e+00
      vertex   -2.612493e+00 -1.000000e+01 -4.263201e+00
    endloop
  endfacet
  facet normal -5.555702e-01 9.902407e-17 -8.314696e-01
    outer loop
      vertex   -2.612493e+00 -1.000000e+01 -4.263201e+00
      vertex   -2.938926e+00 -5.000000e+00 -4.045085e+00
      vertex   -2.612493e+00 -5.000000e+00 -4.263201e+00
    endloop
  endfacet
  facet normal -4.886212e-01 6.200500e-17 -8.724960e-01
    outer loop
      vertex   -2.612493e+00 -1.000000e+01 -4.263201e+00
      vertex   -2.612493e+00 -5.000000e+00 -4.263201e+00
      vertex   -2.269952e+00 -1.000000e+01 -4.455033e+00
    endloop
  endfacet
  facet normal -4.886212e-01 0.000000e+00 -8.724960e-01
    outer loop
      vertex   -2.269952e+00 -1.000000e+01 -4.455033e+00
      vertex   -2.612493e+00 -5.000000e+00 -4.263201e+00
      vertex   -2.269952e+00 -5.000000e+00 -4.455033e+00
    endloop
  endfacet
  facet normal -4.186597e-01 0.000000e+00 -9.081432e-01
    outer loop
      vertex   -2.269952e+00 -1.000000e+01 -4.455033e+00
      vertex   -2.269952e+00 -5.000000e+00 -4.455033e+00
      vertex   -1.913417e+00 -1.000000e+01 -4.619398e+00
    endloop
  endfacet
  facet normal -4.186597e-01 -7.436891e-17 -9.081432e-01
    outer loop
      vertex   -1.913417e+00 -1.000000e+01 -4.619398e+00
      vertex   -2.269952e+00 -5.000000e+00 -4.455033e+00
      vertex   -1.913417e+00 -5.000000e+00 -4.619398e+00
    endloop
  endfacet
  facet normal -3.461171e-01 -6.148274e-17 -9.381913e-01
    outer loop
      vertex   -1.913417e+00 -1.000000e+01 -4.619398e+00
      vertex   -1.913417e+00 -5.000000e+00 -4.619398e+00
      vertex   -1.545085e+00 -1.000000e+01 -4.755283e+00
    endloop
  endfacet
  facet normal -3.461171e-01 0.000000e+00 -9.381913e-01
    outer loop
      vertex   -1.545085e+00 -1.000000e+01 -4.755283e+00
      vertex   -1.913417e+00 -5.000000e+00 -4.619398e+00
      vertex   -1.545085e+00 -5.000000e+00 -4.755283e+00
    endloop
  endfacet
  facet normal -2.714404e-01 0.000000e+00 -9.624552e-01
    outer loop
      vertex   -1.545085e+00 -1.000000e+01 -4.755283e+00
      vertex   -1.545085e+00 -5.000000e+00 -4.755283e+00
      vertex   -1.167227e+00 -1.000000e+01 -4.861850e+00
    endloop
  endfacet
  facet normal -2.714404e-01 6.027189e-17 -9.624552e-01
    outer loop
      vertex   -1.167227e+00 -1.000000e+01 -4.861850e+00
      vertex   -1.545085e+00 -5.000000e+00 -4.755283e+00
      vertex   -1.167227e+00 -5.000000e+00 -4.861850e+00
    endloop
  endfacet
  facet normal -1.950903e-01 4.331875e-17 -9.807853e-01
    outer loop
      vertex   -1.167227e+00 -1.000000e+01 -4.861850e+00
      vertex   -1.167227e+00 -5.000000e+00 -4.861850e+00
      vertex   -7.821723e-01 -1.000000e+01 -4.938442e+00
    endloop
  endfacet
  facet normal -1.950903e-01 0.000000e+00 -9.807853e-01
    outer loop
      vertex   -7.821723e-01 -1.000000e+01 -4.938442e+00
      vertex   -1.167227e+00 -5.000000e+00 -4.861850e+00
      vertex   -7.821723e-01 -5.000000e+00 -4.938442e+00
    endloop
  endfacet
  facet normal -1.175374e-01 0.000000e+00 -9.930685e-01
    outer loop
      vertex   -7.821723e-01 -1.000000e+01 -4.938442e+00
      vertex   -7.821723e-01 -5.000000e+00 -4.938442e+00
      vertex   -3.922955e-01 -1.000000e+01 -4.984587e+00
    endloop
  endfacet
  facet normal -1.175374e-01 -2.609854e-17 -9.930685e-01
    outer loop
      vertex   -3.922955e-01 -1.000000e+01 -4.984587e+00
      vertex   -7.821723e-01 -5.000000e+00 -4.938442e+00
      vertex   -3.922955e-01 -5.000000e+00 -4.984587e+00
    endloop
  endfacet
  facet normal -3.925982e-02 -8.717430e-18 -9.992290e-01
    outer loop
      vertex   -3.922955e-01 -1.000000e+01 -4.984587e+00
      vertex   -3.922955e-01 -5.000000e+00 -4.984587e+00
      vertex   3.061617e-16 -1.000000e+01 -5.000000e+00
    endloop
  endfacet
  facet normal -3.925982e-02 0.000000e+00 -9.992290e-01
    outer loop
      vertex   3.061617e-16 -1.000000e+01 -5.000000e+00
      vertex   -3.922955e-01 -5.000000e+00 -4.984587e+00
      vertex   3.061617e-16 -5.000000e+00 -5.000000e+00
    endloop
  endfacet
  facet normal 3.925982e-02 0.000000e+00 -9.992290e-01
    outer loop
      vertex   3.061617e-16 -1.000000e+01 -5.000000e+00
      vertex   3.061617e-16 -5.000000e+00 -5.000000e+00
      vertex   3.922955e-01 -1.000000e+01 -4.984587e+00
    endloop
  endfacet
  facet normal 3.925982e-02 -8.717430e-18 -9.992290e-01
    outer loop
      vertex   3.922955e-01 -1.000000e+01 -4.984587e+00
      vertex   3.061617e-16 -5.000000e+00 -5.000000e+00
      vertex   3.922955e-01 -5.000000e+00 -4.984587e+00
    endloop
  endfacet
  facet normal 1.175374e-01 -2.609854e-17 -9.930685e-01
    outer loop
      vertex   3.922955e-01 -1.000000e+01 -4.984587e+00
      vertex   3.922955e-01 -5.000000e+00 -4.984587e+00
      vertex   7.821723e-01 -1.000000e+01 -4.938442e+00
    endloop
  endfacet
  facet normal 1.175374e-01 0.000000e+00 -9.930685e-01
    outer loop
      vertex   7.821723e-01 -1.000000e+01 -4.938442e+00
      vertex   3.922955e-01 -5.000000e+00 -4.984587e+00
      vertex   7.821723e-01 -5.000000e+00 -4.938442e+00
    endloop
  endfacet
  facet normal 1.950903e-01 0.000000e+00 -9.807853e-01
    outer loop
      vertex   7.821723e-01 -1.000000e+01 -4.938442e+00
      vertex   7.821723e-01 -5.000000e+00 -4.938442e+00
      vertex   1.167227e+00 -1.000000e+01 -4.861850e+00
    endloop
  endfacet
  facet normal 1.950903e-01 4.331875e-17 -9.807853e-01
    outer loop
      vertex   1.167227e+00 -1.000000e+01 -4.861850e+00
      vertex   7.821723e-01 -5.000000e+00 -4.938442e+00
      vertex   1.167227e+00 -5.000000e+00 -4.861850e+00
    endloop
  endfacet
  facet normal 2.714404e-01 6.027189e-17 -9.624552e-01
    outer loop
      vertex   1.167227e+00 -1.000000e+01 -4.861850e+00
      vertex   1.167227e+00 -5.000000e+00 -4.861850e+00
      vertex   1.545085e+00 -1.000000e+01 -4.755283e+00
    endloop
  endfacet
  facet normal 2.714404e-01 0.000000e+00 -9.624552e-01
    outer loop
      vertex   1.545085e+00 -1.000000e+01 -4.755283e+00
      vertex   1.167227e+00 -5.000000e+00 -4.861850e+00
      vertex   1.545085e+00 -5.000000e+00 -4.755283e+00
    endloop
  endfacet
  facet normal 3.461171e-01 0.000000e+00 -9.381913e-01
    outer loop
      vertex   1.545085e+00 -1.000000e+01 -4.755283e+00
      vertex   1.545085e+00 -5.000000e+00 -4.755283e+00
      vertex   1.913417e+00 -1.000000e+01 -4.619398e+00
    endloop
  endfacet
  facet normal 3.461171e-01 1.051735e-16 -9.381913e-01
    outer loop
      vertex   1.913417e+00 -1.000000e+01 -4.619398e+00
      vertex   1.545085e+00 -5.000000e+00 -4.755283e+00
      vertex   1.913417e+00 -5.000000e+00 -4.619398e+00
    endloop
  endfacet
  facet normal 4.186597e-01 8.694972e-17 -9.081432e-01
    outer loop
      vertex   1.913417e+00 -1.000000e+01 -4.619398e+00
      vertex   1.913417e+00 -5.000000e+00 -4.619398e+00
      vertex   2.269952e+00 -1.000000e+01 -4.455033e+00
    endloop
  endfacet
  facet normal 4.186597e-01 0.000000e+00 -9.081432e-01
    outer loop
      vertex   2.269952e+00 -1.000000e+01 -4.455033e+00
      vertex   1.913417e+00 -5.000000e+00 -4.619398e+00
      vertex   2.269952e+00 -5.000000e+00 -4.455033e+00
    endloop
  endfacet
  facet normal 4.886212e-01 0.000000e+00 -8.724960e-01
    outer loop
      vertex   2.269952e+00 -1.000000e+01 -4.455033e+00
      vertex   2.269952e+00 -5.000000e+00 -4.455033e+00
      vertex   2.612493e+00 -1.000000e+01 -4.263201e+00
    endloop
  endfacet
  facet normal 4.886212e-01 -6.818986e-17 -8.724960e-01
    outer loop
      vertex   2.612493e+00 -1.000000e+01 -4.263201e+00
      vertex   2.269952e+00 -5.000000e+00 -4.455033e+00
      vertex   2.612493e+00 -5.000000e+00 -4.263201e+00
    endloop
  endfacet
  facet normal 5.555702e-01 -4.900957e-17 -8.314696e-01
    outer loop
      vertex   2.612493e+00 -1.000000e+01 -4.263201e+00
      vertex   2.612493e+00 -5.000000e+00 -4.263201e+00
      vertex   2.938926e+00 -1.000000e+01 -4.045085e+00
    endloop
  endfacet
  facet normal 5.555702e-01 0.000000e+00 -8.314696e-01
    outer loop
      vertex   2.938926e+00 -1.000000e+01 -4.045085e+00
      vertex   2.612493e+00 -5.000000e+00 -4.263201e+00
      vertex   2.938926e+00 -5.000000e+00 -4.045085e+00
    endloop
  endfacet
  facet normal 6.190939e-01 0.000000e+00 -7.853169e-01
    outer loop
      vertex   2.938926e+00 -1.000000e+01 -4.045085e+00
      vertex   2.938926e+00 -5.000000e+00 -4.045085e+00
      vertex   3.247240e+00 -1.000000e+01 -3.802030e+00
    endloop
  endfacet
  facet normal 6.190939e-01 2.952713e-17 -7.853169e-01
    outer loop
      vertex   3.247240e+00 -1.000000e+01 -3.802030e+00
      vertex   2.938926e+00 -5.000000e+00 -4.045085e+00
      vertex   3.247240e+00 -5.000000e+00 -3.802030e+00
    endloop
  endfacet
  facet normal 6.788007e-01 9.862647e-18 -7.343225e-01
    outer loop
      vertex   3.247240e+00 -1.000000e+01 -3.802030e+00
      vertex   3.247240e+00 -5.000000e+00 -3.802030e+00
      vertex   3.535534e+00 -1.000000e+01 -3.535534e+00
    endloop
  endfacet
  facet normal 6.788007e-01 0.000000e+00 -7.343225e-01
    outer loop
      vertex   3.535534e+00 -1.000000e+01 -3.535534e+00
      vertex   3.247240e+00 -5.000000e+00 -3.802030e+00
      vertex   3.535534e+00 -5.000000e+00 -3.535534e+00
    endloop
  endfacet
  facet normal 7.343225e-01 0.000000e+00 -6.788007e-01
    outer loop
      vertex   3.535534e+00 -1.000000e+01 -3.535534e+00
      vertex   3.535534e+00 -5.000000e+00 -3.535534e+00
      vertex   3.802030e+00 -1.000000e+01 -3.247240e+00
    endloop
  endfacet
  facet normal 7.343225e-01 0.000000e+00 -6.788007e-01
    outer loop
      vertex   3.802030e+00 -1.000000e+01 -3.247240e+00
      vertex   3.535534e+00 -5.000000e+00 -3.535534e+00
      vertex   3.802030e+00 -5.000000e+00 -3.247240e+00
    endloop
  endfacet
  facet normal 7.853169e-01 0.000000e+00 -6.190939e-01
    outer loop
      vertex   3.802030e+00 -1.000000e+01 -3.247240e+00
      vertex   3.802030e+00 -5.000000e+00 -3.247240e+00
      vertex   4.045085e+00 -1.000000e+01 -2.938926e+00
    endloop
  endfacet
  facet normal 7.853169e-01 0.000000e+00 -6.190939e-01
    outer loop
      vertex   4.045085e+00 -1.000000e+01 -2.938926e+00
      vertex   3.802030e+00 -5.000000e+00 -3.247240e+00
      vertex   4.045085e+00 -5.000000e+00 -2.938926e+00
    endloop
  endfacet
  facet normal 8.314696e-01 0.000000e+00 -5.555702e-01
    outer loop
      vertex   4.045085e+00 -1.000000e+01 -2.938926e+00
      vertex   4.045085e+00 -5.000000e+00 -2.938926e+00
      vertex   4.263201e+00 -1.000000e+01 -2.612493e+00
    endloop
  endfacet
  facet normal 8.314696e-01 0.000000e+00 -5.555702e-01
    outer loop
      vertex   4.263201e+00 -1.000000e+01 -2.612493e+00
      vertex   4.045085e+00 -5.000000e+00 -2.938926e+00
      vertex   4.263201e+00 -5.000000e+00 -2.612493e+00
    endloop
  endfacet
  facet normal 8.724960e-01 0.000000e+00 -4.886212e-01
    outer loop
      vertex   4.263201e+00 -1.000000e+01 -2.612493e+00
      vertex   4.263201e+00 -5.000000e+00 -2.612493e+00
      vertex   4.455033e+00 -1.000000e+01 -2.269952e+00
    endloop
  endfacet
  facet normal 8.724960e-01 0.000000e+00 -4.886212e-01
    outer loop
      vertex   4.455033e+00 -1.000000e+01 -2.269952e+00
      vertex   4.263201e+00 -5.000000e+00 -2.612493e+00
      vertex   4.455033e+00 -5.000000e+00 -2.269952e+00
    endloop
  endfacet
  facet normal 9.081432e-01 0.000000e+00 -4.186597e-01
    outer loop
      vertex   4.455033e+00 -1.000000e+01 -2.269952e+00
      vertex   4.455033e+00 -5.000000e+00 -2.269952e+00
      vertex   4.619398e+00 -1.000000e+01 -1.913417e+00
    endloop
  endfacet
  facet normal 9.081432e-01 -1.859223e-17 -4.186597e-01
    outer loop
      vertex   4.619398e+00 -1.000000e+01 -1.913417e+00
      vertex   4.455033e+00 -5.000000e+00 -2.269952e+00
      vertex   4.619398e+00 -5.000000e+00 -1.913417e+00
    endloop
  endfacet
  facet normal 9.381913e-01 -1.537069e-17 -3.461171e-01
    outer loop
      vertex   4.619398e+00 -1.000000e+01 -1.913417e+00
      vertex   4.619398e+00 -5.000000e+00 -1.913417e+00
      vertex   4.755283e+00 -1.000000e+01 -1.545085e+00
    endloop
  endfacet
  facet normal 9.381913e-01 0.000000e+00 -3.461171e-01
    outer loop
      vertex   4.755283e+00 -1.000000e+01 -1.545085e+00
      vertex   4.619398e+00 -5.000000e+00 -1.913417e+00
      vertex   4.755283e+00 -5.000000e+00 -1.545085e+00
    endloop
  endfacet
  facet normal 9.624552e-01 0.000000e+00 -2.714404e-01
    outer loop
      vertex   4.755283e+00 -1.000000e+01 -1.545085e+00
      vertex   4.755283e+00 -5.000000e+00 -1.545085e+00
      vertex   4.861850e+00 -1.000000e+01 -1.167227e+00
    endloop
  endfacet
  facet normal 9.624552e-01 0.000000e+00 -2.714404e-01
    outer loop
      vertex   4.861850e+00 -1.000000e+01 -1.167227e+00
      vertex   4.755283e+00 -5.000000e+00 -1.545085e+00
      vertex   4.861850e+00 -5.000000e+00 -1.167227e+00
    endloop
  endfacet
  facet normal 9.807853e-01 0.000000e+00 -1.950903e-01
    outer loop
      vertex   4.861850e+00 -1.000000e+01 -1.167227e+00
      vertex   4.861850e+00 -5.000000e+00 -1.167227e+00
      vertex   4.938442e+00 -1.000000e+01 -7.821723e-01
    endloop
  endfacet
  facet normal 9.807853e-01 0.000000e+00 -1.950903e-01
    outer loop
      vertex   4.938442e+00 -1.000000e+01 -7.821723e-01
      vertex   4.861850e+00 -5.000000e+00 -1.167227e+00
      vertex   4.938442e+00 -5.000000e+00 -7.821723e-01
    endloop
  endfacet
  facet normal 9.930685e-01 0.000000e+00 -1.175374e-01
    outer loop
      vertex   4.938442e+00 -1.000000e+01 -7.821723e-01
      vertex   4.938442e+00 -5.000000e+00 -7.821723e-01
      vertex   4.984587e+00 -1.000000e+01 -3.922955e-01
    endloop
  endfacet
  facet normal 9.930685e-01 0.000000e+00 -1.175374e-01
    outer loop
      vertex   4.984587e+00 -1.000000e+01 -3.922955e-01
      vertex   4.938442e+00 -5.000000e+00 -7.821723e-01
      vertex   4.984587e+00 -5.000000e+00 -3.922955e-01
    endloop
  endfacet
  facet normal 9.992290e-01 0.000000e+00 -3.925982e-02
    outer loop
      vertex   4.984587e+00 -1.000000e+01 -3.922955e-01
      vertex   4.984587e+00 -5.000000e+00 -3.922955e-01
      vertex   5.000000e+00 -1.000000e+01 0.000000e+00
    endloop
  endfacet
  facet normal 9.992290e-01 0.000000e+00 -3.925982e-02
    outer loop
      vertex   5.000000e+00 -1.000000e+01 0.000000e+00
      vertex   4.984587e+00 -5.000000e+00 -3.922955e-01
      vertex   5.000000e+00 -5.000000e+00 0.000000e+00
    endloop
  endfacet
  facet normal 9.992290e-01 -0.000000e+00 3.925982e-02
    outer loop
      vertex   5.000000e+00 -1.000000e+01 0.000000e+00
      vertex   5.000000e+00 -5.000000e+00 0.000000e+00
      vertex   4.984587e+00 -1.000000e+01 3.922955e-01
    endloop
  endfacet
  facet normal 9.992290e-01 -0.000000e+00 3.925982e-02
    outer loop
      vertex   4.984587e+00 -1.000000e+01 3.922955e-01
      vertex   5.000000e+00 -5.000000e+00 0.000000e+00
      vertex   4.984587e+00 -5.000000e+00 3.922955e-01
    endloop
  endfacet
  facet normal 9.930685e-01 -0.000000e+00 1.175374e-01
    outer loop
      vertex   4.984587e+00 -1.000000e+01 3.922955e-01
      vertex   4.984587e+00 -5.000000e+00 3.922955e-01
      vertex   4.938442e+00 -1.000000e+01 7.821723e-01
    endloop
  endfacet
  facet normal 9.930685e-01 -0.000000e+00 1.175374e-01
    outer loop
      vertex   4.938442e+00 -1.000000e+01 7.821723e-01
      vertex   4.984587e+00 -5.000000e+00 3.922955e-01
      vertex   4.938442e+00 -5.000000e+00 7.821723e-01
    endloop
  endfacet
  facet normal 9.807853e-01 -0.000000e+00 1.950903e-01
    outer loop
      vertex   4.938442e+00 -1.000000e+01 7.821723e-01
      vertex   4.938442e+00 -5.000000e+00 7.821723e-01
      vertex   4.861850e+00 -1.000000e+01 1.167227e+00
    endloop
  endfacet
  facet normal 9.807853e-01 -0.000000e+00 1.950903e-01
    outer loop
      vertex   4.861850e+00 -1.000000e+01 1.167227e+00
      vertex   4.938442e+00 -5.000000e+00 7.821723e-01
      vertex   4.861850e+00 -5.000000e+00 1.167227e+00
    endloop
  endfacet
  facet normal 9.624552e-01 -0.000000e+00 2.714404e-01
    outer loop
      vertex   4.861850e+00 -1.000000e+01 1.167227e+00
      vertex   4.861850e+00 -5.000000e+00 1.167227e+00
      vertex   4.755283e+00 -1.000000e+01 1.545085e+00
    endloop
  endfacet
  facet normal 9.624552e-01 -0.000000e+00 2.714404e-01
    outer loop
      vertex   4.755283e+00 -1.000000e+01 1.545085e+00
      vertex   4.861850e+00 -5.000000e+00 1.167227e+00
      vertex   4.755283e+00 -5.000000e+00 1.545085e+00
    endloop
  endfacet
  facet normal 9.381913e-01 -0.000000e+00 3.461171e-01
    outer loop
      vertex   4.755283e+00 -1.000000e+01 1.545085e+00
      vertex   4.755283e+00 -5.000000e+00 1.545085e+00
      vertex   4.619398e+00 -1.000000e+01 1.913417e+00
    endloop
  endfacet
  facet normal 9.381913e-01 -1.537069e-17 3.461171e-01
    outer loop
      vertex   4.619398e+00 -1.000000e+01 1.913417e+00
      vertex   4.755283e+00 -5.000000e+00 1.545085e+00
      vertex   4.619398e+00 -5.000000e+00 1.913417e+00
    endloop
  endfacet
  facet normal 9.081432e-01 -1.859223e-17 4.186597e-01
    outer loop
      vertex   4.619398e+00 -1.000000e+01 1.913417e+00
      vertex   4.619398e+00 -5.000000e+00 1.913417e+00
      vertex   4.455033e+00 -1.000000e+01 2.269952e+00
    endloop
  endfacet
  facet normal 9.081432e-01 -0.000000e+00 4.186597e-01
    outer loop
      vertex   4.455033e+00 -1.000000e+01 2.269952e+00
      vertex   4.619398e+00 -5.000000e+00 1.913417e+00
      vertex   4.455033e+00 -5.000000e+00 2.269952e+00
    endloop
  endfacet
  facet normal 8.724960e-01 -0.000000e+00 4.886212e-01
    outer loop
      vertex   4.455033e+00 -1.000000e+01 2.269952e+00
      vertex   4.455033e+00 -5.000000e+00 2.269952e+00
      vertex   4.263201e+00 -1.000000e+01 2.612493e+00
    endloop
  endfacet
  facet normal 8.724960e-01 -0.000000e+00 4.886212e-01
    outer loop
      vertex   4.263201e+00 -1.000000e+01 2.612493e+00
      vertex   4.455033e+00 -5.000000e+00 2.269952e+00
      vertex   4.263201e+00 -5.000000e+00 2.612493e+00
    endloop
  endfacet
  facet normal 8.314696e-01 -0.000000e+00 5.555702e-01
    outer loop
      vertex   4.263201e+00 -1.000000e+01 2.612493e+00
      vertex   4.263201e+00 -5.000000e+00 2.612493e+00
      vertex   4.045085e+00 -1.000000e+01 2.938926e+00
    endloop
  endfacet
  facet normal 8.314696e-01 -0.000000e+00 5.555702e-01
    outer loop
      vertex   4.045085e+00 -1.000000e+01 2.938926e+00
      vertex   4.263201e+00 -5.000000e+00 2.612493e+00
      vertex   4.045085e+00 -5.000000e+00 2.938926e+00
    endloop
  endfacet
  facet normal 7.853169e-01 -0.000000e+00 6.190939e-01
    outer loop
      vertex   4.045085e+00 -1.000000e+01 2.938926e+00
      vertex   4.045085e+00 -5.000000e+00 2.938926e+00
      vertex   3.802030e+00 -1.000000e+01 3.247240e+00
    endloop
  endfacet
  facet normal 7.853169e-01 -0.000000e+00 6.190939e-01
    outer loop
      vertex   3.802030e+00 -1.000000e+01 3.247240e+00
      vertex   4.045085e+00 -5.000000e+00 2.938926e+00
      vertex   3.802030e+00 -5.000000e+00 3.247240e+00
    endloop
  endfacet
  facet normal 7.343225e-01 -0.000000e+00 6.788007e-01
    outer loop
      vertex   3.802030e+00 -1.000000e+01 3.247240e+00
      vertex   3.802030e+00 -5.000000e+00 3.247240e+00
      vertex   3.535534e+00 -1.000000e+01 3.535534e+00
    endloop
  endfacet
  facet normal 7.343225e-01 -0.000000e+00 6.788007e-01
    outer loop
      vertex   3.535534e+00 -1.000000e+01 3.535534e+00
      vertex   3.802030e+00 -5.000000e+00 3.247240e+00
      vertex   3.535534e+00 -5.000000e+00 3.535534e+00
    endloop
  endfacet
  facet normal 6.788007e-01 -0.000000e+00 7.343225e-01
    outer loop
      vertex   3.535534e+00 -1.000000e+01 3.535534e+00
      vertex   3.535534e+00 -5.000000e+00 3.535534e+00
      vertex   3.247240e+00 -1.000000e+01 3.802030e+00
    endloop
  endfacet
  facet normal 6.788007e-01 -7.015226e-17 7.343225e-01
    outer loop
      vertex   3.247240e+00 -1.000000e+01 3.802030e+00
      vertex   3.535534e+00 -5.000000e+00 3.535534e+00
      vertex   3.247240e+00 -5.000000e+00 3.802030e+00
    endloop
  endfacet
  facet normal 6.190939e-01 -8.451372e-17 7.853169e-01
    outer loop
      vertex   3.247240e+00 -1.000000e+01 3.802030e+00
      vertex   3.247240e+00 -5.000000e+00 3.802030e+00
      vertex   2.938926e+00 -1.000000e+01 4.045085e+00
    endloop
  endfacet
  facet normal 6.190939e-01 -0.000000e+00 7.853169e-01
    outer loop
      vertex   2.938926e+00 -1.000000e+01 4.045085e+00
      vertex   3.247240e+00 -5.000000e+00 3.802030e+00
      vertex   2.938926e+00 -5.000000e+00 4.045085e+00
    endloop
  endfacet
  facet normal 5.555702e-01 -0.000000e+00 8.314696e-01
    outer loop
      vertex   2.938926e+00 -1.000000e+01 4.045085e+00
      vertex   2.938926e+00 -5.000000e+00 4.045085e+00
      vertex   2.612493e+00 -1.000000e+01 4.263201e+00
    endloop
  endfacet
  facet normal 5.555702e-01 -1.480336e-16 8.314696e-01
    outer loop
      vertex   2.612493e+00 -1.000000e+01 4.263201e+00
      vertex   2.938926e+00 -5.000000e+00 4.045085e+00
      vertex   2.612493e+00 -5.000000e+00 4.263201e+00
    endloop
  endfacet
  facet normal 4.886212e-01 -1.301949e-16 8.724960e-01
    outer loop
      vertex   2.612493e+00 -1.000000e+01 4.263201e+00
      vertex   2.612493e+00 -5.000000e+00 4.263201e+00
      vertex   2.269952e+00 -1.000000e+01 4.455033e+00
    endloop
  endfacet
  facet normal 4.886212e-01 -0.000000e+00 8.724960e-01
    outer loop
      vertex   2.269952e+00 -1.000000e+01 4.455033e+00
      vertex   2.612493e+00 -5.000000e+00 4.263201e+00
      vertex   2.269952e+00 -5.000000e+00 4.455033e+00
    endloop
  endfacet
  facet normal 4.186597e-01 -0.000000e+00 9.081432e-01
    outer loop
      vertex   2.269952e+00 -1.000000e+01 4.455033e+00
      vertex   2.269952e+00 -5.000000e+00 4.455033e+00
      vertex   1.913417e+00 -1.000000e+01 4.619398e+00
    endloop
  endfacet
  facet normal 4.186597e-01 -6.835750e-17 9.081432e-01
    outer loop
      vertex   1.913417e+00 -1.000000e+01 4.619398e+00
      vertex   2.269952e+00 -5.000000e+00 4.455033e+00
      vertex   1.913417e+00 -5.000000e+00 4.619398e+00
    endloop
  endfacet
  facet normal 3.461171e-01 -8.980283e-17 9.381913e-01
    outer loop
      vertex   1.913417e+00 -1.000000e+01 4.619398e+00
      vertex   1.913417e+00 -5.000000e+00 4.619398e+00
      vertex   1.545085e+00 -1.000000e+01 4.755283e+00
    endloop
  endfacet
  facet normal 3.461171e-01 -0.000000e+00 9.381913e-01
    outer loop
      vertex   1.545085e+00 -1.000000e+01 4.755283e+00
      vertex   1.913417e+00 -5.000000e+00 4.619398e+00
      vertex   1.545085e+00 -5.000000e+00 4.755283e+00
    endloop
  endfacet
  facet normal 2.714404e-01 -0.000000e+00 9.624552e-01
    outer loop
      vertex   1.545085e+00 -1.000000e+01 4.755283e+00
      vertex   1.545085e+00 -5.000000e+00 4.755283e+00
      vertex   1.167227e+00 -1.000000e+01 4.861850e+00
    endloop
  endfacet
  facet normal 2.714404e-01 -6.027189e-17 9.624552e-01
    outer loop
      vertex   1.167227e+00 -1.000000e+01 4.861850e+00
      vertex   1.545085e+00 -5.000000e+00 4.755283e+00
      vertex   1.167227e+00 -5.000000e+00 4.861850e+00
    endloop
  endfacet
  facet normal 1.950903e-01 -4.331875e-17 9.807853e-01
    outer loop
      vertex   1.167227e+00 -1.000000e+01 4.861850e+00
      vertex   1.167227e+00 -5.000000e+00 4.861850e+00
      vertex   7.821723e-01 -1.000000e+01 4.938442e+00
    endloop
  endfacet
  facet normal 1.950903e-01 -0.000000e+00 9.807853e-01
    outer loop
      vertex   7.821723e-01 -1.000000e+01 4.938442e+00
      vertex   1.167227e+00 -5.000000e+00 4.861850e+00
      vertex   7.821723e-01 -5.000000e+00 4.938442e+00
    endloop
  endfacet
  facet normal 1.175374e-01 -0.000000e+00 9.930685e-01
    outer loop
      vertex   7.821723e-01 -1.000000e+01 4.938442e+00
      vertex   7.821723e-01 -5.000000e+00 4.938442e+00
      vertex   3.922955e-01 -1.000000e+01 4.984587e+00
    endloop
  endfacet
  facet normal 1.175374e-01 2.609854e-17 9.930685e-01
    outer loop
      vertex   3.922955e-01 -1.000000e+01 4.984587e+00
      vertex   7.821723e-01 -5.000000e+00 4.938442e+00
      vertex   3.922955e-01 -5.000000e+00 4.984587e+00
    endloop
  endfacet
  facet normal 3.925982e-02 8.717430e-18 9.992290e-01
    outer loop
      vertex   3.922955e-01 -1.000000e+01 4.984587e+00
      vertex   3.922955e-01 -5.000000e+00 4.984587e+00
      vertex   3.061617e-16 -1.000000e+01 5.000000e+00
    endloop
  endfacet
  facet normal 3.925982e-02 -0.000000e+00 9.992290e-01
    outer loop
      vertex   3.061617e-16 -1.000000e+01 5.000000e+00
      vertex   3.922955e-01 -5.000000e+00 4.984587e+00
      vertex   3.061617e-16 -5.000000e+00 5.000000e+00
    endloop
  endfacet
  facet normal -3.925982e-02 0.000000e+00 9.992290e-01
    outer loop
      vertex   3.061617e-16 -1.000000e+01 5.000000e+00
      vertex   3.061617e-16 -5.000000e+00 5.000000e+00
      vertex   -3.922955e-01 -1.000000e+01 4.984587e+00
    endloop
  endfacet
  facet normal -3.925982e-02 8.717430e-18 9.992290e-01
    outer loop
      vertex   -3.922955e-01 -1.000000e+01 4.984587e+00
      vertex   3.061617e-16 -5.000000e+00 5.000000e+00
      vertex   -3.922955e-01 -5.000000e+00 4.984587e+00
    endloop
  endfacet
  facet normal -1.175374e-01 2.609854e-17 9.930685e-01
    outer loop
      vertex   -3.922955e-01 -1.000000e+01 4.984587e+00
      vertex   -3.922955e-01 -5.000000e+00 4.984587e+00
      vertex   -7.821723e-01 -1.000000e+01 4.938442e+00
    endloop
  endfacet
  facet normal -1.175374e-01 0.000000e+00 9.930685e-01
    outer loop
      vertex   -7.821723e-01 -1.000000e+01 4.938442e+00
      vertex   -3.922955e-01 -5.000000e+00 4.984587e+00
      vertex   -7.821723e-01 -5.000000e+00 4.938442e+00
    endloop
  endfacet
  facet normal -1.950903e-01 0.000000e+00 9.807853e-01
    outer loop
      vertex   -7.821723e-01 -1.000000e+01 4.938442e+00
      vertex   -7.821723e-01 -5.000000e+00 4.938442e+00
      vertex   -1.167227e+00 -1.000000e+01 4.861850e+00
    endloop
  endfacet
  facet normal -1.950903e-01 -4.331875e-17 9.807853e-01
    outer loop
      vertex   -1.167227e+00 -1.000000e+01 4.861850e+00
      vertex   -7.821723e-01 -5.000000e+00 4.938442e+00
      vertex   -1.167227e+00 -5.000000e+00 4.861850e+00
    endloop
  endfacet
  facet normal -2.714404e-01 -6.027189e-17 9.624552e-01
    outer loop
      vertex   -1.167227e+00 -1.000000e+01 4.861850e+00
      vertex   -1.167227e+00 -5.000000e+00 4.861850e+00
      vertex   -1.545085e+00 -1.000000e+01 4.755283e+00
    endloop
  endfacet
  facet normal -2.714404e-01 0.000000e+00 9.624552e-01
    outer loop
      vertex   -1.545085e+00 -1.000000e+01 4.755283e+00
      vertex   -1.167227e+00 -5.000000e+00 4.861850e+00
      vertex   -1.545085e+00 -5.000000e+00 4.755283e+00
    endloop
  endfacet
  facet normal -3.461171e-01 0.000000e+00 9.381913e-01
    outer loop
      vertex   -1.545085e+00 -1.000000e+01 4.755283e+00
      vertex   -1.545085e+00 -5.000000e+00 4.755283e+00
      vertex   -1.913417e+00 -1.000000e+01 4.619398e+00
    endloop
  endfacet
  facet normal -3.461171e-01 -8.980283e-17 9.381913e-01
    outer loop
      vertex   -1.913417e+00 -1.000000e+01 4.619398e+00
      vertex   -1.545085e+00 -5.000000e+00 4.755283e+00
      vertex   -1.913417e+00 -5.000000e+00 4.619398e+00
    endloop
  endfacet
  facet normal -4.186597e-01 -6.835750e-17 9.081432e-01
    outer loop
      vertex   -1.913417e+00 -1.000000e+01 4.619398e+00
      vertex   -1.913417e+00 -5.000000e+00 4.619398e+00
      vertex   -2.269952e+00 -1.000000e+01 4.455033e+00
    endloop
  endfacet
  facet normal -4.186597e-01 0.000000e+00 9.081432e-01
    outer loop
      vertex   -2.269952e+00 -1.000000e+01 4.455033e+00
      vertex   -1.913417e+00 -5.000000e+00 4.619398e+00
      vertex   -2.269952e+00 -5.000000e+00 4.455033e+00
    endloop
  endfacet
  facet normal -4.886212e-01 0.000000e+00 8.724960e-01
    outer loop
      vertex   -2.269952e+00 -1.000000e+01 4.455033e+00
      vertex   -2.269952e+00 -5.000000e+00 4.455033e+00
      vertex   -2.612493e+00 -1.000000e+01 4.263201e+00
    endloop
  endfacet
  facet normal -4.886212e-01 0.000000e+00 8.724960e-01
    outer loop
      vertex   -2.612493e+00 -1.000000e+01 4.263201e+00
      vertex   -2.269952e+00 -5.000000e+00 4.455033e+00
      vertex   -2.612493e+00 -5.000000e+00 4.263201e+00
    endloop
  endfacet
  facet normal -5.555702e-01 0.000000e+00 8.314696e-01
    outer loop
      vertex   -2.612493e+00 -1.000000e+01 4.263201e+00
      vertex   -2.612493e+00 -5.000000e+00 4.263201e+00
      vertex   -2.938926e+00 -1.000000e+01 4.045085e+00
    endloop
  endfacet
  facet normal -5.555702e-01 0.000000e+00 8.314696e-01
    outer loop
      vertex   -2.938926e+00 -1.000000e+01 4.045085e+00
      vertex   -2.612493e+00 -5.000000e+00 4.263201e+00
      vertex   -2.938926e+00 -5.000000e+00 4.045085e+00
    endloop
  endfacet
  facet normal -6.190939e-01 0.000000e+00 7.853169e-01
    outer loop
      vertex   -2.938926e+00 -1.000000e+01 4.045085e+00
      vertex   -2.938926e+00 -5.000000e+00 4.045085e+00
      vertex   -3.247240e+00 -1.000000e+01 3.802030e+00
    endloop
  endfacet
  facet normal -6.190939e-01 0.000000e+00 7.853169e-01
    outer loop
      vertex   -3.247240e+00 -1.000000e+01 3.802030e+00
      vertex   -2.938926e+00 -5.000000e+00 4.045085e+00
      vertex   -3.247240e+00 -5.000000e+00 3.802030e+00
    endloop
  endfacet
  facet normal -6.788007e-01 0.000000e+00 7.343225e-01
    outer loop
      vertex   -3.247240e+00 -1.000000e+01 3.802030e+00
      vertex   -3.247240e+00 -5.000000e+00 3.802030e+00
      vertex   -3.535534e+00 -1.000000e+01 3.535534e+00
    endloop
  endfacet
  facet normal -6.788007e-01 0.000000e+00 7.343225e-01
    outer loop
      vertex   -3.535534e+00 -1.000000e+01 3.535534e+00
      vertex   -3.247240e+00 -5.000000e+00 3.802030e+00
      vertex   -3.535534e+00 -5.000000e+00 3.535534e+00
    endloop
  endfacet
  facet normal -7.343225e-01 0.000000e+00 6.788007e-01
    outer loop
      vertex   -3.535534e+00 -1.000000e+01 3.535534e+00
      vertex   -3.535534e+00 -5.000000e+00 3.535534e+00
      vertex   -3.802030e+00 -1.000000e+01 3.247240e+00
    endloop
  endfacet
  facet normal -7.343225e-01 0.000000e+00 6.788007e-01
    outer loop
      vertex   -3.802030e+00 -1.000000e+01 3.247240e+00
      vertex   -3.535534e+00 -5.000000e+00 3.535534e+00
      vertex   -3.802030e+00 -5.000000e+00 3.247240e+00
    endloop
  endfacet
  facet normal -7.853169e-01 0.000000e+00 6.190939e-01
    outer loop
      vertex   -3.802030e+00 -1.000000e+01 3.247240e+00
      vertex   -3.802030e+00 -5.000000e+00 3.247240e+00
      vertex   -4.045085e+00 -1.000000e+01 2.938926e+00
    endloop
  endfacet
  facet normal -7.853169e-01 0.000000e+00 6.190939e-01
    outer loop
      vertex   -4.045085e+00 -1.000000e+01 2.938926e+00
      vertex   -3.802030e+00 -5.000000e+00 3.247240e+00
      vertex   -4.045085e+00 -5.000000e+00 2.938926e+00
    endloop
  endfacet
  facet normal -8.314696e-01 0.000000e+00 5.555702e-01
    outer loop
      vertex   -4.045085e+00 -1.000000e+01 2.938926e+00
      vertex   -4.045085e+00 -5.000000e+00 2.938926e+00
      vertex   -4.263201e+00 -1.000000e+01 2.612493e+00
    endloop
  endfacet
  facet normal -8.314696e-01 0.000000e+00 5.555702e-01
    outer loop
      vertex   -4.263201e+00 -1.000000e+01 2.612493e+00
      vertex   -4.045085e+00 -5.000000e+00 2.938926e+00
      vertex   -4.263201e+00 -5.000000e+00 2.612493e+00
    endloop
  endfacet
  facet normal -8.724960e-01 0.000000e+00 4.886212e-01
    outer loop
      vertex   -4.263201e+00 -1.000000e+01 2.612493e+00
      vertex   -4.263201e+00 -5.000000e+00 2.612493e+00
      vertex   -4.455033e+00 -1.000000e+01 2.269952e+00
    endloop
  endfacet
  facet normal -8.724960e-01 0.000000e+00 4.886212e-01
    outer loop
      vertex   -4.455033e+00 -1.000000e+01 2.269952e+00
      vertex   -4.263201e+00 -5.000000e+00 2.612493e+00
      vertex   -4.455033e+00 -5.000000e+00 2.269952e+00
    endloop
  endfacet
  facet normal -9.081432e-01 0.000000e+00 4.186597e-01
    outer loop
      vertex   -4.455033e+00 -1.000000e+01 2.269952e+00
      vertex   -4.455033e+00 -5.000000e+00 2.269952e+00
      vertex   -4.619398e+00 -1.000000e+01 1.913417e+00
    endloop
  endfacet
  facet normal -9.081432e-01 0.000000e+00 4.186597e-01
    outer loop
      vertex   -4.619398e+00 -1.000000e+01 1.913417e+00
      vertex   -4.455033e+00 -5.000000e+00 2.269952e+00
      vertex   -4.619398e+00 -5.000000e+00 1.913417e+00
    endloop
  endfacet
  facet normal -9.381913e-01 0.000000e+00 3.461171e-01
    outer loop
      vertex   -4.619398e+00 -1.000000e+01 1.913417e+00
      vertex   -4.619398e+00 -5.000000e+00 1.913417e+00
      vertex   -4.755283e+00 -1.000000e+01 1.545085e+00
    endloop
  endfacet
  facet normal -9.381913e-01 0.000000e+00 3.461171e-01
    outer loop
      vertex   -4.755283e+00 -1.000000e+01 1.545085e+00
      vertex   -4.619398e+00 -5.000000e+00 1.913417e+00
      vertex   -4.755283e+00 -5.000000e+00 1.545085e+00
    endloop
  endfacet
  facet normal -9.624552e-01 0.000000e+00 2.714404e-01
    outer loop
      vertex   -4.755283e+00 -1.000000e+01 1.545085e+00
      vertex   -4.755283e+00 -5.000000e+00 1.545085e+00
      vertex   -4.861850e+00 -1.000000e+01 1.167227e+00
    endloop
  endfacet
  facet normal -9.624552e-01 0.000000e+00 2.714404e-01
    outer loop
      vertex   -4.861850e+00 -1.000000e+01 1.167227e+00
      vertex   -4.755283e+00 -5.000000e+00 1.545085e+00
      vertex   -4.861850e+00 -5.000000e+00 1.167227e+00
    endloop
  endfacet
  facet normal -9.807853e-01 0.000000e+00 1.950903e-01
    outer loop
      vertex   -4.861850e+00 -1.000000e+01 1.167227e+00
      vertex   -4.861850e+00 -5.000000e+00 1.167227e+00
      vertex   -4.938442e+00 -1.000000e+01 7.821723e-01
    endloop
  endfacet
  facet normal -9.807853e-01 0.000000e+00 1.950903e-01
    outer loop
      vertex   -4.938442e+00 -1.000000e+01 7.821723e-01
      vertex   -4.861850e+00 -5.000000e+00 1.167227e+00
      vertex   -4.938442e+00 -5.000000e+00 7.821723e-01
    endloop
  endfacet
  facet normal -9.930685e-01 0.000000e+00 1.175374e-01
    outer loop
      vertex   -4.938442e+00 -1.000000e+01 7.821723e-01
      vertex   -4.938442e+00 -5.000000e+00 7.821723e-01
      vertex   -4.984587e+00 -1.000000e+01 3.922955e-01
    endloop
  endfacet
  facet normal -9.930685e-01 0.000000e+00 1.175374e-01
    outer loop
      vertex   -4.984587e+00 -1.000000e+01 3.922955e-01
      vertex   -4.938442e+00 -5.000000e+00 7.821723e-01
      vertex   -4.984587e+00 -5.000000e+00 3.922955e-01
    endloop
  endfacet
  facet normal -9.992290e-01 -0.000000e+00 -3.925982e-02
    outer loop
      vertex   -4.984587e+00 0.000000e+00 -3.922955e-01
      vertex   -4.984587e+00 -5.000000e+00 -3.922955e-01
      vertex   -5.000000e+00 0.000000e+00 6.123234e-16
    endloop
  endfacet
  facet normal -9.992290e-01 9.615882e-18 -3.925982e-02
    outer loop
      vertex   -5.000000e+00 0.000000e+00 6.123234e-16
      vertex   -4.984587e+00 -5.000000e+00 -3.922955e-01
      vertex   -5.000000e+00 -5.000000e+00 -6.123234e-16
    endloop
  endfacet
  facet normal -9.992290e-01 -9.615882e-18 3.925982e-02
    outer loop
      vertex   -5.000000e+00 0.000000e+00 6.123234e-16
      vertex   -5.000000e+00 -5.000000e+00 -6.123234e-16
      vertex   -4.984587e+00 0.000000e+00 3.922955e-01
    endloop
  endfacet
  facet normal -9.992290e-01 1.743486e-17 3.925982e-02
    outer loop
      vertex   -4.984587e+00 0.000000e+00 3.922955e-01
      vertex   -5.000000e+00 -5.000000e+00 -6.123234e-16
      vertex   -4.984587e+00 -5.000000e+00 3.922955e-01
    endloop
  endfacet
  facet normal -9.930685e-01 5.219709e-17 1.175374e-01
    outer loop
      vertex   -4.984587e+00 0.000000e+00 3.922955e-01
      vertex   -4.984587e+00 -5.000000e+00 3.922955e-01
      vertex   -4.938442e+00 0.000000e+00 7.821723e-01
    endloop
  endfacet
  facet normal -9.930685e-01 0.000000e+00 1.175374e-01
    outer loop
      vertex   -4.938442e+00 0.000000e+00 7.821723e-01
      vertex   -4.984587e+00 -5.000000e+00 3.922955e-01
      vertex   -4.938442e+00 -5.000000e+00 7.821723e-01
    endloop
  endfacet
  facet normal -9.807853e-01 0.000000e+00 1.950903e-01
    outer loop
      vertex   -4.938442e+00 0.000000e+00 7.821723e-01
      vertex   -4.938442e+00 -5.000000e+00 7.821723e-01
      vertex   -4.861850e+00 0.000000e+00 1.167227e+00
    endloop
  endfacet
  facet normal -9.807853e-01 -8.663751e-17 1.950903e-01
    outer loop
      vertex   -4.861850e+00 0.000000e+00 1.167227e+00
      vertex   -4.938442e+00 -5.000000e+00 7.821723e-01
      vertex   -4.861850e+00 -5.000000e+00 1.167227e+00
    endloop
  endfacet
  facet normal -9.624552e-01 -1.205438e-16 2.714404e-01
    outer loop
      vertex   -4.861850e+00 0.000000e+00 1.167227e+00
      vertex   -4.861850e+00 -5.000000e+00 1.167227e+00
      vertex   -4.755283e+00 0.000000e+00 1.545085e+00
    endloop
  endfacet
  facet normal -9.624552e-01 0.000000e+00 2.714404e-01
    outer loop
      vertex   -4.755283e+00 0.000000e+00 1.545085e+00
      vertex   -4.861850e+00 -5.000000e+00 1.167227e+00
      vertex   -4.755283e+00 -5.000000e+00 1.545085e+00
    endloop
  endfacet
  facet normal -9.381913e-01 0.000000e+00 3.461171e-01
    outer loop
      vertex   -4.755283e+00 0.000000e+00 1.545085e+00
      vertex   -4.755283e+00 -5.000000e+00 1.545085e+00
      vertex   -4.619398e+00 0.000000e+00 1.913417e+00
    endloop
  endfacet
  facet normal -9.381913e-01 -1.949764e-16 3.461171e-01
    outer loop
      vertex   -4.619398e+00 0.000000e+00 1.913417e+00
      vertex   -4.755283e+00 -5.000000e+00 1.545085e+00
      vertex   -4.619398e+00 -5.000000e+00 1.913417e+00
    endloop
  endfacet
  facet normal -9.081432e-01 -1.553072e-16 4.186597e-01
    outer loop
      vertex   -4.619398e+00 0.000000e+00 1.913417e+00
      vertex   -4.619398e+00 -5.000000e+00 1.913417e+00
      vertex   -4.455033e+00 0.000000e+00 2.269952e+00
    endloop
  endfacet
  facet normal -9.081432e-01 0.000000e+00 4.186597e-01
    outer loop
      vertex   -4.455033e+00 0.000000e+00 2.269952e+00
      vertex   -4.619398e+00 -5.000000e+00 1.913417e+00
      vertex   -4.455033e+00 -5.000000e+00 2.269952e+00
    endloop
  endfacet
  facet normal -8.724960e-01 0.000000e+00 4.886212e-01
    outer loop
      vertex   -4.455033e+00 0.000000e+00 2.269952e+00
      vertex   -4.455033e+00 -5.000000e+00 2.269952e+00
      vertex   -4.263201e+00 0.000000e+00 2.612493e+00
    endloop
  endfacet
  facet normal -8.724960e-01 -1.860671e-17 4.886212e-01
    outer loop
      vertex   -4.263201e+00 0.000000e+00 2.612493e+00
      vertex   -4.455033e+00 -5.000000e+00 2.269952e+00
      vertex   -4.263201e+00 -5.000000e+00 2.612493e+00
    endloop
  endfacet
  facet normal -8.314696e-01 -4.967952e-17 5.555702e-01
    outer loop
      vertex   -4.263201e+00 0.000000e+00 2.612493e+00
      vertex   -4.263201e+00 -5.000000e+00 2.612493e+00
      vertex   -4.045085e+00 0.000000e+00 2.938926e+00
    endloop
  endfacet
  facet normal -8.314696e-01 0.000000e+00 5.555702e-01
    outer loop
      vertex   -4.045085e+00 0.000000e+00 2.938926e+00
      vertex   -4.263201e+00 -5.000000e+00 2.612493e+00
      vertex   -4.045085e+00 -5.000000e+00 2.938926e+00
    endloop
  endfacet
  facet normal -7.853169e-01 0.000000e+00 6.190939e-01
    outer loop
      vertex   -4.045085e+00 0.000000e+00 2.938926e+00
      vertex   -4.045085e+00 -5.000000e+00 2.938926e+00
      vertex   -3.802030e+00 0.000000e+00 3.247240e+00
    endloop
  endfacet
  facet normal -7.853169e-01 -1.140409e-16 6.190939e-01
    outer loop
      vertex   -3.802030e+00 0.000000e+00 3.247240e+00
      vertex   -4.045085e+00 -5.000000e+00 2.938926e+00
      vertex   -3.802030e+00 -5.000000e+00 3.247240e+00
    endloop
  endfacet
  facet normal -7.343225e-01 -8.001491e-17 6.788007e-01
    outer loop
      vertex   -3.802030e+00 0.000000e+00 3.247240e+00
      vertex   -3.802030e+00 -5.000000e+00 3.247240e+00
      vertex   -3.535534e+00 0.000000e+00 3.535534e+00
    endloop
  endfacet
  facet normal -7.343225e-01 0.000000e+00 6.788007e-01
    outer loop
      vertex   -3.535534e+00 0.000000e+00 3.535534e+00
      vertex   -3.802030e+00 -5.000000e+00 3.247240e+00
      vertex   -3.535534e+00 -5.000000e+00 3.535534e+00
    endloop
  endfacet
  facet normal -6.788007e-01 0.000000e+00 7.343225e-01
    outer loop
      vertex   -3.535534e+00 0.000000e+00 3.535534e+00
      vertex   -3.535534e+00 -5.000000e+00 3.535534e+00
      vertex   -3.247240e+00 0.000000e+00 3.802030e+00
    endloop
  endfacet
  facet normal -6.788007e-01 4.549565e-17 7.343225e-01
    outer loop
      vertex   -3.247240e+00 0.000000e+00 3.802030e+00
      vertex   -3.535534e+00 -5.000000e+00 3.535534e+00
      vertex   -3.247240e+00 -5.000000e+00 3.802030e+00
    endloop
  endfacet
  facet normal -6.190939e-01 1.069589e-17 7.853169e-01
    outer loop
      vertex   -3.247240e+00 0.000000e+00 3.802030e+00
      vertex   -3.247240e+00 -5.000000e+00 3.802030e+00
      vertex   -2.938926e+00 0.000000e+00 4.045085e+00
    endloop
  endfacet
  facet normal -6.190939e-01 0.000000e+00 7.853169e-01
    outer loop
      vertex   -2.938926e+00 0.000000e+00 4.045085e+00
      vertex   -3.247240e+00 -5.000000e+00 3.802030e+00
      vertex   -2.938926e+00 -5.000000e+00 4.045085e+00
    endloop
  endfacet
  facet normal -5.555702e-01 0.000000e+00 8.314696e-01
    outer loop
      vertex   -2.938926e+00 0.000000e+00 4.045085e+00
      vertex   -2.938926e+00 -5.000000e+00 4.045085e+00
      vertex   -2.612493e+00 0.000000e+00 4.263201e+00
    endloop
  endfacet
  facet normal -5.555702e-01 -9.902407e-17 8.314696e-01
    outer loop
      vertex   -2.612493e+00 0.000000e+00 4.263201e+00
      vertex   -2.938926e+00 -5.000000e+00 4.045085e+00
      vertex   -2.612493e+00 -5.000000e+00 4.263201e+00
    endloop
  endfacet
  facet normal -4.886212e-01 -6.200500e-17 8.724960e-01
    outer loop
      vertex   -2.612493e+00 0.000000e+00 4.263201e+00
      vertex   -2.612493e+00 -5.000000e+00 4.263201e+00
      vertex   -2.269952e+00 0.000000e+00 4.455033e+00
    endloop
  endfacet
  facet normal -4.886212e-01 0.000000e+00 8.724960e-01
    outer loop
      vertex   -2.269952e+00 0.000000e+00 4.455033e+00
      vertex   -2.612493e+00 -5.000000e+00 4.263201e+00
      vertex   -2.269952e+00 -5.000000e+00 4.455033e+00
    endloop
  endfacet
  facet normal -4.186597e-01 0.000000e+00 9.081432e-01
    outer loop
      vertex   -2.269952e+00 0.000000e+00 4.455033e+00
      vertex   -2.269952e+00 -5.000000e+00 4.455033e+00
      vertex   -1.913417e+00 0.000000e+00 4.619398e+00
    endloop
  endfacet
  facet normal -4.186597e-01 7.436891e-17 9.081432e-01
    outer loop
      vertex   -1.913417e+00 0.000000e+00 4.619398e+00
      vertex   -2.269952e+00 -5.000000e+00 4.455033e+00
      vertex   -1.913417e+00 -5.000000e+00 4.619398e+00
    endloop
  endfacet
  facet normal -3.461171e-01 6.148274e-17 9.381913e-01
    outer loop
      vertex   -1.913417e+00 0.000000e+00 4.619398e+00
      vertex   -1.913417e+00 -5.000000e+00 4.619398e+00
      vertex   -1.545085e+00 0.000000e+00 4.755283e+00
    endloop
  endfacet
  facet normal -3.461171e-01 0.000000e+00 9.381913e-01
    outer loop
      vertex   -1.545085e+00 0.000000e+00 4.755283e+00
      vertex   -1.913417e+00 -5.000000e+00 4.619398e+00
      vertex   -1.545085e+00 -5.000000e+00 4.755283e+00
    endloop
  endfacet
  facet normal -2.714404e-01 0.000000e+00 9.624552e-01
    outer loop
      vertex   -1.545085e+00 0.000000e+00 4.755283e+00
      vertex   -1.545085e+00 -5.000000e+00 4.755283e+00
      vertex   -1.167227e+00 0.000000e+00 4.861850e+00
    endloop
  endfacet
  facet normal -2.714404e-01 -6.027189e-17 9.624552e-01
    outer loop
      vertex   -1.167227e+00 0.000000e+00 4.861850e+00
      vertex   -1.545085e+00 -5.000000e+00 4.755283e+00
      vertex   -1.167227e+00 -5.000000e+00 4.861850e+00
    endloop
  endfacet
  facet normal -1.950903e-01 -4.331875e-17 9.807853e-01
    outer loop
      vertex   -1.167227e+00 0.000000e+00 4.861850e+00
      vertex   -1.167227e+00 -5.000000e+00 4.861850e+00
      vertex   -7.821723e-01 0.000000e+00 4.938442e+00
    endloop
  endfacet
  facet normal -1.950903e-01 0.000000e+00 9.807853e-01
    outer loop
      vertex   -7.821723e-01 0.000000e+00 4.938442e+00
      vertex   -1.167227e+00 -5.000000e+00 4.861850e+00
      vertex   -7.821723e-01 -5.000000e+00 4.938442e+00
    endloop
  endfacet
  facet normal -1.175374e-01 0.000000e+00 9.930685e-01
    outer loop
      vertex   -7.821723e-01 0.000000e+00 4.938442e+00
      vertex   -7.821723e-01 -5.000000e+00 4.938442e+00
      vertex   -3.922955e-01 0.000000e+00 4.984587e+00
    endloop
  endfacet
  facet normal -1.175374e-01 2.609854e-17 9.930685e-01
    outer loop
      vertex   -3.922955e-01 0.000000e+00 4.984587e+00
      vertex   -7.821723e-01 -5.000000e+00 4.938442e+00
      vertex   -3.922955e-01 -5.000000e+00 4.984587e+00
    endloop
  endfacet
  facet normal -3.925982e-02 8.717430e-18 9.992290e-01
    outer loop
      vertex   -3.922955e-01 0.000000e+00 4.984587e+00
      vertex   -3.922955e-01 -5.000000e+00 4.984587e+00
      vertex   3.061617e-16 0.000000e+00 5.000000e+00
    endloop
  endfacet
  facet normal -3.925982e-02 0.000000e+00 9.992290e-01
    outer loop
      vertex   3.061617e-16 0.000000e+00 5.000000e+00
      vertex   -3.922955e-01 -5.000000e+00 4.984587e+00
      vertex   3.061617e-16 -5.000000e+00 5.000000e+00
    endloop
  endfacet
  facet normal 3.925982e-02 0.000000e+00 9.992290e-01
    outer loop
      vertex   3.061617e-16 0.000000e+00 5.000000e+00
      vertex   3.061617e-16 -5.000000e+00 5.000000e+00
      vertex   3.922955e-01 0.000000e+00 4.984587e+00
    endloop
  endfacet
  facet normal 3.925982e-02 8.717430e-18 9.992290e-01
    outer loop
      vertex   3.922955e-01 0.000000e+00 4.984587e+00
      vertex   3.061617e-16 -5.000000e+00 5.000000e+00
      vertex   3.922955e-01 -5.000000e+00 4.984587e+00
    endloop
  endfacet
  facet normal 1.175374e-01 2.609854e-17 9.930685e-01
    outer loop
      vertex   3.922955e-01 0.000000e+00 4.984587e+00
      vertex   3.922955e-01 -5.000000e+00 4.984587e+00
      vertex   7.821723e-01 0.000000e+00 4.938442e+00
    endloop
  endfacet
  facet normal 1.175374e-01 0.000000e+00 9.930685e-01
    outer loop
      vertex   7.821723e-01 0.000000e+00 4.938442e+00
      vertex   3.922955e-01 -5.000000e+00 4.984587e+00
      vertex   7.821723e-01 -5.000000e+00 4.938442e+00
    endloop
  endfacet
  facet normal 1.950903e-01 0.000000e+00 9.807853e-01
    outer loop
      vertex   7.821723e-01 0.000000e+00 4.938442e+00
      vertex   7.821723e-01 -5.000000e+00 4.938442e+00
      vertex   1.167227e+00 0.000000e+00 4.861850e+00
    endloop
  endfacet
  facet normal 1.950903e-01 -4.331875e-17 9.807853e-01
    outer loop
      vertex   1.167227e+00 0.000000e+00 4.861850e+00
      vertex   7.821723e-01 -5.000000e+00 4.938442e+00
      vertex   1.167227e+00 -5.000000e+00 4.861850e+00
    endloop
  endfacet
  facet normal 2.714404e-01 -6.027189e-17 9.624552e-01
    outer loop
      vertex   1.167227e+00 0.000000e+00 4.861850e+00
      vertex   1.167227e+00 -5.000000e+00 4.861850e+00
      vertex   1.545085e+00 0.000000e+00 4.755283e+00
    endloop
  endfacet
  facet normal 2.714404e-01 0.000000e+00 9.624552e-01
    outer loop
      vertex   1.545085e+00 0.000000e+00 4.755283e+00
      vertex   1.167227e+00 -5.000000e+00 4.861850e+00
      vertex   1.545085e+00 -5.000000e+00 4.755283e+00
    endloop
  endfacet
  facet normal 3.461171e-01 0.000000e+00 9.381913e-01
    outer loop
      vertex   1.545085e+00 0.000000e+00 4.755283e+00
      vertex   1.545085e+00 -5.000000e+00 4.755283e+00
      vertex   1.913417e+00 0.000000e+00 4.619398e+00
    endloop
  endfacet
  facet normal 3.461171e-01 -1.051735e-16 9.381913e-01
    outer loop
      vertex   1.913417e+00 0.000000e+00 4.619398e+00
      vertex   1.545085e+00 -5.000000e+00 4.755283e+00
      vertex   1.913417e+00 -5.000000e+00 4.619398e+00
    endloop
  endfacet
  facet normal 4.186597e-01 -8.694972e-17 9.081432e-01
    outer loop
      vertex   1.913417e+00 0.000000e+00 4.619398e+00
      vertex   1.913417e+00 -5.000000e+00 4.619398e+00
      vertex   2.269952e+00 0.000000e+00 4.455033e+00
    endloop
  endfacet
  facet normal 4.186597e-01 0.000000e+00 9.081432e-01
    outer loop
      vertex   2.269952e+00 0.000000e+00 4.455033e+00
      vertex   1.913417e+00 -5.000000e+00 4.619398e+00
      vertex   2.269952e+00 -5.000000e+00 4.455033e+00
    endloop
  endfacet
  facet normal 4.886212e-01 0.000000e+00 8.724960e-01
    outer loop
      vertex   2.269952e+00 0.000000e+00 4.455033e+00
      vertex   2.269952e+00 -5.000000e+00 4.455033e+00
      vertex   2.612493e+00 0.000000e+00 4.263201e+00
    endloop
  endfacet
  facet normal 4.886212e-01 6.818986e-17 8.724960e-01
    outer loop
      vertex   2.612493e+00 0.000000e+00 4.263201e+00
      vertex   2.269952e+00 -5.000000e+00 4.455033e+00
      vertex   2.612493e+00 -5.000000e+00 4.263201e+00
    endloop
  endfacet
  facet normal 5.555702e-01 4.900957e-17 8.314696e-01
    outer loop
      vertex   2.612493e+00 0.000000e+00 4.263201e+00
      vertex   2.612493e+00 -5.000000e+00 4.263201e+00
      vertex   2.938926e+00 0.000000e+00 4.045085e+00
    endloop
  endfacet
  facet normal 5.555702e-01 0.000000e+00 8.314696e-01
    outer loop
      vertex   2.938926e+00 0.000000e+00 4.045085e+00
      vertex   2.612493e+00 -5.000000e+00 4.263201e+00
      vertex   2.938926e+00 -5.000000e+00 4.045085e+00
    endloop
  endfacet
  facet normal 6.190939e-01 0.000000e+00 7.853169e-01
    outer loop
      vertex   2.938926e+00 0.000000e+00 4.045085e+00
      vertex   2.938926e+00 -5.000000e+00 4.045085e+00
      vertex   3.247240e+00 0.000000e+00 3.802030e+00
    endloop
  endfacet
  facet normal 6.190939e-01 -2.952713e-17 7.853169e-01
    outer loop
      vertex   3.247240e+00 0.000000e+00 3.802030e+00
      vertex   2.938926e+00 -5.000000e+00 4.045085e+00
      vertex   3.247240e+00 -5.000000e+00 3.802030e+00
    endloop
  endfacet
  facet normal 6.788007e-01 -9.862647e-18 7.343225e-01
    outer loop
      vertex   3.247240e+00 0.000000e+00 3.802030e+00
      vertex   3.247240e+00 -5.000000e+00 3.802030e+00
      vertex   3.535534e+00 0.000000e+00 3.535534e+00
    endloop
  endfacet
  facet normal 6.788007e-01 0.000000e+00 7.343225e-01
    outer loop
      vertex   3.535534e+00 0.000000e+00 3.535534e+00
      vertex   3.247240e+00 -5.000000e+00 3.802030e+00
      vertex   3.535534e+00 -5.000000e+00 3.535534e+00
    endloop
  endfacet
  facet normal 7.343225e-01 0.000000e+00 6.788007e-01
    outer loop
      vertex   3.535534e+00 0.000000e+00 3.535534e+00
      vertex   3.535534e+00 -5.000000e+00 3.535534e+00
      vertex   3.802030e+00 0.000000e+00 3.247240e+00
    endloop
  endfacet
  facet normal 7.343225e-01 0.000000e+00 6.788007e-01
    outer loop
      vertex   3.802030e+00 0.000000e+00 3.247240e+00
      vertex   3.535534e+00 -5.000000e+00 3.535534e+00
      vertex   3.802030e+00 -5.000000e+00 3.247240e+00
    endloop
  endfacet
  facet normal 7.853169e-01 0.000000e+00 6.190939e-01
    outer loop
      vertex   3.802030e+00 0.000000e+00 3.247240e+00
      vertex   3.802030e+00 -5.000000e+00 3.247240e+00
      vertex   4.045085e+00 0.000000e+00 2.938926e+00
    endloop
  endfacet
  facet normal 7.853169e-01 0.000000e+00 6.190939e-01
    outer loop
      vertex   4.045085e+00 0.000000e+00 2.938926e+00
      vertex   3.802030e+00 -5.000000e+00 3.247240e+00
      vertex   4.045085e+00 -5.000000e+00 2.938926e+00
    endloop
  endfacet
  facet normal 8.314696e-01 0.000000e+00 5.555702e-01
    outer loop
      vertex   4.045085e+00 0.000000e+00 2.938926e+00
      vertex   4.045085e+00 -5.000000e+00 2.938926e+00
      vertex   4.263201e+00 0.000000e+00 2.612493e+00
    endloop
  endfacet
  facet normal 8.314696e-01 0.000000e+00 5.555702e-01
    outer loop
      vertex   4.263201e+00 0.000000e+00 2.612493e+00
      vertex   4.045085e+00 -5.000000e+00 2.938926e+00
      vertex   4.263201e+00 -5.000000e+00 2.612493e+00
    endloop
  endfacet
  facet normal 8.724960e-01 0.000000e+00 4.886212e-01
    outer loop
      vertex   4.263201e+00 0.000000e+00 2.612493e+00
      vertex   4.263201e+00 -5.000000e+00 2.612493e+00
      vertex   4.455033e+00 0.000000e+00 2.269952e+00
    endloop
  endfacet
  facet normal 8.724960e-01 0.000000e+00 4.886212e-01
    outer loop
      vertex   4.455033e+00 0.000000e+00 2.269952e+00
      vertex   4.263201e+00 -5.000000e+00 2.612493e+00
      vertex   4.455033e+00 -5.000000e+00 2.269952e+00
    endloop
  endfacet
  facet normal 9.081432e-01 0.000000e+00 4.186597e-01
    outer loop
      vertex   4.455033e+00 0.000000e+00 2.269952e+00
      vertex   4.455033e+00 -5.000000e+00 2.269952e+00
      vertex   4.619398e+00 0.000000e+00 1.913417e+00
    endloop
  endfacet
  facet normal 9.081432e-01 1.859223e-17 4.186597e-01
    outer loop
      vertex   4.619398e+00 0.000000e+00 1.913417e+00
      vertex   4.455033e+00 -5.000000e+00 2.269952e+00
      vertex   4.619398e+00 -5.000000e+00 1.913417e+00
    endloop
  endfacet
  facet normal 9.381913e-01 1.537069e-17 3.461171e-01
    outer loop
      vertex   4.619398e+00 0.000000e+00 1.913417e+00
      vertex   4.619398e+00 -5.000000e+00 1.913417e+00
      vertex   4.755283e+00 0.000000e+00 1.545085e+00
    endloop
  endfacet
  facet normal 9.381913e-01 0.000000e+00 3.461171e-01
    outer loop
      vertex   4.755283e+00 0.000000e+00 1.545085e+00
      vertex   4.619398e+00 -5.000000e+00 1.913417e+00
      vertex   4.755283e+00 -5.000000e+00 1.545085e+00
    endloop
  endfacet
  facet normal 9.624552e-01 0.000000e+00 2.714404e-01
    outer loop
      vertex   4.755283e+00 0.000000e+00 1.545085e+00
      vertex   4.755283e+00 -5.000000e+00 1.545085e+00
      vertex   4.861850e+00 0.000000e+00 1.167227e+00
    endloop
  endfacet
  facet normal 9.624552e-01 0.000000e+00 2.714404e-01
    outer loop
      vertex   4.861850e+00 0.000000e+00 1.167227e+00
      vertex   4.755283e+00 -5.000000e+00 1.545085e+00
      vertex   4.861850e+00 -5.000000e+00 1.167227e+00
    endloop
  endfacet
  facet normal 9.807853e-01 0.000000e+00 1.950903e-01
    outer loop
      vertex   4.861850e+00 0.000000e+00 1.167227e+00
      vertex   4.861850e+00 -5.000000e+00 1.167227e+00
      vertex   4.938442e+00 0.000000e+00 7.821723e-01
    endloop
  endfacet
  facet normal 9.807853e-01 0.000000e+00 1.950903e-01
    outer loop
      vertex   4.938442e+00 0.000000e+00 7.821723e-01
      vertex   4.861850e+00 -5.000000e+00 1.167227e+00
      vertex   4.938442e+00 -5.000000e+00 7.821723e-01
    endloop
  endfacet
  facet normal 9.930685e-01 0.000000e+00 1.175374e-01
    outer loop
      vertex   4.938442e+00 0.000000e+00 7.821723e-01
      vertex   4.938442e+00 -5.000000e+00 7.821723e-01
      vertex   4.984587e+00 0.000000e+00 3.922955e-01
    endloop
  endfacet
  facet normal 9.930685e-01 0.000000e+00 1.175374e-01
    outer loop
      vertex   4.984587e+00 0.000000e+00 3.922955e-01
      vertex   4.938442e+00 -5.000000e+00 7.821723e-01
      vertex   4.984587e+00 -5.000000e+00 3.922955e-01
    endloop
  endfacet
  facet normal 9.992290e-01 0.000000e+00 3.925982e-02
    outer loop
      vertex   4.984587e+00 0.000000e+00 3.922955e-01
      vertex   4.984587e+00 -5.000000e+00 3.922955e-01
      vertex   5.000000e+00 0.000000e+00 0.000000e+00
    endloop
  endfacet
  facet normal 9.992290e-01 0.000000e+00 3.925982e-02
    outer loop
      vertex   5.000000e+00 0.000000e+00 0.000000e+00
      vertex   4.984587e+00 -5.000000e+00 3.922955e-01
      vertex   5.000000e+00 -5.000000e+00 0.000000e+00
    endloop
  endfacet
  facet normal 9.992290e-01 0.000000e+00 -3.925982e-02
    outer loop
      vertex   5.000000e+00 0.000000e+00 0.000000e+00
      vertex   5.000000e+00 -5.000000e+00 0.000000e+00
      vertex   4.984587e+00 0.000000e+00 -3.922955e-01
    endloop
  endfacet
  facet normal 9.992290e-01 0.000000e+00 -3.925982e-02
    outer loop
      vertex   4.984587e+00 0.000000e+00 -3.922955e-01
      vertex   5.000000e+00 -5.000000e+00 0.000000e+00
      vertex   4.984587e+00 -5.000000e+00 -3.922955e-01
    endloop
  endfacet
  facet normal 9.930685e-01 0.000000e+00 -1.175374e-01
    outer loop
      vertex   4.984587e+00 0.000000e+00 -3.922955e-01
      vertex   4.984587e+00 -5.000000e+00 -3.922955e-01
      vertex   4.938442e+00 0.000000e+00 -7.821723e-01
    endloop
  endfacet
  facet normal 9.930685e-01 0.000000e+00 -1.175374e-01
    outer loop
      vertex   4.938442e+00 0.000000e+00 -7.821723e-01
      vertex   4.984587e+00 -5.000000e+00 -3.922955e-01
      vertex   4.938442e+00 -5.000000e+00 -7.821723e-01
    endloop
  endfacet
  facet normal 9.807853e-01 0.000000e+00 -1.950903e-01
    outer loop
      vertex   4.938442e+00 0.000000e+00 -7.821723e-01
      vertex   4.938442e+00 -5.000000e+00 -7.821723e-01
      vertex   4.861850e+00 0.000000e+00 -1.167227e+00
    endloop
  endfacet
  facet normal 9.807853e-01 0.000000e+00 -1.950903e-01
    outer loop
      vertex   4.861850e+00 0.000000e+00 -1.167227e+00
      vertex   4.938442e+00 -5.000000e+00 -7.821723e-01
      vertex   4.861850e+00 -5.000000e+00 -1.167227e+00
    endloop
  endfacet
  facet normal 9.624552e-01 0.000000e+00 -2.714404e-01
    outer loop
      vertex   4.861850e+00 0.000000e+00 -1.167227e+00
      vertex   4.861850e+00 -5.000000e+00 -1.167227e+00
      vertex   4.755283e+00 0.000000e+00 -1.545085e+00
    endloop
  endfacet
  facet normal 9.624552e-01 0.000000e+00 -2.714404e-01
    outer loop
      vertex   4.755283e+00 0.000000e+00 -1.545085e+00
      vertex   4.861850e+00 -5.000000e+00 -1.167227e+00
      vertex   4.755283e+00 -5.000000e+00 -1.545085e+00
    endloop
  endfacet
  facet normal 9.381913e-01 0.000000e+00 -3.461171e-01
    outer loop
      vertex   4.755283e+00 0.000000e+00 -1.545085e+00
      vertex   4.755283e+00 -5.000000e+00 -1.545085e+00
      vertex   4.619398e+00 0.000000e+00 -1.913417e+00
    endloop
  endfacet
  facet normal 9.381913e-01 1.537069e-17 -3.461171e-01
    outer loop
      vertex   4.619398e+00 0.000000e+00 -1.913417e+00
      vertex   4.755283e+00 -5.000000e+00 -1.545085e+00
      vertex   4.619398e+00 -5.000000e+00 -1.913417e+00
    endloop
  endfacet
  facet normal 9.081432e-01 1.859223e-17 -4.186597e-01
    outer loop
      vertex   4.619398e+00 0.000000e+00 -1.913417e+00
      vertex   4.619398e+00 -5.000000e+00 -1.913417e+00
      vertex   4.455033e+00 0.000000e+00 -2.269952e+00
    endloop
  endfacet
  facet normal 9.081432e-01 0.000000e+00 -4.186597e-01
    outer loop
      vertex   4.455033e+00 0.000000e+00 -2.269952e+00
      vertex   4.619398e+00 -5.000000e+00 -1.913417e+00
      vertex   4.455033e+00 -5.000000e+00 -2.269952e+00
    endloop
  endfacet
  facet normal 8.724960e-01 0.000000e+00 -4.886212e-01
    outer loop
      vertex   4.455033e+00 0.000000e+00 -2.269952e+00
      vertex   4.455033e+00 -5.000000e+00 -2.269952e+00
      vertex   4.263201e+00 0.000000e+00 -2.612493e+00
    endloop
  endfacet
  facet normal 8.724960e-01 0.000000e+00 -4.886212e-01
    outer loop
      vertex   4.263201e+00 0.000000e+00 -2.612493e+00
      vertex   4.455033e+00 -5.000000e+00 -2.269952e+00
      vertex   4.263201e+00 -5.000000e+00 -2.612493e+00
    endloop
  endfacet
  facet normal 8.314696e-01 0.000000e+00 -5.555702e-01
    outer loop
      vertex   4.263201e+00 0.000000e+00 -2.612493e+00
      vertex   4.263201e+00 -5.000000e+00 -2.612493e+00
      vertex   4.045085e+00 0.000000e+00 -2.938926e+00
    endloop
  endfacet
  facet normal 8.314696e-01 0.000000e+00 -5.555702e-01
    outer loop
      vertex   4.045085e+00 0.000000e+00 -2.938926e+00
      vertex   4.263201e+00 -5.000000e+00 -2.612493e+00
      vertex   4.045085e+00 -5.000000e+00 -2.938926e+00
    endloop
  endfacet
  facet normal 7.853169e-01 0.000000e+00 -6.190939e-01
    outer loop
      vertex   4.045085e+00 0.000000e+00 -2.938926e+00
      vertex   4.045085e+00 -5.000000e+00 -2.938926e+00
      vertex   3.802030e+00 0.000000e+00 -3.247240e+00
    endloop
  endfacet
  facet normal 7.853169e-01 0.000000e+00 -6.190939e-01
    outer loop
      vertex   3.802030e+00 0.000000e+00 -3.247240e+00
      vertex   4.045085e+00 -5.000000e+00 -2.938926e+00
      vertex   3.802030e+00 -5.000000e+00 -3.247240e+00
    endloop
  endfacet
  facet normal 7.343225e-01 0.000000e+00 -6.788007e-01
    outer loop
      vertex   3.802030e+00 0.000000e+00 -3.247240e+00
      vertex   3.802030e+00 -5.000000e+00 -3.247240e+00
      vertex   3.535534e+00 0.000000e+00 -3.535534e+00
    endloop
  endfacet
  facet normal 7.343225e-01 0.000000e+00 -6.788007e-01
    outer loop
      vertex   3.535534e+00 0.000000e+00 -3.535534e+00
      vertex   3.802030e+00 -5.000000e+00 -3.247240e+00
      vertex   3.535534e+00 -5.000000e+00 -3.535534e+00
    endloop
  endfacet
  facet normal 6.788007e-01 0.000000e+00 -7.343225e-01
    outer loop
      vertex   3.535534e+00 0.000000e+00 -3.535534e+00
      vertex   3.535534e+00 -5.000000e+00 -3.535534e+00
      vertex   3.247240e+00 0.000000e+00 -3.802030e+00
    endloop
  endfacet
  facet normal 6.788007e-01 7.015226e-17 -7.343225e-01
    outer loop
      vertex   3.247240e+00 0.000000e+00 -3.802030e+00
      vertex   3.535534e+00 -5.000000e+00 -3.535534e+00
      vertex   3.247240e+00 -5.000000e+00 -3.802030e+00
    endloop
  endfacet
  facet normal 6.190939e-01 8.451372e-17 -7.853169e-01
    outer loop
      vertex   3.247240e+00 0.000000e+00 -3.802030e+00
      vertex   3.247240e+00 -5.000000e+00 -3.802030e+00
      vertex   2.938926e+00 0.000000e+00 -4.045085e+00
    endloop
  endfacet
  facet normal 6.190939e-01 0.000000e+00 -7.853169e-01
    outer loop
      vertex   2.938926e+00 0.000000e+00 -4.045085e+00
      vertex   3.247240e+00 -5.000000e+00 -3.802030e+00
      vertex   2.938926e+00 -5.000000e+00 -4.045085e+00
    endloop
  endfacet
  facet normal 5.555702e-01 0.000000e+00 -8.314696e-01
    outer loop
      vertex   2.938926e+00 0.000000e+00 -4.045085e+00
      vertex   2.938926e+00 -5.000000e+00 -4.045085e+00
      vertex   2.612493e+00 0.000000e+00 -4.263201e+00
    endloop
  endfacet
  facet normal 5.555702e-01 1.480336e-16 -8.314696e-01
    outer loop
      vertex   2.612493e+00 0.000000e+00 -4.263201e+00
      vertex   2.938926e+00 -5.000000e+00 -4.045085e+00
      vertex   2.612493e+00 -5.000000e+00 -4.263201e+00
    endloop
  endfacet
  facet normal 4.886212e-01 1.301949e-16 -8.724960e-01
    outer loop
      vertex   2.612493e+00 0.000000e+00 -4.263201e+00
      vertex   2.612493e+00 -5.000000e+00 -4.263201e+00
      vertex   2.269952e+00 0.000000e+00 -4.455033e+00
    endloop
  endfacet
  facet normal 4.886212e-01 0.000000e+00 -8.724960e-01
    outer loop
      vertex   2.269952e+00 0.000000e+00 -4.455033e+00
      vertex   2.612493e+00 -5.000000e+00 -4.263201e+00
      vertex   2.269952e+00 -5.000000e+00 -4.455033e+00
    endloop
  endfacet
  facet normal 4.186597e-01 0.000000e+00 -9.081432e-01
    outer loop
      vertex   2.269952e+00 0.000000e+00 -4.455033e+00
      vertex   2.269952e+00 -5.000000e+00 -4.455033e+00
      vertex   1.913417e+00 0.000000e+00 -4.619398e+00
    endloop
  endfacet
  facet normal 4.186597e-01 6.835750e-17 -9.081432e-01
    outer loop
      vertex   1.913417e+00 0.000000e+00 -4.619398e+00
      vertex   2.269952e+00 -5.000000e+00 -4.455033e+00
      vertex   1.913417e+00 -5.000000e+00 -4.619398e+00
    endloop
  endfacet
  facet normal 3.461171e-01 8.980283e-17 -9.381913e-01
    outer loop
      vertex   1.913417e+00 0.000000e+00 -4.619398e+00
      vertex   1.913417e+00 -5.000000e+00 -4.619398e+00
      vertex   1.545085e+00 0.000000e+00 -4.755283e+00
    endloop
  endfacet
  facet normal 3.461171e-01 0.000000e+00 -9.381913e-01
    outer loop
      vertex   1.545085e+00 0.000000e+00 -4.755283e+00
      vertex   1.913417e+00 -5.000000e+00 -4.619398e+00
      vertex   1.545085e+00 -5.000000e+00 -4.755283e+00
    endloop
  endfacet
  facet normal 2.714404e-01 0.000000e+00 -9.624552e-01
    outer loop
      vertex   1.545085e+00 0.000000e+00 -4.755283e+00
      vertex   1.545085e+00 -5.000000e+00 -4.755283e+00
      vertex   1.167227e+00 0.000000e+00 -4.861850e+00
    endloop
  endfacet
  facet normal 2.714404e-01 6.027189e-17 -9.624552e-01
    outer loop
      vertex   1.167227e+00 0.000000e+00 -4.861850e+00
      vertex   1.545085e+00 -5.000000e+00 -4.755283e+00
      vertex   1.167227e+00 -5.000000e+00 -4.861850e+00
    endloop
  endfacet
  facet normal 1.950903e-01 4.331875e-17 -9.807853e-01
    outer loop
      vertex   1.167227e+00 0.000000e+00 -4.861850e+00
      vertex   1.167227e+00 -5.000000e+00 -4.861850e+00
      vertex   7.821723e-01 0.000000e+00 -4.938442e+00
    endloop
  endfacet
  facet normal 1.950903e-01 0.000000e+00 -9.807853e-01
    outer loop
      vertex   7.821723e-01 0.000000e+00 -4.938442e+00
      vertex   1.167227e+00 -5.000000e+00 -4.861850e+00
      vertex   7.821723e-01 -5.000000e+00 -4.938442e+00
    endloop
  endfacet
  facet normal 1.175374e-01 0.000000e+00 -9.930685e-01
    outer loop
      vertex   7.821723e-01 0.000000e+00 -4.938442e+00
      vertex   7.821723e-01 -5.000000e+00 -4.938442e+00
      vertex   3.922955e-01 0.000000e+00 -4.984587e+00
    endloop
  endfacet
  facet normal 1.175374e-01 -2.609854e-17 -9.930685e-01
    outer loop
      vertex   3.922955e-01 0.000000e+00 -4.984587e+00
      vertex   7.821723e-01 -5.000000e+00 -4.938442e+00
      vertex   3.922955e-01 -5.000000e+00 -4.984587e+00
    endloop
  endfacet
  facet normal 3.925982e-02 -8.717430e-18 -9.992290e-01
    outer loop
      vertex   3.922955e-01 0.000000e+00 -4.984587e+00
      vertex   3.922955e-01 -5.000000e+00 -4.984587e+00
      vertex   3.061617e-16 0.000000e+00 -5.000000e+00
    endloop
  endfacet
  facet normal 3.925982e-02 0.000000e+00 -9.992290e-01
    outer loop
      vertex   3.061617e-16 0.000000e+00 -5.000000e+00
      vertex   3.922955e-01 -5.000000e+00 -4.984587e+00
      vertex   3.061617e-16 -5.000000e+00 -5.000000e+00
    endloop
  endfacet
  facet normal -3.925982e-02 -0.000000e+00 -9.992290e-01
    outer loop
      vertex   3.061617e-16 0.000000e+00 -5.000000e+00
      vertex   3.061617e-16 -5.000000e+00 -5.000000e+00
      vertex   -3.922955e-01 0.000000e+00 -4.984587e+00
    endloop
  endfacet
  facet normal -3.925982e-02 -8.717430e-18 -9.992290e-01
    outer loop
      vertex   -3.922955e-01 0.000000e+00 -4.984587e+00
      vertex   3.061617e-16 -5.000000e+00 -5.000000e+00
      vertex   -3.922955e-01 -5.000000e+00 -4.984587e+00
    endloop
  endfacet
  facet normal -1.175374e-01 -2.609854e-17 -9.930685e-01
    outer loop
      vertex   -3.922955e-01 0.000000e+00 -4.984587e+00
      vertex   -3.922955e-01 -5.000000e+00 -4.984587e+00
      vertex   -7.821723e-01 0.000000e+00 -4.938442e+00
    endloop
  endfacet
  facet normal -1.175374e-01 -0.000000e+00 -9.930685e-01
    outer loop
      vertex   -7.821723e-01 0.000000e+00 -4.938442e+00
      vertex   -3.922955e-01 -5.000000e+00 -4.984587e+00
      vertex   -7.821723e-01 -5.000000e+00 -4.938442e+00
    endloop
  endfacet
  facet normal -1.950903e-01 -0.000000e+00 -9.807853e-01
    outer loop
      vertex   -7.821723e-01 0.000000e+00 -4.938442e+00
      vertex   -7.821723e-01 -5.000000e+00 -4.938442e+00
      vertex   -1.167227e+00 0.000000e+00 -4.861850e+00
    endloop
  endfacet
  facet normal -1.950903e-01 4.331875e-17 -9.807853e-01
    outer loop
      vertex   -1.167227e+00 0.000000e+00 -4.861850e+00
      vertex   -7.821723e-01 -5.000000e+00 -4.938442e+00
      vertex   -1.167227e+00 -5.000000e+00 -4.861850e+00
    endloop
  endfacet
  facet normal -2.714404e-01 6.027189e-17 -9.624552e-01
    outer loop
      vertex   -1.167227e+00 0.000000e+00 -4.861850e+00
      vertex   -1.167227e+00 -5.000000e+00 -4.861850e+00
      vertex   -1.545085e+00 0.000000e+00 -4.755283e+00
    endloop
  endfacet
  facet normal -2.714404e-01 -0.000000e+00 -9.624552e-01
    outer loop
      vertex   -1.545085e+00 0.000000e+00 -4.755283e+00
      vertex   -1.167227e+00 -5.000000e+00 -4.861850e+00
      vertex   -1.545085e+00 -5.000000e+00 -4.755283e+00
    endloop
  endfacet
  facet normal -3.461171e-01 -0.000000e+00 -9.381913e-01
    outer loop
      vertex   -1.545085e+00 0.000000e+00 -4.755283e+00
      vertex   -1.545085e+00 -5.000000e+00 -4.755283e+00
      vertex   -1.913417e+00 0.000000e+00 -4.619398e+00
    endloop
  endfacet
  facet normal -3.461171e-01 8.980283e-17 -9.381913e-01
    outer loop
      vertex   -1.913417e+00 0.000000e+00 -4.619398e+00
      vertex   -1.545085e+00 -5.000000e+00 -4.755283e+00
      vertex   -1.913417e+00 -5.000000e+00 -4.619398e+00
    endloop
  endfacet
  facet normal -4.186597e-01 6.835750e-17 -9.081432e-01
    outer loop
      vertex   -1.913417e+00 0.000000e+00 -4.619398e+00
      vertex   -1.913417e+00 -5.000000e+00 -4.619398e+00
      vertex   -2.269952e+00 0.000000e+00 -4.455033e+00
    endloop
  endfacet
  facet normal -4.186597e-01 -0.000000e+00 -9.081432e-01
    outer loop
      vertex   -2.269952e+00 0.000000e+00 -4.455033e+00
      vertex   -1.913417e+00 -5.000000e+00 -4.619398e+00
      vertex   -2.269952e+00 -5.000000e+00 -4.455033e+00
    endloop
  endfacet
  facet normal -4.886212e-01 -0.000000e+00 -8.724960e-01
    outer loop
      vertex   -2.269952e+00 0.000000e+00 -4.455033e+00
      vertex   -2.269952e+00 -5.000000e+00 -4.455033e+00
      vertex   -2.612493e+00 0.000000e+00 -4.263201e+00
    endloop
  endfacet
  facet normal -4.886212e-01 -0.000000e+00 -8.724960e-01
    outer loop
      vertex   -2.612493e+00 0.000000e+00 -4.263201e+00
      vertex   -2.269952e+00 -5.000000e+00 -4.455033e+00
      vertex   -2.612493e+00 -5.000000e+00 -4.263201e+00
    endloop
  endfacet
  facet normal -5.555702e-01 -0.000000e+00 -8.314696e-01
    outer loop
      vertex   -2.612493e+00 0.000000e+00 -4.263201e+00
      vertex   -2.612493e+00 -5.000000e+00 -4.263201e+00
      vertex   -2.938926e+00 0.000000e+00 -4.045085e+00
    endloop
  endfacet
  facet normal -5.555702e-01 -0.000000e+00 -8.314696e-01
    outer loop
      vertex   -2.938926e+00 0.000000e+00 -4.045085e+00
      vertex   -2.612493e+00 -5.000000e+00 -4.263201e+00
      vertex   -2.938926e+00 -5.000000e+00 -4.045085e+00
    endloop
  endfacet
  facet normal -6.190939e-01 -0.000000e+00 -7.853169e-01
    outer loop
      vertex   -2.938926e+00 0.000000e+00 -4.045085e+00
      vertex   -2.938926e+00 -5.000000e+00 -4.045085e+00
      vertex   -3.247240e+00 0.000000e+00 -3.802030e+00
    endloop
  endfacet
  facet normal -6.190939e-01 -0.000000e+00 -7.853169e-01
    outer loop
      vertex   -3.247240e+00 0.000000e+00 -3.802030e+00
      vertex   -2.938926e+00 -5.000000e+00 -4.045085e+00
      vertex   -3.247240e+00 -5.000000e+00 -3.802030e+00
    endloop
  endfacet
  facet normal -6.788007e-01 -0.000000e+00 -7.343225e-01
    outer loop
      vertex   -3.247240e+00 0.000000e+00 -3.802030e+00
      vertex   -3.247240e+00 -5.000000e+00 -3.802030e+00
      vertex   -3.535534e+00 0.000000e+00 -3.535534e+00
    endloop
  endfacet
  facet normal -6.788007e-01 -0.000000e+00 -7.343225e-01
    outer loop
      vertex   -3.535534e+00 0.000000e+00 -3.535534e+00
      vertex   -3.247240e+00 -5.000000e+00 -3.802030e+00
      vertex   -3.535534e+00 -5.000000e+00 -3.535534e+00
    endloop
  endfacet
  facet normal -7.343225e-01 -0.000000e+00 -6.788007e-01
    outer loop
      vertex   -3.535534e+00 0.000000e+00 -3.535534e+00
      vertex   -3.535534e+00 -5.000000e+00 -3.535534e+00
      vertex   -3.802030e+00 0.000000e+00 -3.247240e+00
    endloop
  endfacet
  facet normal -7.343225e-01 -0.000000e+00 -6.788007e-01
    outer loop
      vertex   -3.802030e+00 0.000000e+00 -3.247240e+00
      vertex   -3.535534e+00 -5.000000e+00 -3.535534e+00
      vertex   -3.802030e+00 -5.000000e+00 -3.247240e+00
    endloop
  endfacet
  facet normal -7.853169e-01 -0.000000e+00 -6.190939e-01
    outer loop
      vertex   -3.802030e+00 0.000000e+00 -3.247240e+00
      vertex   -3.802030e+00 -5.000000e+00 -3.247240e+00
      vertex   -4.045085e+00 0.000000e+00 -2.938926e+00
    endloop
  endfacet
  facet normal -7.853169e-01 -0.000000e+00 -6.190939e-01
    outer loop
      vertex   -4.045085e+00 0.000000e+00 -2.938926e+00
      vertex   -3.802030e+00 -5.000000e+00 -3.247240e+00
      vertex   -4.045085e+00 -5.000000e+00 -2.938926e+00
    endloop
  endfacet
  facet normal -8.314696e-01 -0.000000e+00 -5.555702e-01
    outer loop
      vertex   -4.045085e+00 0.000000e+00 -2.938926e+00
      vertex   -4.045085e+00 -5.000000e+00 -2.938926e+00
      vertex   -4.263201e+00 0.000000e+00 -2.612493e+00
    endloop
  endfacet
  facet normal -8.314696e-01 -0.000000e+00 -5.555702e-01
    outer loop
      vertex   -4.263201e+00 0.000000e+00 -2.612493e+00
      vertex   -4.045085e+00 -5.000000e+00 -2.938926e+00
      vertex   -4.263201e+00 -5.000000e+00 -2.612493e+00
    endloop
  endfacet
  facet normal -8.724960e-01 -0.000000e+00 -4.886212e-01
    outer loop
      vertex   -4.263201e+00 0.000000e+00 -2.612493e+00
      vertex   -4.263201e+00 -5.000000e+00 -2.612493e+00
      vertex   -4.455033e+00 0.000000e+00 -2.269952e+00
    endloop
  endfacet
  facet normal -8.724960e-01 -0.000000e+00 -4.886212e-01
    outer loop
      vertex   -4.455033e+00 0.000000e+00 -2.269952e+00
      vertex   -4.263201e+00 -5.000000e+00 -2.612493e+00
      vertex   -4.455033e+00 -5.000000e+00 -2.269952e+00
    endloop
  endfacet
  facet normal -9.081432e-01 -0.000000e+00 -4.186597e-01
    outer loop
      vertex   -4.455033e+00 0.000000e+00 -2.269952e+00
      vertex   -4.455033e+00 -5.000000e+00 -2.269952e+00
      vertex   -4.619398e+00 0.000000e+00 -1.913417e+00
    endloop
  endfacet
  facet normal -9.081432e-01 -0.000000e+00 -4.186597e-01
    outer loop
      vertex   -4.619398e+00 0.000000e+00 -1.913417e+00
      vertex   -4.455033e+00 -5.000000e+00 -2.269952e+00
      vertex   -4.619398e+00 -5.000000e+00 -1.913417e+00
    endloop
  endfacet
  facet normal -9.381913e-01 -0.000000e+00 -3.461171e-01
    outer loop
      vertex   -4.619398e+00 0.000000e+00 -1.913417e+00
      vertex   -4.619398e+00 -5.000000e+00 -1.913417e+00
      vertex   -4.755283e+00 0.000000e+00 -1.545085e+00
    endloop
  endfacet
  facet normal -9.381913e-01 -0.000000e+00 -3.461171e-01
    outer loop
      vertex   -4.755283e+00 0.000000e+00 -1.545085e+00
      vertex   -4.619398e+00 -5.000000e+00 -1.913417e+00
      vertex   -4.755283e+00 -5.000000e+00 -1.545085e+00
    endloop
  endfacet
  facet normal -9.624552e-01 -0.000000e+00 -2.714404e-01
    outer loop
      vertex   -4.755283e+00 0.000000e+00 -1.545085e+00
      vertex   -4.755283e+00 -5.000000e+00 -1.545085e+00
      vertex   -4.861850e+00 0.000000e+00 -1.167227e+00
    endloop
  endfacet
  facet normal -9.624552e-01 -0.000000e+00 -2.714404e-01
    outer loop
      vertex   -4.861850e+00 0.000000e+00 -1.167227e+00
      vertex   -4.755283e+00 -5.000000e+00 -1.545085e+00
      vertex   -4.861850e+00 -5.000000e+00 -1.167227e+00
    endloop
  endfacet
  facet normal -9.807853e-01 -0.000000e+00 -1.950903e-01
    outer loop
      vertex   -4.861850e+00 0.000000e+00 -1.167227e+00
      vertex   -4.861850e+00 -5.000000e+00 -1.167227e+00
      vertex   -4.938442e+00 0.000000e+00 -7.821723e-01
    endloop
  endfacet
  facet normal -9.807853e-01 -0.000000e+00 -1.950903e-01
    outer loop
      vertex   -4.938442e+00 0.000000e+00 -7.821723e-01
      vertex   -4.861850e+00 -5.000000e+00 -1.167227e+00
      vertex   -4.938442e+00 -5.000000e+00 -7.821723e-01
    endloop
  endfacet
  facet normal -9.930685e-01 -0.000000e+00 -1.175374e-01
    outer loop
      vertex   -4.938442e+00 0.000000e+00 -7.821723e-01
      vertex   -4.938442e+00 -5.000000e+00 -7.821723e-01
      vertex   -4.984587e+00 0.000000e+00 -3.922955e-01
    endloop
  endfacet
  facet normal -9.930685e-01 -0.000000e+00 -1.175374e-01
    outer loop
      vertex   -4.984587e+00 0.000000e+00 -3.922955e-01
      vertex   -4.938442e+00 -5.000000e+00 -7.821723e-01
      vertex   -4.984587e+00 -5.000000e+00 -3.922955e-01
    endloop
  endfacet
  facet normal 0.000000e+00 -1.000000e+00 0.000000e+00
    outer loop
      vertex   -4.984587e+00 -1.000000e+01 -3.922955e-01
      vertex   4.984587e+00 -1.000000e+01 -3.922955e-01
      vertex   -5.000000e+00 -1.000000e+01 6.123234e-16
    endloop
  endfacet
  facet normal 0.000000e+00 -1.000000e+00 0.000000e+00
    outer loop
      vertex   -5.000000e+00 -1.000000e+01 6.123234e-16
      vertex   4.984587e+00 -1.000000e+01 -3.922955e-01
      vertex   5.000000e+00 -1.000000e+01 0.000000e+00
    endloop
  endfacet
  facet normal 0.000000e+00 -1.000000e+00 0.000000e+00
    outer loop
      vertex   -5.000000e+00 -1.000000e+01 6.123234e-16
      vertex   5.000000e+00 -1.000000e+01 0.000000e+00
      vertex   -4.984587e+00 -1.000000e+01 3.922955e-01
    endloop
  endfacet
  facet normal 0.000000e+00 -1.000000e+00 0.000000e+00
    outer loop
      vertex   -4.984587e+00 -1.000000e+01 3.922955e-01
      vertex   5.000000e+00 -1.000000e+01 0.000000e+00
      vertex   4.984587e+00 -1.000000e+01 3.922955e-01
    endloop
  endfacet
  facet normal 0.000000e+00 -1.000000e+00 0.000000e+00
    outer loop
      vertex   -4.984587e+00 -1.000000e+01 3.922955e-01
      vertex   4.984587e+00 -1.000000e+01 3.922955e-01
      vertex   -4.938442e+00 -1.000000e+01 7.821723e-01
    endloop
  endfacet
  facet normal 0.000000e+00 -1.000000e+00 0.000000e+00
    outer loop
      vertex   -4.938442e+00 -1.000000e+01 7.821723e-01
      vertex   4.984587e+00 -1.000000e+01 3.922955e-01
      vertex   4.938442e+00 -1.000000e+01 7.821723e-01
    endloop
  endfacet
  facet normal 0.000000e+00 -1.000000e+00 0.000000e+00
    outer loop
      vertex   -4.938442e+00 -1.000000e+01 7.821723e-01
      vertex   4.938442e+00 -1.000000e+01 7.821723e-01
      vertex   -4.861850e+00 -1.000000e+01 1.167227e+00
    endloop
  endfacet
  facet normal 0.000000e+00 -1.000000e+00 0.000000e+00
    outer loop
      vertex   -4.861850e+00 -1.000000e+01 1.167227e+00
      vertex   4.938442e+00 -1.000000e+01 7.821723e-01
      vertex   4.861850e+00 -1.000000e+01 1.167227e+00
    endloop
  endfacet
  facet normal 0.000000e+00 -1.000000e+00 0.000000e+00
    outer loop
      vertex   -4.861850e+00 -1.000000e+01 1.167227e+00
      vertex   4.861850e+00 -1.000000e+01 1.167227e+00
      vertex   -4.755283e+00 -1.000000e+01 1.545085e+00
    endloop
  endfacet
  facet normal 0.000000e+00 -1.000000e+00 0.000000e+00
    outer loop
      vertex   -4.755283e+00 -1.000000e+01 1.545085e+00
      vertex   4.861850e+00 -1.000000e+01 1.167227e+00
      vertex   4.755283e+00 -1.000000e+01 1.545085e+00
    endloop
  endfacet
  facet normal 0.000000e+00 -1.000000e+00 0.000000e+00
    outer loop
      vertex   -4.755283e+00 -1.000000e+01 1.545085e+00
      vertex   4.755283e+00 -1.000000e+01 1.545085e+00
      vertex   -4.619398e+00 -1.000000e+01 1.913417e+00
    endloop
  endfacet
  facet normal 0.000000e+00 -1.000000e+00 0.000000e+00
    outer loop
      vertex   -4.619398e+00 -1.000000e+01 1.913417e+00
      vertex   4.755283e+00 -1.000000e+01 1.545085e+00
      vertex   4.619398e+00 -1.000000e+01 1.913417e+00
    endloop
  endfacet
  facet normal 0.000000e+00 -1.000000e+00 0.000000e+00
    outer loop
      vertex   -4.619398e+00 -1.000000e+01 1.913417e+00
      vertex   4.619398e+00 -1.000000e+01 1.913417e+00
      vertex   -4.455033e+00 -1.000000e+01 2.269952e+00
    endloop
  endfacet
  facet normal 0.000000e+00 -1.000000e+00 0.000000e+00
    outer loop
      vertex   -4.455033e+00 -1.000000e+01 2.269952e+00
      vertex   4.619398e+00 -1.000000e+01 1.913417e+00
      vertex   4.455033e+00 -1.000000e+01 2.269952e+00
    endloop
  endfacet
  facet normal 0.000000e+00 -1.000000e+00 0.000000e+00
    outer loop
      vertex   -4.455033e+00 -1.000000e+01 2.269952e+00
      vertex   4.455033e+00 -1.000000e+01 2.269952e+00
      vertex   -4.263201e+00 -1.000000e+01 2.612493e+00
    endloop
  endfacet
  facet normal 0.000000e+00 -1.000000e+00 0.000000e+00
    outer loop
      vertex   -4.263201e+00 -1.000000e+01 2.612493e+00
      vertex   4.455033e+00 -1.000000e+01 2.269952e+00
      vertex   4.263201e+00 -1.000000e+01 2.612493e+00
    endloop
  endfacet
  facet normal 0.000000e+00 -1.000000e+00 0.000000e+00
    outer loop
      vertex   -4.263201e+00 -1.000000e+01 2.612493e+00
      vertex   4.263201e+00 -1.000000e+01 2.612493e+00
      vertex   -4.045085e+00 -1.000000e+01 2.938926e+00
    endloop
  endfacet
  facet normal 0.000000e+00 -1.000000e+00 0.000000e+00
    outer loop
      vertex   -4.045085e+00 -1.000000e+01 2.938926e+00
      vertex   4.263201e+00 -1.000000e+01 2.612493e+00
      vertex   4.045085e+00 -1.000000e+01 2.938926e+00
    endloop
  endfacet
  facet normal 0.000000e+00 -1.000000e+00 0.000000e+00
    outer loop
      vertex   -4.045085e+00 -1.000000e+01 2.938926e+00
      vertex   4.045085e+00 -1.000000e+01 2.938926e+00
      vertex   -3.802030e+00 -1.000000e+01 3.247240e+00
    endloop
  endfacet
  facet normal 0.000000e+00 -1.000000e+00 0.000000e+00
    outer loop
      vertex   -3.802030e+00 -1.000000e+01 3.247240e+00
      vertex   4.045085e+00 -1.000000e+01 2.938926e+00
      vertex   3.802030e+00 -1.000000e+01 3.247240e+00
    endloop
  endfacet
  facet normal 0.000000e+00 -1.000000e+00 0.000000e+00
    outer loop
      vertex   -3.802030e+00 -1.000000e+01 3.247240e+00
      vertex   3.802030e+00 -1.000000e+01 3.247240e+00
      vertex   -3.535534e+00 -1.000000e+01 3.535534e+00
    endloop
  endfacet
  facet normal 0.000000e+00 -1.000000e+00 0.000000e+00
    outer loop
      vertex   -3.535534e+00 -1.000000e+01 3.535534e+00
      vertex   3.802030e+00 -1.000000e+01 3.247240e+00
      vertex   3.535534e+00 -1.000000e+01 3.535534e+00
    endloop
  endfacet
  facet normal 0.000000e+00 -1.000000e+00 0.000000e+00
    outer loop
      vertex   -3.535534e+00 -1.000000e+01 3.535534e+00
      vertex   3.535534e+00 -1.000000e+01 3.535534e+00
      vertex   -3.247240e+00 -1.000000e+01 3.802030e+00
    endloop
  endfacet
  facet normal 0.000000e+00 -1.000000e+00 0.000000e+00
    outer loop
      vertex   -3.247240e+00 -1.000000e+01 3.802030e+00
      vertex   3.535534e+00 -1.000000e+01 3.535534e+00
      vertex   3.247240e+00 -1.000000e+01 3.802030e+00
    endloop
  endfacet
  facet normal 0.000000e+00 -1.000000e+00 0.000000e+00
    outer loop
      vertex   -3.247240e+00 -1.000000e+01 3.802030e+00
      vertex   3.247240e+00 -1.000000e+01 3.802030e+00
      vertex   -2.938926e+00 -1.000000e+01 4.045085e+00
    endloop
  endfacet
  facet normal 0.000000e+00 -1.000000e+00 0.000000e+00
    outer loop
      vertex   -2.938926e+00 -1.000000e+01 4.045085e+00
      vertex   3.247240e+00 -1.000000e+01 3.802030e+00
      vertex   2.938926e+00 -1.000000e+01 4.045085e+00
    endloop
  endfacet
  facet normal 0.000000e+00 -1.000000e+00 0.000000e+00
    outer loop
      vertex   -2.938926e+00 -1.000000e+01 4.045085e+00
      vertex   2.938926e+00 -1.000000e+01 4.045085e+00
      vertex   -2.612493e+00 -1.000000e+01 4.263201e+00
    endloop
  endfacet
  facet normal 0.000000e+00 -1.000000e+00 0.000000e+00
    outer loop
      vertex   -2.612493e+00 -1.000000e+01 4.263201e+00
      vertex   2.938926e+00 -1.000000e+01 4.045085e+00
      vertex   2.612493e+00 -1.000000e+01 4.263201e+00
    endloop
  endfacet
  facet normal 0.000000e+00 -1.000000e+00 0.000000e+00
    outer loop
      vertex   -2.612493e+00 -1.000000e+01 4.263201e+00
      vertex   2.612493e+00 -1.000000e+01 4.263201e+00
      vertex   -2.269952e+00 -1.000000e+01 4.455033e+00
    endloop
  endfacet
  facet normal 0.000000e+00 -1.000000e+00 0.000000e+00
    outer loop
      vertex   -2.269952e+00 -1.000000e+01 4.455033e+00
      vertex   2.612493e+00 -1.000000e+01 4.263201e+00
      vertex   2.269952e+00 -1.000000e+01 4.455033e+00
    endloop
  endfacet
  facet normal 0.000000e+00 -1.000000e+00 0.000000e+00
    outer loop
      vertex   -2.269952e+00 -1.000000e+01 4.455033e+00
      vertex   2.269952e+00 -1.000000e+01 4.455033e+00
      vertex   -1.913417e+00 -1.000000e+01 4.619398e+00
    endloop
  endfacet
  facet normal 0.000000e+00 -1.000000e+00 0.000000e+00
    outer loop
      vertex   -1.913417e+00 -1.000000e+01 4.619398e+00
      vertex   2.269952e+00 -1.000000e+01 4.455033e+00
      vertex   1.913417e+00 -1.000000e+01 4.619398e+00
    endloop
  endfacet
  facet normal 0.000000e+00 -1.000000e+00 0.000000e+00
    outer loop
      vertex   -1.913417e+00 -1.000000e+01 4.619398e+00
      vertex   1.913417e+00 -1.000000e+01 4.619398e+00
      vertex   -1.545085e+00 -1.000000e+01 4.755283e+00
    endloop
  endfacet
  facet normal 0.000000e+00 -1.000000e+00 0.000000e+00
    outer loop
      vertex   -1.545085e+00 -1.000000e+01 4.755283e+00
      vertex   1.913417e+00 -1.000000e+01 4.619398e+00
      vertex   1.545085e+00 -1.000000e+01 4.755283e+00
    endloop
  endfacet
  facet normal 0.000000e+00 -1.000000e+00 0.000000e+00
    outer loop
      vertex   -1.545085e+00 -1.000000e+01 4.755283e+00
      vertex   1.545085e+00 -1.000000e+01 4.755283e+00
      vertex   -1.167227e+00 -1.000000e+01 4.861850e+00
    endloop
  endfacet
  facet normal 0.000000e+00 -1.000000e+00 0.000000e+00
    outer loop
      vertex   -1.167227e+00 -1.000000e+01 4.861850e+00
      vertex   1.545085e+00 -1.000000e+01 4.755283e+00
      vertex   1.167227e+00 -1.000000e+01 4.861850e+00
    endloop
  endfacet
  facet normal 0.000000e+00 -1.000000e+00 0.000000e+00
    outer loop
      vertex   -1.167227e+00 -1.000000e+01 4.861850e+00
      vertex   1.167227e+00 -1.000000e+01 4.861850e+00
      vertex   -7.821723e-01 -1.000000e+01 4.938442e+00
    endloop
  endfacet
  facet normal 0.000000e+00 -1.000000e+00 0.000000e+00
    outer loop
      vertex   -7.821723e-01 -1.000000e+01 4.938442e+00
      vertex   1.167227e+00 -1.000000e+01 4.861850e+00
      vertex   7.821723e-01 -1.000000e+01 4.938442e+00
    endloop
  endfacet
  facet normal 0.000000e+00 -1.000000e+00 0.000000e+00
    outer loop
      vertex   -7.821723e-01 -1.000000e+01 4.938442e+00
      vertex   7.821723e-01 -1.000000e+01 4.938442e+00
      vertex   -3.922955e-01 -1.000000e+01 4.984587e+00
    endloop
  endfacet
  facet normal 0.000000e+00 -1.000000e+00 0.000000e+00
    outer loop
      vertex   -3.922955e-01 -1.000000e+01 4.984587e+00
      vertex   7.821723e-01 -1.000000e+01 4.938442e+00
      vertex   3.922955e-01 -1.000000e+01 4.984587e+00
    endloop
  endfacet
  facet normal 0.000000e+00 -1.000000e+00 0.000000e+00
    outer loop
      vertex   -3.922955e-01 -1.000000e+01 4.984587e+00
      vertex   3.922955e-01 -1.000000e+01 4.984587e+00
      vertex   3.061617e-16 -1.000000e+01 5.000000e+00
    endloop
  endfacet
  facet normal 0.000000e+00 -1.000000e+00 0.000000e+00
    outer loop
      vertex   4.984587e+00 -1.000000e+01 -3.922955e-01
      vertex   -4.984587e+00 -1.000000e+01 -3.922955e-01
      vertex   4.938442e+00 -1.000000e+01 -7.821723e-01
    endloop
  endfacet
  facet normal -0.000000e+00 -1.000000e+00 0.000000e+00
    outer loop
      vertex   4.938442e+00 -1.000000e+01 -7.821723e-01
      vertex   -4.984587e+00 -1.000000e+01 -3.922955e-01
      vertex   -4.938442e+00 -1.000000e+01 -7.821723e-01
    endloop
  endfacet
  facet normal 0.000000e+00 -1.000000e+00 0.000000e+00
    outer loop
      vertex   4.938442e+00 -1.000000e+01 -7.821723e-01
      vertex   -4.938442e+00 -1.000000e+01 -7.821723e-01
      vertex   4.861850e+00 -1.000000e+01 -1.167227e+00
    endloop
  endfacet
  facet normal -0.000000e+00 -1.000000e+00 0.000000e+00
    outer loop
      vertex   4.861850e+00 -1.000000e+01 -1.167227e+00
      vertex   -4.938442e+00 -1.000000e+01 -7.821723e-01
      vertex   -4.861850e+00 -1.000000e+01 -1.167227e+00
    endloop
  endfacet
  facet normal 0.000000e+00 -1.000000e+00 0.000000e+00
    outer loop
      vertex   4.861850e+00 -1.000000e+01 -1.167227e+00
      vertex   -4.861850e+00 -1.000000e+01 -1.167227e+00
      vertex   4.755283e+00 -1.000000e+01 -1.545085e+00
    endloop
  endfacet
  facet normal -0.000000e+00 -1.000000e+00 0.000000e+00
    outer loop
      vertex   4.755283e+00 -1.000000e+01 -1.545085e+00
      vertex   -4.861850e+00 -1.000000e+01 -1.167227e+00
      vertex   -4.755283e+00 -1.000000e+01 -1.545085e+00
    endloop
  endfacet
  facet normal 0.000000e+00 -1.000000e+00 0.000000e+00
    outer loop
      vertex   4.755283e+00 -1.000000e+01 -1.545085e+00
      vertex   -4.755283e+00 -1.000000e+01 -1.545085e+00
      vertex   4.619398e+00 -1.000000e+01 -1.913417e+00
    endloop
  endfacet
  facet normal -0.000000e+00 -1.000000e+00 0.000000e+00
    outer loop
      vertex   4.619398e+00 -1.000000e+01 -1.913417e+00
      vertex   -4.755283e+00 -1.000000e+01 -1.545085e+00
      vertex   -4.619398e+00 -1.000000e+01 -1.913417e+00
    endloop
  endfacet
  facet normal 0.000000e+00 -1.000000e+00 0.000000e+00
    outer loop
      vertex   4.619398e+00 -1.000000e+01 -1.913417e+00
      vertex   -4.619398e+00 -1.000000e+01 -1.913417e+00
      vertex   4.455033e+00 -1.000000e+01 -2.269952e+00
    endloop
  endfacet
  facet normal -0.000000e+00 -1.000000e+00 0.000000e+00
    outer loop
      vertex   4.455033e+00 -1.000000e+01 -2.269952e+00
      vertex   -4.619398e+00 -1.000000e+01 -1.913417e+00
      vertex   -4.455033e+00 -1.000000e+01 -2.269952e+00
    endloop
  endfacet
  facet normal 0.000000e+00 -1.000000e+00 0.000000e+00
    outer loop
      vertex   4.455033e+00 -1.000000e+01 -2.269952e+00
      vertex   -4.455033e+00 -1.000000e+01 -2.269952e+00
      vertex   4.263201e+00 -1.000000e+01 -2.612493e+00
    endloop
  endfacet
  facet normal -0.000000e+00 -1.000000e+00 0.000000e+00
    outer loop
      vertex   4.263201e+00 -1.000000e+01 -2.612493e+00
      vertex   -4.455033e+00 -1.000000e+01 -2.269952e+00
      vertex   -4.263201e+00 -1.000000e+01 -2.612493e+00
    endloop
  endfacet
  facet normal 0.000000e+00 -1.000000e+00 0.000000e+00
    outer loop
      vertex   4.263201e+00 -1.000000e+01 -2.612493e+00
      vertex   -4.263201e+00 -1.000000e+01 -2.612493e+00
      vertex   4.045085e+00 -1.000000e+01 -2.938926e+00
    endloop
  endfacet
  facet normal -0.000000e+00 -1.000000e+00 0.000000e+00
    outer loop
      vertex   4.045085e+00 -1.000000e+01 -2.938926e+00
      vertex   -4.263201e+00 -1.000000e+01 -2.612493e+00
      vertex   -4.045085e+00 -1.000000e+01 -2.938926e+00
    endloop
  endfacet
  facet normal 0.000000e+00 -1.000000e+00 0.000000e+00
    outer loop
      vertex   4.045085e+00 -1.000000e+01 -2.938926e+00
      vertex   -4.045085e+00 -1.000000e+01 -2.938926e+00
      vertex   3.802030e+00 -1.000000e+01 -3.247240e+00
    endloop
  endfacet
  facet normal -0.000000e+00 -1.000000e+00 0.000000e+00
    outer loop
      vertex   3.802030e+00 -1.000000e+01 -3.247240e+00
      vertex   -4.045085e+00 -1.000000e+01 -2.938926e+00
      vertex   -3.802030e+00 -1.000000e+01 -3.247240e+00
    endloop
  endfacet
  facet normal 0.000000e+00 -1.000000e+00 0.000000e+00
    outer loop
      vertex   3.802030e+00 -1.000000e+01 -3.247240e+00
      vertex   -3.802030e+00 -1.000000e+01 -3.247240e+00
      vertex   3.535534e+00 -1.000000e+01 -3.535534e+00
    endloop
  endfacet
  facet normal 0.000000e+00 -1.000000e+00 0.000000e+00
    outer loop
      vertex   3.535534e+00 -1.000000e+01 -3.535534e+00
      vertex   -3.802030e+00 -1.000000e+01 -3.247240e+00
      vertex   -3.535534e+00 -1.000000e+01 -3.535534e+00
    endloop
  endfacet
  facet normal -0.000000e+00 -1.000000e+00 0.000000e+00
    outer loop
      vertex   3.535534e+00 -1.000000e+01 -3.535534e+00
      vertex   -3.535534e+00 -1.000000e+01 -3.535534e+00
      vertex   3.247240e+00 -1.000000e+01 -3.802030e+00
    endloop
  endfacet
  facet normal 0.000000e+00 -1.000000e+00 0.000000e+00
    outer loop
      vertex   3.247240e+00 -1.000000e+01 -3.802030e+00
      vertex   -3.535534e+00 -1.000000e+01 -3.535534e+00
      vertex   -3.247240e+00 -1.000000e+01 -3.802030e+00
    endloop
  endfacet
  facet normal -0.000000e+00 -1.000000e+00 0.000000e+00
    outer loop
      vertex   3.247240e+00 -1.000000e+01 -3.802030e+00
      vertex   -3.247240e+00 -1.000000e+01 -3.802030e+00
      vertex   2.938926e+00 -1.000000e+01 -4.045085e+00
    endloop
  endfacet
  facet normal 0.000000e+00 -1.000000e+00 0.000000e+00
    outer loop
      vertex   2.938926e+00 -1.000000e+01 -4.045085e+00
      vertex   -3.247240e+00 -1.000000e+01 -3.802030e+00
      vertex   -2.938926e+00 -1.000000e+01 -4.045085e+00
    endloop
  endfacet
  facet normal -0.000000e+00 -1.000000e+00 0.000000e+00
    outer loop
      vertex   2.938926e+00 -1.000000e+01 -4.045085e+00
      vertex   -2.938926e+00 -1.000000e+01 -4.045085e+00
      vertex   2.612493e+00 -1.000000e+01 -4.263201e+00
    endloop
  endfacet
  facet normal -0.000000e+00 -1.000000e+00 0.000000e+00
    outer loop
      vertex   2.612493e+00 -1.000000e+01 -4.263201e+00
      vertex   -2.938926e+00 -1.000000e+01 -4.045085e+00
      vertex   -2.612493e+00 -1.000000e+01 -4.263201e+00
    endloop
  endfacet
  facet normal 0.000000e+00 -1.000000e+00 0.000000e+00
    outer loop
      vertex   2.612493e+00 -1.000000e+01 -4.263201e+00
      vertex   -2.612493e+00 -1.000000e+01 -4.263201e+00
      vertex   2.269952e+00 -1.000000e+01 -4.455033e+00
    endloop
  endfacet
  facet normal 0.000000e+00 -1.000000e+00 0.000000e+00
    outer loop
      vertex   2.269952e+00 -1.000000e+01 -4.455033e+00
      vertex   -2.612493e+00 -1.000000e+01 -4.263201e+00
      vertex   -2.269952e+00 -1.000000e+01 -4.455033e+00
    endloop
  endfacet
  facet normal -0.000000e+00 -1.000000e+00 0.000000e+00
    outer loop
      vertex   2.269952e+00 -1.000000e+01 -4.455033e+00
      vertex   -2.269952e+00 -1.000000e+01 -4.455033e+00
      vertex   1.913417e+00 -1.000000e+01 -4.619398e+00
    endloop
  endfacet
  facet normal 0.000000e+00 -1.000000e+00 0.000000e+00
    outer loop
      vertex   1.913417e+00 -1.000000e+01 -4.619398e+00
      vertex   -2.269952e+00 -1.000000e+01 -4.455033e+00
      vertex   -1.913417e+00 -1.000000e+01 -4.619398e+00
    endloop
  endfacet
  facet normal -0.000000e+00 -1.000000e+00 0.000000e+00
    outer loop
      vertex   1.913417e+00 -1.000000e+01 -4.619398e+00
      vertex   -1.913417e+00 -1.000000e+01 -4.619398e+00
      vertex   1.545085e+00 -1.000000e+01 -4.755283e+00
    endloop
  endfacet
  facet normal -0.000000e+00 -1.000000e+00 0.000000e+00
    outer loop
      vertex   1.545085e+00 -1.000000e+01 -4.755283e+00
      vertex   -1.913417e+00 -1.000000e+01 -4.619398e+00
      vertex   -1.545085e+00 -1.000000e+01 -4.755283e+00
    endloop
  endfacet
  facet normal 0.000000e+00 -1.000000e+00 0.000000e+00
    outer loop
      vertex   1.545085e+00 -1.000000e+01 -4.755283e+00
      vertex   -1.545085e+00 -1.000000e+01 -4.755283e+00
      vertex   1.167227e+00 -1.000000e+01 -4.861850e+00
    endloop
  endfacet
  facet normal 0.000000e+00 -1.000000e+00 0.000000e+00
    outer loop
      vertex   1.167227e+00 -1.000000e+01 -4.861850e+00
      vertex   -1.545085e+00 -1.000000e+01 -4.755283e+00
      vertex   -1.167227e+00 -1.000000e+01 -4.861850e+00
    endloop
  endfacet
  facet normal -0.000000e+00 -1.000000e+00 0.000000e+00
    outer loop
      vertex   1.167227e+00 -1.000000e+01 -4.861850e+00
      vertex   -1.167227e+00 -1.000000e+01 -4.861850e+00
      vertex   7.821723e-01 -1.000000e+01 -4.938442e+00
    endloop
  endfacet
  facet normal 0.000000e+00 -1.000000e+00 0.000000e+00
    outer loop
      vertex   7.821723e-01 -1.000000e+01 -4.938442e+00
      vertex   -1.167227e+00 -1.000000e+01 -4.861850e+00
      vertex   -7.821723e-01 -1.000000e+01 -4.938442e+00
    endloop
  endfacet
  facet normal -0.000000e+00 -1.000000e+00 0.000000e+00
    outer loop
      vertex   7.821723e-01 -1.000000e+01 -4.938442e+00
      vertex   -7.821723e-01 -1.000000e+01 -4.938442e+00
      vertex   3.922955e-01 -1.000000e+01 -4.984587e+00
    endloop
  endfacet
  facet normal 0.000000e+00 -1.000000e+00 0.000000e+00
    outer loop
      vertex   3.922955e-01 -1.000000e+01 -4.984587e+00
      vertex   -7.821723e-01 -1.000000e+01 -4.938442e+00
      vertex   -3.922955e-01 -1.000000e+01 -4.984587e+00
    endloop
  endfacet
  facet normal -0.000000e+00 -1.000000e+00 0.000000e+00
    outer loop
      vertex   3.922955e-01 -1.000000e+01 -4.984587e+00
      vertex   -3.922955e-01 -1.000000e+01 -4.984587e+00
      vertex   3.061617e-16 -1.000000e+01 -5.000000e+00
    endloop
  endfacet
  facet normal 0.000000e+00 1.000000e+00 0.000000e+00
    outer loop
      vertex   -2.484827e+00 0.000000e+00 -2.750206e-01
      vertex   -4.984587e+00 0.000000e+00 -3.922955e-01
      vertex   -2.500000e+00 0.000000e+00 3.061617e-16
    endloop
  endfacet
  facet normal 0.000000e+00 1.000000e+00 0.000000e+00
    outer loop
      vertex   -2.500000e+00 0.000000e+00 3.061617e-16
      vertex   -4.984587e+00 0.000000e+00 -3.922955e-01
      vertex   -5.000000e+00 0.000000e+00 6.123234e-16
    endloop
  endfacet
  facet normal 0.000000e+00 1.000000e+00 0.000000e+00
    outer loop
      vertex   -2.500000e+00 0.000000e+00 3.061617e-16
      vertex   -5.000000e+00 0.000000e+00 6.123234e-16
      vertex   -4.984587e+00 0.000000e+00 3.922955e-01
    endloop
  endfacet
  facet normal -0.000000e+00 1.000000e+00 0.000000e+00
    outer loop
      vertex   -4.984587e+00 0.000000e+00 -3.922955e-01
      vertex   -2.484827e+00 0.000000e+00 -2.750206e-01
      vertex   -4.938442e+00 0.000000e+00 -7.821723e-01
    endloop
  endfacet
  facet normal 0.000000e+00 1.000000e+00 0.000000e+00
    outer loop
      vertex   -4.938442e+00 0.000000e+00 -7.821723e-01
      vertex   -2.484827e+00 0.000000e+00 -2.750206e-01
      vertex   -2.439491e+00 0.000000e+00 -5.467027e-01
    endloop
  endfacet
  facet normal -0.000000e+00 1.000000e+00 0.000000e+00
    outer loop
      vertex   -4.938442e+00 0.000000e+00 -7.821723e-01
      vertex   -2.439491e+00 0.000000e+00 -5.467027e-01
      vertex   -4.861850e+00 0.000000e+00 -1.167227e+00
    endloop
  endfacet
  facet normal -0.000000e+00 1.000000e+00 0.000000e+00
    outer loop
      vertex   -4.861850e+00 0.000000e+00 -1.167227e+00
      vertex   -2.439491e+00 0.000000e+00 -5.467027e-01
      vertex   -4.755283e+00 0.000000e+00 -1.545085e+00
    endloop
  endfacet
  facet normal 0.000000e+00 1.000000e+00 0.000000e+00
    outer loop
      vertex   -4.755283e+00 0.000000e+00 -1.545085e+00
      vertex   -2.439491e+00 0.000000e+00 -5.467027e-01
      vertex   -2.364543e+00 0.000000e+00 -8.117487e-01
    endloop
  endfacet
  facet normal -0.000000e+00 1.000000e+00 0.000000e+00
    outer loop
      vertex   -4.755283e+00 0.000000e+00 -1.545085e+00
      vertex   -2.364543e+00 0.000000e+00 -8.117487e-01
      vertex   -4.619398e+00 0.000000e+00 -1.913417e+00
    endloop
  endfacet
  facet normal 0.000000e+00 1.000000e+00 0.000000e+00
    outer loop
      vertex   -4.619398e+00 0.000000e+00 -1.913417e+00
      vertex   -2.364543e+00 0.000000e+00 -8.117487e-01
      vertex   -2.260893e+00 0.000000e+00 -1.066941e+00
    endloop
  endfacet
  facet normal -0.000000e+00 1.000000e+00 0.000000e+00
    outer loop
      vertex   -4.619398e+00 0.000000e+00 -1.913417e+00
      vertex   -2.260893e+00 0.000000e+00 -1.066941e+00
      vertex   -4.455033e+00 0.000000e+00 -2.269952e+00
    endloop
  endfacet
  facet normal 0.000000e+00 1.000000e+00 0.000000e+00
    outer loop
      vertex   -4.455033e+00 0.000000e+00 -2.269952e+00
      vertex   -2.260893e+00 0.000000e+00 -1.066941e+00
      vertex   -2.129799e+00 0.000000e+00 -1.309182e+00
    endloop
  endfacet
  facet normal -0.000000e+00 1.000000e+00 0.000000e+00
    outer loop
      vertex   -4.455033e+00 0.000000e+00 -2.269952e+00
      vertex   -2.129799e+00 0.000000e+00 -1.309182e+00
      vertex   -4.263201e+00 0.000000e+00 -2.612493e+00
    endloop
  endfacet
  facet normal -0.000000e+00 1.000000e+00 0.000000e+00
    outer loop
      vertex   -4.263201e+00 0.000000e+00 -2.612493e+00
      vertex   -2.129799e+00 0.000000e+00 -1.309182e+00
      vertex   -4.045085e+00 0.000000e+00 -2.938926e+00
    endloop
  endfacet
  facet normal 0.000000e+00 1.000000e+00 0.000000e+00
    outer loop
      vertex   -4.045085e+00 0.000000e+00 -2.938926e+00
      vertex   -2.129799e+00 0.000000e+00 -1.309182e+00
      vertex   -1.972851e+00 0.000000e+00 -1.535532e+00
    endloop
  endfacet
  facet normal -0.000000e+00 1.000000e+00 0.000000e+00
    outer loop
      vertex   -4.045085e+00 0.000000e+00 -2.938926e+00
      vertex   -1.972851e+00 0.000000e+00 -1.535532e+00
      vertex   -3.802030e+00 0.000000e+00 -3.247240e+00
    endloop
  endfacet
  facet normal 0.000000e+00 1.000000e+00 0.000000e+00
    outer loop
      vertex   -3.802030e+00 0.000000e+00 -3.247240e+00
      vertex   -1.972851e+00 0.000000e+00 -1.535532e+00
      vertex   -1.791956e+00 0.000000e+00 -1.743242e+00
    endloop
  endfacet
  facet normal -0.000000e+00 1.000000e+00 0.000000e+00
    outer loop
      vertex   -3.802030e+00 0.000000e+00 -3.247240e+00
      vertex   -1.791956e+00 0.000000e+00 -1.743242e+00
      vertex   -3.535534e+00 0.000000e+00 -3.535534e+00
    endloop
  endfacet
  facet normal -0.000000e+00 1.000000e+00 0.000000e+00
    outer loop
      vertex   -3.535534e+00 0.000000e+00 -3.535534e+00
      vertex   -1.791956e+00 0.000000e+00 -1.743242e+00
      vertex   -3.247240e+00 0.000000e+00 -3.802030e+00
    endloop
  endfacet
  facet normal 0.000000e+00 1.000000e+00 0.000000e+00
    outer loop
      vertex   -3.247240e+00 0.000000e+00 -3.802030e+00
      vertex   -1.791956e+00 0.000000e+00 -1.743242e+00
      vertex   -1.589309e+00 0.000000e+00 -1.929792e+00
    endloop
  endfacet
  facet normal -0.000000e+00 1.000000e+00 0.000000e+00
    outer loop
      vertex   -3.247240e+00 0.000000e+00 -3.802030e+00
      vertex   -1.589309e+00 0.000000e+00 -1.929792e+00
      vertex   -2.938926e+00 0.000000e+00 -4.045085e+00
    endloop
  endfacet
  facet normal 0.000000e+00 1.000000e+00 0.000000e+00
    outer loop
      vertex   -2.938926e+00 0.000000e+00 -4.045085e+00
      vertex   -1.589309e+00 0.000000e+00 -1.929792e+00
      vertex   -1.367370e+00 0.000000e+00 -2.092916e+00
    endloop
  endfacet
  facet normal -0.000000e+00 1.000000e+00 0.000000e+00
    outer loop
      vertex   -2.938926e+00 0.000000e+00 -4.045085e+00
      vertex   -1.367370e+00 0.000000e+00 -2.092916e+00
      vertex   -2.612493e+00 0.000000e+00 -4.263201e+00
    endloop
  endfacet
  facet normal 0.000000e+00 1.000000e+00 0.000000e+00
    outer loop
      vertex   -2.612493e+00 0.000000e+00 -4.263201e+00
      vertex   -1.367370e+00 0.000000e+00 -2.092916e+00
      vertex   -1.128833e+00 0.000000e+00 -2.230636e+00
    endloop
  endfacet
  facet normal -0.000000e+00 1.000000e+00 0.000000e+00
    outer loop
      vertex   -2.612493e+00 0.000000e+00 -4.263201e+00
      vertex   -1.128833e+00 0.000000e+00 -2.230636e+00
      vertex   -2.269952e+00 0.000000e+00 -4.455033e+00
    endloop
  endfacet
  facet normal -0.000000e+00 1.000000e+00 0.000000e+00
    outer loop
      vertex   -2.269952e+00 0.000000e+00 -4.455033e+00
      vertex   -1.128833e+00 0.000000e+00 -2.230636e+00
      vertex   -1.913417e+00 0.000000e+00 -4.619398e+00
    endloop
  endfacet
  facet normal 0.000000e+00 1.000000e+00 0.000000e+00
    outer loop
      vertex   -1.913417e+00 0.000000e+00 -4.619398e+00
      vertex   -1.128833e+00 0.000000e+00 -2.230636e+00
      vertex   -8.765939e-01 0.000000e+00 -2.341278e+00
    endloop
  endfacet
  facet normal -0.000000e+00 1.000000e+00 0.000000e+00
    outer loop
      vertex   -1.913417e+00 0.000000e+00 -4.619398e+00
      vertex   -8.765939e-01 0.000000e+00 -2.341278e+00
      vertex   -1.545085e+00 0.000000e+00 -4.755283e+00
    endloop
  endfacet
  facet normal 0.000000e+00 1.000000e+00 0.000000e+00
    outer loop
      vertex   -1.545085e+00 0.000000e+00 -4.755283e+00
      vertex   -8.765939e-01 0.000000e+00 -2.341278e+00
      vertex   -6.137137e-01 0.000000e+00 -2.423501e+00
    endloop
  endfacet
  facet normal -0.000000e+00 1.000000e+00 0.000000e+00
    outer loop
      vertex   -1.545085e+00 0.000000e+00 -4.755283e+00
      vertex   -6.137137e-01 0.000000e+00 -2.423501e+00
      vertex   -1.167227e+00 0.000000e+00 -4.861850e+00
    endloop
  endfacet
  facet normal -0.000000e+00 1.000000e+00 0.000000e+00
    outer loop
      vertex   -1.167227e+00 0.000000e+00 -4.861850e+00
      vertex   -6.137137e-01 0.000000e+00 -2.423501e+00
      vertex   -7.821723e-01 0.000000e+00 -4.938442e+00
    endloop
  endfacet
  facet normal 0.000000e+00 1.000000e+00 0.000000e+00
    outer loop
      vertex   -7.821723e-01 0.000000e+00 -4.938442e+00
      vertex   -6.137137e-01 0.000000e+00 -2.423501e+00
      vertex   -3.433839e-01 0.000000e+00 -2.476305e+00
    endloop
  endfacet
  facet normal -0.000000e+00 1.000000e+00 0.000000e+00
    outer loop
      vertex   -7.821723e-01 0.000000e+00 -4.938442e+00
      vertex   -3.433839e-01 0.000000e+00 -2.476305e+00
      vertex   -3.922955e-01 0.000000e+00 -4.984587e+00
    endloop
  endfacet
  facet normal 0.000000e+00 1.000000e+00 0.000000e+00
    outer loop
      vertex   -3.922955e-01 0.000000e+00 -4.984587e+00
      vertex   -3.433839e-01 0.000000e+00 -2.476305e+00
      vertex   -6.888586e-02 0.000000e+00 -2.499051e+00
    endloop
  endfacet
  facet normal -0.000000e+00 1.000000e+00 0.000000e+00
    outer loop
      vertex   -3.922955e-01 0.000000e+00 -4.984587e+00
      vertex   -6.888586e-02 0.000000e+00 -2.499051e+00
      vertex   3.061617e-16 0.000000e+00 -5.000000e+00
    endloop
  endfacet
  facet normal 0.000000e+00 1.000000e+00 -0.000000e+00
    outer loop
      vertex   3.061617e-16 0.000000e+00 -5.000000e+00
      vertex   -6.888586e-02 0.000000e+00 -2.499051e+00
      vertex   2.064484e-01 0.000000e+00 -2.491461e+00
    endloop
  endfacet
  facet normal 0.000000e+00 1.000000e+00 0.000000e+00
    outer loop
      vertex   3.061617e-16 0.000000e+00 -5.000000e+00
      vertex   2.064484e-01 0.000000e+00 -2.491461e+00
      vertex   3.922955e-01 0.000000e+00 -4.984587e+00
    endloop
  endfacet
  facet normal 0.000000e+00 1.000000e+00 -0.000000e+00
    outer loop
      vertex   3.922955e-01 0.000000e+00 -4.984587e+00
      vertex   2.064484e-01 0.000000e+00 -2.491461e+00
      vertex   7.821723e-01 0.000000e+00 -4.938442e+00
    endloop
  endfacet
  facet normal 0.000000e+00 1.000000e+00 0.000000e+00
    outer loop
      vertex   7.821723e-01 0.000000e+00 -4.938442e+00
      vertex   2.064484e-01 0.000000e+00 -2.491461e+00
      vertex   4.792766e-01 0.000000e+00 -2.453629e+00
    endloop
  endfacet
  facet normal 0.000000e+00 1.000000e+00 -0.000000e+00
    outer loop
      vertex   7.821723e-01 0.000000e+00 -4.938442e+00
      vertex   4.792766e-01 0.000000e+00 -2.453629e+00
      vertex   1.167227e+00 0.000000e+00 -4.861850e+00
    endloop
  endfacet
  facet normal 0.000000e+00 1.000000e+00 0.000000e+00
    outer loop
      vertex   1.167227e+00 0.000000e+00 -4.861850e+00
      vertex   4.792766e-01 0.000000e+00 -2.453629e+00
      vertex   7.462870e-01 0.000000e+00 -2.386013e+00
    endloop
  endfacet
  facet normal 0.000000e+00 1.000000e+00 -0.000000e+00
    outer loop
      vertex   1.167227e+00 0.000000e+00 -4.861850e+00
      vertex   7.462870e-01 0.000000e+00 -2.386013e+00
      vertex   1.545085e+00 0.000000e+00 -4.755283e+00
    endloop
  endfacet
  facet normal 0.000000e+00 1.000000e+00 -0.000000e+00
    outer loop
      vertex   1.545085e+00 0.000000e+00 -4.755283e+00
      vertex   7.462870e-01 0.000000e+00 -2.386013e+00
      vertex   1.913417e+00 0.000000e+00 -4.619398e+00
    endloop
  endfacet
  facet normal 0.000000e+00 1.000000e+00 0.000000e+00
    outer loop
      vertex   1.913417e+00 0.000000e+00 -4.619398e+00
      vertex   7.462870e-01 0.000000e+00 -2.386013e+00
      vertex   1.004239e+00 0.000000e+00 -2.289433e+00
    endloop
  endfacet
  facet normal 0.000000e+00 1.000000e+00 -0.000000e+00
    outer loop
      vertex   1.913417e+00 0.000000e+00 -4.619398e+00
      vertex   1.004239e+00 0.000000e+00 -2.289433e+00
      vertex   2.269952e+00 0.000000e+00 -4.455033e+00
    endloop
  endfacet
  facet normal 0.000000e+00 1.000000e+00 0.000000e+00
    outer loop
      vertex   2.269952e+00 0.000000e+00 -4.455033e+00
      vertex   1.004239e+00 0.000000e+00 -2.289433e+00
      vertex   1.250000e+00 0.000000e+00 -2.165064e+00
    endloop
  endfacet
  facet normal 0.000000e+00 1.000000e+00 -0.000000e+00
    outer loop
      vertex   2.269952e+00 0.000000e+00 -4.455033e+00
      vertex   1.250000e+00 0.000000e+00 -2.165064e+00
      vertex   2.612493e+00 0.000000e+00 -4.263201e+00
    endloop
  endfacet
  facet normal 0.000000e+00 1.000000e+00 0.000000e+00
    outer loop
      vertex   2.612493e+00 0.000000e+00 -4.263201e+00
      vertex   1.250000e+00 0.000000e+00 -2.165064e+00
      vertex   1.480588e+00 0.000000e+00 -2.014413e+00
    endloop
  endfacet
  facet normal 0.000000e+00 1.000000e+00 -0.000000e+00
    outer loop
      vertex   2.612493e+00 0.000000e+00 -4.263201e+00
      vertex   1.480588e+00 0.000000e+00 -2.014413e+00
      vertex   2.938926e+00 0.000000e+00 -4.045085e+00
    endloop
  endfacet
  facet normal 0.000000e+00 1.000000e+00 -0.000000e+00
    outer loop
      vertex   2.938926e+00 0.000000e+00 -4.045085e+00
      vertex   1.480588e+00 0.000000e+00 -2.014413e+00
      vertex   3.247240e+00 0.000000e+00 -3.802030e+00
    endloop
  endfacet
  facet normal 0.000000e+00 1.000000e+00 0.000000e+00
    outer loop
      vertex   3.247240e+00 0.000000e+00 -3.802030e+00
      vertex   1.480588e+00 0.000000e+00 -2.014413e+00
      vertex   1.693204e+00 0.000000e+00 -1.839310e+00
    endloop
  endfacet
  facet normal 0.000000e+00 1.000000e+00 -0.000000e+00
    outer loop
      vertex   3.247240e+00 0.000000e+00 -3.802030e+00
      vertex   1.693204e+00 0.000000e+00 -1.839310e+00
      vertex   3.535534e+00 0.000000e+00 -3.535534e+00
    endloop
  endfacet
  facet normal 0.000000e+00 1.000000e+00 0.000000e+00
    outer loop
      vertex   3.535534e+00 0.000000e+00 -3.535534e+00
      vertex   1.693204e+00 0.000000e+00 -1.839310e+00
      vertex   1.885267e+00 0.000000e+00 -1.641880e+00
    endloop
  endfacet
  facet normal 0.000000e+00 1.000000e+00 -0.000000e+00
    outer loop
      vertex   3.535534e+00 0.000000e+00 -3.535534e+00
      vertex   1.885267e+00 0.000000e+00 -1.641880e+00
      vertex   3.802030e+00 0.000000e+00 -3.247240e+00
    endloop
  endfacet
  facet normal 0.000000e+00 1.000000e+00 -0.000000e+00
    outer loop
      vertex   3.802030e+00 0.000000e+00 -3.247240e+00
      vertex   1.885267e+00 0.000000e+00 -1.641880e+00
      vertex   4.045085e+00 0.000000e+00 -2.938926e+00
    endloop
  endfacet
  facet normal 0.000000e+00 1.000000e+00 0.000000e+00
    outer loop
      vertex   4.045085e+00 0.000000e+00 -2.938926e+00
      vertex   1.885267e+00 0.000000e+00 -1.641880e+00
      vertex   2.054445e+00 0.000000e+00 -1.424520e+00
    endloop
  endfacet
  facet normal 0.000000e+00 1.000000e+00 -0.000000e+00
    outer loop
      vertex   4.045085e+00 0.000000e+00 -2.938926e+00
      vertex   2.054445e+00 0.000000e+00 -1.424520e+00
      vertex   4.263201e+00 0.000000e+00 -2.612493e+00
    endloop
  endfacet
  facet normal 0.000000e+00 1.000000e+00 0.000000e+00
    outer loop
      vertex   4.263201e+00 0.000000e+00 -2.612493e+00
      vertex   2.054445e+00 0.000000e+00 -1.424520e+00
      vertex   2.198684e+00 0.000000e+00 -1.189869e+00
    endloop
  endfacet
  facet normal 0.000000e+00 1.000000e+00 -0.000000e+00
    outer loop
      vertex   4.263201e+00 0.000000e+00 -2.612493e+00
      vertex   2.198684e+00 0.000000e+00 -1.189869e+00
      vertex   4.455033e+00 0.000000e+00 -2.269952e+00
    endloop
  endfacet
  facet normal 0.000000e+00 1.000000e+00 0.000000e+00
    outer loop
      vertex   4.455033e+00 0.000000e+00 -2.269952e+00
      vertex   2.198684e+00 0.000000e+00 -1.189869e+00
      vertex   2.316235e+00 0.000000e+00 -9.407734e-01
    endloop
  endfacet
  facet normal 0.000000e+00 1.000000e+00 -0.000000e+00
    outer loop
      vertex   4.455033e+00 0.000000e+00 -2.269952e+00
      vertex   2.316235e+00 0.000000e+00 -9.407734e-01
      vertex   4.619398e+00 0.000000e+00 -1.913417e+00
    endloop
  endfacet
  facet normal 0.000000e+00 1.000000e+00 -0.000000e+00
    outer loop
      vertex   4.619398e+00 0.000000e+00 -1.913417e+00
      vertex   2.316235e+00 0.000000e+00 -9.407734e-01
      vertex   4.755283e+00 0.000000e+00 -1.545085e+00
    endloop
  endfacet
  facet normal 0.000000e+00 1.000000e+00 0.000000e+00
    outer loop
      vertex   4.755283e+00 0.000000e+00 -1.545085e+00
      vertex   2.316235e+00 0.000000e+00 -9.407734e-01
      vertex   2.405670e+00 0.000000e+00 -6.802587e-01
    endloop
  endfacet
  facet normal 0.000000e+00 1.000000e+00 -0.000000e+00
    outer loop
      vertex   4.755283e+00 0.000000e+00 -1.545085e+00
      vertex   2.405670e+00 0.000000e+00 -6.802587e-01
      vertex   4.861850e+00 0.000000e+00 -1.167227e+00
    endloop
  endfacet
  facet normal 0.000000e+00 1.000000e+00 0.000000e+00
    outer loop
      vertex   4.861850e+00 0.000000e+00 -1.167227e+00
      vertex   2.405670e+00 0.000000e+00 -6.802587e-01
      vertex   2.465903e+00 0.000000e+00 -4.114865e-01
    endloop
  endfacet
  facet normal 0.000000e+00 1.000000e+00 -0.000000e+00
    outer loop
      vertex   4.861850e+00 0.000000e+00 -1.167227e+00
      vertex   2.465903e+00 0.000000e+00 -4.114865e-01
      vertex   4.938442e+00 0.000000e+00 -7.821723e-01
    endloop
  endfacet
  facet normal 0.000000e+00 1.000000e+00 -0.000000e+00
    outer loop
      vertex   4.938442e+00 0.000000e+00 -7.821723e-01
      vertex   2.465903e+00 0.000000e+00 -4.114865e-01
      vertex   4.984587e+00 0.000000e+00 -3.922955e-01
    endloop
  endfacet
  facet normal 0.000000e+00 1.000000e+00 0.000000e+00
    outer loop
      vertex   4.984587e+00 0.000000e+00 -3.922955e-01
      vertex   2.465903e+00 0.000000e+00 -4.114865e-01
      vertex   2.496204e+00 0.000000e+00 -1.377194e-01
    endloop
  endfacet
  facet normal 0.000000e+00 1.000000e+00 -0.000000e+00
    outer loop
      vertex   4.984587e+00 0.000000e+00 -3.922955e-01
      vertex   2.496204e+00 0.000000e+00 -1.377194e-01
      vertex   5.000000e+00 0.000000e+00 0.000000e+00
    endloop
  endfacet
  facet normal 0.000000e+00 1.000000e+00 0.000000e+00
    outer loop
      vertex   5.000000e+00 0.000000e+00 0.000000e+00
      vertex   2.496204e+00 0.000000e+00 -1.377194e-01
      vertex   2.496204e+00 0.000000e+00 1.377194e-01
    endloop
  endfacet
  facet normal 0.000000e+00 1.000000e+00 0.000000e+00
    outer loop
      vertex   5.000000e+00 0.000000e+00 0.000000e+00
      vertex   2.496204e+00 0.000000e+00 1.377194e-01
      vertex   4.984587e+00 0.000000e+00 3.922955e-01
    endloop
  endfacet
  facet normal 0.000000e+00 1.000000e+00 0.000000e+00
    outer loop
      vertex   4.984587e+00 0.000000e+00 3.922955e-01
      vertex   2.496204e+00 0.000000e+00 1.377194e-01
      vertex   2.465903e+00 0.000000e+00 4.114865e-01
    endloop
  endfacet
  facet normal 0.000000e+00 1.000000e+00 0.000000e+00
    outer loop
      vertex   4.984587e+00 0.000000e+00 3.922955e-01
      vertex   2.465903e+00 0.000000e+00 4.114865e-01
      vertex   4.938442e+00 0.000000e+00 7.821723e-01
    endloop
  endfacet
  facet normal 0.000000e+00 1.000000e+00 0.000000e+00
    outer loop
      vertex   4.938442e+00 0.000000e+00 7.821723e-01
      vertex   2.465903e+00 0.000000e+00 4.114865e-01
      vertex   4.861850e+00 0.000000e+00 1.167227e+00
    endloop
  endfacet
  facet normal 0.000000e+00 1.000000e+00 0.000000e+00
    outer loop
      vertex   4.861850e+00 0.000000e+00 1.167227e+00
      vertex   2.465903e+00 0.000000e+00 4.114865e-01
      vertex   2.405670e+00 0.000000e+00 6.802587e-01
    endloop
  endfacet
  facet normal 0.000000e+00 1.000000e+00 0.000000e+00
    outer loop
      vertex   4.861850e+00 0.000000e+00 1.167227e+00
      vertex   2.405670e+00 0.000000e+00 6.802587e-01
      vertex   4.755283e+00 0.000000e+00 1.545085e+00
    endloop
  endfacet
  facet normal 0.000000e+00 1.000000e+00 0.000000e+00
    outer loop
      vertex   4.755283e+00 0.000000e+00 1.545085e+00
      vertex   2.405670e+00 0.000000e+00 6.802587e-01
      vertex   2.316235e+00 0.000000e+00 9.407734e-01
    endloop
  endfacet
  facet normal 0.000000e+00 1.000000e+00 0.000000e+00
    outer loop
      vertex   4.755283e+00 0.000000e+00 1.545085e+00
      vertex   2.316235e+00 0.000000e+00 9.407734e-01
      vertex   4.619398e+00 0.000000e+00 1.913417e+00
    endloop
  endfacet
  facet normal 0.000000e+00 1.000000e+00 0.000000e+00
    outer loop
      vertex   4.619398e+00 0.000000e+00 1.913417e+00
      vertex   2.316235e+00 0.000000e+00 9.407734e-01
      vertex   4.455033e+00 0.000000e+00 2.269952e+00
    endloop
  endfacet
  facet normal 0.000000e+00 1.000000e+00 0.000000e+00
    outer loop
      vertex   4.455033e+00 0.000000e+00 2.269952e+00
      vertex   2.316235e+00 0.000000e+00 9.407734e-01
      vertex   2.198684e+00 0.000000e+00 1.189869e+00
    endloop
  endfacet
  facet normal 0.000000e+00 1.000000e+00 0.000000e+00
    outer loop
      vertex   4.455033e+00 0.000000e+00 2.269952e+00
      vertex   2.198684e+00 0.000000e+00 1.189869e+00
      vertex   4.263201e+00 0.000000e+00 2.612493e+00
    endloop
  endfacet
  facet normal 0.000000e+00 1.000000e+00 0.000000e+00
    outer loop
      vertex   4.263201e+00 0.000000e+00 2.612493e+00
      vertex   2.198684e+00 0.000000e+00 1.189869e+00
      vertex   2.054445e+00 0.000000e+00 1.424520e+00
    endloop
  endfacet
  facet normal 0.000000e+00 1.000000e+00 0.000000e+00
    outer loop
      vertex   4.263201e+00 0.000000e+00 2.612493e+00
      vertex   2.054445e+00 0.000000e+00 1.424520e+00
      vertex   4.045085e+00 0.000000e+00 2.938926e+00
    endloop
  endfacet
  facet normal 0.000000e+00 1.000000e+00 0.000000e+00
    outer loop
      vertex   4.045085e+00 0.000000e+00 2.938926e+00
      vertex   2.054445e+00 0.000000e+00 1.424520e+00
      vertex   1.885267e+00 0.000000e+00 1.641880e+00
    endloop
  endfacet
  facet normal 0.000000e+00 1.000000e+00 0.000000e+00
    outer loop
      vertex   4.045085e+00 0.000000e+00 2.938926e+00
      vertex   1.885267e+00 0.000000e+00 1.641880e+00
      vertex   3.802030e+00 0.000000e+00 3.247240e+00
    endloop
  endfacet
  facet normal 0.000000e+00 1.000000e+00 0.000000e+00
    outer loop
      vertex   3.802030e+00 0.000000e+00 3.247240e+00
      vertex   1.885267e+00 0.000000e+00 1.641880e+00
      vertex   3.535534e+00 0.000000e+00 3.535534e+00
    endloop
  endfacet
  facet normal 0.000000e+00 1.000000e+00 0.000000e+00
    outer loop
      vertex   3.535534e+00 0.000000e+00 3.535534e+00
      vertex   1.885267e+00 0.000000e+00 1.641880e+00
      vertex   1.693204e+00 0.000000e+00 1.839310e+00
    endloop
  endfacet
  facet normal 0.000000e+00 1.000000e+00 0.000000e+00
    outer loop
      vertex   3.535534e+00 0.000000e+00 3.535534e+00
      vertex   1.693204e+00 0.000000e+00 1.839310e+00
      vertex   3.247240e+00 0.000000e+00 3.802030e+00
    endloop
  endfacet
  facet normal 0.000000e+00 1.000000e+00 0.000000e+00
    outer loop
      vertex   3.247240e+00 0.000000e+00 3.802030e+00
      vertex   1.693204e+00 0.000000e+00 1.839310e+00
      vertex   1.480588e+00 0.000000e+00 2.014413e+00
    endloop
  endfacet
  facet normal 0.000000e+00 1.000000e+00 0.000000e+00
    outer loop
      vertex   3.247240e+00 0.000000e+00 3.802030e+00
      vertex   1.480588e+00 0.000000e+00 2.014413e+00
      vertex   2.938926e+00 0.000000e+00 4.045085e+00
    endloop
  endfacet
  facet normal 0.000000e+00 1.000000e+00 0.000000e+00
    outer loop
      vertex   2.938926e+00 0.000000e+00 4.045085e+00
      vertex   1.480588e+00 0.000000e+00 2.014413e+00
      vertex   2.612493e+00 0.000000e+00 4.263201e+00
    endloop
  endfacet
  facet normal 0.000000e+00 1.000000e+00 0.000000e+00
    outer loop
      vertex   2.612493e+00 0.000000e+00 4.263201e+00
      vertex   1.480588e+00 0.000000e+00 2.014413e+00
      vertex   1.250000e+00 0.000000e+00 2.165064e+00
    endloop
  endfacet
  facet normal 0.000000e+00 1.000000e+00 0.000000e+00
    outer loop
      vertex   2.612493e+00 0.000000e+00 4.263201e+00
      vertex   1.250000e+00 0.000000e+00 2.165064e+00
      vertex   2.269952e+00 0.000000e+00 4.455033e+00
    endloop
  endfacet
  facet normal 0.000000e+00 1.000000e+00 0.000000e+00
    outer loop
      vertex   2.269952e+00 0.000000e+00 4.455033e+00
      vertex   1.250000e+00 0.000000e+00 2.165064e+00
      vertex   1.004239e+00 0.000000e+00 2.289433e+00
    endloop
  endfacet
  facet normal 0.000000e+00 1.000000e+00 0.000000e+00
    outer loop
      vertex   2.269952e+00 0.000000e+00 4.455033e+00
      vertex   1.004239e+00 0.000000e+00 2.289433e+00
      vertex   1.913417e+00 0.000000e+00 4.619398e+00
    endloop
  endfacet
  facet normal 0.000000e+00 1.000000e+00 0.000000e+00
    outer loop
      vertex   1.913417e+00 0.000000e+00 4.619398e+00
      vertex   1.004239e+00 0.000000e+00 2.289433e+00
      vertex   7.462870e-01 0.000000e+00 2.386013e+00
    endloop
  endfacet
  facet normal 0.000000e+00 1.000000e+00 0.000000e+00
    outer loop
      vertex   1.913417e+00 0.000000e+00 4.619398e+00
      vertex   7.462870e-01 0.000000e+00 2.386013e+00
      vertex   1.545085e+00 0.000000e+00 4.755283e+00
    endloop
  endfacet
  facet normal 0.000000e+00 1.000000e+00 0.000000e+00
    outer loop
      vertex   1.545085e+00 0.000000e+00 4.755283e+00
      vertex   7.462870e-01 0.000000e+00 2.386013e+00
      vertex   1.167227e+00 0.000000e+00 4.861850e+00
    endloop
  endfacet
  facet normal 0.000000e+00 1.000000e+00 0.000000e+00
    outer loop
      vertex   1.167227e+00 0.000000e+00 4.861850e+00
      vertex   7.462870e-01 0.000000e+00 2.386013e+00
      vertex   4.792766e-01 0.000000e+00 2.453629e+00
    endloop
  endfacet
  facet normal 0.000000e+00 1.000000e+00 0.000000e+00
    outer loop
      vertex   1.167227e+00 0.000000e+00 4.861850e+00
      vertex   4.792766e-01 0.000000e+00 2.453629e+00
      vertex   7.821723e-01 0.000000e+00 4.938442e+00
    endloop
  endfacet
  facet normal 0.000000e+00 1.000000e+00 0.000000e+00
    outer loop
      vertex   7.821723e-01 0.000000e+00 4.938442e+00
      vertex   4.792766e-01 0.000000e+00 2.453629e+00
      vertex   2.064484e-01 0.000000e+00 2.491461e+00
    endloop
  endfacet
  facet normal 0.000000e+00 1.000000e+00 0.000000e+00
    outer loop
      vertex   7.821723e-01 0.000000e+00 4.938442e+00
      vertex   2.064484e-01 0.000000e+00 2.491461e+00
      vertex   3.922955e-01 0.000000e+00 4.984587e+00
    endloop
  endfacet
  facet normal 0.000000e+00 1.000000e+00 0.000000e+00
    outer loop
      vertex   3.922955e-01 0.000000e+00 4.984587e+00
      vertex   2.064484e-01 0.000000e+00 2.491461e+00
      vertex   3.061617e-16 0.000000e+00 5.000000e+00
    endloop
  endfacet
  facet normal 0.000000e+00 1.000000e+00 0.000000e+00
    outer loop
      vertex   3.061617e-16 0.000000e+00 5.000000e+00
      vertex   2.064484e-01 0.000000e+00 2.491461e+00
      vertex   -6.888586e-02 0.000000e+00 2.499051e+00
    endloop
  endfacet
  facet normal 0.000000e+00 1.000000e+00 0.000000e+00
    outer loop
      vertex   3.061617e-16 0.000000e+00 5.000000e+00
      vertex   -6.888586e-02 0.000000e+00 2.499051e+00
      vertex   -3.922955e-01 0.000000e+00 4.984587e+00
    endloop
  endfacet
  facet normal 0.000000e+00 1.000000e+00 0.000000e+00
    outer loop
      vertex   -3.922955e-01 0.000000e+00 4.984587e+00
      vertex   -6.888586e-02 0.000000e+00 2.499051e+00
      vertex   -3.433839e-01 0.000000e+00 2.476305e+00
    endloop
  endfacet
  facet normal 0.000000e+00 1.000000e+00 0.000000e+00
    outer loop
      vertex   -3.922955e-01 0.000000e+00 4.984587e+00
      vertex   -3.433839e-01 0.000000e+00 2.476305e+00
      vertex   -7.821723e-01 0.000000e+00 4.938442e+00
    endloop
  endfacet
  facet normal 0.000000e+00 1.000000e+00 0.000000e+00
    outer loop
      vertex   -7.821723e-01 0.000000e+00 4.938442e+00
      vertex   -3.433839e-01 0.000000e+00 2.476305e+00
      vertex   -6.137137e-01 0.000000e+00 2.423501e+00
    endloop
  endfacet
  facet normal 0.000000e+00 1.000000e+00 0.000000e+00
    outer loop
      vertex   -7.821723e-01 0.000000e+00 4.938442e+00
      vertex   -6.137137e-01 0.000000e+00 2.423501e+00
      vertex   -1.167227e+00 0.000000e+00 4.861850e+00
    endloop
  endfacet
  facet normal 0.000000e+00 1.000000e+00 0.000000e+00
    outer loop
      vertex   -1.167227e+00 0.000000e+00 4.861850e+00
      vertex   -6.137137e-01 0.000000e+00 2.423501e+00
      vertex   -1.545085e+00 0.000000e+00 4.755283e+00
    endloop
  endfacet
  facet normal 0.000000e+00 1.000000e+00 0.000000e+00
    outer loop
      vertex   -1.545085e+00 0.000000e+00 4.755283e+00
      vertex   -6.137137e-01 0.000000e+00 2.423501e+00
      vertex   -8.765939e-01 0.000000e+00 2.341278e+00
    endloop
  endfacet
  facet normal 0.000000e+00 1.000000e+00 0.000000e+00
    outer loop
      vertex   -1.545085e+00 0.000000e+00 4.755283e+00
      vertex   -8.765939e-01 0.000000e+00 2.341278e+00
      vertex   -1.913417e+00 0.000000e+00 4.619398e+00
    endloop
  endfacet
  facet normal 0.000000e+00 1.000000e+00 0.000000e+00
    outer loop
      vertex   -1.913417e+00 0.000000e+00 4.619398e+00
      vertex   -8.765939e-01 0.000000e+00 2.341278e+00
      vertex   -1.128833e+00 0.000000e+00 2.230636e+00
    endloop
  endfacet
  facet normal 0.000000e+00 1.000000e+00 0.000000e+00
    outer loop
      vertex   -1.913417e+00 0.000000e+00 4.619398e+00
      vertex   -1.128833e+00 0.000000e+00 2.230636e+00
      vertex   -2.269952e+00 0.000000e+00 4.455033e+00
    endloop
  endfacet
  facet normal 0.000000e+00 1.000000e+00 0.000000e+00
    outer loop
      vertex   -2.269952e+00 0.000000e+00 4.455033e+00
      vertex   -1.128833e+00 0.000000e+00 2.230636e+00
      vertex   -2.612493e+00 0.000000e+00 4.263201e+00
    endloop
  endfacet
  facet normal 0.000000e+00 1.000000e+00 0.000000e+00
    outer loop
      vertex   -2.612493e+00 0.000000e+00 4.263201e+00
      vertex   -1.128833e+00 0.000000e+00 2.230636e+00
      vertex   -1.367370e+00 0.000000e+00 2.092916e+00
    endloop
  endfacet
  facet normal 0.000000e+00 1.000000e+00 0.000000e+00
    outer loop
      vertex   -2.612493e+00 0.000000e+00 4.263201e+00
      vertex   -1.367370e+00 0.000000e+00 2.092916e+00
      vertex   -2.938926e+00 0.000000e+00 4.045085e+00
    endloop
  endfacet
  facet normal 0.000000e+00 1.000000e+00 0.000000e+00
    outer loop
      vertex   -2.938926e+00 0.000000e+00 4.045085e+00
      vertex   -1.367370e+00 0.000000e+00 2.092916e+00
      vertex   -1.589309e+00 0.000000e+00 1.929792e+00
    endloop
  endfacet
  facet normal 0.000000e+00 1.000000e+00 0.000000e+00
    outer loop
      vertex   -2.938926e+00 0.000000e+00 4.045085e+00
      vertex   -1.589309e+00 0.000000e+00 1.929792e+00
      vertex   -3.247240e+00 0.000000e+00 3.802030e+00
    endloop
  endfacet
  facet normal 0.000000e+00 1.000000e+00 0.000000e+00
    outer loop
      vertex   -3.247240e+00 0.000000e+00 3.802030e+00
      vertex   -1.589309e+00 0.000000e+00 1.929792e+00
      vertex   -1.791956e+00 0.000000e+00 1.743242e+00
    endloop
  endfacet
  facet normal 0.000000e+00 1.000000e+00 0.000000e+00
    outer loop
      vertex   -3.247240e+00 0.000000e+00 3.802030e+00
      vertex   -1.791956e+00 0.000000e+00 1.743242e+00
      vertex   -3.535534e+00 0.000000e+00 3.535534e+00
    endloop
  endfacet
  facet normal 0.000000e+00 1.000000e+00 0.000000e+00
    outer loop
      vertex   -3.535534e+00 0.000000e+00 3.535534e+00
      vertex   -1.791956e+00 0.000000e+00 1.743242e+00
      vertex   -3.802030e+00 0.000000e+00 3.247240e+00
    endloop
  endfacet
  facet normal 0.000000e+00 1.000000e+00 0.000000e+00
    outer loop
      vertex   -3.802030e+00 0.000000e+00 3.247240e+00
      vertex   -1.791956e+00 0.000000e+00 1.743242e+00
      vertex   -1.972851e+00 0.000000e+00 1.535532e+00
    endloop
  endfacet
  facet normal 0.000000e+00 1.000000e+00 0.000000e+00
    outer loop
      vertex   -3.802030e+00 0.000000e+00 3.247240e+00
      vertex   -1.972851e+00 0.000000e+00 1.535532e+00
      vertex   -4.045085e+00 0.000000e+00 2.938926e+00
    endloop
  endfacet
  facet normal 0.000000e+00 1.000000e+00 0.000000e+00
    outer loop
      vertex   -4.045085e+00 0.000000e+00 2.938926e+00
      vertex   -1.972851e+00 0.000000e+00 1.535532e+00
      vertex   -2.129799e+00 0.000000e+00 1.309182e+00
    endloop
  endfacet
  facet normal 0.000000e+00 1.000000e+00 0.000000e+00
    outer loop
      vertex   -4.045085e+00 0.000000e+00 2.938926e+00
      vertex   -2.129799e+00 0.000000e+00 1.309182e+00
      vertex   -4.263201e+00 0.000000e+00 2.612493e+00
    endloop
  endfacet
  facet normal 0.000000e+00 1.000000e+00 0.000000e+00
    outer loop
      vertex   -4.263201e+00 0.000000e+00 2.612493e+00
      vertex   -2.129799e+00 0.000000e+00 1.309182e+00
      vertex   -4.455033e+00 0.000000e+00 2.269952e+00
    endloop
  endfacet
  facet normal 0.000000e+00 1.000000e+00 0.000000e+00
    outer loop
      vertex   -4.455033e+00 0.000000e+00 2.269952e+00
      vertex   -2.129799e+00 0.000000e+00 1.309182e+00
      vertex   -2.260893e+00 0.000000e+00 1.066941e+00
    endloop
  endfacet
  facet normal 0.000000e+00 1.000000e+00 0.000000e+00
    outer loop
      vertex   -4.455033e+00 0.000000e+00 2.269952e+00
      vertex   -2.260893e+00 0.000000e+00 1.066941e+00
      vertex   -4.619398e+00 0.000000e+00 1.913417e+00
    endloop
  endfacet
  facet normal 0.000000e+00 1.000000e+00 0.000000e+00
    outer loop
      vertex   -4.619398e+00 0.000000e+00 1.913417e+00
      vertex   -2.260893e+00 0.000000e+00 1.066941e+00
      vertex   -2.364543e+00 0.000000e+00 8.117487e-01
    endloop
  endfacet
  facet normal 0.000000e+00 1.000000e+00 0.000000e+00
    outer loop
      vertex   -4.619398e+00 0.000000e+00 1.913417e+00
      vertex   -2.364543e+00 0.000000e+00 8.117487e-01
      vertex   -4.755283e+00 0.000000e+00 1.545085e+00
    endloop
  endfacet
  facet normal 0.000000e+00 1.000000e+00 0.000000e+00
    outer loop
      vertex   -4.755283e+00 0.000000e+00 1.545085e+00
      vertex   -2.364543e+00 0.000000e+00 8.117487e-01
      vertex   -2.439491e+00 0.000000e+00 5.467027e-01
    endloop
  endfacet
  facet normal 0.000000e+00 1.000000e+00 0.000000e+00
    outer loop
      vertex   -4.755283e+00 0.000000e+00 1.545085e+00
      vertex   -2.439491e+00 0.000000e+00 5.467027e-01
      vertex   -4.861850e+00 0.000000e+00 1.167227e+00
    endloop
  endfacet
  facet normal 0.000000e+00 1.000000e+00 0.000000e+00
    outer loop
      vertex   -4.861850e+00 0.000000e+00 1.167227e+00
      vertex   -2.439491e+00 0.000000e+00 5.467027e-01
      vertex   -4.938442e+00 0.000000e+00 7.821723e-01
    endloop
  endfacet
  facet normal 0.000000e+00 1.000000e+00 0.000000e+00
    outer loop
      vertex   -4.938442e+00 0.000000e+00 7.821723e-01
      vertex   -2.439491e+00 0.000000e+00 5.467027e-01
      vertex   -2.484827e+00 0.000000e+00 2.750206e-01
    endloop
  endfacet
  facet normal 0.000000e+00 1.000000e+00 0.000000e+00
    outer loop
      vertex   -4.938442e+00 0.000000e+00 7.821723e-01
      vertex   -2.484827e+00 0.000000e+00 2.750206e-01
      vertex   -4.984587e+00 0.000000e+00 3.922955e-01
    endloop
  endfacet
  facet normal 0.000000e+00 1.000000e+00 0.000000e+00
    outer loop
      vertex   -4.984587e+00 0.000000e+00 3.922955e-01
      vertex   -2.484827e+00 0.000000e+00 2.750206e-01
      vertex   -2.500000e+00 0.000000e+00 3.061617e-16
    endloop
  endfacet
endsolid
