solid ASCII
  facet normal 9.941380e-01 0.000000e+00 -1.081190e-01
    outer loop
      vertex   2.207014e+01 1.500000e+01 6.449113e-01
      vertex   2.207014e+01 0.000000e+00 6.449113e-01
      vertex   2.200000e+01 1.500000e+01 0.000000e+00
    endloop
  endfacet
  facet normal 9.941380e-01 -2.381073e-16 -1.081190e-01
    outer loop
      vertex   2.200000e+01 1.500000e+01 0.000000e+00
      vertex   2.207014e+01 0.000000e+00 6.449113e-01
      vertex   2.200000e+01 0.000000e+00 3.673940e-16
    endloop
  endfacet
  facet normal 9.941380e-01 -2.328110e-16 1.081190e-01
    outer loop
      vertex   2.200000e+01 1.500000e+01 0.000000e+00
      vertex   2.200000e+01 0.000000e+00 3.673940e-16
      vertex   2.207014e+01 1.500000e+01 -6.449113e-01
    endloop
  endfacet
  facet normal 9.941380e-01 0.000000e+00 1.081190e-01
    outer loop
      vertex   2.207014e+01 1.500000e+01 -6.449113e-01
      vertex   2.200000e+01 0.000000e+00 3.673940e-16
      vertex   2.207014e+01 0.000000e+00 -6.449113e-01
    endloop
  endfacet
  facet normal 9.476532e-01 0.000000e+00 3.193015e-01
    outer loop
      vertex   2.207014e+01 1.500000e+01 -6.449113e-01
      vertex   2.207014e+01 0.000000e+00 -6.449113e-01
      vertex   2.227727e+01 1.500000e+01 -1.259667e+00
    endloop
  endfacet
  facet normal 9.476532e-01 0.000000e+00 3.193015e-01
    outer loop
      vertex   2.227727e+01 1.500000e+01 -1.259667e+00
      vertex   2.207014e+01 0.000000e+00 -6.449113e-01
      vertex   2.227727e+01 0.000000e+00 -1.259667e+00
    endloop
  endfacet
  facet normal 8.568572e-01 0.000000e+00 5.155539e-01
    outer loop
      vertex   2.227727e+01 1.500000e+01 -1.259667e+00
      vertex   2.227727e+01 0.000000e+00 -1.259667e+00
      vertex   2.261172e+01 1.500000e+01 -1.815523e+00
    endloop
  endfacet
  facet normal 8.568572e-01 0.000000e+00 5.155539e-01
    outer loop
      vertex   2.261172e+01 1.500000e+01 -1.815523e+00
      vertex   2.227727e+01 0.000000e+00 -1.259667e+00
      vertex   2.261172e+01 0.000000e+00 -1.815523e+00
    endloop
  endfacet
  facet normal 7.259955e-01 0.000000e+00 6.876995e-01
    outer loop
      vertex   2.261172e+01 1.500000e+01 -1.815523e+00
      vertex   2.261172e+01 0.000000e+00 -1.815523e+00
      vertex   2.305784e+01 1.500000e+01 -2.286486e+00
    endloop
  endfacet
  facet normal 7.259955e-01 0.000000e+00 6.876995e-01
    outer loop
      vertex   2.305784e+01 1.500000e+01 -2.286486e+00
      vertex   2.261172e+01 0.000000e+00 -1.815523e+00
      vertex   2.305784e+01 0.000000e+00 -2.286486e+00
    endloop
  endfacet
  facet normal 5.611871e-01 0.000000e+00 8.276890e-01
    outer loop
      vertex   2.305784e+01 1.500000e+01 -2.286486e+00
      vertex   2.305784e+01 0.000000e+00 -2.286486e+00
      vertex   2.359477e+01 1.500000e+01 -2.650536e+00
    endloop
  endfacet
  facet normal 5.611871e-01 0.000000e+00 8.276890e-01
    outer loop
      vertex   2.359477e+01 1.500000e+01 -2.650536e+00
      vertex   2.305784e+01 0.000000e+00 -2.286486e+00
      vertex   2.359477e+01 0.000000e+00 -2.650536e+00
    endloop
  endfacet
  facet normal 3.701382e-01 0.000000e+00 9.289767e-01
    outer loop
      vertex   2.359477e+01 1.500000e+01 -2.650536e+00
      vertex   2.359477e+01 0.000000e+00 -2.650536e+00
      vertex   2.419741e+01 1.500000e+01 -2.890650e+00
    endloop
  endfacet
  facet normal 3.701382e-01 0.000000e+00 9.289767e-01
    outer loop
      vertex   2.419741e+01 1.500000e+01 -2.890650e+00
      vertex   2.359477e+01 0.000000e+00 -2.650536e+00
      vertex   2.419741e+01 0.000000e+00 -2.890650e+00
    endloop
  endfacet
  facet normal 1.617820e-01 0.000000e+00 9.868265e-01
    outer loop
      vertex   2.419741e+01 1.500000e+01 -2.890650e+00
      vertex   2.419741e+01 0.000000e+00 -2.890650e+00
      vertex   2.483758e+01 1.500000e+01 -2.995600e+00
    endloop
  endfacet
  facet normal 1.617820e-01 0.000000e+00 9.868265e-01
    outer loop
      vertex   2.483758e+01 1.500000e+01 -2.995600e+00
      vertex   2.419741e+01 0.000000e+00 -2.890650e+00
      vertex   2.483758e+01 0.000000e+00 -2.995600e+00
    endloop
  endfacet
  facet normal -5.413891e-02 0.000000e+00 9.985334e-01
    outer loop
      vertex   2.483758e+01 1.500000e+01 -2.995600e+00
      vertex   2.483758e+01 0.000000e+00 -2.995600e+00
      vertex   2.548535e+01 1.500000e+01 -2.960480e+00
    endloop
  endfacet
  facet normal -5.413891e-02 0.000000e+00 9.985334e-01
    outer loop
      vertex   2.548535e+01 1.500000e+01 -2.960480e+00
      vertex   2.483758e+01 0.000000e+00 -2.995600e+00
      vertex   2.548535e+01 0.000000e+00 -2.960480e+00
    endloop
  endfacet
  facet normal -2.675283e-01 0.000000e+00 9.635500e-01
    outer loop
      vertex   2.548535e+01 1.500000e+01 -2.960480e+00
      vertex   2.548535e+01 0.000000e+00 -2.960480e+00
      vertex   2.611041e+01 1.500000e+01 -2.786930e+00
    endloop
  endfacet
  facet normal -2.675283e-01 0.000000e+00 9.635500e-01
    outer loop
      vertex   2.611041e+01 1.500000e+01 -2.786930e+00
      vertex   2.548535e+01 0.000000e+00 -2.960480e+00
      vertex   2.611041e+01 0.000000e+00 -2.786930e+00
    endloop
  endfacet
  facet normal -4.684084e-01 0.000000e+00 8.835120e-01
    outer loop
      vertex   2.611041e+01 1.500000e+01 -2.786930e+00
      vertex   2.611041e+01 0.000000e+00 -2.786930e+00
      vertex   2.668356e+01 1.500000e+01 -2.483067e+00
    endloop
  endfacet
  facet normal -4.684084e-01 0.000000e+00 8.835120e-01
    outer loop
      vertex   2.668356e+01 1.500000e+01 -2.483067e+00
      vertex   2.611041e+01 0.000000e+00 -2.786930e+00
      vertex   2.668356e+01 0.000000e+00 -2.483067e+00
    endloop
  endfacet
  facet normal -6.473863e-01 0.000000e+00 7.621621e-01
    outer loop
      vertex   2.668356e+01 1.500000e+01 -2.483067e+00
      vertex   2.668356e+01 0.000000e+00 -2.483067e+00
      vertex   2.717799e+01 1.500000e+01 -2.063098e+00
    endloop
  endfacet
  facet normal -6.473863e-01 0.000000e+00 7.621621e-01
    outer loop
      vertex   2.717799e+01 1.500000e+01 -2.063098e+00
      vertex   2.668356e+01 0.000000e+00 -2.483067e+00
      vertex   2.717799e+01 0.000000e+00 -2.063098e+00
    endloop
  endfacet
  facet normal -7.960931e-01 0.000000e+00 6.051742e-01
    outer loop
      vertex   2.717799e+01 1.500000e+01 -2.063098e+00
      vertex   2.717799e+01 0.000000e+00 -2.063098e+00
      vertex   2.757057e+01 1.500000e+01 -1.546662e+00
    endloop
  endfacet
  facet normal -7.960931e-01 0.000000e+00 6.051742e-01
    outer loop
      vertex   2.757057e+01 1.500000e+01 -1.546662e+00
      vertex   2.717799e+01 0.000000e+00 -2.063098e+00
      vertex   2.757057e+01 0.000000e+00 -1.546662e+00
    endloop
  endfacet
  facet normal -9.075754e-01 0.000000e+00 4.198891e-01
    outer loop
      vertex   2.757057e+01 1.500000e+01 -1.546662e+00
      vertex   2.757057e+01 0.000000e+00 -1.546662e+00
      vertex   2.784296e+01 1.500000e+01 -9.579046e-01
    endloop
  endfacet
  facet normal -9.075754e-01 0.000000e+00 4.198891e-01
    outer loop
      vertex   2.784296e+01 1.500000e+01 -9.579046e-01
      vertex   2.757057e+01 0.000000e+00 -1.546662e+00
      vertex   2.784296e+01 0.000000e+00 -9.579046e-01
    endloop
  endfacet
  facet normal -9.766206e-01 0.000000e+00 2.149704e-01
    outer loop
      vertex   2.784296e+01 1.500000e+01 -9.579046e-01
      vertex   2.784296e+01 0.000000e+00 -9.579046e-01
      vertex   2.798241e+01 1.500000e+01 -3.243571e-01
    endloop
  endfacet
  facet normal -9.766206e-01 0.000000e+00 2.149704e-01
    outer loop
      vertex   2.798241e+01 1.500000e+01 -3.243571e-01
      vertex   2.784296e+01 0.000000e+00 -9.579046e-01
      vertex   2.798241e+01 0.000000e+00 -3.243571e-01
    endloop
  endfacet
  facet normal -1.000000e+00 0.000000e+00 0.000000e+00
    outer loop
      vertex   2.798241e+01 1.500000e+01 -3.243571e-01
      vertex   2.798241e+01 0.000000e+00 -3.243571e-01
      vertex   2.798241e+01 1.500000e+01 3.243571e-01
    endloop
  endfacet
  facet normal -1.000000e+00 -0.000000e+00 0.000000e+00
    outer loop
      vertex   2.798241e+01 1.500000e+01 3.243571e-01
      vertex   2.798241e+01 0.000000e+00 -3.243571e-01
      vertex   2.798241e+01 0.000000e+00 3.243571e-01
    endloop
  endfacet
  facet normal -9.766206e-01 -0.000000e+00 -2.149704e-01
    outer loop
      vertex   2.798241e+01 1.500000e+01 3.243571e-01
      vertex   2.798241e+01 0.000000e+00 3.243571e-01
      vertex   2.784296e+01 1.500000e+01 9.579046e-01
    endloop
  endfacet
  facet normal -9.766206e-01 -0.000000e+00 -2.149704e-01
    outer loop
      vertex   2.784296e+01 1.500000e+01 9.579046e-01
      vertex   2.798241e+01 0.000000e+00 3.243571e-01
      vertex   2.784296e+01 0.000000e+00 9.579046e-01
    endloop
  endfacet
  facet normal -9.075754e-01 -0.000000e+00 -4.198891e-01
    outer loop
      vertex   2.784296e+01 1.500000e+01 9.579046e-01
      vertex   2.784296e+01 0.000000e+00 9.579046e-01
      vertex   2.757057e+01 1.500000e+01 1.546662e+00
    endloop
  endfacet
  facet normal -9.075754e-01 -0.000000e+00 -4.198891e-01
    outer loop
      vertex   2.757057e+01 1.500000e+01 1.546662e+00
      vertex   2.784296e+01 0.000000e+00 9.579046e-01
      vertex   2.757057e+01 0.000000e+00 1.546662e+00
    endloop
  endfacet
  facet normal -7.960931e-01 -0.000000e+00 -6.051742e-01
    outer loop
      vertex   2.757057e+01 1.500000e+01 1.546662e+00
      vertex   2.757057e+01 0.000000e+00 1.546662e+00
      vertex   2.717799e+01 1.500000e+01 2.063098e+00
    endloop
  endfacet
  facet normal -7.960931e-01 -0.000000e+00 -6.051742e-01
    outer loop
      vertex   2.717799e+01 1.500000e+01 2.063098e+00
      vertex   2.757057e+01 0.000000e+00 1.546662e+00
      vertex   2.717799e+01 0.000000e+00 2.063098e+00
    endloop
  endfacet
  facet normal -6.473863e-01 -0.000000e+00 -7.621621e-01
    outer loop
      vertex   2.717799e+01 1.500000e+01 2.063098e+00
      vertex   2.717799e+01 0.000000e+00 2.063098e+00
      vertex   2.668356e+01 1.500000e+01 2.483067e+00
    endloop
  endfacet
  facet normal -6.473863e-01 -0.000000e+00 -7.621621e-01
    outer loop
      vertex   2.668356e+01 1.500000e+01 2.483067e+00
      vertex   2.717799e+01 0.000000e+00 2.063098e+00
      vertex   2.668356e+01 0.000000e+00 2.483067e+00
    endloop
  endfacet
  facet normal -4.684084e-01 -0.000000e+00 -8.835120e-01
    outer loop
      vertex   2.668356e+01 1.500000e+01 2.483067e+00
      vertex   2.668356e+01 0.000000e+00 2.483067e+00
      vertex   2.611041e+01 1.500000e+01 2.786930e+00
    endloop
  endfacet
  facet normal -4.684084e-01 -0.000000e+00 -8.835120e-01
    outer loop
      vertex   2.611041e+01 1.500000e+01 2.786930e+00
      vertex   2.668356e+01 0.000000e+00 2.483067e+00
      vertex   2.611041e+01 0.000000e+00 2.786930e+00
    endloop
  endfacet
  facet normal -2.675283e-01 -0.000000e+00 -9.635500e-01
    outer loop
      vertex   2.611041e+01 1.500000e+01 2.786930e+00
      vertex   2.611041e+01 0.000000e+00 2.786930e+00
      vertex   2.548535e+01 1.500000e+01 2.960480e+00
    endloop
  endfacet
  facet normal -2.675283e-01 -0.000000e+00 -9.635500e-01
    outer loop
      vertex   2.548535e+01 1.500000e+01 2.960480e+00
      vertex   2.611041e+01 0.000000e+00 2.786930e+00
      vertex   2.548535e+01 0.000000e+00 2.960480e+00
    endloop
  endfacet
  facet normal -5.413891e-02 -0.000000e+00 -9.985334e-01
    outer loop
      vertex   2.548535e+01 1.500000e+01 2.960480e+00
      vertex   2.548535e+01 0.000000e+00 2.960480e+00
      vertex   2.483758e+01 1.500000e+01 2.995600e+00
    endloop
  endfacet
  facet normal -5.413891e-02 -0.000000e+00 -9.985334e-01
    outer loop
      vertex   2.483758e+01 1.500000e+01 2.995600e+00
      vertex   2.548535e+01 0.000000e+00 2.960480e+00
      vertex   2.483758e+01 0.000000e+00 2.995600e+00
    endloop
  endfacet
  facet normal 1.617820e-01 0.000000e+00 -9.868265e-01
    outer loop
      vertex   2.483758e+01 1.500000e+01 2.995600e+00
      vertex   2.483758e+01 0.000000e+00 2.995600e+00
      vertex   2.419741e+01 1.500000e+01 2.890650e+00
    endloop
  endfacet
  facet normal 1.617820e-01 0.000000e+00 -9.868265e-01
    outer loop
      vertex   2.419741e+01 1.500000e+01 2.890650e+00
      vertex   2.483758e+01 0.000000e+00 2.995600e+00
      vertex   2.419741e+01 0.000000e+00 2.890650e+00
    endloop
  endfacet
  facet normal 3.701382e-01 0.000000e+00 -9.289767e-01
    outer loop
      vertex   2.419741e+01 1.500000e+01 2.890650e+00
      vertex   2.419741e+01 0.000000e+00 2.890650e+00
      vertex   2.359477e+01 1.500000e+01 2.650536e+00
    endloop
  endfacet
  facet normal 3.701382e-01 0.000000e+00 -9.289767e-01
    outer loop
      vertex   2.359477e+01 1.500000e+01 2.650536e+00
      vertex   2.419741e+01 0.000000e+00 2.890650e+00
      vertex   2.359477e+01 0.000000e+00 2.650536e+00
    endloop
  endfacet
  facet normal 5.611871e-01 0.000000e+00 -8.276890e-01
    outer loop
      vertex   2.359477e+01 1.500000e+01 2.650536e+00
      vertex   2.359477e+01 0.000000e+00 2.650536e+00
      vertex   2.305784e+01 1.500000e+01 2.286486e+00
    endloop
  endfacet
  facet normal 5.611871e-01 0.000000e+00 -8.276890e-01
    outer loop
      vertex   2.305784e+01 1.500000e+01 2.286486e+00
      vertex   2.359477e+01 0.000000e+00 2.650536e+00
      vertex   2.305784e+01 0.000000e+00 2.286486e+00
    endloop
  endfacet
  facet normal 7.259955e-01 0.000000e+00 -6.876995e-01
    outer loop
      vertex   2.305784e+01 1.500000e+01 2.286486e+00
      vertex   2.305784e+01 0.000000e+00 2.286486e+00
      vertex   2.261172e+01 1.500000e+01 1.815523e+00
    endloop
  endfacet
  facet normal 7.259955e-01 0.000000e+00 -6.876995e-01
    outer loop
      vertex   2.261172e+01 1.500000e+01 1.815523e+00
      vertex   2.305784e+01 0.000000e+00 2.286486e+00
      vertex   2.261172e+01 0.000000e+00 1.815523e+00
    endloop
  endfacet
  facet normal 8.568572e-01 0.000000e+00 -5.155539e-01
    outer loop
      vertex   2.261172e+01 1.500000e+01 1.815523e+00
      vertex   2.261172e+01 0.000000e+00 1.815523e+00
      vertex   2.227727e+01 1.500000e+01 1.259667e+00
    endloop
  endfacet
  facet normal 8.568572e-01 0.000000e+00 -5.155539e-01
    outer loop
      vertex   2.227727e+01 1.500000e+01 1.259667e+00
      vertex   2.261172e+01 0.000000e+00 1.815523e+00
      vertex   2.227727e+01 0.000000e+00 1.259667e+00
    endloop
  endfacet
  facet normal 9.476532e-01 0.000000e+00 -3.193015e-01
    outer loop
      vertex   2.227727e+01 1.500000e+01 1.259667e+00
      vertex   2.227727e+01 0.000000e+00 1.259667e+00
      vertex   2.207014e+01 1.500000e+01 6.449113e-01
    endloop
  endfacet
  facet normal 9.476532e-01 0.000000e+00 -3.193015e-01
    outer loop
      vertex   2.207014e+01 1.500000e+01 6.449113e-01
      vertex   2.227727e+01 0.000000e+00 1.259667e+00
      vertex   2.207014e+01 0.000000e+00 6.449113e-01
    endloop
  endfacet
  facet normal 9.941380e-01 0.000000e+00 -1.081190e-01
    outer loop
      vertex   4.207014e+01 1.500000e+01 2.064491e+01
      vertex   4.207014e+01 0.000000e+00 2.064491e+01
      vertex   4.200000e+01 1.500000e+01 2.000000e+01
    endloop
  endfacet
  facet normal 9.941380e-01 0.000000e+00 -1.081190e-01
    outer loop
      vertex   4.200000e+01 1.500000e+01 2.000000e+01
      vertex   4.207014e+01 0.000000e+00 2.064491e+01
      vertex   4.200000e+01 0.000000e+00 2.000000e+01
    endloop
  endfacet
  facet normal 9.941380e-01 0.000000e+00 1.081190e-01
    outer loop
      vertex   4.200000e+01 1.500000e+01 2.000000e+01
      vertex   4.200000e+01 0.000000e+00 2.000000e+01
      vertex   4.207014e+01 1.500000e+01 1.935509e+01
    endloop
  endfacet
  facet normal 9.941380e-01 0.000000e+00 1.081190e-01
    outer loop
      vertex   4.207014e+01 1.500000e+01 1.935509e+01
      vertex   4.200000e+01 0.000000e+00 2.000000e+01
      vertex   4.207014e+01 0.000000e+00 1.935509e+01
    endloop
  endfacet
  facet normal 9.476532e-01 0.000000e+00 3.193015e-01
    outer loop
      vertex   4.207014e+01 1.500000e+01 1.935509e+01
      vertex   4.207014e+01 0.000000e+00 1.935509e+01
      vertex   4.227727e+01 1.500000e+01 1.874033e+01
    endloop
  endfacet
  facet normal 9.476532e-01 0.000000e+00 3.193015e-01
    outer loop
      vertex   4.227727e+01 1.500000e+01 1.874033e+01
      vertex   4.207014e+01 0.000000e+00 1.935509e+01
      vertex   4.227727e+01 0.000000e+00 1.874033e+01
    endloop
  endfacet
  facet normal 8.568572e-01 0.000000e+00 5.155539e-01
    outer loop
      vertex   4.227727e+01 1.500000e+01 1.874033e+01
      vertex   4.227727e+01 0.000000e+00 1.874033e+01
      vertex   4.261172e+01 1.500000e+01 1.818448e+01
    endloop
  endfacet
  facet normal 8.568572e-01 0.000000e+00 5.155539e-01
    outer loop
      vertex   4.261172e+01 1.500000e+01 1.818448e+01
      vertex   4.227727e+01 0.000000e+00 1.874033e+01
      vertex   4.261172e+01 0.000000e+00 1.818448e+01
    endloop
  endfacet
  facet normal 7.259955e-01 0.000000e+00 6.876995e-01
    outer loop
      vertex   4.261172e+01 1.500000e+01 1.818448e+01
      vertex   4.261172e+01 0.000000e+00 1.818448e+01
      vertex   4.305784e+01 1.500000e+01 1.771351e+01
    endloop
  endfacet
  facet normal 7.259955e-01 0.000000e+00 6.876995e-01
    outer loop
      vertex   4.305784e+01 1.500000e+01 1.771351e+01
      vertex   4.261172e+01 0.000000e+00 1.818448e+01
      vertex   4.305784e+01 0.000000e+00 1.771351e+01
    endloop
  endfacet
  facet normal 5.611871e-01 0.000000e+00 8.276890e-01
    outer loop
      vertex   4.305784e+01 1.500000e+01 1.771351e+01
      vertex   4.305784e+01 0.000000e+00 1.771351e+01
      vertex   4.359477e+01 1.500000e+01 1.734946e+01
    endloop
  endfacet
  facet normal 5.611871e-01 0.000000e+00 8.276890e-01
    outer loop
      vertex   4.359477e+01 1.500000e+01 1.734946e+01
      vertex   4.305784e+01 0.000000e+00 1.771351e+01
      vertex   4.359477e+01 0.000000e+00 1.734946e+01
    endloop
  endfacet
  facet normal 3.701382e-01 0.000000e+00 9.289767e-01
    outer loop
      vertex   4.359477e+01 1.500000e+01 1.734946e+01
      vertex   4.359477e+01 0.000000e+00 1.734946e+01
      vertex   4.419741e+01 1.500000e+01 1.710935e+01
    endloop
  endfacet
  facet normal 3.701382e-01 0.000000e+00 9.289767e-01
    outer loop
      vertex   4.419741e+01 1.500000e+01 1.710935e+01
      vertex   4.359477e+01 0.000000e+00 1.734946e+01
      vertex   4.419741e+01 0.000000e+00 1.710935e+01
    endloop
  endfacet
  facet normal 1.617820e-01 0.000000e+00 9.868265e-01
    outer loop
      vertex   4.419741e+01 1.500000e+01 1.710935e+01
      vertex   4.419741e+01 0.000000e+00 1.710935e+01
      vertex   4.483758e+01 1.500000e+01 1.700440e+01
    endloop
  endfacet
  facet normal 1.617820e-01 0.000000e+00 9.868265e-01
    outer loop
      vertex   4.483758e+01 1.500000e+01 1.700440e+01
      vertex   4.419741e+01 0.000000e+00 1.710935e+01
      vertex   4.483758e+01 0.000000e+00 1.700440e+01
    endloop
  endfacet
  facet normal -5.413891e-02 0.000000e+00 9.985334e-01
    outer loop
      vertex   4.483758e+01 1.500000e+01 1.700440e+01
      vertex   4.483758e+01 0.000000e+00 1.700440e+01
      vertex   4.548535e+01 1.500000e+01 1.703952e+01
    endloop
  endfacet
  facet normal -5.413891e-02 0.000000e+00 9.985334e-01
    outer loop
      vertex   4.548535e+01 1.500000e+01 1.703952e+01
      vertex   4.483758e+01 0.000000e+00 1.700440e+01
      vertex   4.548535e+01 0.000000e+00 1.703952e+01
    endloop
  endfacet
  facet normal -2.675283e-01 0.000000e+00 9.635500e-01
    outer loop
      vertex   4.548535e+01 1.500000e+01 1.703952e+01
      vertex   4.548535e+01 0.000000e+00 1.703952e+01
      vertex   4.611041e+01 1.500000e+01 1.721307e+01
    endloop
  endfacet
  facet normal -2.675283e-01 0.000000e+00 9.635500e-01
    outer loop
      vertex   4.611041e+01 1.500000e+01 1.721307e+01
      vertex   4.548535e+01 0.000000e+00 1.703952e+01
      vertex   4.611041e+01 0.000000e+00 1.721307e+01
    endloop
  endfacet
  facet normal -4.684084e-01 0.000000e+00 8.835120e-01
    outer loop
      vertex   4.611041e+01 1.500000e+01 1.721307e+01
      vertex   4.611041e+01 0.000000e+00 1.721307e+01
      vertex   4.668356e+01 1.500000e+01 1.751693e+01
    endloop
  endfacet
  facet normal -4.684084e-01 0.000000e+00 8.835120e-01
    outer loop
      vertex   4.668356e+01 1.500000e+01 1.751693e+01
      vertex   4.611041e+01 0.000000e+00 1.721307e+01
      vertex   4.668356e+01 0.000000e+00 1.751693e+01
    endloop
  endfacet
  facet normal -6.473863e-01 0.000000e+00 7.621621e-01
    outer loop
      vertex   4.668356e+01 1.500000e+01 1.751693e+01
      vertex   4.668356e+01 0.000000e+00 1.751693e+01
      vertex   4.717799e+01 1.500000e+01 1.793690e+01
    endloop
  endfacet
  facet normal -6.473863e-01 0.000000e+00 7.621621e-01
    outer loop
      vertex   4.717799e+01 1.500000e+01 1.793690e+01
      vertex   4.668356e+01 0.000000e+00 1.751693e+01
      vertex   4.717799e+01 0.000000e+00 1.793690e+01
    endloop
  endfacet
  facet normal -7.960931e-01 0.000000e+00 6.051742e-01
    outer loop
      vertex   4.717799e+01 1.500000e+01 1.793690e+01
      vertex   4.717799e+01 0.000000e+00 1.793690e+01
      vertex   4.757057e+01 1.500000e+01 1.845334e+01
    endloop
  endfacet
  facet normal -7.960931e-01 0.000000e+00 6.051742e-01
    outer loop
      vertex   4.757057e+01 1.500000e+01 1.845334e+01
      vertex   4.717799e+01 0.000000e+00 1.793690e+01
      vertex   4.757057e+01 0.000000e+00 1.845334e+01
    endloop
  endfacet
  facet normal -9.075754e-01 0.000000e+00 4.198891e-01
    outer loop
      vertex   4.757057e+01 1.500000e+01 1.845334e+01
      vertex   4.757057e+01 0.000000e+00 1.845334e+01
      vertex   4.784296e+01 1.500000e+01 1.904210e+01
    endloop
  endfacet
  facet normal -9.075754e-01 0.000000e+00 4.198891e-01
    outer loop
      vertex   4.784296e+01 1.500000e+01 1.904210e+01
      vertex   4.757057e+01 0.000000e+00 1.845334e+01
      vertex   4.784296e+01 0.000000e+00 1.904210e+01
    endloop
  endfacet
  facet normal -9.766206e-01 0.000000e+00 2.149704e-01
    outer loop
      vertex   4.784296e+01 1.500000e+01 1.904210e+01
      vertex   4.784296e+01 0.000000e+00 1.904210e+01
      vertex   4.798241e+01 1.500000e+01 1.967564e+01
    endloop
  endfacet
  facet normal -9.766206e-01 0.000000e+00 2.149704e-01
    outer loop
      vertex   4.798241e+01 1.500000e+01 1.967564e+01
      vertex   4.784296e+01 0.000000e+00 1.904210e+01
      vertex   4.798241e+01 0.000000e+00 1.967564e+01
    endloop
  endfacet
  facet normal -1.000000e+00 0.000000e+00 0.000000e+00
    outer loop
      vertex   4.798241e+01 1.500000e+01 1.967564e+01
      vertex   4.798241e+01 0.000000e+00 1.967564e+01
      vertex   4.798241e+01 1.500000e+01 2.032436e+01
    endloop
  endfacet
  facet normal -1.000000e+00 -0.000000e+00 0.000000e+00
    outer loop
      vertex   4.798241e+01 1.500000e+01 2.032436e+01
      vertex   4.798241e+01 0.000000e+00 1.967564e+01
      vertex   4.798241e+01 0.000000e+00 2.032436e+01
    endloop
  endfacet
  facet normal -9.766206e-01 -0.000000e+00 -2.149704e-01
    outer loop
      vertex   4.798241e+01 1.500000e+01 2.032436e+01
      vertex   4.798241e+01 0.000000e+00 2.032436e+01
      vertex   4.784296e+01 1.500000e+01 2.095790e+01
    endloop
  endfacet
  facet normal -9.766206e-01 -0.000000e+00 -2.149704e-01
    outer loop
      vertex   4.784296e+01 1.500000e+01 2.095790e+01
      vertex   4.798241e+01 0.000000e+00 2.032436e+01
      vertex   4.784296e+01 0.000000e+00 2.095790e+01
    endloop
  endfacet
  facet normal -9.075754e-01 -0.000000e+00 -4.198891e-01
    outer loop
      vertex   4.784296e+01 1.500000e+01 2.095790e+01
      vertex   4.784296e+01 0.000000e+00 2.095790e+01
      vertex   4.757057e+01 1.500000e+01 2.154666e+01
    endloop
  endfacet
  facet normal -9.075754e-01 -0.000000e+00 -4.198891e-01
    outer loop
      vertex   4.757057e+01 1.500000e+01 2.154666e+01
      vertex   4.784296e+01 0.000000e+00 2.095790e+01
      vertex   4.757057e+01 0.000000e+00 2.154666e+01
    endloop
  endfacet
  facet normal -7.960931e-01 -0.000000e+00 -6.051742e-01
    outer loop
      vertex   4.757057e+01 1.500000e+01 2.154666e+01
      vertex   4.757057e+01 0.000000e+00 2.154666e+01
      vertex   4.717799e+01 1.500000e+01 2.206310e+01
    endloop
  endfacet
  facet normal -7.960931e-01 -0.000000e+00 -6.051742e-01
    outer loop
      vertex   4.717799e+01 1.500000e+01 2.206310e+01
      vertex   4.757057e+01 0.000000e+00 2.154666e+01
      vertex   4.717799e+01 0.000000e+00 2.206310e+01
    endloop
  endfacet
  facet normal -6.473863e-01 -0.000000e+00 -7.621621e-01
    outer loop
      vertex   4.717799e+01 1.500000e+01 2.206310e+01
      vertex   4.717799e+01 0.000000e+00 2.206310e+01
      vertex   4.668356e+01 1.500000e+01 2.248307e+01
    endloop
  endfacet
  facet normal -6.473863e-01 -0.000000e+00 -7.621621e-01
    outer loop
      vertex   4.668356e+01 1.500000e+01 2.248307e+01
      vertex   4.717799e+01 0.000000e+00 2.206310e+01
      vertex   4.668356e+01 0.000000e+00 2.248307e+01
    endloop
  endfacet
  facet normal -4.684084e-01 -0.000000e+00 -8.835120e-01
    outer loop
      vertex   4.668356e+01 1.500000e+01 2.248307e+01
      vertex   4.668356e+01 0.000000e+00 2.248307e+01
      vertex   4.611041e+01 1.500000e+01 2.278693e+01
    endloop
  endfacet
  facet normal -4.684084e-01 -0.000000e+00 -8.835120e-01
    outer loop
      vertex   4.611041e+01 1.500000e+01 2.278693e+01
      vertex   4.668356e+01 0.000000e+00 2.248307e+01
      vertex   4.611041e+01 0.000000e+00 2.278693e+01
    endloop
  endfacet
  facet normal -2.675283e-01 -0.000000e+00 -9.635500e-01
    outer loop
      vertex   4.611041e+01 1.500000e+01 2.278693e+01
      vertex   4.611041e+01 0.000000e+00 2.278693e+01
      vertex   4.548535e+01 1.500000e+01 2.296048e+01
    endloop
  endfacet
  facet normal -2.675283e-01 -0.000000e+00 -9.635500e-01
    outer loop
      vertex   4.548535e+01 1.500000e+01 2.296048e+01
      vertex   4.611041e+01 0.000000e+00 2.278693e+01
      vertex   4.548535e+01 0.000000e+00 2.296048e+01
    endloop
  endfacet
  facet normal -5.413891e-02 -0.000000e+00 -9.985334e-01
    outer loop
      vertex   4.548535e+01 1.500000e+01 2.296048e+01
      vertex   4.548535e+01 0.000000e+00 2.296048e+01
      vertex   4.483758e+01 1.500000e+01 2.299560e+01
    endloop
  endfacet
  facet normal -5.413891e-02 -0.000000e+00 -9.985334e-01
    outer loop
      vertex   4.483758e+01 1.500000e+01 2.299560e+01
      vertex   4.548535e+01 0.000000e+00 2.296048e+01
      vertex   4.483758e+01 0.000000e+00 2.299560e+01
    endloop
  endfacet
  facet normal 1.617820e-01 0.000000e+00 -9.868265e-01
    outer loop
      vertex   4.483758e+01 1.500000e+01 2.299560e+01
      vertex   4.483758e+01 0.000000e+00 2.299560e+01
      vertex   4.419741e+01 1.500000e+01 2.289065e+01
    endloop
  endfacet
  facet normal 1.617820e-01 0.000000e+00 -9.868265e-01
    outer loop
      vertex   4.419741e+01 1.500000e+01 2.289065e+01
      vertex   4.483758e+01 0.000000e+00 2.299560e+01
      vertex   4.419741e+01 0.000000e+00 2.289065e+01
    endloop
  endfacet
  facet normal 3.701382e-01 0.000000e+00 -9.289767e-01
    outer loop
      vertex   4.419741e+01 1.500000e+01 2.289065e+01
      vertex   4.419741e+01 0.000000e+00 2.289065e+01
      vertex   4.359477e+01 1.500000e+01 2.265054e+01
    endloop
  endfacet
  facet normal 3.701382e-01 0.000000e+00 -9.289767e-01
    outer loop
      vertex   4.359477e+01 1.500000e+01 2.265054e+01
      vertex   4.419741e+01 0.000000e+00 2.289065e+01
      vertex   4.359477e+01 0.000000e+00 2.265054e+01
    endloop
  endfacet
  facet normal 5.611871e-01 0.000000e+00 -8.276890e-01
    outer loop
      vertex   4.359477e+01 1.500000e+01 2.265054e+01
      vertex   4.359477e+01 0.000000e+00 2.265054e+01
      vertex   4.305784e+01 1.500000e+01 2.228649e+01
    endloop
  endfacet
  facet normal 5.611871e-01 0.000000e+00 -8.276890e-01
    outer loop
      vertex   4.305784e+01 1.500000e+01 2.228649e+01
      vertex   4.359477e+01 0.000000e+00 2.265054e+01
      vertex   4.305784e+01 0.000000e+00 2.228649e+01
    endloop
  endfacet
  facet normal 7.259955e-01 0.000000e+00 -6.876995e-01
    outer loop
      vertex   4.305784e+01 1.500000e+01 2.228649e+01
      vertex   4.305784e+01 0.000000e+00 2.228649e+01
      vertex   4.261172e+01 1.500000e+01 2.181552e+01
    endloop
  endfacet
  facet normal 7.259955e-01 0.000000e+00 -6.876995e-01
    outer loop
      vertex   4.261172e+01 1.500000e+01 2.181552e+01
      vertex   4.305784e+01 0.000000e+00 2.228649e+01
      vertex   4.261172e+01 0.000000e+00 2.181552e+01
    endloop
  endfacet
  facet normal 8.568572e-01 0.000000e+00 -5.155539e-01
    outer loop
      vertex   4.261172e+01 1.500000e+01 2.181552e+01
      vertex   4.261172e+01 0.000000e+00 2.181552e+01
      vertex   4.227727e+01 1.500000e+01 2.125967e+01
    endloop
  endfacet
  facet normal 8.568572e-01 0.000000e+00 -5.155539e-01
    outer loop
      vertex   4.227727e+01 1.500000e+01 2.125967e+01
      vertex   4.261172e+01 0.000000e+00 2.181552e+01
      vertex   4.227727e+01 0.000000e+00 2.125967e+01
    endloop
  endfacet
  facet normal 9.476532e-01 0.000000e+00 -3.193015e-01
    outer loop
      vertex   4.227727e+01 1.500000e+01 2.125967e+01
      vertex   4.227727e+01 0.000000e+00 2.125967e+01
      vertex   4.207014e+01 1.500000e+01 2.064491e+01
    endloop
  endfacet
  facet normal 9.476532e-01 0.000000e+00 -3.193015e-01
    outer loop
      vertex   4.207014e+01 1.500000e+01 2.064491e+01
      vertex   4.227727e+01 0.000000e+00 2.125967e+01
      vertex   4.207014e+01 0.000000e+00 2.064491e+01
    endloop
  endfacet
  facet normal 9.941380e-01 0.000000e+00 -1.081190e-01
    outer loop
      vertex   -2.792986e+01 1.500000e+01 6.449113e-01
      vertex   -2.792986e+01 0.000000e+00 6.449113e-01
      vertex   -2.800000e+01 1.500000e+01 0.000000e+00
    endloop
  endfacet
  facet normal 9.941380e-01 -2.648152e-18 -1.081190e-01
    outer loop
      vertex   -2.800000e+01 1.500000e+01 0.000000e+00
      vertex   -2.792986e+01 0.000000e+00 6.449113e-01
      vertex   -2.800000e+01 0.000000e+00 3.673940e-16
    endloop
  endfacet
  facet normal 9.941380e-01 2.648152e-18 1.081190e-01
    outer loop
      vertex   -2.800000e+01 1.500000e+01 0.000000e+00
      vertex   -2.800000e+01 0.000000e+00 3.673940e-16
      vertex   -2.792986e+01 1.500000e+01 -6.449113e-01
    endloop
  endfacet
  facet normal 9.941380e-01 0.000000e+00 1.081190e-01
    outer loop
      vertex   -2.792986e+01 1.500000e+01 -6.449113e-01
      vertex   -2.800000e+01 0.000000e+00 3.673940e-16
      vertex   -2.792986e+01 0.000000e+00 -6.449113e-01
    endloop
  endfacet
  facet normal 9.476532e-01 0.000000e+00 3.193015e-01
    outer loop
      vertex   -2.792986e+01 1.500000e+01 -6.449113e-01
      vertex   -2.792986e+01 0.000000e+00 -6.449113e-01
      vertex   -2.772273e+01 1.500000e+01 -1.259667e+00
    endloop
  endfacet
  facet normal 9.476532e-01 0.000000e+00 3.193015e-01
    outer loop
      vertex   -2.772273e+01 1.500000e+01 -1.259667e+00
      vertex   -2.792986e+01 0.000000e+00 -6.449113e-01
      vertex   -2.772273e+01 0.000000e+00 -1.259667e+00
    endloop
  endfacet
  facet normal 8.568572e-01 0.000000e+00 5.155539e-01
    outer loop
      vertex   -2.772273e+01 1.500000e+01 -1.259667e+00
      vertex   -2.772273e+01 0.000000e+00 -1.259667e+00
      vertex   -2.738828e+01 1.500000e+01 -1.815523e+00
    endloop
  endfacet
  facet normal 8.568572e-01 0.000000e+00 5.155539e-01
    outer loop
      vertex   -2.738828e+01 1.500000e+01 -1.815523e+00
      vertex   -2.772273e+01 0.000000e+00 -1.259667e+00
      vertex   -2.738828e+01 0.000000e+00 -1.815523e+00
    endloop
  endfacet
  facet normal 7.259955e-01 0.000000e+00 6.876995e-01
    outer loop
      vertex   -2.738828e+01 1.500000e+01 -1.815523e+00
      vertex   -2.738828e+01 0.000000e+00 -1.815523e+00
      vertex   -2.694216e+01 1.500000e+01 -2.286486e+00
    endloop
  endfacet
  facet normal 7.259955e-01 0.000000e+00 6.876995e-01
    outer loop
      vertex   -2.694216e+01 1.500000e+01 -2.286486e+00
      vertex   -2.738828e+01 0.000000e+00 -1.815523e+00
      vertex   -2.694216e+01 0.000000e+00 -2.286486e+00
    endloop
  endfacet
  facet normal 5.611871e-01 0.000000e+00 8.276890e-01
    outer loop
      vertex   -2.694216e+01 1.500000e+01 -2.286486e+00
      vertex   -2.694216e+01 0.000000e+00 -2.286486e+00
      vertex   -2.640523e+01 1.500000e+01 -2.650536e+00
    endloop
  endfacet
  facet normal 5.611871e-01 0.000000e+00 8.276890e-01
    outer loop
      vertex   -2.640523e+01 1.500000e+01 -2.650536e+00
      vertex   -2.694216e+01 0.000000e+00 -2.286486e+00
      vertex   -2.640523e+01 0.000000e+00 -2.650536e+00
    endloop
  endfacet
  facet normal 3.701382e-01 0.000000e+00 9.289767e-01
    outer loop
      vertex   -2.640523e+01 1.500000e+01 -2.650536e+00
      vertex   -2.640523e+01 0.000000e+00 -2.650536e+00
      vertex   -2.580259e+01 1.500000e+01 -2.890650e+00
    endloop
  endfacet
  facet normal 3.701382e-01 0.000000e+00 9.289767e-01
    outer loop
      vertex   -2.580259e+01 1.500000e+01 -2.890650e+00
      vertex   -2.640523e+01 0.000000e+00 -2.650536e+00
      vertex   -2.580259e+01 0.000000e+00 -2.890650e+00
    endloop
  endfacet
  facet normal 1.617820e-01 0.000000e+00 9.868265e-01
    outer loop
      vertex   -2.580259e+01 1.500000e+01 -2.890650e+00
      vertex   -2.580259e+01 0.000000e+00 -2.890650e+00
      vertex   -2.516242e+01 1.500000e+01 -2.995600e+00
    endloop
  endfacet
  facet normal 1.617820e-01 0.000000e+00 9.868265e-01
    outer loop
      vertex   -2.516242e+01 1.500000e+01 -2.995600e+00
      vertex   -2.580259e+01 0.000000e+00 -2.890650e+00
      vertex   -2.516242e+01 0.000000e+00 -2.995600e+00
    endloop
  endfacet
  facet normal -5.413891e-02 0.000000e+00 9.985334e-01
    outer loop
      vertex   -2.516242e+01 1.500000e+01 -2.995600e+00
      vertex   -2.516242e+01 0.000000e+00 -2.995600e+00
      vertex   -2.451465e+01 1.500000e+01 -2.960480e+00
    endloop
  endfacet
  facet normal -5.413891e-02 0.000000e+00 9.985334e-01
    outer loop
      vertex   -2.451465e+01 1.500000e+01 -2.960480e+00
      vertex   -2.516242e+01 0.000000e+00 -2.995600e+00
      vertex   -2.451465e+01 0.000000e+00 -2.960480e+00
    endloop
  endfacet
  facet normal -2.675283e-01 0.000000e+00 9.635500e-01
    outer loop
      vertex   -2.451465e+01 1.500000e+01 -2.960480e+00
      vertex   -2.451465e+01 0.000000e+00 -2.960480e+00
      vertex   -2.388959e+01 1.500000e+01 -2.786930e+00
    endloop
  endfacet
  facet normal -2.675283e-01 0.000000e+00 9.635500e-01
    outer loop
      vertex   -2.388959e+01 1.500000e+01 -2.786930e+00
      vertex   -2.451465e+01 0.000000e+00 -2.960480e+00
      vertex   -2.388959e+01 0.000000e+00 -2.786930e+00
    endloop
  endfacet
  facet normal -4.684084e-01 0.000000e+00 8.835120e-01
    outer loop
      vertex   -2.388959e+01 1.500000e+01 -2.786930e+00
      vertex   -2.388959e+01 0.000000e+00 -2.786930e+00
      vertex   -2.331644e+01 1.500000e+01 -2.483067e+00
    endloop
  endfacet
  facet normal -4.684084e-01 0.000000e+00 8.835120e-01
    outer loop
      vertex   -2.331644e+01 1.500000e+01 -2.483067e+00
      vertex   -2.388959e+01 0.000000e+00 -2.786930e+00
      vertex   -2.331644e+01 0.000000e+00 -2.483067e+00
    endloop
  endfacet
  facet normal -6.473863e-01 0.000000e+00 7.621621e-01
    outer loop
      vertex   -2.331644e+01 1.500000e+01 -2.483067e+00
      vertex   -2.331644e+01 0.000000e+00 -2.483067e+00
      vertex   -2.282201e+01 1.500000e+01 -2.063098e+00
    endloop
  endfacet
  facet normal -6.473863e-01 0.000000e+00 7.621621e-01
    outer loop
      vertex   -2.282201e+01 1.500000e+01 -2.063098e+00
      vertex   -2.331644e+01 0.000000e+00 -2.483067e+00
      vertex   -2.282201e+01 0.000000e+00 -2.063098e+00
    endloop
  endfacet
  facet normal -7.960931e-01 0.000000e+00 6.051742e-01
    outer loop
      vertex   -2.282201e+01 1.500000e+01 -2.063098e+00
      vertex   -2.282201e+01 0.000000e+00 -2.063098e+00
      vertex   -2.242943e+01 1.500000e+01 -1.546662e+00
    endloop
  endfacet
  facet normal -7.960931e-01 0.000000e+00 6.051742e-01
    outer loop
      vertex   -2.242943e+01 1.500000e+01 -1.546662e+00
      vertex   -2.282201e+01 0.000000e+00 -2.063098e+00
      vertex   -2.242943e+01 0.000000e+00 -1.546662e+00
    endloop
  endfacet
  facet normal -9.075754e-01 0.000000e+00 4.198891e-01
    outer loop
      vertex   -2.242943e+01 1.500000e+01 -1.546662e+00
      vertex   -2.242943e+01 0.000000e+00 -1.546662e+00
      vertex   -2.215704e+01 1.500000e+01 -9.579046e-01
    endloop
  endfacet
  facet normal -9.075754e-01 0.000000e+00 4.198891e-01
    outer loop
      vertex   -2.215704e+01 1.500000e+01 -9.579046e-01
      vertex   -2.242943e+01 0.000000e+00 -1.546662e+00
      vertex   -2.215704e+01 0.000000e+00 -9.579046e-01
    endloop
  endfacet
  facet normal -9.766206e-01 0.000000e+00 2.149704e-01
    outer loop
      vertex   -2.215704e+01 1.500000e+01 -9.579046e-01
      vertex   -2.215704e+01 0.000000e+00 -9.579046e-01
      vertex   -2.201759e+01 1.500000e+01 -3.243571e-01
    endloop
  endfacet
  facet normal -9.766206e-01 0.000000e+00 2.149704e-01
    outer loop
      vertex   -2.201759e+01 1.500000e+01 -3.243571e-01
      vertex   -2.215704e+01 0.000000e+00 -9.579046e-01
      vertex   -2.201759e+01 0.000000e+00 -3.243571e-01
    endloop
  endfacet
  facet normal -1.000000e+00 0.000000e+00 0.000000e+00
    outer loop
      vertex   -2.201759e+01 1.500000e+01 -3.243571e-01
      vertex   -2.201759e+01 0.000000e+00 -3.243571e-01
      vertex   -2.201759e+01 1.500000e+01 3.243571e-01
    endloop
  endfacet
  facet normal -1.000000e+00 -0.000000e+00 0.000000e+00
    outer loop
      vertex   -2.201759e+01 1.500000e+01 3.243571e-01
      vertex   -2.201759e+01 0.000000e+00 -3.243571e-01
      vertex   -2.201759e+01 0.000000e+00 3.243571e-01
    endloop
  endfacet
  facet normal -9.766206e-01 -0.000000e+00 -2.149704e-01
    outer loop
      vertex   -2.201759e+01 1.500000e+01 3.243571e-01
      vertex   -2.201759e+01 0.000000e+00 3.243571e-01
      vertex   -2.215704e+01 1.500000e+01 9.579046e-01
    endloop
  endfacet
  facet normal -9.766206e-01 -0.000000e+00 -2.149704e-01
    outer loop
      vertex   -2.215704e+01 1.500000e+01 9.579046e-01
      vertex   -2.201759e+01 0.000000e+00 3.243571e-01
      vertex   -2.215704e+01 0.000000e+00 9.579046e-01
    endloop
  endfacet
  facet normal -9.075754e-01 -0.000000e+00 -4.198891e-01
    outer loop
      vertex   -2.215704e+01 1.500000e+01 9.579046e-01
      vertex   -2.215704e+01 0.000000e+00 9.579046e-01
      vertex   -2.242943e+01 1.500000e+01 1.546662e+00
    endloop
  endfacet
  facet normal -9.075754e-01 -0.000000e+00 -4.198891e-01
    outer loop
      vertex   -2.242943e+01 1.500000e+01 1.546662e+00
      vertex   -2.215704e+01 0.000000e+00 9.579046e-01
      vertex   -2.242943e+01 0.000000e+00 1.546662e+00
    endloop
  endfacet
  facet normal -7.960931e-01 -0.000000e+00 -6.051742e-01
    outer loop
      vertex   -2.242943e+01 1.500000e+01 1.546662e+00
      vertex   -2.242943e+01 0.000000e+00 1.546662e+00
      vertex   -2.282201e+01 1.500000e+01 2.063098e+00
    endloop
  endfacet
  facet normal -7.960931e-01 -0.000000e+00 -6.051742e-01
    outer loop
      vertex   -2.282201e+01 1.500000e+01 2.063098e+00
      vertex   -2.242943e+01 0.000000e+00 1.546662e+00
      vertex   -2.282201e+01 0.000000e+00 2.063098e+00
    endloop
  endfacet
  facet normal -6.473863e-01 -0.000000e+00 -7.621621e-01
    outer loop
      vertex   -2.282201e+01 1.500000e+01 2.063098e+00
      vertex   -2.282201e+01 0.000000e+00 2.063098e+00
      vertex   -2.331644e+01 1.500000e+01 2.483067e+00
    endloop
  endfacet
  facet normal -6.473863e-01 -0.000000e+00 -7.621621e-01
    outer loop
      vertex   -2.331644e+01 1.500000e+01 2.483067e+00
      vertex   -2.282201e+01 0.000000e+00 2.063098e+00
      vertex   -2.331644e+01 0.000000e+00 2.483067e+00
    endloop
  endfacet
  facet normal -4.684084e-01 -0.000000e+00 -8.835120e-01
    outer loop
      vertex   -2.331644e+01 1.500000e+01 2.483067e+00
      vertex   -2.331644e+01 0.000000e+00 2.483067e+00
      vertex   -2.388959e+01 1.500000e+01 2.786930e+00
    endloop
  endfacet
  facet normal -4.684084e-01 -0.000000e+00 -8.835120e-01
    outer loop
      vertex   -2.388959e+01 1.500000e+01 2.786930e+00
      vertex   -2.331644e+01 0.000000e+00 2.483067e+00
      vertex   -2.388959e+01 0.000000e+00 2.786930e+00
    endloop
  endfacet
  facet normal -2.675283e-01 -0.000000e+00 -9.635500e-01
    outer loop
      vertex   -2.388959e+01 1.500000e+01 2.786930e+00
      vertex   -2.388959e+01 0.000000e+00 2.786930e+00
      vertex   -2.451465e+01 1.500000e+01 2.960480e+00
    endloop
  endfacet
  facet normal -2.675283e-01 -0.000000e+00 -9.635500e-01
    outer loop
      vertex   -2.451465e+01 1.500000e+01 2.960480e+00
      vertex   -2.388959e+01 0.000000e+00 2.786930e+00
      vertex   -2.451465e+01 0.000000e+00 2.960480e+00
    endloop
  endfacet
  facet normal -5.413891e-02 -0.000000e+00 -9.985334e-01
    outer loop
      vertex   -2.451465e+01 1.500000e+01 2.960480e+00
      vertex   -2.451465e+01 0.000000e+00 2.960480e+00
      vertex   -2.516242e+01 1.500000e+01 2.995600e+00
    endloop
  endfacet
  facet normal -5.413891e-02 -0.000000e+00 -9.985334e-01
    outer loop
      vertex   -2.516242e+01 1.500000e+01 2.995600e+00
      vertex   -2.451465e+01 0.000000e+00 2.960480e+00
      vertex   -2.516242e+01 0.000000e+00 2.995600e+00
    endloop
  endfacet
  facet normal 1.617820e-01 0.000000e+00 -9.868265e-01
    outer loop
      vertex   -2.516242e+01 1.500000e+01 2.995600e+00
      vertex   -2.516242e+01 0.000000e+00 2.995600e+00
      vertex   -2.580259e+01 1.500000e+01 2.890650e+00
    endloop
  endfacet
  facet normal 1.617820e-01 0.000000e+00 -9.868265e-01
    outer loop
      vertex   -2.580259e+01 1.500000e+01 2.890650e+00
      vertex   -2.516242e+01 0.000000e+00 2.995600e+00
      vertex   -2.580259e+01 0.000000e+00 2.890650e+00
    endloop
  endfacet
  facet normal 3.701382e-01 0.000000e+00 -9.289767e-01
    outer loop
      vertex   -2.580259e+01 1.500000e+01 2.890650e+00
      vertex   -2.580259e+01 0.000000e+00 2.890650e+00
      vertex   -2.640523e+01 1.500000e+01 2.650536e+00
    endloop
  endfacet
  facet normal 3.701382e-01 0.000000e+00 -9.289767e-01
    outer loop
      vertex   -2.640523e+01 1.500000e+01 2.650536e+00
      vertex   -2.580259e+01 0.000000e+00 2.890650e+00
      vertex   -2.640523e+01 0.000000e+00 2.650536e+00
    endloop
  endfacet
  facet normal 5.611871e-01 0.000000e+00 -8.276890e-01
    outer loop
      vertex   -2.640523e+01 1.500000e+01 2.650536e+00
      vertex   -2.640523e+01 0.000000e+00 2.650536e+00
      vertex   -2.694216e+01 1.500000e+01 2.286486e+00
    endloop
  endfacet
  facet normal 5.611871e-01 0.000000e+00 -8.276890e-01
    outer loop
      vertex   -2.694216e+01 1.500000e+01 2.286486e+00
      vertex   -2.640523e+01 0.000000e+00 2.650536e+00
      vertex   -2.694216e+01 0.000000e+00 2.286486e+00
    endloop
  endfacet
  facet normal 7.259955e-01 0.000000e+00 -6.876995e-01
    outer loop
      vertex   -2.694216e+01 1.500000e+01 2.286486e+00
      vertex   -2.694216e+01 0.000000e+00 2.286486e+00
      vertex   -2.738828e+01 1.500000e+01 1.815523e+00
    endloop
  endfacet
  facet normal 7.259955e-01 0.000000e+00 -6.876995e-01
    outer loop
      vertex   -2.738828e+01 1.500000e+01 1.815523e+00
      vertex   -2.694216e+01 0.000000e+00 2.286486e+00
      vertex   -2.738828e+01 0.000000e+00 1.815523e+00
    endloop
  endfacet
  facet normal 8.568572e-01 0.000000e+00 -5.155539e-01
    outer loop
      vertex   -2.738828e+01 1.500000e+01 1.815523e+00
      vertex   -2.738828e+01 0.000000e+00 1.815523e+00
      vertex   -2.772273e+01 1.500000e+01 1.259667e+00
    endloop
  endfacet
  facet normal 8.568572e-01 0.000000e+00 -5.155539e-01
    outer loop
      vertex   -2.772273e+01 1.500000e+01 1.259667e+00
      vertex   -2.738828e+01 0.000000e+00 1.815523e+00
      vertex   -2.772273e+01 0.000000e+00 1.259667e+00
    endloop
  endfacet
  facet normal 9.476532e-01 0.000000e+00 -3.193015e-01
    outer loop
      vertex   -2.772273e+01 1.500000e+01 1.259667e+00
      vertex   -2.772273e+01 0.000000e+00 1.259667e+00
      vertex   -2.792986e+01 1.500000e+01 6.449113e-01
    endloop
  endfacet
  facet normal 9.476532e-01 0.000000e+00 -3.193015e-01
    outer loop
      vertex   -2.792986e+01 1.500000e+01 6.449113e-01
      vertex   -2.772273e+01 0.000000e+00 1.259667e+00
      vertex   -2.792986e+01 0.000000e+00 6.449113e-01
    endloop
  endfacet
  facet normal 9.941380e-01 0.000000e+00 -1.081190e-01
    outer loop
      vertex   -7.929862e+00 1.500000e+01 1.064491e+01
      vertex   -7.929862e+00 0.000000e+00 1.064491e+01
      vertex   -8.000000e+00 1.500000e+01 1.000000e+01
    endloop
  endfacet
  facet normal 9.941380e-01 0.000000e+00 -1.081190e-01
    outer loop
      vertex   -8.000000e+00 1.500000e+01 1.000000e+01
      vertex   -7.929862e+00 0.000000e+00 1.064491e+01
      vertex   -8.000000e+00 0.000000e+00 1.000000e+01
    endloop
  endfacet
  facet normal 9.941380e-01 0.000000e+00 1.081190e-01
    outer loop
      vertex   -8.000000e+00 1.500000e+01 1.000000e+01
      vertex   -8.000000e+00 0.000000e+00 1.000000e+01
      vertex   -7.929862e+00 1.500000e+01 9.355089e+00
    endloop
  endfacet
  facet normal 9.941380e-01 0.000000e+00 1.081190e-01
    outer loop
      vertex   -7.929862e+00 1.500000e+01 9.355089e+00
      vertex   -8.000000e+00 0.000000e+00 1.000000e+01
      vertex   -7.929862e+00 0.000000e+00 9.355089e+00
    endloop
  endfacet
  facet normal 9.476532e-01 0.000000e+00 3.193015e-01
    outer loop
      vertex   -7.929862e+00 1.500000e+01 9.355089e+00
      vertex   -7.929862e+00 0.000000e+00 9.355089e+00
      vertex   -7.722726e+00 1.500000e+01 8.740333e+00
    endloop
  endfacet
  facet normal 9.476532e-01 0.000000e+00 3.193015e-01
    outer loop
      vertex   -7.722726e+00 1.500000e+01 8.740333e+00
      vertex   -7.929862e+00 0.000000e+00 9.355089e+00
      vertex   -7.722726e+00 0.000000e+00 8.740333e+00
    endloop
  endfacet
  facet normal 8.568572e-01 0.000000e+00 5.155539e-01
    outer loop
      vertex   -7.722726e+00 1.500000e+01 8.740333e+00
      vertex   -7.722726e+00 0.000000e+00 8.740333e+00
      vertex   -7.388279e+00 1.500000e+01 8.184477e+00
    endloop
  endfacet
  facet normal 8.568572e-01 0.000000e+00 5.155539e-01
    outer loop
      vertex   -7.388279e+00 1.500000e+01 8.184477e+00
      vertex   -7.722726e+00 0.000000e+00 8.740333e+00
      vertex   -7.388279e+00 0.000000e+00 8.184477e+00
    endloop
  endfacet
  facet normal 7.259955e-01 0.000000e+00 6.876995e-01
    outer loop
      vertex   -7.388279e+00 1.500000e+01 8.184477e+00
      vertex   -7.388279e+00 0.000000e+00 8.184477e+00
      vertex   -6.942159e+00 1.500000e+01 7.713514e+00
    endloop
  endfacet
  facet normal 7.259955e-01 0.000000e+00 6.876995e-01
    outer loop
      vertex   -6.942159e+00 1.500000e+01 7.713514e+00
      vertex   -7.388279e+00 0.000000e+00 8.184477e+00
      vertex   -6.942159e+00 0.000000e+00 7.713514e+00
    endloop
  endfacet
  facet normal 5.611871e-01 0.000000e+00 8.276890e-01
    outer loop
      vertex   -6.942159e+00 1.500000e+01 7.713514e+00
      vertex   -6.942159e+00 0.000000e+00 7.713514e+00
      vertex   -6.405225e+00 1.500000e+01 7.349464e+00
    endloop
  endfacet
  facet normal 5.611871e-01 0.000000e+00 8.276890e-01
    outer loop
      vertex   -6.405225e+00 1.500000e+01 7.349464e+00
      vertex   -6.942159e+00 0.000000e+00 7.713514e+00
      vertex   -6.405225e+00 0.000000e+00 7.349464e+00
    endloop
  endfacet
  facet normal 3.701382e-01 0.000000e+00 9.289767e-01
    outer loop
      vertex   -6.405225e+00 1.500000e+01 7.349464e+00
      vertex   -6.405225e+00 0.000000e+00 7.349464e+00
      vertex   -5.802585e+00 1.500000e+01 7.109350e+00
    endloop
  endfacet
  facet normal 3.701382e-01 0.000000e+00 9.289767e-01
    outer loop
      vertex   -5.802585e+00 1.500000e+01 7.109350e+00
      vertex   -6.405225e+00 0.000000e+00 7.349464e+00
      vertex   -5.802585e+00 0.000000e+00 7.109350e+00
    endloop
  endfacet
  facet normal 1.617820e-01 0.000000e+00 9.868265e-01
    outer loop
      vertex   -5.802585e+00 1.500000e+01 7.109350e+00
      vertex   -5.802585e+00 0.000000e+00 7.109350e+00
      vertex   -5.162417e+00 1.500000e+01 7.004400e+00
    endloop
  endfacet
  facet normal 1.617820e-01 0.000000e+00 9.868265e-01
    outer loop
      vertex   -5.162417e+00 1.500000e+01 7.004400e+00
      vertex   -5.802585e+00 0.000000e+00 7.109350e+00
      vertex   -5.162417e+00 0.000000e+00 7.004400e+00
    endloop
  endfacet
  facet normal -5.413891e-02 0.000000e+00 9.985334e-01
    outer loop
      vertex   -5.162417e+00 1.500000e+01 7.004400e+00
      vertex   -5.162417e+00 0.000000e+00 7.004400e+00
      vertex   -4.514654e+00 1.500000e+01 7.039520e+00
    endloop
  endfacet
  facet normal -5.413891e-02 0.000000e+00 9.985334e-01
    outer loop
      vertex   -4.514654e+00 1.500000e+01 7.039520e+00
      vertex   -5.162417e+00 0.000000e+00 7.004400e+00
      vertex   -4.514654e+00 0.000000e+00 7.039520e+00
    endloop
  endfacet
  facet normal -2.675283e-01 0.000000e+00 9.635500e-01
    outer loop
      vertex   -4.514654e+00 1.500000e+01 7.039520e+00
      vertex   -4.514654e+00 0.000000e+00 7.039520e+00
      vertex   -3.889586e+00 1.500000e+01 7.213070e+00
    endloop
  endfacet
  facet normal -2.675283e-01 0.000000e+00 9.635500e-01
    outer loop
      vertex   -3.889586e+00 1.500000e+01 7.213070e+00
      vertex   -4.514654e+00 0.000000e+00 7.039520e+00
      vertex   -3.889586e+00 0.000000e+00 7.213070e+00
    endloop
  endfacet
  facet normal -4.684084e-01 0.000000e+00 8.835120e-01
    outer loop
      vertex   -3.889586e+00 1.500000e+01 7.213070e+00
      vertex   -3.889586e+00 0.000000e+00 7.213070e+00
      vertex   -3.316439e+00 1.500000e+01 7.516933e+00
    endloop
  endfacet
  facet normal -4.684084e-01 0.000000e+00 8.835120e-01
    outer loop
      vertex   -3.316439e+00 1.500000e+01 7.516933e+00
      vertex   -3.889586e+00 0.000000e+00 7.213070e+00
      vertex   -3.316439e+00 0.000000e+00 7.516933e+00
    endloop
  endfacet
  facet normal -6.473863e-01 0.000000e+00 7.621621e-01
    outer loop
      vertex   -3.316439e+00 1.500000e+01 7.516933e+00
      vertex   -3.316439e+00 0.000000e+00 7.516933e+00
      vertex   -2.822014e+00 1.500000e+01 7.936902e+00
    endloop
  endfacet
  facet normal -6.473863e-01 0.000000e+00 7.621621e-01
    outer loop
      vertex   -2.822014e+00 1.500000e+01 7.936902e+00
      vertex   -3.316439e+00 0.000000e+00 7.516933e+00
      vertex   -2.822014e+00 0.000000e+00 7.936902e+00
    endloop
  endfacet
  facet normal -7.960931e-01 0.000000e+00 6.051742e-01
    outer loop
      vertex   -2.822014e+00 1.500000e+01 7.936902e+00
      vertex   -2.822014e+00 0.000000e+00 7.936902e+00
      vertex   -2.429428e+00 1.500000e+01 8.453338e+00
    endloop
  endfacet
  facet normal -7.960931e-01 0.000000e+00 6.051742e-01
    outer loop
      vertex   -2.429428e+00 1.500000e+01 8.453338e+00
      vertex   -2.822014e+00 0.000000e+00 7.936902e+00
      vertex   -2.429428e+00 0.000000e+00 8.453338e+00
    endloop
  endfacet
  facet normal -9.075754e-01 0.000000e+00 4.198891e-01
    outer loop
      vertex   -2.429428e+00 1.500000e+01 8.453338e+00
      vertex   -2.429428e+00 0.000000e+00 8.453338e+00
      vertex   -2.157040e+00 1.500000e+01 9.042095e+00
    endloop
  endfacet
  facet normal -9.075754e-01 0.000000e+00 4.198891e-01
    outer loop
      vertex   -2.157040e+00 1.500000e+01 9.042095e+00
      vertex   -2.429428e+00 0.000000e+00 8.453338e+00
      vertex   -2.157040e+00 0.000000e+00 9.042095e+00
    endloop
  endfacet
  facet normal -9.766206e-01 0.000000e+00 2.149704e-01
    outer loop
      vertex   -2.157040e+00 1.500000e+01 9.042095e+00
      vertex   -2.157040e+00 0.000000e+00 9.042095e+00
      vertex   -2.017586e+00 1.500000e+01 9.675643e+00
    endloop
  endfacet
  facet normal -9.766206e-01 0.000000e+00 2.149704e-01
    outer loop
      vertex   -2.017586e+00 1.500000e+01 9.675643e+00
      vertex   -2.157040e+00 0.000000e+00 9.042095e+00
      vertex   -2.017586e+00 0.000000e+00 9.675643e+00
    endloop
  endfacet
  facet normal -1.000000e+00 0.000000e+00 0.000000e+00
    outer loop
      vertex   -2.017586e+00 1.500000e+01 9.675643e+00
      vertex   -2.017586e+00 0.000000e+00 9.675643e+00
      vertex   -2.017586e+00 1.500000e+01 1.032436e+01
    endloop
  endfacet
  facet normal -1.000000e+00 -0.000000e+00 0.000000e+00
    outer loop
      vertex   -2.017586e+00 1.500000e+01 1.032436e+01
      vertex   -2.017586e+00 0.000000e+00 9.675643e+00
      vertex   -2.017586e+00 0.000000e+00 1.032436e+01
    endloop
  endfacet
  facet normal -9.766206e-01 -0.000000e+00 -2.149704e-01
    outer loop
      vertex   -2.017586e+00 1.500000e+01 1.032436e+01
      vertex   -2.017586e+00 0.000000e+00 1.032436e+01
      vertex   -2.157040e+00 1.500000e+01 1.095790e+01
    endloop
  endfacet
  facet normal -9.766206e-01 -0.000000e+00 -2.149704e-01
    outer loop
      vertex   -2.157040e+00 1.500000e+01 1.095790e+01
      vertex   -2.017586e+00 0.000000e+00 1.032436e+01
      vertex   -2.157040e+00 0.000000e+00 1.095790e+01
    endloop
  endfacet
  facet normal -9.075754e-01 -0.000000e+00 -4.198891e-01
    outer loop
      vertex   -2.157040e+00 1.500000e+01 1.095790e+01
      vertex   -2.157040e+00 0.000000e+00 1.095790e+01
      vertex   -2.429428e+00 1.500000e+01 1.154666e+01
    endloop
  endfacet
  facet normal -9.075754e-01 -0.000000e+00 -4.198891e-01
    outer loop
      vertex   -2.429428e+00 1.500000e+01 1.154666e+01
      vertex   -2.157040e+00 0.000000e+00 1.095790e+01
      vertex   -2.429428e+00 0.000000e+00 1.154666e+01
    endloop
  endfacet
  facet normal -7.960931e-01 -0.000000e+00 -6.051742e-01
    outer loop
      vertex   -2.429428e+00 1.500000e+01 1.154666e+01
      vertex   -2.429428e+00 0.000000e+00 1.154666e+01
      vertex   -2.822014e+00 1.500000e+01 1.206310e+01
    endloop
  endfacet
  facet normal -7.960931e-01 -0.000000e+00 -6.051742e-01
    outer loop
      vertex   -2.822014e+00 1.500000e+01 1.206310e+01
      vertex   -2.429428e+00 0.000000e+00 1.154666e+01
      vertex   -2.822014e+00 0.000000e+00 1.206310e+01
    endloop
  endfacet
  facet normal -6.473863e-01 -0.000000e+00 -7.621621e-01
    outer loop
      vertex   -2.822014e+00 1.500000e+01 1.206310e+01
      vertex   -2.822014e+00 0.000000e+00 1.206310e+01
      vertex   -3.316439e+00 1.500000e+01 1.248307e+01
    endloop
  endfacet
  facet normal -6.473863e-01 -0.000000e+00 -7.621621e-01
    outer loop
      vertex   -3.316439e+00 1.500000e+01 1.248307e+01
      vertex   -2.822014e+00 0.000000e+00 1.206310e+01
      vertex   -3.316439e+00 0.000000e+00 1.248307e+01
    endloop
  endfacet
  facet normal -4.684084e-01 -0.000000e+00 -8.835120e-01
    outer loop
      vertex   -3.316439e+00 1.500000e+01 1.248307e+01
      vertex   -3.316439e+00 0.000000e+00 1.248307e+01
      vertex   -3.889586e+00 1.500000e+01 1.278693e+01
    endloop
  endfacet
  facet normal -4.684084e-01 -0.000000e+00 -8.835120e-01
    outer loop
      vertex   -3.889586e+00 1.500000e+01 1.278693e+01
      vertex   -3.316439e+00 0.000000e+00 1.248307e+01
      vertex   -3.889586e+00 0.000000e+00 1.278693e+01
    endloop
  endfacet
  facet normal -2.675283e-01 -0.000000e+00 -9.635500e-01
    outer loop
      vertex   -3.889586e+00 1.500000e+01 1.278693e+01
      vertex   -3.889586e+00 0.000000e+00 1.278693e+01
      vertex   -4.514654e+00 1.500000e+01 1.296048e+01
    endloop
  endfacet
  facet normal -2.675283e-01 -0.000000e+00 -9.635500e-01
    outer loop
      vertex   -4.514654e+00 1.500000e+01 1.296048e+01
      vertex   -3.889586e+00 0.000000e+00 1.278693e+01
      vertex   -4.514654e+00 0.000000e+00 1.296048e+01
    endloop
  endfacet
  facet normal -5.413891e-02 -0.000000e+00 -9.985334e-01
    outer loop
      vertex   -4.514654e+00 1.500000e+01 1.296048e+01
      vertex   -4.514654e+00 0.000000e+00 1.296048e+01
      vertex   -5.162417e+00 1.500000e+01 1.299560e+01
    endloop
  endfacet
  facet normal -5.413891e-02 -0.000000e+00 -9.985334e-01
    outer loop
      vertex   -5.162417e+00 1.500000e+01 1.299560e+01
      vertex   -4.514654e+00 0.000000e+00 1.296048e+01
      vertex   -5.162417e+00 0.000000e+00 1.299560e+01
    endloop
  endfacet
  facet normal 1.617820e-01 0.000000e+00 -9.868265e-01
    outer loop
      vertex   -5.162417e+00 1.500000e+01 1.299560e+01
      vertex   -5.162417e+00 0.000000e+00 1.299560e+01
      vertex   -5.802585e+00 1.500000e+01 1.289065e+01
    endloop
  endfacet
  facet normal 1.617820e-01 0.000000e+00 -9.868265e-01
    outer loop
      vertex   -5.802585e+00 1.500000e+01 1.289065e+01
      vertex   -5.162417e+00 0.000000e+00 1.299560e+01
      vertex   -5.802585e+00 0.000000e+00 1.289065e+01
    endloop
  endfacet
  facet normal 3.701382e-01 0.000000e+00 -9.289767e-01
    outer loop
      vertex   -5.802585e+00 1.500000e+01 1.289065e+01
      vertex   -5.802585e+00 0.000000e+00 1.289065e+01
      vertex   -6.405225e+00 1.500000e+01 1.265054e+01
    endloop
  endfacet
  facet normal 3.701382e-01 0.000000e+00 -9.289767e-01
    outer loop
      vertex   -6.405225e+00 1.500000e+01 1.265054e+01
      vertex   -5.802585e+00 0.000000e+00 1.289065e+01
      vertex   -6.405225e+00 0.000000e+00 1.265054e+01
    endloop
  endfacet
  facet normal 5.611871e-01 0.000000e+00 -8.276890e-01
    outer loop
      vertex   -6.405225e+00 1.500000e+01 1.265054e+01
      vertex   -6.405225e+00 0.000000e+00 1.265054e+01
      vertex   -6.942159e+00 1.500000e+01 1.228649e+01
    endloop
  endfacet
  facet normal 5.611871e-01 0.000000e+00 -8.276890e-01
    outer loop
      vertex   -6.942159e+00 1.500000e+01 1.228649e+01
      vertex   -6.405225e+00 0.000000e+00 1.265054e+01
      vertex   -6.942159e+00 0.000000e+00 1.228649e+01
    endloop
  endfacet
  facet normal 7.259955e-01 0.000000e+00 -6.876995e-01
    outer loop
      vertex   -6.942159e+00 1.500000e+01 1.228649e+01
      vertex   -6.942159e+00 0.000000e+00 1.228649e+01
      vertex   -7.388279e+00 1.500000e+01 1.181552e+01
    endloop
  endfacet
  facet normal 7.259955e-01 0.000000e+00 -6.876995e-01
    outer loop
      vertex   -7.388279e+00 1.500000e+01 1.181552e+01
      vertex   -6.942159e+00 0.000000e+00 1.228649e+01
      vertex   -7.388279e+00 0.000000e+00 1.181552e+01
    endloop
  endfacet
  facet normal 8.568572e-01 0.000000e+00 -5.155539e-01
    outer loop
      vertex   -7.388279e+00 1.500000e+01 1.181552e+01
      vertex   -7.388279e+00 0.000000e+00 1.181552e+01
      vertex   -7.722726e+00 1.500000e+01 1.125967e+01
    endloop
  endfacet
  facet normal 8.568572e-01 0.000000e+00 -5.155539e-01
    outer loop
      vertex   -7.722726e+00 1.500000e+01 1.125967e+01
      vertex   -7.388279e+00 0.000000e+00 1.181552e+01
      vertex   -7.722726e+00 0.000000e+00 1.125967e+01
    endloop
  endfacet
  facet normal 9.476532e-01 0.000000e+00 -3.193015e-01
    outer loop
      vertex   -7.722726e+00 1.500000e+01 1.125967e+01
      vertex   -7.722726e+00 0.000000e+00 1.125967e+01
      vertex   -7.929862e+00 1.500000e+01 1.064491e+01
    endloop
  endfacet
  facet normal 9.476532e-01 0.000000e+00 -3.193015e-01
    outer loop
      vertex   -7.929862e+00 1.500000e+01 1.064491e+01
      vertex   -7.722726e+00 0.000000e+00 1.125967e+01
      vertex   -7.929862e+00 0.000000e+00 1.064491e+01
    endloop
  endfacet
  facet normal 9.941380e-01 0.000000e+00 -1.081190e-01
    outer loop
      vertex   -4.792986e+01 1.500000e+01 2.064491e+01
      vertex   -4.792986e+01 0.000000e+00 2.064491e+01
      vertex   -4.800000e+01 1.500000e+01 2.000000e+01
    endloop
  endfacet
  facet normal 9.941380e-01 0.000000e+00 -1.081190e-01
    outer loop
      vertex   -4.800000e+01 1.500000e+01 2.000000e+01
      vertex   -4.792986e+01 0.000000e+00 2.064491e+01
      vertex   -4.800000e+01 0.000000e+00 2.000000e+01
    endloop
  endfacet
  facet normal 9.941380e-01 0.000000e+00 1.081190e-01
    outer loop
      vertex   -4.800000e+01 1.500000e+01 2.000000e+01
      vertex   -4.800000e+01 0.000000e+00 2.000000e+01
      vertex   -4.792986e+01 1.500000e+01 1.935509e+01
    endloop
  endfacet
  facet normal 9.941380e-01 0.000000e+00 1.081190e-01
    outer loop
      vertex   -4.792986e+01 1.500000e+01 1.935509e+01
      vertex   -4.800000e+01 0.000000e+00 2.000000e+01
      vertex   -4.792986e+01 0.000000e+00 1.935509e+01
    endloop
  endfacet
  facet normal 9.476532e-01 0.000000e+00 3.193015e-01
    outer loop
      vertex   -4.792986e+01 1.500000e+01 1.935509e+01
      vertex   -4.792986e+01 0.000000e+00 1.935509e+01
      vertex   -4.772273e+01 1.500000e+01 1.874033e+01
    endloop
  endfacet
  facet normal 9.476532e-01 0.000000e+00 3.193015e-01
    outer loop
      vertex   -4.772273e+01 1.500000e+01 1.874033e+01
      vertex   -4.792986e+01 0.000000e+00 1.935509e+01
      vertex   -4.772273e+01 0.000000e+00 1.874033e+01
    endloop
  endfacet
  facet normal 8.568572e-01 0.000000e+00 5.155539e-01
    outer loop
      vertex   -4.772273e+01 1.500000e+01 1.874033e+01
      vertex   -4.772273e+01 0.000000e+00 1.874033e+01
      vertex   -4.738828e+01 1.500000e+01 1.818448e+01
    endloop
  endfacet
  facet normal 8.568572e-01 0.000000e+00 5.155539e-01
    outer loop
      vertex   -4.738828e+01 1.500000e+01 1.818448e+01
      vertex   -4.772273e+01 0.000000e+00 1.874033e+01
      vertex   -4.738828e+01 0.000000e+00 1.818448e+01
    endloop
  endfacet
  facet normal 7.259955e-01 0.000000e+00 6.876995e-01
    outer loop
      vertex   -4.738828e+01 1.500000e+01 1.818448e+01
      vertex   -4.738828e+01 0.000000e+00 1.818448e+01
      vertex   -4.694216e+01 1.500000e+01 1.771351e+01
    endloop
  endfacet
  facet normal 7.259955e-01 0.000000e+00 6.876995e-01
    outer loop
      vertex   -4.694216e+01 1.500000e+01 1.771351e+01
      vertex   -4.738828e+01 0.000000e+00 1.818448e+01
      vertex   -4.694216e+01 0.000000e+00 1.771351e+01
    endloop
  endfacet
  facet normal 5.611871e-01 0.000000e+00 8.276890e-01
    outer loop
      vertex   -4.694216e+01 1.500000e+01 1.771351e+01
      vertex   -4.694216e+01 0.000000e+00 1.771351e+01
      vertex   -4.640523e+01 1.500000e+01 1.734946e+01
    endloop
  endfacet
  facet normal 5.611871e-01 0.000000e+00 8.276890e-01
    outer loop
      vertex   -4.640523e+01 1.500000e+01 1.734946e+01
      vertex   -4.694216e+01 0.000000e+00 1.771351e+01
      vertex   -4.640523e+01 0.000000e+00 1.734946e+01
    endloop
  endfacet
  facet normal 3.701382e-01 0.000000e+00 9.289767e-01
    outer loop
      vertex   -4.640523e+01 1.500000e+01 1.734946e+01
      vertex   -4.640523e+01 0.000000e+00 1.734946e+01
      vertex   -4.580259e+01 1.500000e+01 1.710935e+01
    endloop
  endfacet
  facet normal 3.701382e-01 0.000000e+00 9.289767e-01
    outer loop
      vertex   -4.580259e+01 1.500000e+01 1.710935e+01
      vertex   -4.640523e+01 0.000000e+00 1.734946e+01
      vertex   -4.580259e+01 0.000000e+00 1.710935e+01
    endloop
  endfacet
  facet normal 1.617820e-01 0.000000e+00 9.868265e-01
    outer loop
      vertex   -4.580259e+01 1.500000e+01 1.710935e+01
      vertex   -4.580259e+01 0.000000e+00 1.710935e+01
      vertex   -4.516242e+01 1.500000e+01 1.700440e+01
    endloop
  endfacet
  facet normal 1.617820e-01 0.000000e+00 9.868265e-01
    outer loop
      vertex   -4.516242e+01 1.500000e+01 1.700440e+01
      vertex   -4.580259e+01 0.000000e+00 1.710935e+01
      vertex   -4.516242e+01 0.000000e+00 1.700440e+01
    endloop
  endfacet
  facet normal -5.413891e-02 0.000000e+00 9.985334e-01
    outer loop
      vertex   -4.516242e+01 1.500000e+01 1.700440e+01
      vertex   -4.516242e+01 0.000000e+00 1.700440e+01
      vertex   -4.451465e+01 1.500000e+01 1.703952e+01
    endloop
  endfacet
  facet normal -5.413891e-02 0.000000e+00 9.985334e-01
    outer loop
      vertex   -4.451465e+01 1.500000e+01 1.703952e+01
      vertex   -4.516242e+01 0.000000e+00 1.700440e+01
      vertex   -4.451465e+01 0.000000e+00 1.703952e+01
    endloop
  endfacet
  facet normal -2.675283e-01 0.000000e+00 9.635500e-01
    outer loop
      vertex   -4.451465e+01 1.500000e+01 1.703952e+01
      vertex   -4.451465e+01 0.000000e+00 1.703952e+01
      vertex   -4.388959e+01 1.500000e+01 1.721307e+01
    endloop
  endfacet
  facet normal -2.675283e-01 0.000000e+00 9.635500e-01
    outer loop
      vertex   -4.388959e+01 1.500000e+01 1.721307e+01
      vertex   -4.451465e+01 0.000000e+00 1.703952e+01
      vertex   -4.388959e+01 0.000000e+00 1.721307e+01
    endloop
  endfacet
  facet normal -4.684084e-01 0.000000e+00 8.835120e-01
    outer loop
      vertex   -4.388959e+01 1.500000e+01 1.721307e+01
      vertex   -4.388959e+01 0.000000e+00 1.721307e+01
      vertex   -4.331644e+01 1.500000e+01 1.751693e+01
    endloop
  endfacet
  facet normal -4.684084e-01 0.000000e+00 8.835120e-01
    outer loop
      vertex   -4.331644e+01 1.500000e+01 1.751693e+01
      vertex   -4.388959e+01 0.000000e+00 1.721307e+01
      vertex   -4.331644e+01 0.000000e+00 1.751693e+01
    endloop
  endfacet
  facet normal -6.473863e-01 0.000000e+00 7.621621e-01
    outer loop
      vertex   -4.331644e+01 1.500000e+01 1.751693e+01
      vertex   -4.331644e+01 0.000000e+00 1.751693e+01
      vertex   -4.282201e+01 1.500000e+01 1.793690e+01
    endloop
  endfacet
  facet normal -6.473863e-01 0.000000e+00 7.621621e-01
    outer loop
      vertex   -4.282201e+01 1.500000e+01 1.793690e+01
      vertex   -4.331644e+01 0.000000e+00 1.751693e+01
      vertex   -4.282201e+01 0.000000e+00 1.793690e+01
    endloop
  endfacet
  facet normal -7.960931e-01 0.000000e+00 6.051742e-01
    outer loop
      vertex   -4.282201e+01 1.500000e+01 1.793690e+01
      vertex   -4.282201e+01 0.000000e+00 1.793690e+01
      vertex   -4.242943e+01 1.500000e+01 1.845334e+01
    endloop
  endfacet
  facet normal -7.960931e-01 0.000000e+00 6.051742e-01
    outer loop
      vertex   -4.242943e+01 1.500000e+01 1.845334e+01
      vertex   -4.282201e+01 0.000000e+00 1.793690e+01
      vertex   -4.242943e+01 0.000000e+00 1.845334e+01
    endloop
  endfacet
  facet normal -9.075754e-01 0.000000e+00 4.198891e-01
    outer loop
      vertex   -4.242943e+01 1.500000e+01 1.845334e+01
      vertex   -4.242943e+01 0.000000e+00 1.845334e+01
      vertex   -4.215704e+01 1.500000e+01 1.904210e+01
    endloop
  endfacet
  facet normal -9.075754e-01 0.000000e+00 4.198891e-01
    outer loop
      vertex   -4.215704e+01 1.500000e+01 1.904210e+01
      vertex   -4.242943e+01 0.000000e+00 1.845334e+01
      vertex   -4.215704e+01 0.000000e+00 1.904210e+01
    endloop
  endfacet
  facet normal -9.766206e-01 0.000000e+00 2.149704e-01
    outer loop
      vertex   -4.215704e+01 1.500000e+01 1.904210e+01
      vertex   -4.215704e+01 0.000000e+00 1.904210e+01
      vertex   -4.201759e+01 1.500000e+01 1.967564e+01
    endloop
  endfacet
  facet normal -9.766206e-01 0.000000e+00 2.149704e-01
    outer loop
      vertex   -4.201759e+01 1.500000e+01 1.967564e+01
      vertex   -4.215704e+01 0.000000e+00 1.904210e+01
      vertex   -4.201759e+01 0.000000e+00 1.967564e+01
    endloop
  endfacet
  facet normal -1.000000e+00 0.000000e+00 0.000000e+00
    outer loop
      vertex   -4.201759e+01 1.500000e+01 1.967564e+01
      vertex   -4.201759e+01 0.000000e+00 1.967564e+01
      vertex   -4.201759e+01 1.500000e+01 2.032436e+01
    endloop
  endfacet
  facet normal -1.000000e+00 -0.000000e+00 0.000000e+00
    outer loop
      vertex   -4.201759e+01 1.500000e+01 2.032436e+01
      vertex   -4.201759e+01 0.000000e+00 1.967564e+01
      vertex   -4.201759e+01 0.000000e+00 2.032436e+01
    endloop
  endfacet
  facet normal -9.766206e-01 -0.000000e+00 -2.149704e-01
    outer loop
      vertex   -4.201759e+01 1.500000e+01 2.032436e+01
      vertex   -4.201759e+01 0.000000e+00 2.032436e+01
      vertex   -4.215704e+01 1.500000e+01 2.095790e+01
    endloop
  endfacet
  facet normal -9.766206e-01 -0.000000e+00 -2.149704e-01
    outer loop
      vertex   -4.215704e+01 1.500000e+01 2.095790e+01
      vertex   -4.201759e+01 0.000000e+00 2.032436e+01
      vertex   -4.215704e+01 0.000000e+00 2.095790e+01
    endloop
  endfacet
  facet normal -9.075754e-01 -0.000000e+00 -4.198891e-01
    outer loop
      vertex   -4.215704e+01 1.500000e+01 2.095790e+01
      vertex   -4.215704e+01 0.000000e+00 2.095790e+01
      vertex   -4.242943e+01 1.500000e+01 2.154666e+01
    endloop
  endfacet
  facet normal -9.075754e-01 -0.000000e+00 -4.198891e-01
    outer loop
      vertex   -4.242943e+01 1.500000e+01 2.154666e+01
      vertex   -4.215704e+01 0.000000e+00 2.095790e+01
      vertex   -4.242943e+01 0.000000e+00 2.154666e+01
    endloop
  endfacet
  facet normal -7.960931e-01 -0.000000e+00 -6.051742e-01
    outer loop
      vertex   -4.242943e+01 1.500000e+01 2.154666e+01
      vertex   -4.242943e+01 0.000000e+00 2.154666e+01
      vertex   -4.282201e+01 1.500000e+01 2.206310e+01
    endloop
  endfacet
  facet normal -7.960931e-01 -0.000000e+00 -6.051742e-01
    outer loop
      vertex   -4.282201e+01 1.500000e+01 2.206310e+01
      vertex   -4.242943e+01 0.000000e+00 2.154666e+01
      vertex   -4.282201e+01 0.000000e+00 2.206310e+01
    endloop
  endfacet
  facet normal -6.473863e-01 -0.000000e+00 -7.621621e-01
    outer loop
      vertex   -4.282201e+01 1.500000e+01 2.206310e+01
      vertex   -4.282201e+01 0.000000e+00 2.206310e+01
      vertex   -4.331644e+01 1.500000e+01 2.248307e+01
    endloop
  endfacet
  facet normal -6.473863e-01 -0.000000e+00 -7.621621e-01
    outer loop
      vertex   -4.331644e+01 1.500000e+01 2.248307e+01
      vertex   -4.282201e+01 0.000000e+00 2.206310e+01
      vertex   -4.331644e+01 0.000000e+00 2.248307e+01
    endloop
  endfacet
  facet normal -4.684084e-01 -0.000000e+00 -8.835120e-01
    outer loop
      vertex   -4.331644e+01 1.500000e+01 2.248307e+01
      vertex   -4.331644e+01 0.000000e+00 2.248307e+01
      vertex   -4.388959e+01 1.500000e+01 2.278693e+01
    endloop
  endfacet
  facet normal -4.684084e-01 -0.000000e+00 -8.835120e-01
    outer loop
      vertex   -4.388959e+01 1.500000e+01 2.278693e+01
      vertex   -4.331644e+01 0.000000e+00 2.248307e+01
      vertex   -4.388959e+01 0.000000e+00 2.278693e+01
    endloop
  endfacet
  facet normal -2.675283e-01 -0.000000e+00 -9.635500e-01
    outer loop
      vertex   -4.388959e+01 1.500000e+01 2.278693e+01
      vertex   -4.388959e+01 0.000000e+00 2.278693e+01
      vertex   -4.451465e+01 1.500000e+01 2.296048e+01
    endloop
  endfacet
  facet normal -2.675283e-01 -0.000000e+00 -9.635500e-01
    outer loop
      vertex   -4.451465e+01 1.500000e+01 2.296048e+01
      vertex   -4.388959e+01 0.000000e+00 2.278693e+01
      vertex   -4.451465e+01 0.000000e+00 2.296048e+01
    endloop
  endfacet
  facet normal -5.413891e-02 -0.000000e+00 -9.985334e-01
    outer loop
      vertex   -4.451465e+01 1.500000e+01 2.296048e+01
      vertex   -4.451465e+01 0.000000e+00 2.296048e+01
      vertex   -4.516242e+01 1.500000e+01 2.299560e+01
    endloop
  endfacet
  facet normal -5.413891e-02 -0.000000e+00 -9.985334e-01
    outer loop
      vertex   -4.516242e+01 1.500000e+01 2.299560e+01
      vertex   -4.451465e+01 0.000000e+00 2.296048e+01
      vertex   -4.516242e+01 0.000000e+00 2.299560e+01
    endloop
  endfacet
  facet normal 1.617820e-01 0.000000e+00 -9.868265e-01
    outer loop
      vertex   -4.516242e+01 1.500000e+01 2.299560e+01
      vertex   -4.516242e+01 0.000000e+00 2.299560e+01
      vertex   -4.580259e+01 1.500000e+01 2.289065e+01
    endloop
  endfacet
  facet normal 1.617820e-01 0.000000e+00 -9.868265e-01
    outer loop
      vertex   -4.580259e+01 1.500000e+01 2.289065e+01
      vertex   -4.516242e+01 0.000000e+00 2.299560e+01
      vertex   -4.580259e+01 0.000000e+00 2.289065e+01
    endloop
  endfacet
  facet normal 3.701382e-01 0.000000e+00 -9.289767e-01
    outer loop
      vertex   -4.580259e+01 1.500000e+01 2.289065e+01
      vertex   -4.580259e+01 0.000000e+00 2.289065e+01
      vertex   -4.640523e+01 1.500000e+01 2.265054e+01
    endloop
  endfacet
  facet normal 3.701382e-01 0.000000e+00 -9.289767e-01
    outer loop
      vertex   -4.640523e+01 1.500000e+01 2.265054e+01
      vertex   -4.580259e+01 0.000000e+00 2.289065e+01
      vertex   -4.640523e+01 0.000000e+00 2.265054e+01
    endloop
  endfacet
  facet normal 5.611871e-01 0.000000e+00 -8.276890e-01
    outer loop
      vertex   -4.640523e+01 1.500000e+01 2.265054e+01
      vertex   -4.640523e+01 0.000000e+00 2.265054e+01
      vertex   -4.694216e+01 1.500000e+01 2.228649e+01
    endloop
  endfacet
  facet normal 5.611871e-01 0.000000e+00 -8.276890e-01
    outer loop
      vertex   -4.694216e+01 1.500000e+01 2.228649e+01
      vertex   -4.640523e+01 0.000000e+00 2.265054e+01
      vertex   -4.694216e+01 0.000000e+00 2.228649e+01
    endloop
  endfacet
  facet normal 7.259955e-01 0.000000e+00 -6.876995e-01
    outer loop
      vertex   -4.694216e+01 1.500000e+01 2.228649e+01
      vertex   -4.694216e+01 0.000000e+00 2.228649e+01
      vertex   -4.738828e+01 1.500000e+01 2.181552e+01
    endloop
  endfacet
  facet normal 7.259955e-01 0.000000e+00 -6.876995e-01
    outer loop
      vertex   -4.738828e+01 1.500000e+01 2.181552e+01
      vertex   -4.694216e+01 0.000000e+00 2.228649e+01
      vertex   -4.738828e+01 0.000000e+00 2.181552e+01
    endloop
  endfacet
  facet normal 8.568572e-01 0.000000e+00 -5.155539e-01
    outer loop
      vertex   -4.738828e+01 1.500000e+01 2.181552e+01
      vertex   -4.738828e+01 0.000000e+00 2.181552e+01
      vertex   -4.772273e+01 1.500000e+01 2.125967e+01
    endloop
  endfacet
  facet normal 8.568572e-01 0.000000e+00 -5.155539e-01
    outer loop
      vertex   -4.772273e+01 1.500000e+01 2.125967e+01
      vertex   -4.738828e+01 0.000000e+00 2.181552e+01
      vertex   -4.772273e+01 0.000000e+00 2.125967e+01
    endloop
  endfacet
  facet normal 9.476532e-01 0.000000e+00 -3.193015e-01
    outer loop
      vertex   -4.772273e+01 1.500000e+01 2.125967e+01
      vertex   -4.772273e+01 0.000000e+00 2.125967e+01
      vertex   -4.792986e+01 1.500000e+01 2.064491e+01
    endloop
  endfacet
  facet normal 9.476532e-01 0.000000e+00 -3.193015e-01
    outer loop
      vertex   -4.792986e+01 1.500000e+01 2.064491e+01
      vertex   -4.772273e+01 0.000000e+00 2.125967e+01
      vertex   -4.792986e+01 0.000000e+00 2.064491e+01
    endloop
  endfacet
  facet normal 9.941380e-01 0.000000e+00 -1.081190e-01
    outer loop
      vertex   1.207014e+01 1.500000e+01 6.449113e-01
      vertex   1.207014e+01 0.000000e+00 6.449113e-01
      vertex   1.200000e+01 1.500000e+01 0.000000e+00
    endloop
  endfacet
  facet normal 9.941380e-01 -2.648152e-18 -1.081190e-01
    outer loop
      vertex   1.200000e+01 1.500000e+01 0.000000e+00
      vertex   1.207014e+01 0.000000e+00 6.449113e-01
      vertex   1.200000e+01 0.000000e+00 3.673940e-16
    endloop
  endfacet
  facet normal 9.941380e-01 2.648152e-18 1.081190e-01
    outer loop
      vertex   1.200000e+01 1.500000e+01 0.000000e+00
      vertex   1.200000e+01 0.000000e+00 3.673940e-16
      vertex   1.207014e+01 1.500000e+01 -6.449113e-01
    endloop
  endfacet
  facet normal 9.941380e-01 0.000000e+00 1.081190e-01
    outer loop
      vertex   1.207014e+01 1.500000e+01 -6.449113e-01
      vertex   1.200000e+01 0.000000e+00 3.673940e-16
      vertex   1.207014e+01 0.000000e+00 -6.449113e-01
    endloop
  endfacet
  facet normal 9.476532e-01 0.000000e+00 3.193015e-01
    outer loop
      vertex   1.207014e+01 1.500000e+01 -6.449113e-01
      vertex   1.207014e+01 0.000000e+00 -6.449113e-01
      vertex   1.227727e+01 1.500000e+01 -1.259667e+00
    endloop
  endfacet
  facet normal 9.476532e-01 0.000000e+00 3.193015e-01
    outer loop
      vertex   1.227727e+01 1.500000e+01 -1.259667e+00
      vertex   1.207014e+01 0.000000e+00 -6.449113e-01
      vertex   1.227727e+01 0.000000e+00 -1.259667e+00
    endloop
  endfacet
  facet normal 8.568572e-01 0.000000e+00 5.155539e-01
    outer loop
      vertex   1.227727e+01 1.500000e+01 -1.259667e+00
      vertex   1.227727e+01 0.000000e+00 -1.259667e+00
      vertex   1.261172e+01 1.500000e+01 -1.815523e+00
    endloop
  endfacet
  facet normal 8.568572e-01 0.000000e+00 5.155539e-01
    outer loop
      vertex   1.261172e+01 1.500000e+01 -1.815523e+00
      vertex   1.227727e+01 0.000000e+00 -1.259667e+00
      vertex   1.261172e+01 0.000000e+00 -1.815523e+00
    endloop
  endfacet
  facet normal 7.259955e-01 0.000000e+00 6.876995e-01
    outer loop
      vertex   1.261172e+01 1.500000e+01 -1.815523e+00
      vertex   1.261172e+01 0.000000e+00 -1.815523e+00
      vertex   1.305784e+01 1.500000e+01 -2.286486e+00
    endloop
  endfacet
  facet normal 7.259955e-01 0.000000e+00 6.876995e-01
    outer loop
      vertex   1.305784e+01 1.500000e+01 -2.286486e+00
      vertex   1.261172e+01 0.000000e+00 -1.815523e+00
      vertex   1.305784e+01 0.000000e+00 -2.286486e+00
    endloop
  endfacet
  facet normal 5.611871e-01 0.000000e+00 8.276890e-01
    outer loop
      vertex   1.305784e+01 1.500000e+01 -2.286486e+00
      vertex   1.305784e+01 0.000000e+00 -2.286486e+00
      vertex   1.359477e+01 1.500000e+01 -2.650536e+00
    endloop
  endfacet
  facet normal 5.611871e-01 0.000000e+00 8.276890e-01
    outer loop
      vertex   1.359477e+01 1.500000e+01 -2.650536e+00
      vertex   1.305784e+01 0.000000e+00 -2.286486e+00
      vertex   1.359477e+01 0.000000e+00 -2.650536e+00
    endloop
  endfacet
  facet normal 3.701382e-01 0.000000e+00 9.289767e-01
    outer loop
      vertex   1.359477e+01 1.500000e+01 -2.650536e+00
      vertex   1.359477e+01 0.000000e+00 -2.650536e+00
      vertex   1.419741e+01 1.500000e+01 -2.890650e+00
    endloop
  endfacet
  facet normal 3.701382e-01 0.000000e+00 9.289767e-01
    outer loop
      vertex   1.419741e+01 1.500000e+01 -2.890650e+00
      vertex   1.359477e+01 0.000000e+00 -2.650536e+00
      vertex   1.419741e+01 0.000000e+00 -2.890650e+00
    endloop
  endfacet
  facet normal 1.617820e-01 0.000000e+00 9.868265e-01
    outer loop
      vertex   1.419741e+01 1.500000e+01 -2.890650e+00
      vertex   1.419741e+01 0.000000e+00 -2.890650e+00
      vertex   1.483758e+01 1.500000e+01 -2.995600e+00
    endloop
  endfacet
  facet normal 1.617820e-01 0.000000e+00 9.868265e-01
    outer loop
      vertex   1.483758e+01 1.500000e+01 -2.995600e+00
      vertex   1.419741e+01 0.000000e+00 -2.890650e+00
      vertex   1.483758e+01 0.000000e+00 -2.995600e+00
    endloop
  endfacet
  facet normal -5.413891e-02 0.000000e+00 9.985334e-01
    outer loop
      vertex   1.483758e+01 1.500000e+01 -2.995600e+00
      vertex   1.483758e+01 0.000000e+00 -2.995600e+00
      vertex   1.548535e+01 1.500000e+01 -2.960480e+00
    endloop
  endfacet
  facet normal -5.413891e-02 0.000000e+00 9.985334e-01
    outer loop
      vertex   1.548535e+01 1.500000e+01 -2.960480e+00
      vertex   1.483758e+01 0.000000e+00 -2.995600e+00
      vertex   1.548535e+01 0.000000e+00 -2.960480e+00
    endloop
  endfacet
  facet normal -2.675283e-01 0.000000e+00 9.635500e-01
    outer loop
      vertex   1.548535e+01 1.500000e+01 -2.960480e+00
      vertex   1.548535e+01 0.000000e+00 -2.960480e+00
      vertex   1.611041e+01 1.500000e+01 -2.786930e+00
    endloop
  endfacet
  facet normal -2.675283e-01 0.000000e+00 9.635500e-01
    outer loop
      vertex   1.611041e+01 1.500000e+01 -2.786930e+00
      vertex   1.548535e+01 0.000000e+00 -2.960480e+00
      vertex   1.611041e+01 0.000000e+00 -2.786930e+00
    endloop
  endfacet
  facet normal -4.684084e-01 0.000000e+00 8.835120e-01
    outer loop
      vertex   1.611041e+01 1.500000e+01 -2.786930e+00
      vertex   1.611041e+01 0.000000e+00 -2.786930e+00
      vertex   1.668356e+01 1.500000e+01 -2.483067e+00
    endloop
  endfacet
  facet normal -4.684084e-01 0.000000e+00 8.835120e-01
    outer loop
      vertex   1.668356e+01 1.500000e+01 -2.483067e+00
      vertex   1.611041e+01 0.000000e+00 -2.786930e+00
      vertex   1.668356e+01 0.000000e+00 -2.483067e+00
    endloop
  endfacet
  facet normal -6.473863e-01 0.000000e+00 7.621621e-01
    outer loop
      vertex   1.668356e+01 1.500000e+01 -2.483067e+00
      vertex   1.668356e+01 0.000000e+00 -2.483067e+00
      vertex   1.717799e+01 1.500000e+01 -2.063098e+00
    endloop
  endfacet
  facet normal -6.473863e-01 0.000000e+00 7.621621e-01
    outer loop
      vertex   1.717799e+01 1.500000e+01 -2.063098e+00
      vertex   1.668356e+01 0.000000e+00 -2.483067e+00
      vertex   1.717799e+01 0.000000e+00 -2.063098e+00
    endloop
  endfacet
  facet normal -7.960931e-01 0.000000e+00 6.051742e-01
    outer loop
      vertex   1.717799e+01 1.500000e+01 -2.063098e+00
      vertex   1.717799e+01 0.000000e+00 -2.063098e+00
      vertex   1.757057e+01 1.500000e+01 -1.546662e+00
    endloop
  endfacet
  facet normal -7.960931e-01 0.000000e+00 6.051742e-01
    outer loop
      vertex   1.757057e+01 1.500000e+01 -1.546662e+00
      vertex   1.717799e+01 0.000000e+00 -2.063098e+00
      vertex   1.757057e+01 0.000000e+00 -1.546662e+00
    endloop
  endfacet
  facet normal -9.075754e-01 0.000000e+00 4.198891e-01
    outer loop
      vertex   1.757057e+01 1.500000e+01 -1.546662e+00
      vertex   1.757057e+01 0.000000e+00 -1.546662e+00
      vertex   1.784296e+01 1.500000e+01 -9.579046e-01
    endloop
  endfacet
  facet normal -9.075754e-01 0.000000e+00 4.198891e-01
    outer loop
      vertex   1.784296e+01 1.500000e+01 -9.579046e-01
      vertex   1.757057e+01 0.000000e+00 -1.546662e+00
      vertex   1.784296e+01 0.000000e+00 -9.579046e-01
    endloop
  endfacet
  facet normal -9.766206e-01 0.000000e+00 2.149704e-01
    outer loop
      vertex   1.784296e+01 1.500000e+01 -9.579046e-01
      vertex   1.784296e+01 0.000000e+00 -9.579046e-01
      vertex   1.798241e+01 1.500000e+01 -3.243571e-01
    endloop
  endfacet
  facet normal -9.766206e-01 0.000000e+00 2.149704e-01
    outer loop
      vertex   1.798241e+01 1.500000e+01 -3.243571e-01
      vertex   1.784296e+01 0.000000e+00 -9.579046e-01
      vertex   1.798241e+01 0.000000e+00 -3.243571e-01
    endloop
  endfacet
  facet normal -1.000000e+00 0.000000e+00 0.000000e+00
    outer loop
      vertex   1.798241e+01 1.500000e+01 -3.243571e-01
      vertex   1.798241e+01 0.000000e+00 -3.243571e-01
      vertex   1.798241e+01 1.500000e+01 3.243571e-01
    endloop
  endfacet
  facet normal -1.000000e+00 -0.000000e+00 0.000000e+00
    outer loop
      vertex   1.798241e+01 1.500000e+01 3.243571e-01
      vertex   1.798241e+01 0.000000e+00 -3.243571e-01
      vertex   1.798241e+01 0.000000e+00 3.243571e-01
    endloop
  endfacet
  facet normal -9.766206e-01 -0.000000e+00 -2.149704e-01
    outer loop
      vertex   1.798241e+01 1.500000e+01 3.243571e-01
      vertex   1.798241e+01 0.000000e+00 3.243571e-01
      vertex   1.784296e+01 1.500000e+01 9.579046e-01
    endloop
  endfacet
  facet normal -9.766206e-01 -0.000000e+00 -2.149704e-01
    outer loop
      vertex   1.784296e+01 1.500000e+01 9.579046e-01
      vertex   1.798241e+01 0.000000e+00 3.243571e-01
      vertex   1.784296e+01 0.000000e+00 9.579046e-01
    endloop
  endfacet
  facet normal -9.075754e-01 -0.000000e+00 -4.198891e-01
    outer loop
      vertex   1.784296e+01 1.500000e+01 9.579046e-01
      vertex   1.784296e+01 0.000000e+00 9.579046e-01
      vertex   1.757057e+01 1.500000e+01 1.546662e+00
    endloop
  endfacet
  facet normal -9.075754e-01 -0.000000e+00 -4.198891e-01
    outer loop
      vertex   1.757057e+01 1.500000e+01 1.546662e+00
      vertex   1.784296e+01 0.000000e+00 9.579046e-01
      vertex   1.757057e+01 0.000000e+00 1.546662e+00
    endloop
  endfacet
  facet normal -7.960931e-01 -0.000000e+00 -6.051742e-01
    outer loop
      vertex   1.757057e+01 1.500000e+01 1.546662e+00
      vertex   1.757057e+01 0.000000e+00 1.546662e+00
      vertex   1.717799e+01 1.500000e+01 2.063098e+00
    endloop
  endfacet
  facet normal -7.960931e-01 -0.000000e+00 -6.051742e-01
    outer loop
      vertex   1.717799e+01 1.500000e+01 2.063098e+00
      vertex   1.757057e+01 0.000000e+00 1.546662e+00
      vertex   1.717799e+01 0.000000e+00 2.063098e+00
    endloop
  endfacet
  facet normal -6.473863e-01 -0.000000e+00 -7.621621e-01
    outer loop
      vertex   1.717799e+01 1.500000e+01 2.063098e+00
      vertex   1.717799e+01 0.000000e+00 2.063098e+00
      vertex   1.668356e+01 1.500000e+01 2.483067e+00
    endloop
  endfacet
  facet normal -6.473863e-01 -0.000000e+00 -7.621621e-01
    outer loop
      vertex   1.668356e+01 1.500000e+01 2.483067e+00
      vertex   1.717799e+01 0.000000e+00 2.063098e+00
      vertex   1.668356e+01 0.000000e+00 2.483067e+00
    endloop
  endfacet
  facet normal -4.684084e-01 -0.000000e+00 -8.835120e-01
    outer loop
      vertex   1.668356e+01 1.500000e+01 2.483067e+00
      vertex   1.668356e+01 0.000000e+00 2.483067e+00
      vertex   1.611041e+01 1.500000e+01 2.786930e+00
    endloop
  endfacet
  facet normal -4.684084e-01 -0.000000e+00 -8.835120e-01
    outer loop
      vertex   1.611041e+01 1.500000e+01 2.786930e+00
      vertex   1.668356e+01 0.000000e+00 2.483067e+00
      vertex   1.611041e+01 0.000000e+00 2.786930e+00
    endloop
  endfacet
  facet normal -2.675283e-01 -0.000000e+00 -9.635500e-01
    outer loop
      vertex   1.611041e+01 1.500000e+01 2.786930e+00
      vertex   1.611041e+01 0.000000e+00 2.786930e+00
      vertex   1.548535e+01 1.500000e+01 2.960480e+00
    endloop
  endfacet
  facet normal -2.675283e-01 -0.000000e+00 -9.635500e-01
    outer loop
      vertex   1.548535e+01 1.500000e+01 2.960480e+00
      vertex   1.611041e+01 0.000000e+00 2.786930e+00
      vertex   1.548535e+01 0.000000e+00 2.960480e+00
    endloop
  endfacet
  facet normal -5.413891e-02 -0.000000e+00 -9.985334e-01
    outer loop
      vertex   1.548535e+01 1.500000e+01 2.960480e+00
      vertex   1.548535e+01 0.000000e+00 2.960480e+00
      vertex   1.483758e+01 1.500000e+01 2.995600e+00
    endloop
  endfacet
  facet normal -5.413891e-02 -0.000000e+00 -9.985334e-01
    outer loop
      vertex   1.483758e+01 1.500000e+01 2.995600e+00
      vertex   1.548535e+01 0.000000e+00 2.960480e+00
      vertex   1.483758e+01 0.000000e+00 2.995600e+00
    endloop
  endfacet
  facet normal 1.617820e-01 0.000000e+00 -9.868265e-01
    outer loop
      vertex   1.483758e+01 1.500000e+01 2.995600e+00
      vertex   1.483758e+01 0.000000e+00 2.995600e+00
      vertex   1.419741e+01 1.500000e+01 2.890650e+00
    endloop
  endfacet
  facet normal 1.617820e-01 0.000000e+00 -9.868265e-01
    outer loop
      vertex   1.419741e+01 1.500000e+01 2.890650e+00
      vertex   1.483758e+01 0.000000e+00 2.995600e+00
      vertex   1.419741e+01 0.000000e+00 2.890650e+00
    endloop
  endfacet
  facet normal 3.701382e-01 0.000000e+00 -9.289767e-01
    outer loop
      vertex   1.419741e+01 1.500000e+01 2.890650e+00
      vertex   1.419741e+01 0.000000e+00 2.890650e+00
      vertex   1.359477e+01 1.500000e+01 2.650536e+00
    endloop
  endfacet
  facet normal 3.701382e-01 0.000000e+00 -9.289767e-01
    outer loop
      vertex   1.359477e+01 1.500000e+01 2.650536e+00
      vertex   1.419741e+01 0.000000e+00 2.890650e+00
      vertex   1.359477e+01 0.000000e+00 2.650536e+00
    endloop
  endfacet
  facet normal 5.611871e-01 0.000000e+00 -8.276890e-01
    outer loop
      vertex   1.359477e+01 1.500000e+01 2.650536e+00
      vertex   1.359477e+01 0.000000e+00 2.650536e+00
      vertex   1.305784e+01 1.500000e+01 2.286486e+00
    endloop
  endfacet
  facet normal 5.611871e-01 0.000000e+00 -8.276890e-01
    outer loop
      vertex   1.305784e+01 1.500000e+01 2.286486e+00
      vertex   1.359477e+01 0.000000e+00 2.650536e+00
      vertex   1.305784e+01 0.000000e+00 2.286486e+00
    endloop
  endfacet
  facet normal 7.259955e-01 0.000000e+00 -6.876995e-01
    outer loop
      vertex   1.305784e+01 1.500000e+01 2.286486e+00
      vertex   1.305784e+01 0.000000e+00 2.286486e+00
      vertex   1.261172e+01 1.500000e+01 1.815523e+00
    endloop
  endfacet
  facet normal 7.259955e-01 0.000000e+00 -6.876995e-01
    outer loop
      vertex   1.261172e+01 1.500000e+01 1.815523e+00
      vertex   1.305784e+01 0.000000e+00 2.286486e+00
      vertex   1.261172e+01 0.000000e+00 1.815523e+00
    endloop
  endfacet
  facet normal 8.568572e-01 0.000000e+00 -5.155539e-01
    outer loop
      vertex   1.261172e+01 1.500000e+01 1.815523e+00
      vertex   1.261172e+01 0.000000e+00 1.815523e+00
      vertex   1.227727e+01 1.500000e+01 1.259667e+00
    endloop
  endfacet
  facet normal 8.568572e-01 0.000000e+00 -5.155539e-01
    outer loop
      vertex   1.227727e+01 1.500000e+01 1.259667e+00
      vertex   1.261172e+01 0.000000e+00 1.815523e+00
      vertex   1.227727e+01 0.000000e+00 1.259667e+00
    endloop
  endfacet
  facet normal 9.476532e-01 0.000000e+00 -3.193015e-01
    outer loop
      vertex   1.227727e+01 1.500000e+01 1.259667e+00
      vertex   1.227727e+01 0.000000e+00 1.259667e+00
      vertex   1.207014e+01 1.500000e+01 6.449113e-01
    endloop
  endfacet
  facet normal 9.476532e-01 0.000000e+00 -3.193015e-01
    outer loop
      vertex   1.207014e+01 1.500000e+01 6.449113e-01
      vertex   1.227727e+01 0.000000e+00 1.259667e+00
      vertex   1.207014e+01 0.000000e+00 6.449113e-01
    endloop
  endfacet
  facet normal 9.941380e-01 0.000000e+00 -1.081190e-01
    outer loop
      vertex   -3.792986e+01 1.500000e+01 6.449113e-01
      vertex   -3.792986e+01 0.000000e+00 6.449113e-01
      vertex   -3.800000e+01 1.500000e+01 0.000000e+00
    endloop
  endfacet
  facet normal 9.941380e-01 -2.648152e-18 -1.081190e-01
    outer loop
      vertex   -3.800000e+01 1.500000e+01 0.000000e+00
      vertex   -3.792986e+01 0.000000e+00 6.449113e-01
      vertex   -3.800000e+01 0.000000e+00 3.673940e-16
    endloop
  endfacet
  facet normal 9.941380e-01 2.648152e-18 1.081190e-01
    outer loop
      vertex   -3.800000e+01 1.500000e+01 0.000000e+00
      vertex   -3.800000e+01 0.000000e+00 3.673940e-16
      vertex   -3.792986e+01 1.500000e+01 -6.449113e-01
    endloop
  endfacet
  facet normal 9.941380e-01 0.000000e+00 1.081190e-01
    outer loop
      vertex   -3.792986e+01 1.500000e+01 -6.449113e-01
      vertex   -3.800000e+01 0.000000e+00 3.673940e-16
      vertex   -3.792986e+01 0.000000e+00 -6.449113e-01
    endloop
  endfacet
  facet normal 9.476532e-01 0.000000e+00 3.193015e-01
    outer loop
      vertex   -3.792986e+01 1.500000e+01 -6.449113e-01
      vertex   -3.792986e+01 0.000000e+00 -6.449113e-01
      vertex   -3.772273e+01 1.500000e+01 -1.259667e+00
    endloop
  endfacet
  facet normal 9.476532e-01 0.000000e+00 3.193015e-01
    outer loop
      vertex   -3.772273e+01 1.500000e+01 -1.259667e+00
      vertex   -3.792986e+01 0.000000e+00 -6.449113e-01
      vertex   -3.772273e+01 0.000000e+00 -1.259667e+00
    endloop
  endfacet
  facet normal 8.568572e-01 0.000000e+00 5.155539e-01
    outer loop
      vertex   -3.772273e+01 1.500000e+01 -1.259667e+00
      vertex   -3.772273e+01 0.000000e+00 -1.259667e+00
      vertex   -3.738828e+01 1.500000e+01 -1.815523e+00
    endloop
  endfacet
  facet normal 8.568572e-01 0.000000e+00 5.155539e-01
    outer loop
      vertex   -3.738828e+01 1.500000e+01 -1.815523e+00
      vertex   -3.772273e+01 0.000000e+00 -1.259667e+00
      vertex   -3.738828e+01 0.000000e+00 -1.815523e+00
    endloop
  endfacet
  facet normal 7.259955e-01 0.000000e+00 6.876995e-01
    outer loop
      vertex   -3.738828e+01 1.500000e+01 -1.815523e+00
      vertex   -3.738828e+01 0.000000e+00 -1.815523e+00
      vertex   -3.694216e+01 1.500000e+01 -2.286486e+00
    endloop
  endfacet
  facet normal 7.259955e-01 0.000000e+00 6.876995e-01
    outer loop
      vertex   -3.694216e+01 1.500000e+01 -2.286486e+00
      vertex   -3.738828e+01 0.000000e+00 -1.815523e+00
      vertex   -3.694216e+01 0.000000e+00 -2.286486e+00
    endloop
  endfacet
  facet normal 5.611871e-01 0.000000e+00 8.276890e-01
    outer loop
      vertex   -3.694216e+01 1.500000e+01 -2.286486e+00
      vertex   -3.694216e+01 0.000000e+00 -2.286486e+00
      vertex   -3.640523e+01 1.500000e+01 -2.650536e+00
    endloop
  endfacet
  facet normal 5.611871e-01 0.000000e+00 8.276890e-01
    outer loop
      vertex   -3.640523e+01 1.500000e+01 -2.650536e+00
      vertex   -3.694216e+01 0.000000e+00 -2.286486e+00
      vertex   -3.640523e+01 0.000000e+00 -2.650536e+00
    endloop
  endfacet
  facet normal 3.701382e-01 0.000000e+00 9.289767e-01
    outer loop
      vertex   -3.640523e+01 1.500000e+01 -2.650536e+00
      vertex   -3.640523e+01 0.000000e+00 -2.650536e+00
      vertex   -3.580259e+01 1.500000e+01 -2.890650e+00
    endloop
  endfacet
  facet normal 3.701382e-01 0.000000e+00 9.289767e-01
    outer loop
      vertex   -3.580259e+01 1.500000e+01 -2.890650e+00
      vertex   -3.640523e+01 0.000000e+00 -2.650536e+00
      vertex   -3.580259e+01 0.000000e+00 -2.890650e+00
    endloop
  endfacet
  facet normal 1.617820e-01 0.000000e+00 9.868265e-01
    outer loop
      vertex   -3.580259e+01 1.500000e+01 -2.890650e+00
      vertex   -3.580259e+01 0.000000e+00 -2.890650e+00
      vertex   -3.516242e+01 1.500000e+01 -2.995600e+00
    endloop
  endfacet
  facet normal 1.617820e-01 0.000000e+00 9.868265e-01
    outer loop
      vertex   -3.516242e+01 1.500000e+01 -2.995600e+00
      vertex   -3.580259e+01 0.000000e+00 -2.890650e+00
      vertex   -3.516242e+01 0.000000e+00 -2.995600e+00
    endloop
  endfacet
  facet normal -5.413891e-02 0.000000e+00 9.985334e-01
    outer loop
      vertex   -3.516242e+01 1.500000e+01 -2.995600e+00
      vertex   -3.516242e+01 0.000000e+00 -2.995600e+00
      vertex   -3.451465e+01 1.500000e+01 -2.960480e+00
    endloop
  endfacet
  facet normal -5.413891e-02 0.000000e+00 9.985334e-01
    outer loop
      vertex   -3.451465e+01 1.500000e+01 -2.960480e+00
      vertex   -3.516242e+01 0.000000e+00 -2.995600e+00
      vertex   -3.451465e+01 0.000000e+00 -2.960480e+00
    endloop
  endfacet
  facet normal -2.675283e-01 0.000000e+00 9.635500e-01
    outer loop
      vertex   -3.451465e+01 1.500000e+01 -2.960480e+00
      vertex   -3.451465e+01 0.000000e+00 -2.960480e+00
      vertex   -3.388959e+01 1.500000e+01 -2.786930e+00
    endloop
  endfacet
  facet normal -2.675283e-01 0.000000e+00 9.635500e-01
    outer loop
      vertex   -3.388959e+01 1.500000e+01 -2.786930e+00
      vertex   -3.451465e+01 0.000000e+00 -2.960480e+00
      vertex   -3.388959e+01 0.000000e+00 -2.786930e+00
    endloop
  endfacet
  facet normal -4.684084e-01 0.000000e+00 8.835120e-01
    outer loop
      vertex   -3.388959e+01 1.500000e+01 -2.786930e+00
      vertex   -3.388959e+01 0.000000e+00 -2.786930e+00
      vertex   -3.331644e+01 1.500000e+01 -2.483067e+00
    endloop
  endfacet
  facet normal -4.684084e-01 0.000000e+00 8.835120e-01
    outer loop
      vertex   -3.331644e+01 1.500000e+01 -2.483067e+00
      vertex   -3.388959e+01 0.000000e+00 -2.786930e+00
      vertex   -3.331644e+01 0.000000e+00 -2.483067e+00
    endloop
  endfacet
  facet normal -6.473863e-01 0.000000e+00 7.621621e-01
    outer loop
      vertex   -3.331644e+01 1.500000e+01 -2.483067e+00
      vertex   -3.331644e+01 0.000000e+00 -2.483067e+00
      vertex   -3.282201e+01 1.500000e+01 -2.063098e+00
    endloop
  endfacet
  facet normal -6.473863e-01 0.000000e+00 7.621621e-01
    outer loop
      vertex   -3.282201e+01 1.500000e+01 -2.063098e+00
      vertex   -3.331644e+01 0.000000e+00 -2.483067e+00
      vertex   -3.282201e+01 0.000000e+00 -2.063098e+00
    endloop
  endfacet
  facet normal -7.960931e-01 0.000000e+00 6.051742e-01
    outer loop
      vertex   -3.282201e+01 1.500000e+01 -2.063098e+00
      vertex   -3.282201e+01 0.000000e+00 -2.063098e+00
      vertex   -3.242943e+01 1.500000e+01 -1.546662e+00
    endloop
  endfacet
  facet normal -7.960931e-01 0.000000e+00 6.051742e-01
    outer loop
      vertex   -3.242943e+01 1.500000e+01 -1.546662e+00
      vertex   -3.282201e+01 0.000000e+00 -2.063098e+00
      vertex   -3.242943e+01 0.000000e+00 -1.546662e+00
    endloop
  endfacet
  facet normal -9.075754e-01 0.000000e+00 4.198891e-01
    outer loop
      vertex   -3.242943e+01 1.500000e+01 -1.546662e+00
      vertex   -3.242943e+01 0.000000e+00 -1.546662e+00
      vertex   -3.215704e+01 1.500000e+01 -9.579046e-01
    endloop
  endfacet
  facet normal -9.075754e-01 0.000000e+00 4.198891e-01
    outer loop
      vertex   -3.215704e+01 1.500000e+01 -9.579046e-01
      vertex   -3.242943e+01 0.000000e+00 -1.546662e+00
      vertex   -3.215704e+01 0.000000e+00 -9.579046e-01
    endloop
  endfacet
  facet normal -9.766206e-01 0.000000e+00 2.149704e-01
    outer loop
      vertex   -3.215704e+01 1.500000e+01 -9.579046e-01
      vertex   -3.215704e+01 0.000000e+00 -9.579046e-01
      vertex   -3.201759e+01 1.500000e+01 -3.243571e-01
    endloop
  endfacet
  facet normal -9.766206e-01 0.000000e+00 2.149704e-01
    outer loop
      vertex   -3.201759e+01 1.500000e+01 -3.243571e-01
      vertex   -3.215704e+01 0.000000e+00 -9.579046e-01
      vertex   -3.201759e+01 0.000000e+00 -3.243571e-01
    endloop
  endfacet
  facet normal -1.000000e+00 0.000000e+00 0.000000e+00
    outer loop
      vertex   -3.201759e+01 1.500000e+01 -3.243571e-01
      vertex   -3.201759e+01 0.000000e+00 -3.243571e-01
      vertex   -3.201759e+01 1.500000e+01 3.243571e-01
    endloop
  endfacet
  facet normal -1.000000e+00 -0.000000e+00 0.000000e+00
    outer loop
      vertex   -3.201759e+01 1.500000e+01 3.243571e-01
      vertex   -3.201759e+01 0.000000e+00 -3.243571e-01
      vertex   -3.201759e+01 0.000000e+00 3.243571e-01
    endloop
  endfacet
  facet normal -9.766206e-01 -0.000000e+00 -2.149704e-01
    outer loop
      vertex   -3.201759e+01 1.500000e+01 3.243571e-01
      vertex   -3.201759e+01 0.000000e+00 3.243571e-01
      vertex   -3.215704e+01 1.500000e+01 9.579046e-01
    endloop
  endfacet
  facet normal -9.766206e-01 -0.000000e+00 -2.149704e-01
    outer loop
      vertex   -3.215704e+01 1.500000e+01 9.579046e-01
      vertex   -3.201759e+01 0.000000e+00 3.243571e-01
      vertex   -3.215704e+01 0.000000e+00 9.579046e-01
    endloop
  endfacet
  facet normal -9.075754e-01 -0.000000e+00 -4.198891e-01
    outer loop
      vertex   -3.215704e+01 1.500000e+01 9.579046e-01
      vertex   -3.215704e+01 0.000000e+00 9.579046e-01
      vertex   -3.242943e+01 1.500000e+01 1.546662e+00
    endloop
  endfacet
  facet normal -9.075754e-01 -0.000000e+00 -4.198891e-01
    outer loop
      vertex   -3.242943e+01 1.500000e+01 1.546662e+00
      vertex   -3.215704e+01 0.000000e+00 9.579046e-01
      vertex   -3.242943e+01 0.000000e+00 1.546662e+00
    endloop
  endfacet
  facet normal -7.960931e-01 -0.000000e+00 -6.051742e-01
    outer loop
      vertex   -3.242943e+01 1.500000e+01 1.546662e+00
      vertex   -3.242943e+01 0.000000e+00 1.546662e+00
      vertex   -3.282201e+01 1.500000e+01 2.063098e+00
    endloop
  endfacet
  facet normal -7.960931e-01 -0.000000e+00 -6.051742e-01
    outer loop
      vertex   -3.282201e+01 1.500000e+01 2.063098e+00
      vertex   -3.242943e+01 0.000000e+00 1.546662e+00
      vertex   -3.282201e+01 0.000000e+00 2.063098e+00
    endloop
  endfacet
  facet normal -6.473863e-01 -0.000000e+00 -7.621621e-01
    outer loop
      vertex   -3.282201e+01 1.500000e+01 2.063098e+00
      vertex   -3.282201e+01 0.000000e+00 2.063098e+00
      vertex   -3.331644e+01 1.500000e+01 2.483067e+00
    endloop
  endfacet
  facet normal -6.473863e-01 -0.000000e+00 -7.621621e-01
    outer loop
      vertex   -3.331644e+01 1.500000e+01 2.483067e+00
      vertex   -3.282201e+01 0.000000e+00 2.063098e+00
      vertex   -3.331644e+01 0.000000e+00 2.483067e+00
    endloop
  endfacet
  facet normal -4.684084e-01 -0.000000e+00 -8.835120e-01
    outer loop
      vertex   -3.331644e+01 1.500000e+01 2.483067e+00
      vertex   -3.331644e+01 0.000000e+00 2.483067e+00
      vertex   -3.388959e+01 1.500000e+01 2.786930e+00
    endloop
  endfacet
  facet normal -4.684084e-01 -0.000000e+00 -8.835120e-01
    outer loop
      vertex   -3.388959e+01 1.500000e+01 2.786930e+00
      vertex   -3.331644e+01 0.000000e+00 2.483067e+00
      vertex   -3.388959e+01 0.000000e+00 2.786930e+00
    endloop
  endfacet
  facet normal -2.675283e-01 -0.000000e+00 -9.635500e-01
    outer loop
      vertex   -3.388959e+01 1.500000e+01 2.786930e+00
      vertex   -3.388959e+01 0.000000e+00 2.786930e+00
      vertex   -3.451465e+01 1.500000e+01 2.960480e+00
    endloop
  endfacet
  facet normal -2.675283e-01 -0.000000e+00 -9.635500e-01
    outer loop
      vertex   -3.451465e+01 1.500000e+01 2.960480e+00
      vertex   -3.388959e+01 0.000000e+00 2.786930e+00
      vertex   -3.451465e+01 0.000000e+00 2.960480e+00
    endloop
  endfacet
  facet normal -5.413891e-02 -0.000000e+00 -9.985334e-01
    outer loop
      vertex   -3.451465e+01 1.500000e+01 2.960480e+00
      vertex   -3.451465e+01 0.000000e+00 2.960480e+00
      vertex   -3.516242e+01 1.500000e+01 2.995600e+00
    endloop
  endfacet
  facet normal -5.413891e-02 -0.000000e+00 -9.985334e-01
    outer loop
      vertex   -3.516242e+01 1.500000e+01 2.995600e+00
      vertex   -3.451465e+01 0.000000e+00 2.960480e+00
      vertex   -3.516242e+01 0.000000e+00 2.995600e+00
    endloop
  endfacet
  facet normal 1.617820e-01 0.000000e+00 -9.868265e-01
    outer loop
      vertex   -3.516242e+01 1.500000e+01 2.995600e+00
      vertex   -3.516242e+01 0.000000e+00 2.995600e+00
      vertex   -3.580259e+01 1.500000e+01 2.890650e+00
    endloop
  endfacet
  facet normal 1.617820e-01 0.000000e+00 -9.868265e-01
    outer loop
      vertex   -3.580259e+01 1.500000e+01 2.890650e+00
      vertex   -3.516242e+01 0.000000e+00 2.995600e+00
      vertex   -3.580259e+01 0.000000e+00 2.890650e+00
    endloop
  endfacet
  facet normal 3.701382e-01 0.000000e+00 -9.289767e-01
    outer loop
      vertex   -3.580259e+01 1.500000e+01 2.890650e+00
      vertex   -3.580259e+01 0.000000e+00 2.890650e+00
      vertex   -3.640523e+01 1.500000e+01 2.650536e+00
    endloop
  endfacet
  facet normal 3.701382e-01 0.000000e+00 -9.289767e-01
    outer loop
      vertex   -3.640523e+01 1.500000e+01 2.650536e+00
      vertex   -3.580259e+01 0.000000e+00 2.890650e+00
      vertex   -3.640523e+01 0.000000e+00 2.650536e+00
    endloop
  endfacet
  facet normal 5.611871e-01 0.000000e+00 -8.276890e-01
    outer loop
      vertex   -3.640523e+01 1.500000e+01 2.650536e+00
      vertex   -3.640523e+01 0.000000e+00 2.650536e+00
      vertex   -3.694216e+01 1.500000e+01 2.286486e+00
    endloop
  endfacet
  facet normal 5.611871e-01 0.000000e+00 -8.276890e-01
    outer loop
      vertex   -3.694216e+01 1.500000e+01 2.286486e+00
      vertex   -3.640523e+01 0.000000e+00 2.650536e+00
      vertex   -3.694216e+01 0.000000e+00 2.286486e+00
    endloop
  endfacet
  facet normal 7.259955e-01 0.000000e+00 -6.876995e-01
    outer loop
      vertex   -3.694216e+01 1.500000e+01 2.286486e+00
      vertex   -3.694216e+01 0.000000e+00 2.286486e+00
      vertex   -3.738828e+01 1.500000e+01 1.815523e+00
    endloop
  endfacet
  facet normal 7.259955e-01 0.000000e+00 -6.876995e-01
    outer loop
      vertex   -3.738828e+01 1.500000e+01 1.815523e+00
      vertex   -3.694216e+01 0.000000e+00 2.286486e+00
      vertex   -3.738828e+01 0.000000e+00 1.815523e+00
    endloop
  endfacet
  facet normal 8.568572e-01 0.000000e+00 -5.155539e-01
    outer loop
      vertex   -3.738828e+01 1.500000e+01 1.815523e+00
      vertex   -3.738828e+01 0.000000e+00 1.815523e+00
      vertex   -3.772273e+01 1.500000e+01 1.259667e+00
    endloop
  endfacet
  facet normal 8.568572e-01 0.000000e+00 -5.155539e-01
    outer loop
      vertex   -3.772273e+01 1.500000e+01 1.259667e+00
      vertex   -3.738828e+01 0.000000e+00 1.815523e+00
      vertex   -3.772273e+01 0.000000e+00 1.259667e+00
    endloop
  endfacet
  facet normal 9.476532e-01 0.000000e+00 -3.193015e-01
    outer loop
      vertex   -3.772273e+01 1.500000e+01 1.259667e+00
      vertex   -3.772273e+01 0.000000e+00 1.259667e+00
      vertex   -3.792986e+01 1.500000e+01 6.449113e-01
    endloop
  endfacet
  facet normal 9.476532e-01 0.000000e+00 -3.193015e-01
    outer loop
      vertex   -3.792986e+01 1.500000e+01 6.449113e-01
      vertex   -3.772273e+01 0.000000e+00 1.259667e+00
      vertex   -3.792986e+01 0.000000e+00 6.449113e-01
    endloop
  endfacet
  facet normal 9.941380e-01 0.000000e+00 -1.081190e-01
    outer loop
      vertex   2.207014e+01 1.500000e+01 1.064491e+01
      vertex   2.207014e+01 0.000000e+00 1.064491e+01
      vertex   2.200000e+01 1.500000e+01 1.000000e+01
    endloop
  endfacet
  facet normal 9.941380e-01 0.000000e+00 -1.081190e-01
    outer loop
      vertex   2.200000e+01 1.500000e+01 1.000000e+01
      vertex   2.207014e+01 0.000000e+00 1.064491e+01
      vertex   2.200000e+01 0.000000e+00 1.000000e+01
    endloop
  endfacet
  facet normal 9.941380e-01 0.000000e+00 1.081190e-01
    outer loop
      vertex   2.200000e+01 1.500000e+01 1.000000e+01
      vertex   2.200000e+01 0.000000e+00 1.000000e+01
      vertex   2.207014e+01 1.500000e+01 9.355089e+00
    endloop
  endfacet
  facet normal 9.941380e-01 0.000000e+00 1.081190e-01
    outer loop
      vertex   2.207014e+01 1.500000e+01 9.355089e+00
      vertex   2.200000e+01 0.000000e+00 1.000000e+01
      vertex   2.207014e+01 0.000000e+00 9.355089e+00
    endloop
  endfacet
  facet normal 9.476532e-01 0.000000e+00 3.193015e-01
    outer loop
      vertex   2.207014e+01 1.500000e+01 9.355089e+00
      vertex   2.207014e+01 0.000000e+00 9.355089e+00
      vertex   2.227727e+01 1.500000e+01 8.740333e+00
    endloop
  endfacet
  facet normal 9.476532e-01 0.000000e+00 3.193015e-01
    outer loop
      vertex   2.227727e+01 1.500000e+01 8.740333e+00
      vertex   2.207014e+01 0.000000e+00 9.355089e+00
      vertex   2.227727e+01 0.000000e+00 8.740333e+00
    endloop
  endfacet
  facet normal 8.568572e-01 0.000000e+00 5.155539e-01
    outer loop
      vertex   2.227727e+01 1.500000e+01 8.740333e+00
      vertex   2.227727e+01 0.000000e+00 8.740333e+00
      vertex   2.261172e+01 1.500000e+01 8.184477e+00
    endloop
  endfacet
  facet normal 8.568572e-01 0.000000e+00 5.155539e-01
    outer loop
      vertex   2.261172e+01 1.500000e+01 8.184477e+00
      vertex   2.227727e+01 0.000000e+00 8.740333e+00
      vertex   2.261172e+01 0.000000e+00 8.184477e+00
    endloop
  endfacet
  facet normal 7.259955e-01 0.000000e+00 6.876995e-01
    outer loop
      vertex   2.261172e+01 1.500000e+01 8.184477e+00
      vertex   2.261172e+01 0.000000e+00 8.184477e+00
      vertex   2.305784e+01 1.500000e+01 7.713514e+00
    endloop
  endfacet
  facet normal 7.259955e-01 0.000000e+00 6.876995e-01
    outer loop
      vertex   2.305784e+01 1.500000e+01 7.713514e+00
      vertex   2.261172e+01 0.000000e+00 8.184477e+00
      vertex   2.305784e+01 0.000000e+00 7.713514e+00
    endloop
  endfacet
  facet normal 5.611871e-01 0.000000e+00 8.276890e-01
    outer loop
      vertex   2.305784e+01 1.500000e+01 7.713514e+00
      vertex   2.305784e+01 0.000000e+00 7.713514e+00
      vertex   2.359477e+01 1.500000e+01 7.349464e+00
    endloop
  endfacet
  facet normal 5.611871e-01 0.000000e+00 8.276890e-01
    outer loop
      vertex   2.359477e+01 1.500000e+01 7.349464e+00
      vertex   2.305784e+01 0.000000e+00 7.713514e+00
      vertex   2.359477e+01 0.000000e+00 7.349464e+00
    endloop
  endfacet
  facet normal 3.701382e-01 0.000000e+00 9.289767e-01
    outer loop
      vertex   2.359477e+01 1.500000e+01 7.349464e+00
      vertex   2.359477e+01 0.000000e+00 7.349464e+00
      vertex   2.419741e+01 1.500000e+01 7.109350e+00
    endloop
  endfacet
  facet normal 3.701382e-01 0.000000e+00 9.289767e-01
    outer loop
      vertex   2.419741e+01 1.500000e+01 7.109350e+00
      vertex   2.359477e+01 0.000000e+00 7.349464e+00
      vertex   2.419741e+01 0.000000e+00 7.109350e+00
    endloop
  endfacet
  facet normal 1.617820e-01 0.000000e+00 9.868265e-01
    outer loop
      vertex   2.419741e+01 1.500000e+01 7.109350e+00
      vertex   2.419741e+01 0.000000e+00 7.109350e+00
      vertex   2.483758e+01 1.500000e+01 7.004400e+00
    endloop
  endfacet
  facet normal 1.617820e-01 0.000000e+00 9.868265e-01
    outer loop
      vertex   2.483758e+01 1.500000e+01 7.004400e+00
      vertex   2.419741e+01 0.000000e+00 7.109350e+00
      vertex   2.483758e+01 0.000000e+00 7.004400e+00
    endloop
  endfacet
  facet normal -5.413891e-02 0.000000e+00 9.985334e-01
    outer loop
      vertex   2.483758e+01 1.500000e+01 7.004400e+00
      vertex   2.483758e+01 0.000000e+00 7.004400e+00
      vertex   2.548535e+01 1.500000e+01 7.039520e+00
    endloop
  endfacet
  facet normal -5.413891e-02 0.000000e+00 9.985334e-01
    outer loop
      vertex   2.548535e+01 1.500000e+01 7.039520e+00
      vertex   2.483758e+01 0.000000e+00 7.004400e+00
      vertex   2.548535e+01 0.000000e+00 7.039520e+00
    endloop
  endfacet
  facet normal -2.675283e-01 0.000000e+00 9.635500e-01
    outer loop
      vertex   2.548535e+01 1.500000e+01 7.039520e+00
      vertex   2.548535e+01 0.000000e+00 7.039520e+00
      vertex   2.611041e+01 1.500000e+01 7.213070e+00
    endloop
  endfacet
  facet normal -2.675283e-01 0.000000e+00 9.635500e-01
    outer loop
      vertex   2.611041e+01 1.500000e+01 7.213070e+00
      vertex   2.548535e+01 0.000000e+00 7.039520e+00
      vertex   2.611041e+01 0.000000e+00 7.213070e+00
    endloop
  endfacet
  facet normal -4.684084e-01 0.000000e+00 8.835120e-01
    outer loop
      vertex   2.611041e+01 1.500000e+01 7.213070e+00
      vertex   2.611041e+01 0.000000e+00 7.213070e+00
      vertex   2.668356e+01 1.500000e+01 7.516933e+00
    endloop
  endfacet
  facet normal -4.684084e-01 0.000000e+00 8.835120e-01
    outer loop
      vertex   2.668356e+01 1.500000e+01 7.516933e+00
      vertex   2.611041e+01 0.000000e+00 7.213070e+00
      vertex   2.668356e+01 0.000000e+00 7.516933e+00
    endloop
  endfacet
  facet normal -6.473863e-01 0.000000e+00 7.621621e-01
    outer loop
      vertex   2.668356e+01 1.500000e+01 7.516933e+00
      vertex   2.668356e+01 0.000000e+00 7.516933e+00
      vertex   2.717799e+01 1.500000e+01 7.936902e+00
    endloop
  endfacet
  facet normal -6.473863e-01 0.000000e+00 7.621621e-01
    outer loop
      vertex   2.717799e+01 1.500000e+01 7.936902e+00
      vertex   2.668356e+01 0.000000e+00 7.516933e+00
      vertex   2.717799e+01 0.000000e+00 7.936902e+00
    endloop
  endfacet
  facet normal -7.960931e-01 0.000000e+00 6.051742e-01
    outer loop
      vertex   2.717799e+01 1.500000e+01 7.936902e+00
      vertex   2.717799e+01 0.000000e+00 7.936902e+00
      vertex   2.757057e+01 1.500000e+01 8.453338e+00
    endloop
  endfacet
  facet normal -7.960931e-01 0.000000e+00 6.051742e-01
    outer loop
      vertex   2.757057e+01 1.500000e+01 8.453338e+00
      vertex   2.717799e+01 0.000000e+00 7.936902e+00
      vertex   2.757057e+01 0.000000e+00 8.453338e+00
    endloop
  endfacet
  facet normal -9.075754e-01 0.000000e+00 4.198891e-01
    outer loop
      vertex   2.757057e+01 1.500000e+01 8.453338e+00
      vertex   2.757057e+01 0.000000e+00 8.453338e+00
      vertex   2.784296e+01 1.500000e+01 9.042095e+00
    endloop
  endfacet
  facet normal -9.075754e-01 0.000000e+00 4.198891e-01
    outer loop
      vertex   2.784296e+01 1.500000e+01 9.042095e+00
      vertex   2.757057e+01 0.000000e+00 8.453338e+00
      vertex   2.784296e+01 0.000000e+00 9.042095e+00
    endloop
  endfacet
  facet normal -9.766206e-01 0.000000e+00 2.149704e-01
    outer loop
      vertex   2.784296e+01 1.500000e+01 9.042095e+00
      vertex   2.784296e+01 0.000000e+00 9.042095e+00
      vertex   2.798241e+01 1.500000e+01 9.675643e+00
    endloop
  endfacet
  facet normal -9.766206e-01 0.000000e+00 2.149704e-01
    outer loop
      vertex   2.798241e+01 1.500000e+01 9.675643e+00
      vertex   2.784296e+01 0.000000e+00 9.042095e+00
      vertex   2.798241e+01 0.000000e+00 9.675643e+00
    endloop
  endfacet
  facet normal -1.000000e+00 0.000000e+00 0.000000e+00
    outer loop
      vertex   2.798241e+01 1.500000e+01 9.675643e+00
      vertex   2.798241e+01 0.000000e+00 9.675643e+00
      vertex   2.798241e+01 1.500000e+01 1.032436e+01
    endloop
  endfacet
  facet normal -1.000000e+00 -0.000000e+00 0.000000e+00
    outer loop
      vertex   2.798241e+01 1.500000e+01 1.032436e+01
      vertex   2.798241e+01 0.000000e+00 9.675643e+00
      vertex   2.798241e+01 0.000000e+00 1.032436e+01
    endloop
  endfacet
  facet normal -9.766206e-01 -0.000000e+00 -2.149704e-01
    outer loop
      vertex   2.798241e+01 1.500000e+01 1.032436e+01
      vertex   2.798241e+01 0.000000e+00 1.032436e+01
      vertex   2.784296e+01 1.500000e+01 1.095790e+01
    endloop
  endfacet
  facet normal -9.766206e-01 -0.000000e+00 -2.149704e-01
    outer loop
      vertex   2.784296e+01 1.500000e+01 1.095790e+01
      vertex   2.798241e+01 0.000000e+00 1.032436e+01
      vertex   2.784296e+01 0.000000e+00 1.095790e+01
    endloop
  endfacet
  facet normal -9.075754e-01 -0.000000e+00 -4.198891e-01
    outer loop
      vertex   2.784296e+01 1.500000e+01 1.095790e+01
      vertex   2.784296e+01 0.000000e+00 1.095790e+01
      vertex   2.757057e+01 1.500000e+01 1.154666e+01
    endloop
  endfacet
  facet normal -9.075754e-01 -0.000000e+00 -4.198891e-01
    outer loop
      vertex   2.757057e+01 1.500000e+01 1.154666e+01
      vertex   2.784296e+01 0.000000e+00 1.095790e+01
      vertex   2.757057e+01 0.000000e+00 1.154666e+01
    endloop
  endfacet
  facet normal -7.960931e-01 -0.000000e+00 -6.051742e-01
    outer loop
      vertex   2.757057e+01 1.500000e+01 1.154666e+01
      vertex   2.757057e+01 0.000000e+00 1.154666e+01
      vertex   2.717799e+01 1.500000e+01 1.206310e+01
    endloop
  endfacet
  facet normal -7.960931e-01 -0.000000e+00 -6.051742e-01
    outer loop
      vertex   2.717799e+01 1.500000e+01 1.206310e+01
      vertex   2.757057e+01 0.000000e+00 1.154666e+01
      vertex   2.717799e+01 0.000000e+00 1.206310e+01
    endloop
  endfacet
  facet normal -6.473863e-01 -0.000000e+00 -7.621621e-01
    outer loop
      vertex   2.717799e+01 1.500000e+01 1.206310e+01
      vertex   2.717799e+01 0.000000e+00 1.206310e+01
      vertex   2.668356e+01 1.500000e+01 1.248307e+01
    endloop
  endfacet
  facet normal -6.473863e-01 -0.000000e+00 -7.621621e-01
    outer loop
      vertex   2.668356e+01 1.500000e+01 1.248307e+01
      vertex   2.717799e+01 0.000000e+00 1.206310e+01
      vertex   2.668356e+01 0.000000e+00 1.248307e+01
    endloop
  endfacet
  facet normal -4.684084e-01 -0.000000e+00 -8.835120e-01
    outer loop
      vertex   2.668356e+01 1.500000e+01 1.248307e+01
      vertex   2.668356e+01 0.000000e+00 1.248307e+01
      vertex   2.611041e+01 1.500000e+01 1.278693e+01
    endloop
  endfacet
  facet normal -4.684084e-01 -0.000000e+00 -8.835120e-01
    outer loop
      vertex   2.611041e+01 1.500000e+01 1.278693e+01
      vertex   2.668356e+01 0.000000e+00 1.248307e+01
      vertex   2.611041e+01 0.000000e+00 1.278693e+01
    endloop
  endfacet
  facet normal -2.675283e-01 -0.000000e+00 -9.635500e-01
    outer loop
      vertex   2.611041e+01 1.500000e+01 1.278693e+01
      vertex   2.611041e+01 0.000000e+00 1.278693e+01
      vertex   2.548535e+01 1.500000e+01 1.296048e+01
    endloop
  endfacet
  facet normal -2.675283e-01 -0.000000e+00 -9.635500e-01
    outer loop
      vertex   2.548535e+01 1.500000e+01 1.296048e+01
      vertex   2.611041e+01 0.000000e+00 1.278693e+01
      vertex   2.548535e+01 0.000000e+00 1.296048e+01
    endloop
  endfacet
  facet normal -5.413891e-02 -0.000000e+00 -9.985334e-01
    outer loop
      vertex   2.548535e+01 1.500000e+01 1.296048e+01
      vertex   2.548535e+01 0.000000e+00 1.296048e+01
      vertex   2.483758e+01 1.500000e+01 1.299560e+01
    endloop
  endfacet
  facet normal -5.413891e-02 -0.000000e+00 -9.985334e-01
    outer loop
      vertex   2.483758e+01 1.500000e+01 1.299560e+01
      vertex   2.548535e+01 0.000000e+00 1.296048e+01
      vertex   2.483758e+01 0.000000e+00 1.299560e+01
    endloop
  endfacet
  facet normal 1.617820e-01 0.000000e+00 -9.868265e-01
    outer loop
      vertex   2.483758e+01 1.500000e+01 1.299560e+01
      vertex   2.483758e+01 0.000000e+00 1.299560e+01
      vertex   2.419741e+01 1.500000e+01 1.289065e+01
    endloop
  endfacet
  facet normal 1.617820e-01 0.000000e+00 -9.868265e-01
    outer loop
      vertex   2.419741e+01 1.500000e+01 1.289065e+01
      vertex   2.483758e+01 0.000000e+00 1.299560e+01
      vertex   2.419741e+01 0.000000e+00 1.289065e+01
    endloop
  endfacet
  facet normal 3.701382e-01 0.000000e+00 -9.289767e-01
    outer loop
      vertex   2.419741e+01 1.500000e+01 1.289065e+01
      vertex   2.419741e+01 0.000000e+00 1.289065e+01
      vertex   2.359477e+01 1.500000e+01 1.265054e+01
    endloop
  endfacet
  facet normal 3.701382e-01 0.000000e+00 -9.289767e-01
    outer loop
      vertex   2.359477e+01 1.500000e+01 1.265054e+01
      vertex   2.419741e+01 0.000000e+00 1.289065e+01
      vertex   2.359477e+01 0.000000e+00 1.265054e+01
    endloop
  endfacet
  facet normal 5.611871e-01 0.000000e+00 -8.276890e-01
    outer loop
      vertex   2.359477e+01 1.500000e+01 1.265054e+01
      vertex   2.359477e+01 0.000000e+00 1.265054e+01
      vertex   2.305784e+01 1.500000e+01 1.228649e+01
    endloop
  endfacet
  facet normal 5.611871e-01 0.000000e+00 -8.276890e-01
    outer loop
      vertex   2.305784e+01 1.500000e+01 1.228649e+01
      vertex   2.359477e+01 0.000000e+00 1.265054e+01
      vertex   2.305784e+01 0.000000e+00 1.228649e+01
    endloop
  endfacet
  facet normal 7.259955e-01 0.000000e+00 -6.876995e-01
    outer loop
      vertex   2.305784e+01 1.500000e+01 1.228649e+01
      vertex   2.305784e+01 0.000000e+00 1.228649e+01
      vertex   2.261172e+01 1.500000e+01 1.181552e+01
    endloop
  endfacet
  facet normal 7.259955e-01 0.000000e+00 -6.876995e-01
    outer loop
      vertex   2.261172e+01 1.500000e+01 1.181552e+01
      vertex   2.305784e+01 0.000000e+00 1.228649e+01
      vertex   2.261172e+01 0.000000e+00 1.181552e+01
    endloop
  endfacet
  facet normal 8.568572e-01 0.000000e+00 -5.155539e-01
    outer loop
      vertex   2.261172e+01 1.500000e+01 1.181552e+01
      vertex   2.261172e+01 0.000000e+00 1.181552e+01
      vertex   2.227727e+01 1.500000e+01 1.125967e+01
    endloop
  endfacet
  facet normal 8.568572e-01 0.000000e+00 -5.155539e-01
    outer loop
      vertex   2.227727e+01 1.500000e+01 1.125967e+01
      vertex   2.261172e+01 0.000000e+00 1.181552e+01
      vertex   2.227727e+01 0.000000e+00 1.125967e+01
    endloop
  endfacet
  facet normal 9.476532e-01 0.000000e+00 -3.193015e-01
    outer loop
      vertex   2.227727e+01 1.500000e+01 1.125967e+01
      vertex   2.227727e+01 0.000000e+00 1.125967e+01
      vertex   2.207014e+01 1.500000e+01 1.064491e+01
    endloop
  endfacet
  facet normal 9.476532e-01 0.000000e+00 -3.193015e-01
    outer loop
      vertex   2.207014e+01 1.500000e+01 1.064491e+01
      vertex   2.227727e+01 0.000000e+00 1.125967e+01
      vertex   2.207014e+01 0.000000e+00 1.064491e+01
    endloop
  endfacet
  facet normal 9.941380e-01 0.000000e+00 -1.081190e-01
    outer loop
      vertex   -3.792986e+01 1.500000e+01 2.064491e+01
      vertex   -3.792986e+01 0.000000e+00 2.064491e+01
      vertex   -3.800000e+01 1.500000e+01 2.000000e+01
    endloop
  endfacet
  facet normal 9.941380e-01 0.000000e+00 -1.081190e-01
    outer loop
      vertex   -3.800000e+01 1.500000e+01 2.000000e+01
      vertex   -3.792986e+01 0.000000e+00 2.064491e+01
      vertex   -3.800000e+01 0.000000e+00 2.000000e+01
    endloop
  endfacet
  facet normal 9.941380e-01 0.000000e+00 1.081190e-01
    outer loop
      vertex   -3.800000e+01 1.500000e+01 2.000000e+01
      vertex   -3.800000e+01 0.000000e+00 2.000000e+01
      vertex   -3.792986e+01 1.500000e+01 1.935509e+01
    endloop
  endfacet
  facet normal 9.941380e-01 0.000000e+00 1.081190e-01
    outer loop
      vertex   -3.792986e+01 1.500000e+01 1.935509e+01
      vertex   -3.800000e+01 0.000000e+00 2.000000e+01
      vertex   -3.792986e+01 0.000000e+00 1.935509e+01
    endloop
  endfacet
  facet normal 9.476532e-01 0.000000e+00 3.193015e-01
    outer loop
      vertex   -3.792986e+01 1.500000e+01 1.935509e+01
      vertex   -3.792986e+01 0.000000e+00 1.935509e+01
      vertex   -3.772273e+01 1.500000e+01 1.874033e+01
    endloop
  endfacet
  facet normal 9.476532e-01 0.000000e+00 3.193015e-01
    outer loop
      vertex   -3.772273e+01 1.500000e+01 1.874033e+01
      vertex   -3.792986e+01 0.000000e+00 1.935509e+01
      vertex   -3.772273e+01 0.000000e+00 1.874033e+01
    endloop
  endfacet
  facet normal 8.568572e-01 0.000000e+00 5.155539e-01
    outer loop
      vertex   -3.772273e+01 1.500000e+01 1.874033e+01
      vertex   -3.772273e+01 0.000000e+00 1.874033e+01
      vertex   -3.738828e+01 1.500000e+01 1.818448e+01
    endloop
  endfacet
  facet normal 8.568572e-01 0.000000e+00 5.155539e-01
    outer loop
      vertex   -3.738828e+01 1.500000e+01 1.818448e+01
      vertex   -3.772273e+01 0.000000e+00 1.874033e+01
      vertex   -3.738828e+01 0.000000e+00 1.818448e+01
    endloop
  endfacet
  facet normal 7.259955e-01 0.000000e+00 6.876995e-01
    outer loop
      vertex   -3.738828e+01 1.500000e+01 1.818448e+01
      vertex   -3.738828e+01 0.000000e+00 1.818448e+01
      vertex   -3.694216e+01 1.500000e+01 1.771351e+01
    endloop
  endfacet
  facet normal 7.259955e-01 0.000000e+00 6.876995e-01
    outer loop
      vertex   -3.694216e+01 1.500000e+01 1.771351e+01
      vertex   -3.738828e+01 0.000000e+00 1.818448e+01
      vertex   -3.694216e+01 0.000000e+00 1.771351e+01
    endloop
  endfacet
  facet normal 5.611871e-01 0.000000e+00 8.276890e-01
    outer loop
      vertex   -3.694216e+01 1.500000e+01 1.771351e+01
      vertex   -3.694216e+01 0.000000e+00 1.771351e+01
      vertex   -3.640523e+01 1.500000e+01 1.734946e+01
    endloop
  endfacet
  facet normal 5.611871e-01 0.000000e+00 8.276890e-01
    outer loop
      vertex   -3.640523e+01 1.500000e+01 1.734946e+01
      vertex   -3.694216e+01 0.000000e+00 1.771351e+01
      vertex   -3.640523e+01 0.000000e+00 1.734946e+01
    endloop
  endfacet
  facet normal 3.701382e-01 0.000000e+00 9.289767e-01
    outer loop
      vertex   -3.640523e+01 1.500000e+01 1.734946e+01
      vertex   -3.640523e+01 0.000000e+00 1.734946e+01
      vertex   -3.580259e+01 1.500000e+01 1.710935e+01
    endloop
  endfacet
  facet normal 3.701382e-01 0.000000e+00 9.289767e-01
    outer loop
      vertex   -3.580259e+01 1.500000e+01 1.710935e+01
      vertex   -3.640523e+01 0.000000e+00 1.734946e+01
      vertex   -3.580259e+01 0.000000e+00 1.710935e+01
    endloop
  endfacet
  facet normal 1.617820e-01 0.000000e+00 9.868265e-01
    outer loop
      vertex   -3.580259e+01 1.500000e+01 1.710935e+01
      vertex   -3.580259e+01 0.000000e+00 1.710935e+01
      vertex   -3.516242e+01 1.500000e+01 1.700440e+01
    endloop
  endfacet
  facet normal 1.617820e-01 0.000000e+00 9.868265e-01
    outer loop
      vertex   -3.516242e+01 1.500000e+01 1.700440e+01
      vertex   -3.580259e+01 0.000000e+00 1.710935e+01
      vertex   -3.516242e+01 0.000000e+00 1.700440e+01
    endloop
  endfacet
  facet normal -5.413891e-02 0.000000e+00 9.985334e-01
    outer loop
      vertex   -3.516242e+01 1.500000e+01 1.700440e+01
      vertex   -3.516242e+01 0.000000e+00 1.700440e+01
      vertex   -3.451465e+01 1.500000e+01 1.703952e+01
    endloop
  endfacet
  facet normal -5.413891e-02 0.000000e+00 9.985334e-01
    outer loop
      vertex   -3.451465e+01 1.500000e+01 1.703952e+01
      vertex   -3.516242e+01 0.000000e+00 1.700440e+01
      vertex   -3.451465e+01 0.000000e+00 1.703952e+01
    endloop
  endfacet
  facet normal -2.675283e-01 0.000000e+00 9.635500e-01
    outer loop
      vertex   -3.451465e+01 1.500000e+01 1.703952e+01
      vertex   -3.451465e+01 0.000000e+00 1.703952e+01
      vertex   -3.388959e+01 1.500000e+01 1.721307e+01
    endloop
  endfacet
  facet normal -2.675283e-01 0.000000e+00 9.635500e-01
    outer loop
      vertex   -3.388959e+01 1.500000e+01 1.721307e+01
      vertex   -3.451465e+01 0.000000e+00 1.703952e+01
      vertex   -3.388959e+01 0.000000e+00 1.721307e+01
    endloop
  endfacet
  facet normal -4.684084e-01 0.000000e+00 8.835120e-01
    outer loop
      vertex   -3.388959e+01 1.500000e+01 1.721307e+01
      vertex   -3.388959e+01 0.000000e+00 1.721307e+01
      vertex   -3.331644e+01 1.500000e+01 1.751693e+01
    endloop
  endfacet
  facet normal -4.684084e-01 0.000000e+00 8.835120e-01
    outer loop
      vertex   -3.331644e+01 1.500000e+01 1.751693e+01
      vertex   -3.388959e+01 0.000000e+00 1.721307e+01
      vertex   -3.331644e+01 0.000000e+00 1.751693e+01
    endloop
  endfacet
  facet normal -6.473863e-01 0.000000e+00 7.621621e-01
    outer loop
      vertex   -3.331644e+01 1.500000e+01 1.751693e+01
      vertex   -3.331644e+01 0.000000e+00 1.751693e+01
      vertex   -3.282201e+01 1.500000e+01 1.793690e+01
    endloop
  endfacet
  facet normal -6.473863e-01 0.000000e+00 7.621621e-01
    outer loop
      vertex   -3.282201e+01 1.500000e+01 1.793690e+01
      vertex   -3.331644e+01 0.000000e+00 1.751693e+01
      vertex   -3.282201e+01 0.000000e+00 1.793690e+01
    endloop
  endfacet
  facet normal -7.960931e-01 0.000000e+00 6.051742e-01
    outer loop
      vertex   -3.282201e+01 1.500000e+01 1.793690e+01
      vertex   -3.282201e+01 0.000000e+00 1.793690e+01
      vertex   -3.242943e+01 1.500000e+01 1.845334e+01
    endloop
  endfacet
  facet normal -7.960931e-01 0.000000e+00 6.051742e-01
    outer loop
      vertex   -3.242943e+01 1.500000e+01 1.845334e+01
      vertex   -3.282201e+01 0.000000e+00 1.793690e+01
      vertex   -3.242943e+01 0.000000e+00 1.845334e+01
    endloop
  endfacet
  facet normal -9.075754e-01 0.000000e+00 4.198891e-01
    outer loop
      vertex   -3.242943e+01 1.500000e+01 1.845334e+01
      vertex   -3.242943e+01 0.000000e+00 1.845334e+01
      vertex   -3.215704e+01 1.500000e+01 1.904210e+01
    endloop
  endfacet
  facet normal -9.075754e-01 0.000000e+00 4.198891e-01
    outer loop
      vertex   -3.215704e+01 1.500000e+01 1.904210e+01
      vertex   -3.242943e+01 0.000000e+00 1.845334e+01
      vertex   -3.215704e+01 0.000000e+00 1.904210e+01
    endloop
  endfacet
  facet normal -9.766206e-01 0.000000e+00 2.149704e-01
    outer loop
      vertex   -3.215704e+01 1.500000e+01 1.904210e+01
      vertex   -3.215704e+01 0.000000e+00 1.904210e+01
      vertex   -3.201759e+01 1.500000e+01 1.967564e+01
    endloop
  endfacet
  facet normal -9.766206e-01 0.000000e+00 2.149704e-01
    outer loop
      vertex   -3.201759e+01 1.500000e+01 1.967564e+01
      vertex   -3.215704e+01 0.000000e+00 1.904210e+01
      vertex   -3.201759e+01 0.000000e+00 1.967564e+01
    endloop
  endfacet
  facet normal -1.000000e+00 0.000000e+00 0.000000e+00
    outer loop
      vertex   -3.201759e+01 1.500000e+01 1.967564e+01
      vertex   -3.201759e+01 0.000000e+00 1.967564e+01
      vertex   -3.201759e+01 1.500000e+01 2.032436e+01
    endloop
  endfacet
  facet normal -1.000000e+00 -0.000000e+00 0.000000e+00
    outer loop
      vertex   -3.201759e+01 1.500000e+01 2.032436e+01
      vertex   -3.201759e+01 0.000000e+00 1.967564e+01
      vertex   -3.201759e+01 0.000000e+00 2.032436e+01
    endloop
  endfacet
  facet normal -9.766206e-01 -0.000000e+00 -2.149704e-01
    outer loop
      vertex   -3.201759e+01 1.500000e+01 2.032436e+01
      vertex   -3.201759e+01 0.000000e+00 2.032436e+01
      vertex   -3.215704e+01 1.500000e+01 2.095790e+01
    endloop
  endfacet
  facet normal -9.766206e-01 -0.000000e+00 -2.149704e-01
    outer loop
      vertex   -3.215704e+01 1.500000e+01 2.095790e+01
      vertex   -3.201759e+01 0.000000e+00 2.032436e+01
      vertex   -3.215704e+01 0.000000e+00 2.095790e+01
    endloop
  endfacet
  facet normal -9.075754e-01 -0.000000e+00 -4.198891e-01
    outer loop
      vertex   -3.215704e+01 1.500000e+01 2.095790e+01
      vertex   -3.215704e+01 0.000000e+00 2.095790e+01
      vertex   -3.242943e+01 1.500000e+01 2.154666e+01
    endloop
  endfacet
  facet normal -9.075754e-01 -0.000000e+00 -4.198891e-01
    outer loop
      vertex   -3.242943e+01 1.500000e+01 2.154666e+01
      vertex   -3.215704e+01 0.000000e+00 2.095790e+01
      vertex   -3.242943e+01 0.000000e+00 2.154666e+01
    endloop
  endfacet
  facet normal -7.960931e-01 -0.000000e+00 -6.051742e-01
    outer loop
      vertex   -3.242943e+01 1.500000e+01 2.154666e+01
      vertex   -3.242943e+01 0.000000e+00 2.154666e+01
      vertex   -3.282201e+01 1.500000e+01 2.206310e+01
    endloop
  endfacet
  facet normal -7.960931e-01 -0.000000e+00 -6.051742e-01
    outer loop
      vertex   -3.282201e+01 1.500000e+01 2.206310e+01
      vertex   -3.242943e+01 0.000000e+00 2.154666e+01
      vertex   -3.282201e+01 0.000000e+00 2.206310e+01
    endloop
  endfacet
  facet normal -6.473863e-01 -0.000000e+00 -7.621621e-01
    outer loop
      vertex   -3.282201e+01 1.500000e+01 2.206310e+01
      vertex   -3.282201e+01 0.000000e+00 2.206310e+01
      vertex   -3.331644e+01 1.500000e+01 2.248307e+01
    endloop
  endfacet
  facet normal -6.473863e-01 -0.000000e+00 -7.621621e-01
    outer loop
      vertex   -3.331644e+01 1.500000e+01 2.248307e+01
      vertex   -3.282201e+01 0.000000e+00 2.206310e+01
      vertex   -3.331644e+01 0.000000e+00 2.248307e+01
    endloop
  endfacet
  facet normal -4.684084e-01 -0.000000e+00 -8.835120e-01
    outer loop
      vertex   -3.331644e+01 1.500000e+01 2.248307e+01
      vertex   -3.331644e+01 0.000000e+00 2.248307e+01
      vertex   -3.388959e+01 1.500000e+01 2.278693e+01
    endloop
  endfacet
  facet normal -4.684084e-01 -0.000000e+00 -8.835120e-01
    outer loop
      vertex   -3.388959e+01 1.500000e+01 2.278693e+01
      vertex   -3.331644e+01 0.000000e+00 2.248307e+01
      vertex   -3.388959e+01 0.000000e+00 2.278693e+01
    endloop
  endfacet
  facet normal -2.675283e-01 -0.000000e+00 -9.635500e-01
    outer loop
      vertex   -3.388959e+01 1.500000e+01 2.278693e+01
      vertex   -3.388959e+01 0.000000e+00 2.278693e+01
      vertex   -3.451465e+01 1.500000e+01 2.296048e+01
    endloop
  endfacet
  facet normal -2.675283e-01 -0.000000e+00 -9.635500e-01
    outer loop
      vertex   -3.451465e+01 1.500000e+01 2.296048e+01
      vertex   -3.388959e+01 0.000000e+00 2.278693e+01
      vertex   -3.451465e+01 0.000000e+00 2.296048e+01
    endloop
  endfacet
  facet normal -5.413891e-02 -0.000000e+00 -9.985334e-01
    outer loop
      vertex   -3.451465e+01 1.500000e+01 2.296048e+01
      vertex   -3.451465e+01 0.000000e+00 2.296048e+01
      vertex   -3.516242e+01 1.500000e+01 2.299560e+01
    endloop
  endfacet
  facet normal -5.413891e-02 -0.000000e+00 -9.985334e-01
    outer loop
      vertex   -3.516242e+01 1.500000e+01 2.299560e+01
      vertex   -3.451465e+01 0.000000e+00 2.296048e+01
      vertex   -3.516242e+01 0.000000e+00 2.299560e+01
    endloop
  endfacet
  facet normal 1.617820e-01 0.000000e+00 -9.868265e-01
    outer loop
      vertex   -3.516242e+01 1.500000e+01 2.299560e+01
      vertex   -3.516242e+01 0.000000e+00 2.299560e+01
      vertex   -3.580259e+01 1.500000e+01 2.289065e+01
    endloop
  endfacet
  facet normal 1.617820e-01 0.000000e+00 -9.868265e-01
    outer loop
      vertex   -3.580259e+01 1.500000e+01 2.289065e+01
      vertex   -3.516242e+01 0.000000e+00 2.299560e+01
      vertex   -3.580259e+01 0.000000e+00 2.289065e+01
    endloop
  endfacet
  facet normal 3.701382e-01 0.000000e+00 -9.289767e-01
    outer loop
      vertex   -3.580259e+01 1.500000e+01 2.289065e+01
      vertex   -3.580259e+01 0.000000e+00 2.289065e+01
      vertex   -3.640523e+01 1.500000e+01 2.265054e+01
    endloop
  endfacet
  facet normal 3.701382e-01 0.000000e+00 -9.289767e-01
    outer loop
      vertex   -3.640523e+01 1.500000e+01 2.265054e+01
      vertex   -3.580259e+01 0.000000e+00 2.289065e+01
      vertex   -3.640523e+01 0.000000e+00 2.265054e+01
    endloop
  endfacet
  facet normal 5.611871e-01 0.000000e+00 -8.276890e-01
    outer loop
      vertex   -3.640523e+01 1.500000e+01 2.265054e+01
      vertex   -3.640523e+01 0.000000e+00 2.265054e+01
      vertex   -3.694216e+01 1.500000e+01 2.228649e+01
    endloop
  endfacet
  facet normal 5.611871e-01 0.000000e+00 -8.276890e-01
    outer loop
      vertex   -3.694216e+01 1.500000e+01 2.228649e+01
      vertex   -3.640523e+01 0.000000e+00 2.265054e+01
      vertex   -3.694216e+01 0.000000e+00 2.228649e+01
    endloop
  endfacet
  facet normal 7.259955e-01 0.000000e+00 -6.876995e-01
    outer loop
      vertex   -3.694216e+01 1.500000e+01 2.228649e+01
      vertex   -3.694216e+01 0.000000e+00 2.228649e+01
      vertex   -3.738828e+01 1.500000e+01 2.181552e+01
    endloop
  endfacet
  facet normal 7.259955e-01 0.000000e+00 -6.876995e-01
    outer loop
      vertex   -3.738828e+01 1.500000e+01 2.181552e+01
      vertex   -3.694216e+01 0.000000e+00 2.228649e+01
      vertex   -3.738828e+01 0.000000e+00 2.181552e+01
    endloop
  endfacet
  facet normal 8.568572e-01 0.000000e+00 -5.155539e-01
    outer loop
      vertex   -3.738828e+01 1.500000e+01 2.181552e+01
      vertex   -3.738828e+01 0.000000e+00 2.181552e+01
      vertex   -3.772273e+01 1.500000e+01 2.125967e+01
    endloop
  endfacet
  facet normal 8.568572e-01 0.000000e+00 -5.155539e-01
    outer loop
      vertex   -3.772273e+01 1.500000e+01 2.125967e+01
      vertex   -3.738828e+01 0.000000e+00 2.181552e+01
      vertex   -3.772273e+01 0.000000e+00 2.125967e+01
    endloop
  endfacet
  facet normal 9.476532e-01 0.000000e+00 -3.193015e-01
    outer loop
      vertex   -3.772273e+01 1.500000e+01 2.125967e+01
      vertex   -3.772273e+01 0.000000e+00 2.125967e+01
      vertex   -3.792986e+01 1.500000e+01 2.064491e+01
    endloop
  endfacet
  facet normal 9.476532e-01 0.000000e+00 -3.193015e-01
    outer loop
      vertex   -3.792986e+01 1.500000e+01 2.064491e+01
      vertex   -3.772273e+01 0.000000e+00 2.125967e+01
      vertex   -3.792986e+01 0.000000e+00 2.064491e+01
    endloop
  endfacet
  facet normal 9.941380e-01 0.000000e+00 -1.081190e-01
    outer loop
      vertex   2.070138e+00 1.500000e+01 2.064491e+01
      vertex   2.070138e+00 0.000000e+00 2.064491e+01
      vertex   2.000000e+00 1.500000e+01 2.000000e+01
    endloop
  endfacet
  facet normal 9.941380e-01 0.000000e+00 -1.081190e-01
    outer loop
      vertex   2.000000e+00 1.500000e+01 2.000000e+01
      vertex   2.070138e+00 0.000000e+00 2.064491e+01
      vertex   2.000000e+00 0.000000e+00 2.000000e+01
    endloop
  endfacet
  facet normal 9.941380e-01 0.000000e+00 1.081190e-01
    outer loop
      vertex   2.000000e+00 1.500000e+01 2.000000e+01
      vertex   2.000000e+00 0.000000e+00 2.000000e+01
      vertex   2.070138e+00 1.500000e+01 1.935509e+01
    endloop
  endfacet
  facet normal 9.941380e-01 0.000000e+00 1.081190e-01
    outer loop
      vertex   2.070138e+00 1.500000e+01 1.935509e+01
      vertex   2.000000e+00 0.000000e+00 2.000000e+01
      vertex   2.070138e+00 0.000000e+00 1.935509e+01
    endloop
  endfacet
  facet normal 9.476532e-01 0.000000e+00 3.193015e-01
    outer loop
      vertex   2.070138e+00 1.500000e+01 1.935509e+01
      vertex   2.070138e+00 0.000000e+00 1.935509e+01
      vertex   2.277274e+00 1.500000e+01 1.874033e+01
    endloop
  endfacet
  facet normal 9.476532e-01 0.000000e+00 3.193015e-01
    outer loop
      vertex   2.277274e+00 1.500000e+01 1.874033e+01
      vertex   2.070138e+00 0.000000e+00 1.935509e+01
      vertex   2.277274e+00 0.000000e+00 1.874033e+01
    endloop
  endfacet
  facet normal 8.568572e-01 0.000000e+00 5.155539e-01
    outer loop
      vertex   2.277274e+00 1.500000e+01 1.874033e+01
      vertex   2.277274e+00 0.000000e+00 1.874033e+01
      vertex   2.611721e+00 1.500000e+01 1.818448e+01
    endloop
  endfacet
  facet normal 8.568572e-01 0.000000e+00 5.155539e-01
    outer loop
      vertex   2.611721e+00 1.500000e+01 1.818448e+01
      vertex   2.277274e+00 0.000000e+00 1.874033e+01
      vertex   2.611721e+00 0.000000e+00 1.818448e+01
    endloop
  endfacet
  facet normal 7.259955e-01 0.000000e+00 6.876995e-01
    outer loop
      vertex   2.611721e+00 1.500000e+01 1.818448e+01
      vertex   2.611721e+00 0.000000e+00 1.818448e+01
      vertex   3.057841e+00 1.500000e+01 1.771351e+01
    endloop
  endfacet
  facet normal 7.259955e-01 0.000000e+00 6.876995e-01
    outer loop
      vertex   3.057841e+00 1.500000e+01 1.771351e+01
      vertex   2.611721e+00 0.000000e+00 1.818448e+01
      vertex   3.057841e+00 0.000000e+00 1.771351e+01
    endloop
  endfacet
  facet normal 5.611871e-01 0.000000e+00 8.276890e-01
    outer loop
      vertex   3.057841e+00 1.500000e+01 1.771351e+01
      vertex   3.057841e+00 0.000000e+00 1.771351e+01
      vertex   3.594775e+00 1.500000e+01 1.734946e+01
    endloop
  endfacet
  facet normal 5.611871e-01 0.000000e+00 8.276890e-01
    outer loop
      vertex   3.594775e+00 1.500000e+01 1.734946e+01
      vertex   3.057841e+00 0.000000e+00 1.771351e+01
      vertex   3.594775e+00 0.000000e+00 1.734946e+01
    endloop
  endfacet
  facet normal 3.701382e-01 0.000000e+00 9.289767e-01
    outer loop
      vertex   3.594775e+00 1.500000e+01 1.734946e+01
      vertex   3.594775e+00 0.000000e+00 1.734946e+01
      vertex   4.197415e+00 1.500000e+01 1.710935e+01
    endloop
  endfacet
  facet normal 3.701382e-01 0.000000e+00 9.289767e-01
    outer loop
      vertex   4.197415e+00 1.500000e+01 1.710935e+01
      vertex   3.594775e+00 0.000000e+00 1.734946e+01
      vertex   4.197415e+00 0.000000e+00 1.710935e+01
    endloop
  endfacet
  facet normal 1.617820e-01 0.000000e+00 9.868265e-01
    outer loop
      vertex   4.197415e+00 1.500000e+01 1.710935e+01
      vertex   4.197415e+00 0.000000e+00 1.710935e+01
      vertex   4.837583e+00 1.500000e+01 1.700440e+01
    endloop
  endfacet
  facet normal 1.617820e-01 0.000000e+00 9.868265e-01
    outer loop
      vertex   4.837583e+00 1.500000e+01 1.700440e+01
      vertex   4.197415e+00 0.000000e+00 1.710935e+01
      vertex   4.837583e+00 0.000000e+00 1.700440e+01
    endloop
  endfacet
  facet normal -5.413891e-02 0.000000e+00 9.985334e-01
    outer loop
      vertex   4.837583e+00 1.500000e+01 1.700440e+01
      vertex   4.837583e+00 0.000000e+00 1.700440e+01
      vertex   5.485346e+00 1.500000e+01 1.703952e+01
    endloop
  endfacet
  facet normal -5.413891e-02 0.000000e+00 9.985334e-01
    outer loop
      vertex   5.485346e+00 1.500000e+01 1.703952e+01
      vertex   4.837583e+00 0.000000e+00 1.700440e+01
      vertex   5.485346e+00 0.000000e+00 1.703952e+01
    endloop
  endfacet
  facet normal -2.675283e-01 0.000000e+00 9.635500e-01
    outer loop
      vertex   5.485346e+00 1.500000e+01 1.703952e+01
      vertex   5.485346e+00 0.000000e+00 1.703952e+01
      vertex   6.110414e+00 1.500000e+01 1.721307e+01
    endloop
  endfacet
  facet normal -2.675283e-01 0.000000e+00 9.635500e-01
    outer loop
      vertex   6.110414e+00 1.500000e+01 1.721307e+01
      vertex   5.485346e+00 0.000000e+00 1.703952e+01
      vertex   6.110414e+00 0.000000e+00 1.721307e+01
    endloop
  endfacet
  facet normal -4.684084e-01 0.000000e+00 8.835120e-01
    outer loop
      vertex   6.110414e+00 1.500000e+01 1.721307e+01
      vertex   6.110414e+00 0.000000e+00 1.721307e+01
      vertex   6.683561e+00 1.500000e+01 1.751693e+01
    endloop
  endfacet
  facet normal -4.684084e-01 0.000000e+00 8.835120e-01
    outer loop
      vertex   6.683561e+00 1.500000e+01 1.751693e+01
      vertex   6.110414e+00 0.000000e+00 1.721307e+01
      vertex   6.683561e+00 0.000000e+00 1.751693e+01
    endloop
  endfacet
  facet normal -6.473863e-01 0.000000e+00 7.621621e-01
    outer loop
      vertex   6.683561e+00 1.500000e+01 1.751693e+01
      vertex   6.683561e+00 0.000000e+00 1.751693e+01
      vertex   7.177986e+00 1.500000e+01 1.793690e+01
    endloop
  endfacet
  facet normal -6.473863e-01 0.000000e+00 7.621621e-01
    outer loop
      vertex   7.177986e+00 1.500000e+01 1.793690e+01
      vertex   6.683561e+00 0.000000e+00 1.751693e+01
      vertex   7.177986e+00 0.000000e+00 1.793690e+01
    endloop
  endfacet
  facet normal -7.960931e-01 0.000000e+00 6.051742e-01
    outer loop
      vertex   7.177986e+00 1.500000e+01 1.793690e+01
      vertex   7.177986e+00 0.000000e+00 1.793690e+01
      vertex   7.570572e+00 1.500000e+01 1.845334e+01
    endloop
  endfacet
  facet normal -7.960931e-01 0.000000e+00 6.051742e-01
    outer loop
      vertex   7.570572e+00 1.500000e+01 1.845334e+01
      vertex   7.177986e+00 0.000000e+00 1.793690e+01
      vertex   7.570572e+00 0.000000e+00 1.845334e+01
    endloop
  endfacet
  facet normal -9.075754e-01 0.000000e+00 4.198891e-01
    outer loop
      vertex   7.570572e+00 1.500000e+01 1.845334e+01
      vertex   7.570572e+00 0.000000e+00 1.845334e+01
      vertex   7.842960e+00 1.500000e+01 1.904210e+01
    endloop
  endfacet
  facet normal -9.075754e-01 0.000000e+00 4.198891e-01
    outer loop
      vertex   7.842960e+00 1.500000e+01 1.904210e+01
      vertex   7.570572e+00 0.000000e+00 1.845334e+01
      vertex   7.842960e+00 0.000000e+00 1.904210e+01
    endloop
  endfacet
  facet normal -9.766206e-01 0.000000e+00 2.149704e-01
    outer loop
      vertex   7.842960e+00 1.500000e+01 1.904210e+01
      vertex   7.842960e+00 0.000000e+00 1.904210e+01
      vertex   7.982414e+00 1.500000e+01 1.967564e+01
    endloop
  endfacet
  facet normal -9.766206e-01 0.000000e+00 2.149704e-01
    outer loop
      vertex   7.982414e+00 1.500000e+01 1.967564e+01
      vertex   7.842960e+00 0.000000e+00 1.904210e+01
      vertex   7.982414e+00 0.000000e+00 1.967564e+01
    endloop
  endfacet
  facet normal -1.000000e+00 0.000000e+00 0.000000e+00
    outer loop
      vertex   7.982414e+00 1.500000e+01 1.967564e+01
      vertex   7.982414e+00 0.000000e+00 1.967564e+01
      vertex   7.982414e+00 1.500000e+01 2.032436e+01
    endloop
  endfacet
  facet normal -1.000000e+00 -0.000000e+00 0.000000e+00
    outer loop
      vertex   7.982414e+00 1.500000e+01 2.032436e+01
      vertex   7.982414e+00 0.000000e+00 1.967564e+01
      vertex   7.982414e+00 0.000000e+00 2.032436e+01
    endloop
  endfacet
  facet normal -9.766206e-01 -0.000000e+00 -2.149704e-01
    outer loop
      vertex   7.982414e+00 1.500000e+01 2.032436e+01
      vertex   7.982414e+00 0.000000e+00 2.032436e+01
      vertex   7.842960e+00 1.500000e+01 2.095790e+01
    endloop
  endfacet
  facet normal -9.766206e-01 -0.000000e+00 -2.149704e-01
    outer loop
      vertex   7.842960e+00 1.500000e+01 2.095790e+01
      vertex   7.982414e+00 0.000000e+00 2.032436e+01
      vertex   7.842960e+00 0.000000e+00 2.095790e+01
    endloop
  endfacet
  facet normal -9.075754e-01 -0.000000e+00 -4.198891e-01
    outer loop
      vertex   7.842960e+00 1.500000e+01 2.095790e+01
      vertex   7.842960e+00 0.000000e+00 2.095790e+01
      vertex   7.570572e+00 1.500000e+01 2.154666e+01
    endloop
  endfacet
  facet normal -9.075754e-01 -0.000000e+00 -4.198891e-01
    outer loop
      vertex   7.570572e+00 1.500000e+01 2.154666e+01
      vertex   7.842960e+00 0.000000e+00 2.095790e+01
      vertex   7.570572e+00 0.000000e+00 2.154666e+01
    endloop
  endfacet
  facet normal -7.960931e-01 -0.000000e+00 -6.051742e-01
    outer loop
      vertex   7.570572e+00 1.500000e+01 2.154666e+01
      vertex   7.570572e+00 0.000000e+00 2.154666e+01
      vertex   7.177986e+00 1.500000e+01 2.206310e+01
    endloop
  endfacet
  facet normal -7.960931e-01 -0.000000e+00 -6.051742e-01
    outer loop
      vertex   7.177986e+00 1.500000e+01 2.206310e+01
      vertex   7.570572e+00 0.000000e+00 2.154666e+01
      vertex   7.177986e+00 0.000000e+00 2.206310e+01
    endloop
  endfacet
  facet normal -6.473863e-01 -0.000000e+00 -7.621621e-01
    outer loop
      vertex   7.177986e+00 1.500000e+01 2.206310e+01
      vertex   7.177986e+00 0.000000e+00 2.206310e+01
      vertex   6.683561e+00 1.500000e+01 2.248307e+01
    endloop
  endfacet
  facet normal -6.473863e-01 -0.000000e+00 -7.621621e-01
    outer loop
      vertex   6.683561e+00 1.500000e+01 2.248307e+01
      vertex   7.177986e+00 0.000000e+00 2.206310e+01
      vertex   6.683561e+00 0.000000e+00 2.248307e+01
    endloop
  endfacet
  facet normal -4.684084e-01 -0.000000e+00 -8.835120e-01
    outer loop
      vertex   6.683561e+00 1.500000e+01 2.248307e+01
      vertex   6.683561e+00 0.000000e+00 2.248307e+01
      vertex   6.110414e+00 1.500000e+01 2.278693e+01
    endloop
  endfacet
  facet normal -4.684084e-01 -0.000000e+00 -8.835120e-01
    outer loop
      vertex   6.110414e+00 1.500000e+01 2.278693e+01
      vertex   6.683561e+00 0.000000e+00 2.248307e+01
      vertex   6.110414e+00 0.000000e+00 2.278693e+01
    endloop
  endfacet
  facet normal -2.675283e-01 -0.000000e+00 -9.635500e-01
    outer loop
      vertex   6.110414e+00 1.500000e+01 2.278693e+01
      vertex   6.110414e+00 0.000000e+00 2.278693e+01
      vertex   5.485346e+00 1.500000e+01 2.296048e+01
    endloop
  endfacet
  facet normal -2.675283e-01 -0.000000e+00 -9.635500e-01
    outer loop
      vertex   5.485346e+00 1.500000e+01 2.296048e+01
      vertex   6.110414e+00 0.000000e+00 2.278693e+01
      vertex   5.485346e+00 0.000000e+00 2.296048e+01
    endloop
  endfacet
  facet normal -5.413891e-02 -0.000000e+00 -9.985334e-01
    outer loop
      vertex   5.485346e+00 1.500000e+01 2.296048e+01
      vertex   5.485346e+00 0.000000e+00 2.296048e+01
      vertex   4.837583e+00 1.500000e+01 2.299560e+01
    endloop
  endfacet
  facet normal -5.413891e-02 -0.000000e+00 -9.985334e-01
    outer loop
      vertex   4.837583e+00 1.500000e+01 2.299560e+01
      vertex   5.485346e+00 0.000000e+00 2.296048e+01
      vertex   4.837583e+00 0.000000e+00 2.299560e+01
    endloop
  endfacet
  facet normal 1.617820e-01 0.000000e+00 -9.868265e-01
    outer loop
      vertex   4.837583e+00 1.500000e+01 2.299560e+01
      vertex   4.837583e+00 0.000000e+00 2.299560e+01
      vertex   4.197415e+00 1.500000e+01 2.289065e+01
    endloop
  endfacet
  facet normal 1.617820e-01 0.000000e+00 -9.868265e-01
    outer loop
      vertex   4.197415e+00 1.500000e+01 2.289065e+01
      vertex   4.837583e+00 0.000000e+00 2.299560e+01
      vertex   4.197415e+00 0.000000e+00 2.289065e+01
    endloop
  endfacet
  facet normal 3.701382e-01 0.000000e+00 -9.289767e-01
    outer loop
      vertex   4.197415e+00 1.500000e+01 2.289065e+01
      vertex   4.197415e+00 0.000000e+00 2.289065e+01
      vertex   3.594775e+00 1.500000e+01 2.265054e+01
    endloop
  endfacet
  facet normal 3.701382e-01 0.000000e+00 -9.289767e-01
    outer loop
      vertex   3.594775e+00 1.500000e+01 2.265054e+01
      vertex   4.197415e+00 0.000000e+00 2.289065e+01
      vertex   3.594775e+00 0.000000e+00 2.265054e+01
    endloop
  endfacet
  facet normal 5.611871e-01 0.000000e+00 -8.276890e-01
    outer loop
      vertex   3.594775e+00 1.500000e+01 2.265054e+01
      vertex   3.594775e+00 0.000000e+00 2.265054e+01
      vertex   3.057841e+00 1.500000e+01 2.228649e+01
    endloop
  endfacet
  facet normal 5.611871e-01 0.000000e+00 -8.276890e-01
    outer loop
      vertex   3.057841e+00 1.500000e+01 2.228649e+01
      vertex   3.594775e+00 0.000000e+00 2.265054e+01
      vertex   3.057841e+00 0.000000e+00 2.228649e+01
    endloop
  endfacet
  facet normal 7.259955e-01 0.000000e+00 -6.876995e-01
    outer loop
      vertex   3.057841e+00 1.500000e+01 2.228649e+01
      vertex   3.057841e+00 0.000000e+00 2.228649e+01
      vertex   2.611721e+00 1.500000e+01 2.181552e+01
    endloop
  endfacet
  facet normal 7.259955e-01 0.000000e+00 -6.876995e-01
    outer loop
      vertex   2.611721e+00 1.500000e+01 2.181552e+01
      vertex   3.057841e+00 0.000000e+00 2.228649e+01
      vertex   2.611721e+00 0.000000e+00 2.181552e+01
    endloop
  endfacet
  facet normal 8.568572e-01 0.000000e+00 -5.155539e-01
    outer loop
      vertex   2.611721e+00 1.500000e+01 2.181552e+01
      vertex   2.611721e+00 0.000000e+00 2.181552e+01
      vertex   2.277274e+00 1.500000e+01 2.125967e+01
    endloop
  endfacet
  facet normal 8.568572e-01 0.000000e+00 -5.155539e-01
    outer loop
      vertex   2.277274e+00 1.500000e+01 2.125967e+01
      vertex   2.611721e+00 0.000000e+00 2.181552e+01
      vertex   2.277274e+00 0.000000e+00 2.125967e+01
    endloop
  endfacet
  facet normal 9.476532e-01 0.000000e+00 -3.193015e-01
    outer loop
      vertex   2.277274e+00 1.500000e+01 2.125967e+01
      vertex   2.277274e+00 0.000000e+00 2.125967e+01
      vertex   2.070138e+00 1.500000e+01 2.064491e+01
    endloop
  endfacet
  facet normal 9.476532e-01 0.000000e+00 -3.193015e-01
    outer loop
      vertex   2.070138e+00 1.500000e+01 2.064491e+01
      vertex   2.277274e+00 0.000000e+00 2.125967e+01
      vertex   2.070138e+00 0.000000e+00 2.064491e+01
    endloop
  endfacet
  facet normal 9.941380e-01 0.000000e+00 -1.081190e-01
    outer loop
      vertex   3.207014e+01 1.500000e+01 6.449113e-01
      vertex   3.207014e+01 0.000000e+00 6.449113e-01
      vertex   3.200000e+01 1.500000e+01 0.000000e+00
    endloop
  endfacet
  facet normal 9.941380e-01 -2.648152e-18 -1.081190e-01
    outer loop
      vertex   3.200000e+01 1.500000e+01 0.000000e+00
      vertex   3.207014e+01 0.000000e+00 6.449113e-01
      vertex   3.200000e+01 0.000000e+00 3.673940e-16
    endloop
  endfacet
  facet normal 9.941380e-01 2.648152e-18 1.081190e-01
    outer loop
      vertex   3.200000e+01 1.500000e+01 0.000000e+00
      vertex   3.200000e+01 0.000000e+00 3.673940e-16
      vertex   3.207014e+01 1.500000e+01 -6.449113e-01
    endloop
  endfacet
  facet normal 9.941380e-01 0.000000e+00 1.081190e-01
    outer loop
      vertex   3.207014e+01 1.500000e+01 -6.449113e-01
      vertex   3.200000e+01 0.000000e+00 3.673940e-16
      vertex   3.207014e+01 0.000000e+00 -6.449113e-01
    endloop
  endfacet
  facet normal 9.476532e-01 0.000000e+00 3.193015e-01
    outer loop
      vertex   3.207014e+01 1.500000e+01 -6.449113e-01
      vertex   3.207014e+01 0.000000e+00 -6.449113e-01
      vertex   3.227727e+01 1.500000e+01 -1.259667e+00
    endloop
  endfacet
  facet normal 9.476532e-01 0.000000e+00 3.193015e-01
    outer loop
      vertex   3.227727e+01 1.500000e+01 -1.259667e+00
      vertex   3.207014e+01 0.000000e+00 -6.449113e-01
      vertex   3.227727e+01 0.000000e+00 -1.259667e+00
    endloop
  endfacet
  facet normal 8.568572e-01 0.000000e+00 5.155539e-01
    outer loop
      vertex   3.227727e+01 1.500000e+01 -1.259667e+00
      vertex   3.227727e+01 0.000000e+00 -1.259667e+00
      vertex   3.261172e+01 1.500000e+01 -1.815523e+00
    endloop
  endfacet
  facet normal 8.568572e-01 0.000000e+00 5.155539e-01
    outer loop
      vertex   3.261172e+01 1.500000e+01 -1.815523e+00
      vertex   3.227727e+01 0.000000e+00 -1.259667e+00
      vertex   3.261172e+01 0.000000e+00 -1.815523e+00
    endloop
  endfacet
  facet normal 7.259955e-01 0.000000e+00 6.876995e-01
    outer loop
      vertex   3.261172e+01 1.500000e+01 -1.815523e+00
      vertex   3.261172e+01 0.000000e+00 -1.815523e+00
      vertex   3.305784e+01 1.500000e+01 -2.286486e+00
    endloop
  endfacet
  facet normal 7.259955e-01 0.000000e+00 6.876995e-01
    outer loop
      vertex   3.305784e+01 1.500000e+01 -2.286486e+00
      vertex   3.261172e+01 0.000000e+00 -1.815523e+00
      vertex   3.305784e+01 0.000000e+00 -2.286486e+00
    endloop
  endfacet
  facet normal 5.611871e-01 0.000000e+00 8.276890e-01
    outer loop
      vertex   3.305784e+01 1.500000e+01 -2.286486e+00
      vertex   3.305784e+01 0.000000e+00 -2.286486e+00
      vertex   3.359477e+01 1.500000e+01 -2.650536e+00
    endloop
  endfacet
  facet normal 5.611871e-01 0.000000e+00 8.276890e-01
    outer loop
      vertex   3.359477e+01 1.500000e+01 -2.650536e+00
      vertex   3.305784e+01 0.000000e+00 -2.286486e+00
      vertex   3.359477e+01 0.000000e+00 -2.650536e+00
    endloop
  endfacet
  facet normal 3.701382e-01 0.000000e+00 9.289767e-01
    outer loop
      vertex   3.359477e+01 1.500000e+01 -2.650536e+00
      vertex   3.359477e+01 0.000000e+00 -2.650536e+00
      vertex   3.419741e+01 1.500000e+01 -2.890650e+00
    endloop
  endfacet
  facet normal 3.701382e-01 0.000000e+00 9.289767e-01
    outer loop
      vertex   3.419741e+01 1.500000e+01 -2.890650e+00
      vertex   3.359477e+01 0.000000e+00 -2.650536e+00
      vertex   3.419741e+01 0.000000e+00 -2.890650e+00
    endloop
  endfacet
  facet normal 1.617820e-01 0.000000e+00 9.868265e-01
    outer loop
      vertex   3.419741e+01 1.500000e+01 -2.890650e+00
      vertex   3.419741e+01 0.000000e+00 -2.890650e+00
      vertex   3.483758e+01 1.500000e+01 -2.995600e+00
    endloop
  endfacet
  facet normal 1.617820e-01 0.000000e+00 9.868265e-01
    outer loop
      vertex   3.483758e+01 1.500000e+01 -2.995600e+00
      vertex   3.419741e+01 0.000000e+00 -2.890650e+00
      vertex   3.483758e+01 0.000000e+00 -2.995600e+00
    endloop
  endfacet
  facet normal -5.413891e-02 0.000000e+00 9.985334e-01
    outer loop
      vertex   3.483758e+01 1.500000e+01 -2.995600e+00
      vertex   3.483758e+01 0.000000e+00 -2.995600e+00
      vertex   3.548535e+01 1.500000e+01 -2.960480e+00
    endloop
  endfacet
  facet normal -5.413891e-02 0.000000e+00 9.985334e-01
    outer loop
      vertex   3.548535e+01 1.500000e+01 -2.960480e+00
      vertex   3.483758e+01 0.000000e+00 -2.995600e+00
      vertex   3.548535e+01 0.000000e+00 -2.960480e+00
    endloop
  endfacet
  facet normal -2.675283e-01 0.000000e+00 9.635500e-01
    outer loop
      vertex   3.548535e+01 1.500000e+01 -2.960480e+00
      vertex   3.548535e+01 0.000000e+00 -2.960480e+00
      vertex   3.611041e+01 1.500000e+01 -2.786930e+00
    endloop
  endfacet
  facet normal -2.675283e-01 0.000000e+00 9.635500e-01
    outer loop
      vertex   3.611041e+01 1.500000e+01 -2.786930e+00
      vertex   3.548535e+01 0.000000e+00 -2.960480e+00
      vertex   3.611041e+01 0.000000e+00 -2.786930e+00
    endloop
  endfacet
  facet normal -4.684084e-01 0.000000e+00 8.835120e-01
    outer loop
      vertex   3.611041e+01 1.500000e+01 -2.786930e+00
      vertex   3.611041e+01 0.000000e+00 -2.786930e+00
      vertex   3.668356e+01 1.500000e+01 -2.483067e+00
    endloop
  endfacet
  facet normal -4.684084e-01 0.000000e+00 8.835120e-01
    outer loop
      vertex   3.668356e+01 1.500000e+01 -2.483067e+00
      vertex   3.611041e+01 0.000000e+00 -2.786930e+00
      vertex   3.668356e+01 0.000000e+00 -2.483067e+00
    endloop
  endfacet
  facet normal -6.473863e-01 0.000000e+00 7.621621e-01
    outer loop
      vertex   3.668356e+01 1.500000e+01 -2.483067e+00
      vertex   3.668356e+01 0.000000e+00 -2.483067e+00
      vertex   3.717799e+01 1.500000e+01 -2.063098e+00
    endloop
  endfacet
  facet normal -6.473863e-01 0.000000e+00 7.621621e-01
    outer loop
      vertex   3.717799e+01 1.500000e+01 -2.063098e+00
      vertex   3.668356e+01 0.000000e+00 -2.483067e+00
      vertex   3.717799e+01 0.000000e+00 -2.063098e+00
    endloop
  endfacet
  facet normal -7.960931e-01 0.000000e+00 6.051742e-01
    outer loop
      vertex   3.717799e+01 1.500000e+01 -2.063098e+00
      vertex   3.717799e+01 0.000000e+00 -2.063098e+00
      vertex   3.757057e+01 1.500000e+01 -1.546662e+00
    endloop
  endfacet
  facet normal -7.960931e-01 0.000000e+00 6.051742e-01
    outer loop
      vertex   3.757057e+01 1.500000e+01 -1.546662e+00
      vertex   3.717799e+01 0.000000e+00 -2.063098e+00
      vertex   3.757057e+01 0.000000e+00 -1.546662e+00
    endloop
  endfacet
  facet normal -9.075754e-01 0.000000e+00 4.198891e-01
    outer loop
      vertex   3.757057e+01 1.500000e+01 -1.546662e+00
      vertex   3.757057e+01 0.000000e+00 -1.546662e+00
      vertex   3.784296e+01 1.500000e+01 -9.579046e-01
    endloop
  endfacet
  facet normal -9.075754e-01 0.000000e+00 4.198891e-01
    outer loop
      vertex   3.784296e+01 1.500000e+01 -9.579046e-01
      vertex   3.757057e+01 0.000000e+00 -1.546662e+00
      vertex   3.784296e+01 0.000000e+00 -9.579046e-01
    endloop
  endfacet
  facet normal -9.766206e-01 0.000000e+00 2.149704e-01
    outer loop
      vertex   3.784296e+01 1.500000e+01 -9.579046e-01
      vertex   3.784296e+01 0.000000e+00 -9.579046e-01
      vertex   3.798241e+01 1.500000e+01 -3.243571e-01
    endloop
  endfacet
  facet normal -9.766206e-01 0.000000e+00 2.149704e-01
    outer loop
      vertex   3.798241e+01 1.500000e+01 -3.243571e-01
      vertex   3.784296e+01 0.000000e+00 -9.579046e-01
      vertex   3.798241e+01 0.000000e+00 -3.243571e-01
    endloop
  endfacet
  facet normal -1.000000e+00 0.000000e+00 0.000000e+00
    outer loop
      vertex   3.798241e+01 1.500000e+01 -3.243571e-01
      vertex   3.798241e+01 0.000000e+00 -3.243571e-01
      vertex   3.798241e+01 1.500000e+01 3.243571e-01
    endloop
  endfacet
  facet normal -1.000000e+00 -0.000000e+00 0.000000e+00
    outer loop
      vertex   3.798241e+01 1.500000e+01 3.243571e-01
      vertex   3.798241e+01 0.000000e+00 -3.243571e-01
      vertex   3.798241e+01 0.000000e+00 3.243571e-01
    endloop
  endfacet
  facet normal -9.766206e-01 -0.000000e+00 -2.149704e-01
    outer loop
      vertex   3.798241e+01 1.500000e+01 3.243571e-01
      vertex   3.798241e+01 0.000000e+00 3.243571e-01
      vertex   3.784296e+01 1.500000e+01 9.579046e-01
    endloop
  endfacet
  facet normal -9.766206e-01 -0.000000e+00 -2.149704e-01
    outer loop
      vertex   3.784296e+01 1.500000e+01 9.579046e-01
      vertex   3.798241e+01 0.000000e+00 3.243571e-01
      vertex   3.784296e+01 0.000000e+00 9.579046e-01
    endloop
  endfacet
  facet normal -9.075754e-01 -0.000000e+00 -4.198891e-01
    outer loop
      vertex   3.784296e+01 1.500000e+01 9.579046e-01
      vertex   3.784296e+01 0.000000e+00 9.579046e-01
      vertex   3.757057e+01 1.500000e+01 1.546662e+00
    endloop
  endfacet
  facet normal -9.075754e-01 -0.000000e+00 -4.198891e-01
    outer loop
      vertex   3.757057e+01 1.500000e+01 1.546662e+00
      vertex   3.784296e+01 0.000000e+00 9.579046e-01
      vertex   3.757057e+01 0.000000e+00 1.546662e+00
    endloop
  endfacet
  facet normal -7.960931e-01 -0.000000e+00 -6.051742e-01
    outer loop
      vertex   3.757057e+01 1.500000e+01 1.546662e+00
      vertex   3.757057e+01 0.000000e+00 1.546662e+00
      vertex   3.717799e+01 1.500000e+01 2.063098e+00
    endloop
  endfacet
  facet normal -7.960931e-01 -0.000000e+00 -6.051742e-01
    outer loop
      vertex   3.717799e+01 1.500000e+01 2.063098e+00
      vertex   3.757057e+01 0.000000e+00 1.546662e+00
      vertex   3.717799e+01 0.000000e+00 2.063098e+00
    endloop
  endfacet
  facet normal -6.473863e-01 -0.000000e+00 -7.621621e-01
    outer loop
      vertex   3.717799e+01 1.500000e+01 2.063098e+00
      vertex   3.717799e+01 0.000000e+00 2.063098e+00
      vertex   3.668356e+01 1.500000e+01 2.483067e+00
    endloop
  endfacet
  facet normal -6.473863e-01 -0.000000e+00 -7.621621e-01
    outer loop
      vertex   3.668356e+01 1.500000e+01 2.483067e+00
      vertex   3.717799e+01 0.000000e+00 2.063098e+00
      vertex   3.668356e+01 0.000000e+00 2.483067e+00
    endloop
  endfacet
  facet normal -4.684084e-01 -0.000000e+00 -8.835120e-01
    outer loop
      vertex   3.668356e+01 1.500000e+01 2.483067e+00
      vertex   3.668356e+01 0.000000e+00 2.483067e+00
      vertex   3.611041e+01 1.500000e+01 2.786930e+00
    endloop
  endfacet
  facet normal -4.684084e-01 -0.000000e+00 -8.835120e-01
    outer loop
      vertex   3.611041e+01 1.500000e+01 2.786930e+00
      vertex   3.668356e+01 0.000000e+00 2.483067e+00
      vertex   3.611041e+01 0.000000e+00 2.786930e+00
    endloop
  endfacet
  facet normal -2.675283e-01 -0.000000e+00 -9.635500e-01
    outer loop
      vertex   3.611041e+01 1.500000e+01 2.786930e+00
      vertex   3.611041e+01 0.000000e+00 2.786930e+00
      vertex   3.548535e+01 1.500000e+01 2.960480e+00
    endloop
  endfacet
  facet normal -2.675283e-01 -0.000000e+00 -9.635500e-01
    outer loop
      vertex   3.548535e+01 1.500000e+01 2.960480e+00
      vertex   3.611041e+01 0.000000e+00 2.786930e+00
      vertex   3.548535e+01 0.000000e+00 2.960480e+00
    endloop
  endfacet
  facet normal -5.413891e-02 -0.000000e+00 -9.985334e-01
    outer loop
      vertex   3.548535e+01 1.500000e+01 2.960480e+00
      vertex   3.548535e+01 0.000000e+00 2.960480e+00
      vertex   3.483758e+01 1.500000e+01 2.995600e+00
    endloop
  endfacet
  facet normal -5.413891e-02 -0.000000e+00 -9.985334e-01
    outer loop
      vertex   3.483758e+01 1.500000e+01 2.995600e+00
      vertex   3.548535e+01 0.000000e+00 2.960480e+00
      vertex   3.483758e+01 0.000000e+00 2.995600e+00
    endloop
  endfacet
  facet normal 1.617820e-01 0.000000e+00 -9.868265e-01
    outer loop
      vertex   3.483758e+01 1.500000e+01 2.995600e+00
      vertex   3.483758e+01 0.000000e+00 2.995600e+00
      vertex   3.419741e+01 1.500000e+01 2.890650e+00
    endloop
  endfacet
  facet normal 1.617820e-01 0.000000e+00 -9.868265e-01
    outer loop
      vertex   3.419741e+01 1.500000e+01 2.890650e+00
      vertex   3.483758e+01 0.000000e+00 2.995600e+00
      vertex   3.419741e+01 0.000000e+00 2.890650e+00
    endloop
  endfacet
  facet normal 3.701382e-01 0.000000e+00 -9.289767e-01
    outer loop
      vertex   3.419741e+01 1.500000e+01 2.890650e+00
      vertex   3.419741e+01 0.000000e+00 2.890650e+00
      vertex   3.359477e+01 1.500000e+01 2.650536e+00
    endloop
  endfacet
  facet normal 3.701382e-01 0.000000e+00 -9.289767e-01
    outer loop
      vertex   3.359477e+01 1.500000e+01 2.650536e+00
      vertex   3.419741e+01 0.000000e+00 2.890650e+00
      vertex   3.359477e+01 0.000000e+00 2.650536e+00
    endloop
  endfacet
  facet normal 5.611871e-01 0.000000e+00 -8.276890e-01
    outer loop
      vertex   3.359477e+01 1.500000e+01 2.650536e+00
      vertex   3.359477e+01 0.000000e+00 2.650536e+00
      vertex   3.305784e+01 1.500000e+01 2.286486e+00
    endloop
  endfacet
  facet normal 5.611871e-01 0.000000e+00 -8.276890e-01
    outer loop
      vertex   3.305784e+01 1.500000e+01 2.286486e+00
      vertex   3.359477e+01 0.000000e+00 2.650536e+00
      vertex   3.305784e+01 0.000000e+00 2.286486e+00
    endloop
  endfacet
  facet normal 7.259955e-01 0.000000e+00 -6.876995e-01
    outer loop
      vertex   3.305784e+01 1.500000e+01 2.286486e+00
      vertex   3.305784e+01 0.000000e+00 2.286486e+00
      vertex   3.261172e+01 1.500000e+01 1.815523e+00
    endloop
  endfacet
  facet normal 7.259955e-01 0.000000e+00 -6.876995e-01
    outer loop
      vertex   3.261172e+01 1.500000e+01 1.815523e+00
      vertex   3.305784e+01 0.000000e+00 2.286486e+00
      vertex   3.261172e+01 0.000000e+00 1.815523e+00
    endloop
  endfacet
  facet normal 8.568572e-01 0.000000e+00 -5.155539e-01
    outer loop
      vertex   3.261172e+01 1.500000e+01 1.815523e+00
      vertex   3.261172e+01 0.000000e+00 1.815523e+00
      vertex   3.227727e+01 1.500000e+01 1.259667e+00
    endloop
  endfacet
  facet normal 8.568572e-01 0.000000e+00 -5.155539e-01
    outer loop
      vertex   3.227727e+01 1.500000e+01 1.259667e+00
      vertex   3.261172e+01 0.000000e+00 1.815523e+00
      vertex   3.227727e+01 0.000000e+00 1.259667e+00
    endloop
  endfacet
  facet normal 9.476532e-01 0.000000e+00 -3.193015e-01
    outer loop
      vertex   3.227727e+01 1.500000e+01 1.259667e+00
      vertex   3.227727e+01 0.000000e+00 1.259667e+00
      vertex   3.207014e+01 1.500000e+01 6.449113e-01
    endloop
  endfacet
  facet normal 9.476532e-01 0.000000e+00 -3.193015e-01
    outer loop
      vertex   3.207014e+01 1.500000e+01 6.449113e-01
      vertex   3.227727e+01 0.000000e+00 1.259667e+00
      vertex   3.207014e+01 0.000000e+00 6.449113e-01
    endloop
  endfacet
  facet normal 9.941380e-01 0.000000e+00 -1.081190e-01
    outer loop
      vertex   4.207014e+01 1.500000e+01 6.449113e-01
      vertex   4.207014e+01 0.000000e+00 6.449113e-01
      vertex   4.200000e+01 1.500000e+01 0.000000e+00
    endloop
  endfacet
  facet normal 9.941380e-01 -2.648152e-18 -1.081190e-01
    outer loop
      vertex   4.200000e+01 1.500000e+01 0.000000e+00
      vertex   4.207014e+01 0.000000e+00 6.449113e-01
      vertex   4.200000e+01 0.000000e+00 3.673940e-16
    endloop
  endfacet
  facet normal 9.941380e-01 2.648152e-18 1.081190e-01
    outer loop
      vertex   4.200000e+01 1.500000e+01 0.000000e+00
      vertex   4.200000e+01 0.000000e+00 3.673940e-16
      vertex   4.207014e+01 1.500000e+01 -6.449113e-01
    endloop
  endfacet
  facet normal 9.941380e-01 0.000000e+00 1.081190e-01
    outer loop
      vertex   4.207014e+01 1.500000e+01 -6.449113e-01
      vertex   4.200000e+01 0.000000e+00 3.673940e-16
      vertex   4.207014e+01 0.000000e+00 -6.449113e-01
    endloop
  endfacet
  facet normal 9.476532e-01 0.000000e+00 3.193015e-01
    outer loop
      vertex   4.207014e+01 1.500000e+01 -6.449113e-01
      vertex   4.207014e+01 0.000000e+00 -6.449113e-01
      vertex   4.227727e+01 1.500000e+01 -1.259667e+00
    endloop
  endfacet
  facet normal 9.476532e-01 0.000000e+00 3.193015e-01
    outer loop
      vertex   4.227727e+01 1.500000e+01 -1.259667e+00
      vertex   4.207014e+01 0.000000e+00 -6.449113e-01
      vertex   4.227727e+01 0.000000e+00 -1.259667e+00
    endloop
  endfacet
  facet normal 8.568572e-01 0.000000e+00 5.155539e-01
    outer loop
      vertex   4.227727e+01 1.500000e+01 -1.259667e+00
      vertex   4.227727e+01 0.000000e+00 -1.259667e+00
      vertex   4.261172e+01 1.500000e+01 -1.815523e+00
    endloop
  endfacet
  facet normal 8.568572e-01 0.000000e+00 5.155539e-01
    outer loop
      vertex   4.261172e+01 1.500000e+01 -1.815523e+00
      vertex   4.227727e+01 0.000000e+00 -1.259667e+00
      vertex   4.261172e+01 0.000000e+00 -1.815523e+00
    endloop
  endfacet
  facet normal 7.259955e-01 0.000000e+00 6.876995e-01
    outer loop
      vertex   4.261172e+01 1.500000e+01 -1.815523e+00
      vertex   4.261172e+01 0.000000e+00 -1.815523e+00
      vertex   4.305784e+01 1.500000e+01 -2.286486e+00
    endloop
  endfacet
  facet normal 7.259955e-01 0.000000e+00 6.876995e-01
    outer loop
      vertex   4.305784e+01 1.500000e+01 -2.286486e+00
      vertex   4.261172e+01 0.000000e+00 -1.815523e+00
      vertex   4.305784e+01 0.000000e+00 -2.286486e+00
    endloop
  endfacet
  facet normal 5.611871e-01 0.000000e+00 8.276890e-01
    outer loop
      vertex   4.305784e+01 1.500000e+01 -2.286486e+00
      vertex   4.305784e+01 0.000000e+00 -2.286486e+00
      vertex   4.359477e+01 1.500000e+01 -2.650536e+00
    endloop
  endfacet
  facet normal 5.611871e-01 0.000000e+00 8.276890e-01
    outer loop
      vertex   4.359477e+01 1.500000e+01 -2.650536e+00
      vertex   4.305784e+01 0.000000e+00 -2.286486e+00
      vertex   4.359477e+01 0.000000e+00 -2.650536e+00
    endloop
  endfacet
  facet normal 3.701382e-01 0.000000e+00 9.289767e-01
    outer loop
      vertex   4.359477e+01 1.500000e+01 -2.650536e+00
      vertex   4.359477e+01 0.000000e+00 -2.650536e+00
      vertex   4.419741e+01 1.500000e+01 -2.890650e+00
    endloop
  endfacet
  facet normal 3.701382e-01 0.000000e+00 9.289767e-01
    outer loop
      vertex   4.419741e+01 1.500000e+01 -2.890650e+00
      vertex   4.359477e+01 0.000000e+00 -2.650536e+00
      vertex   4.419741e+01 0.000000e+00 -2.890650e+00
    endloop
  endfacet
  facet normal 1.617820e-01 0.000000e+00 9.868265e-01
    outer loop
      vertex   4.419741e+01 1.500000e+01 -2.890650e+00
      vertex   4.419741e+01 0.000000e+00 -2.890650e+00
      vertex   4.483758e+01 1.500000e+01 -2.995600e+00
    endloop
  endfacet
  facet normal 1.617820e-01 0.000000e+00 9.868265e-01
    outer loop
      vertex   4.483758e+01 1.500000e+01 -2.995600e+00
      vertex   4.419741e+01 0.000000e+00 -2.890650e+00
      vertex   4.483758e+01 0.000000e+00 -2.995600e+00
    endloop
  endfacet
  facet normal -5.413891e-02 0.000000e+00 9.985334e-01
    outer loop
      vertex   4.483758e+01 1.500000e+01 -2.995600e+00
      vertex   4.483758e+01 0.000000e+00 -2.995600e+00
      vertex   4.548535e+01 1.500000e+01 -2.960480e+00
    endloop
  endfacet
  facet normal -5.413891e-02 0.000000e+00 9.985334e-01
    outer loop
      vertex   4.548535e+01 1.500000e+01 -2.960480e+00
      vertex   4.483758e+01 0.000000e+00 -2.995600e+00
      vertex   4.548535e+01 0.000000e+00 -2.960480e+00
    endloop
  endfacet
  facet normal -2.675283e-01 0.000000e+00 9.635500e-01
    outer loop
      vertex   4.548535e+01 1.500000e+01 -2.960480e+00
      vertex   4.548535e+01 0.000000e+00 -2.960480e+00
      vertex   4.611041e+01 1.500000e+01 -2.786930e+00
    endloop
  endfacet
  facet normal -2.675283e-01 0.000000e+00 9.635500e-01
    outer loop
      vertex   4.611041e+01 1.500000e+01 -2.786930e+00
      vertex   4.548535e+01 0.000000e+00 -2.960480e+00
      vertex   4.611041e+01 0.000000e+00 -2.786930e+00
    endloop
  endfacet
  facet normal -4.684084e-01 0.000000e+00 8.835120e-01
    outer loop
      vertex   4.611041e+01 1.500000e+01 -2.786930e+00
      vertex   4.611041e+01 0.000000e+00 -2.786930e+00
      vertex   4.668356e+01 1.500000e+01 -2.483067e+00
    endloop
  endfacet
  facet normal -4.684084e-01 0.000000e+00 8.835120e-01
    outer loop
      vertex   4.668356e+01 1.500000e+01 -2.483067e+00
      vertex   4.611041e+01 0.000000e+00 -2.786930e+00
      vertex   4.668356e+01 0.000000e+00 -2.483067e+00
    endloop
  endfacet
  facet normal -6.473863e-01 0.000000e+00 7.621621e-01
    outer loop
      vertex   4.668356e+01 1.500000e+01 -2.483067e+00
      vertex   4.668356e+01 0.000000e+00 -2.483067e+00
      vertex   4.717799e+01 1.500000e+01 -2.063098e+00
    endloop
  endfacet
  facet normal -6.473863e-01 0.000000e+00 7.621621e-01
    outer loop
      vertex   4.717799e+01 1.500000e+01 -2.063098e+00
      vertex   4.668356e+01 0.000000e+00 -2.483067e+00
      vertex   4.717799e+01 0.000000e+00 -2.063098e+00
    endloop
  endfacet
  facet normal -7.960931e-01 0.000000e+00 6.051742e-01
    outer loop
      vertex   4.717799e+01 1.500000e+01 -2.063098e+00
      vertex   4.717799e+01 0.000000e+00 -2.063098e+00
      vertex   4.757057e+01 1.500000e+01 -1.546662e+00
    endloop
  endfacet
  facet normal -7.960931e-01 0.000000e+00 6.051742e-01
    outer loop
      vertex   4.757057e+01 1.500000e+01 -1.546662e+00
      vertex   4.717799e+01 0.000000e+00 -2.063098e+00
      vertex   4.757057e+01 0.000000e+00 -1.546662e+00
    endloop
  endfacet
  facet normal -9.075754e-01 0.000000e+00 4.198891e-01
    outer loop
      vertex   4.757057e+01 1.500000e+01 -1.546662e+00
      vertex   4.757057e+01 0.000000e+00 -1.546662e+00
      vertex   4.784296e+01 1.500000e+01 -9.579046e-01
    endloop
  endfacet
  facet normal -9.075754e-01 0.000000e+00 4.198891e-01
    outer loop
      vertex   4.784296e+01 1.500000e+01 -9.579046e-01
      vertex   4.757057e+01 0.000000e+00 -1.546662e+00
      vertex   4.784296e+01 0.000000e+00 -9.579046e-01
    endloop
  endfacet
  facet normal -9.766206e-01 0.000000e+00 2.149704e-01
    outer loop
      vertex   4.784296e+01 1.500000e+01 -9.579046e-01
      vertex   4.784296e+01 0.000000e+00 -9.579046e-01
      vertex   4.798241e+01 1.500000e+01 -3.243571e-01
    endloop
  endfacet
  facet normal -9.766206e-01 0.000000e+00 2.149704e-01
    outer loop
      vertex   4.798241e+01 1.500000e+01 -3.243571e-01
      vertex   4.784296e+01 0.000000e+00 -9.579046e-01
      vertex   4.798241e+01 0.000000e+00 -3.243571e-01
    endloop
  endfacet
  facet normal -1.000000e+00 0.000000e+00 0.000000e+00
    outer loop
      vertex   4.798241e+01 1.500000e+01 -3.243571e-01
      vertex   4.798241e+01 0.000000e+00 -3.243571e-01
      vertex   4.798241e+01 1.500000e+01 3.243571e-01
    endloop
  endfacet
  facet normal -1.000000e+00 -0.000000e+00 0.000000e+00
    outer loop
      vertex   4.798241e+01 1.500000e+01 3.243571e-01
      vertex   4.798241e+01 0.000000e+00 -3.243571e-01
      vertex   4.798241e+01 0.000000e+00 3.243571e-01
    endloop
  endfacet
  facet normal -9.766206e-01 -0.000000e+00 -2.149704e-01
    outer loop
      vertex   4.798241e+01 1.500000e+01 3.243571e-01
      vertex   4.798241e+01 0.000000e+00 3.243571e-01
      vertex   4.784296e+01 1.500000e+01 9.579046e-01
    endloop
  endfacet
  facet normal -9.766206e-01 -0.000000e+00 -2.149704e-01
    outer loop
      vertex   4.784296e+01 1.500000e+01 9.579046e-01
      vertex   4.798241e+01 0.000000e+00 3.243571e-01
      vertex   4.784296e+01 0.000000e+00 9.579046e-01
    endloop
  endfacet
  facet normal -9.075754e-01 -0.000000e+00 -4.198891e-01
    outer loop
      vertex   4.784296e+01 1.500000e+01 9.579046e-01
      vertex   4.784296e+01 0.000000e+00 9.579046e-01
      vertex   4.757057e+01 1.500000e+01 1.546662e+00
    endloop
  endfacet
  facet normal -9.075754e-01 -0.000000e+00 -4.198891e-01
    outer loop
      vertex   4.757057e+01 1.500000e+01 1.546662e+00
      vertex   4.784296e+01 0.000000e+00 9.579046e-01
      vertex   4.757057e+01 0.000000e+00 1.546662e+00
    endloop
  endfacet
  facet normal -7.960931e-01 -0.000000e+00 -6.051742e-01
    outer loop
      vertex   4.757057e+01 1.500000e+01 1.546662e+00
      vertex   4.757057e+01 0.000000e+00 1.546662e+00
      vertex   4.717799e+01 1.500000e+01 2.063098e+00
    endloop
  endfacet
  facet normal -7.960931e-01 -0.000000e+00 -6.051742e-01
    outer loop
      vertex   4.717799e+01 1.500000e+01 2.063098e+00
      vertex   4.757057e+01 0.000000e+00 1.546662e+00
      vertex   4.717799e+01 0.000000e+00 2.063098e+00
    endloop
  endfacet
  facet normal -6.473863e-01 -0.000000e+00 -7.621621e-01
    outer loop
      vertex   4.717799e+01 1.500000e+01 2.063098e+00
      vertex   4.717799e+01 0.000000e+00 2.063098e+00
      vertex   4.668356e+01 1.500000e+01 2.483067e+00
    endloop
  endfacet
  facet normal -6.473863e-01 -0.000000e+00 -7.621621e-01
    outer loop
      vertex   4.668356e+01 1.500000e+01 2.483067e+00
      vertex   4.717799e+01 0.000000e+00 2.063098e+00
      vertex   4.668356e+01 0.000000e+00 2.483067e+00
    endloop
  endfacet
  facet normal -4.684084e-01 -0.000000e+00 -8.835120e-01
    outer loop
      vertex   4.668356e+01 1.500000e+01 2.483067e+00
      vertex   4.668356e+01 0.000000e+00 2.483067e+00
      vertex   4.611041e+01 1.500000e+01 2.786930e+00
    endloop
  endfacet
  facet normal -4.684084e-01 -0.000000e+00 -8.835120e-01
    outer loop
      vertex   4.611041e+01 1.500000e+01 2.786930e+00
      vertex   4.668356e+01 0.000000e+00 2.483067e+00
      vertex   4.611041e+01 0.000000e+00 2.786930e+00
    endloop
  endfacet
  facet normal -2.675283e-01 -0.000000e+00 -9.635500e-01
    outer loop
      vertex   4.611041e+01 1.500000e+01 2.786930e+00
      vertex   4.611041e+01 0.000000e+00 2.786930e+00
      vertex   4.548535e+01 1.500000e+01 2.960480e+00
    endloop
  endfacet
  facet normal -2.675283e-01 -0.000000e+00 -9.635500e-01
    outer loop
      vertex   4.548535e+01 1.500000e+01 2.960480e+00
      vertex   4.611041e+01 0.000000e+00 2.786930e+00
      vertex   4.548535e+01 0.000000e+00 2.960480e+00
    endloop
  endfacet
  facet normal -5.413891e-02 -0.000000e+00 -9.985334e-01
    outer loop
      vertex   4.548535e+01 1.500000e+01 2.960480e+00
      vertex   4.548535e+01 0.000000e+00 2.960480e+00
      vertex   4.483758e+01 1.500000e+01 2.995600e+00
    endloop
  endfacet
  facet normal -5.413891e-02 -0.000000e+00 -9.985334e-01
    outer loop
      vertex   4.483758e+01 1.500000e+01 2.995600e+00
      vertex   4.548535e+01 0.000000e+00 2.960480e+00
      vertex   4.483758e+01 0.000000e+00 2.995600e+00
    endloop
  endfacet
  facet normal 1.617820e-01 0.000000e+00 -9.868265e-01
    outer loop
      vertex   4.483758e+01 1.500000e+01 2.995600e+00
      vertex   4.483758e+01 0.000000e+00 2.995600e+00
      vertex   4.419741e+01 1.500000e+01 2.890650e+00
    endloop
  endfacet
  facet normal 1.617820e-01 0.000000e+00 -9.868265e-01
    outer loop
      vertex   4.419741e+01 1.500000e+01 2.890650e+00
      vertex   4.483758e+01 0.000000e+00 2.995600e+00
      vertex   4.419741e+01 0.000000e+00 2.890650e+00
    endloop
  endfacet
  facet normal 3.701382e-01 0.000000e+00 -9.289767e-01
    outer loop
      vertex   4.419741e+01 1.500000e+01 2.890650e+00
      vertex   4.419741e+01 0.000000e+00 2.890650e+00
      vertex   4.359477e+01 1.500000e+01 2.650536e+00
    endloop
  endfacet
  facet normal 3.701382e-01 0.000000e+00 -9.289767e-01
    outer loop
      vertex   4.359477e+01 1.500000e+01 2.650536e+00
      vertex   4.419741e+01 0.000000e+00 2.890650e+00
      vertex   4.359477e+01 0.000000e+00 2.650536e+00
    endloop
  endfacet
  facet normal 5.611871e-01 0.000000e+00 -8.276890e-01
    outer loop
      vertex   4.359477e+01 1.500000e+01 2.650536e+00
      vertex   4.359477e+01 0.000000e+00 2.650536e+00
      vertex   4.305784e+01 1.500000e+01 2.286486e+00
    endloop
  endfacet
  facet normal 5.611871e-01 0.000000e+00 -8.276890e-01
    outer loop
      vertex   4.305784e+01 1.500000e+01 2.286486e+00
      vertex   4.359477e+01 0.000000e+00 2.650536e+00
      vertex   4.305784e+01 0.000000e+00 2.286486e+00
    endloop
  endfacet
  facet normal 7.259955e-01 0.000000e+00 -6.876995e-01
    outer loop
      vertex   4.305784e+01 1.500000e+01 2.286486e+00
      vertex   4.305784e+01 0.000000e+00 2.286486e+00
      vertex   4.261172e+01 1.500000e+01 1.815523e+00
    endloop
  endfacet
  facet normal 7.259955e-01 0.000000e+00 -6.876995e-01
    outer loop
      vertex   4.261172e+01 1.500000e+01 1.815523e+00
      vertex   4.305784e+01 0.000000e+00 2.286486e+00
      vertex   4.261172e+01 0.000000e+00 1.815523e+00
    endloop
  endfacet
  facet normal 8.568572e-01 0.000000e+00 -5.155539e-01
    outer loop
      vertex   4.261172e+01 1.500000e+01 1.815523e+00
      vertex   4.261172e+01 0.000000e+00 1.815523e+00
      vertex   4.227727e+01 1.500000e+01 1.259667e+00
    endloop
  endfacet
  facet normal 8.568572e-01 0.000000e+00 -5.155539e-01
    outer loop
      vertex   4.227727e+01 1.500000e+01 1.259667e+00
      vertex   4.261172e+01 0.000000e+00 1.815523e+00
      vertex   4.227727e+01 0.000000e+00 1.259667e+00
    endloop
  endfacet
  facet normal 9.476532e-01 0.000000e+00 -3.193015e-01
    outer loop
      vertex   4.227727e+01 1.500000e+01 1.259667e+00
      vertex   4.227727e+01 0.000000e+00 1.259667e+00
      vertex   4.207014e+01 1.500000e+01 6.449113e-01
    endloop
  endfacet
  facet normal 9.476532e-01 0.000000e+00 -3.193015e-01
    outer loop
      vertex   4.207014e+01 1.500000e+01 6.449113e-01
      vertex   4.227727e+01 0.000000e+00 1.259667e+00
      vertex   4.207014e+01 0.000000e+00 6.449113e-01
    endloop
  endfacet
  facet normal 9.941380e-01 0.000000e+00 -1.081190e-01
    outer loop
      vertex   4.207014e+01 1.500000e+01 1.064491e+01
      vertex   4.207014e+01 0.000000e+00 1.064491e+01
      vertex   4.200000e+01 1.500000e+01 1.000000e+01
    endloop
  endfacet
  facet normal 9.941380e-01 0.000000e+00 -1.081190e-01
    outer loop
      vertex   4.200000e+01 1.500000e+01 1.000000e+01
      vertex   4.207014e+01 0.000000e+00 1.064491e+01
      vertex   4.200000e+01 0.000000e+00 1.000000e+01
    endloop
  endfacet
  facet normal 9.941380e-01 0.000000e+00 1.081190e-01
    outer loop
      vertex   4.200000e+01 1.500000e+01 1.000000e+01
      vertex   4.200000e+01 0.000000e+00 1.000000e+01
      vertex   4.207014e+01 1.500000e+01 9.355089e+00
    endloop
  endfacet
  facet normal 9.941380e-01 0.000000e+00 1.081190e-01
    outer loop
      vertex   4.207014e+01 1.500000e+01 9.355089e+00
      vertex   4.200000e+01 0.000000e+00 1.000000e+01
      vertex   4.207014e+01 0.000000e+00 9.355089e+00
    endloop
  endfacet
  facet normal 9.476532e-01 0.000000e+00 3.193015e-01
    outer loop
      vertex   4.207014e+01 1.500000e+01 9.355089e+00
      vertex   4.207014e+01 0.000000e+00 9.355089e+00
      vertex   4.227727e+01 1.500000e+01 8.740333e+00
    endloop
  endfacet
  facet normal 9.476532e-01 0.000000e+00 3.193015e-01
    outer loop
      vertex   4.227727e+01 1.500000e+01 8.740333e+00
      vertex   4.207014e+01 0.000000e+00 9.355089e+00
      vertex   4.227727e+01 0.000000e+00 8.740333e+00
    endloop
  endfacet
  facet normal 8.568572e-01 0.000000e+00 5.155539e-01
    outer loop
      vertex   4.227727e+01 1.500000e+01 8.740333e+00
      vertex   4.227727e+01 0.000000e+00 8.740333e+00
      vertex   4.261172e+01 1.500000e+01 8.184477e+00
    endloop
  endfacet
  facet normal 8.568572e-01 0.000000e+00 5.155539e-01
    outer loop
      vertex   4.261172e+01 1.500000e+01 8.184477e+00
      vertex   4.227727e+01 0.000000e+00 8.740333e+00
      vertex   4.261172e+01 0.000000e+00 8.184477e+00
    endloop
  endfacet
  facet normal 7.259955e-01 0.000000e+00 6.876995e-01
    outer loop
      vertex   4.261172e+01 1.500000e+01 8.184477e+00
      vertex   4.261172e+01 0.000000e+00 8.184477e+00
      vertex   4.305784e+01 1.500000e+01 7.713514e+00
    endloop
  endfacet
  facet normal 7.259955e-01 0.000000e+00 6.876995e-01
    outer loop
      vertex   4.305784e+01 1.500000e+01 7.713514e+00
      vertex   4.261172e+01 0.000000e+00 8.184477e+00
      vertex   4.305784e+01 0.000000e+00 7.713514e+00
    endloop
  endfacet
  facet normal 5.611871e-01 0.000000e+00 8.276890e-01
    outer loop
      vertex   4.305784e+01 1.500000e+01 7.713514e+00
      vertex   4.305784e+01 0.000000e+00 7.713514e+00
      vertex   4.359477e+01 1.500000e+01 7.349464e+00
    endloop
  endfacet
  facet normal 5.611871e-01 0.000000e+00 8.276890e-01
    outer loop
      vertex   4.359477e+01 1.500000e+01 7.349464e+00
      vertex   4.305784e+01 0.000000e+00 7.713514e+00
      vertex   4.359477e+01 0.000000e+00 7.349464e+00
    endloop
  endfacet
  facet normal 3.701382e-01 0.000000e+00 9.289767e-01
    outer loop
      vertex   4.359477e+01 1.500000e+01 7.349464e+00
      vertex   4.359477e+01 0.000000e+00 7.349464e+00
      vertex   4.419741e+01 1.500000e+01 7.109350e+00
    endloop
  endfacet
  facet normal 3.701382e-01 0.000000e+00 9.289767e-01
    outer loop
      vertex   4.419741e+01 1.500000e+01 7.109350e+00
      vertex   4.359477e+01 0.000000e+00 7.349464e+00
      vertex   4.419741e+01 0.000000e+00 7.109350e+00
    endloop
  endfacet
  facet normal 1.617820e-01 0.000000e+00 9.868265e-01
    outer loop
      vertex   4.419741e+01 1.500000e+01 7.109350e+00
      vertex   4.419741e+01 0.000000e+00 7.109350e+00
      vertex   4.483758e+01 1.500000e+01 7.004400e+00
    endloop
  endfacet
  facet normal 1.617820e-01 0.000000e+00 9.868265e-01
    outer loop
      vertex   4.483758e+01 1.500000e+01 7.004400e+00
      vertex   4.419741e+01 0.000000e+00 7.109350e+00
      vertex   4.483758e+01 0.000000e+00 7.004400e+00
    endloop
  endfacet
  facet normal -5.413891e-02 0.000000e+00 9.985334e-01
    outer loop
      vertex   4.483758e+01 1.500000e+01 7.004400e+00
      vertex   4.483758e+01 0.000000e+00 7.004400e+00
      vertex   4.548535e+01 1.500000e+01 7.039520e+00
    endloop
  endfacet
  facet normal -5.413891e-02 0.000000e+00 9.985334e-01
    outer loop
      vertex   4.548535e+01 1.500000e+01 7.039520e+00
      vertex   4.483758e+01 0.000000e+00 7.004400e+00
      vertex   4.548535e+01 0.000000e+00 7.039520e+00
    endloop
  endfacet
  facet normal -2.675283e-01 0.000000e+00 9.635500e-01
    outer loop
      vertex   4.548535e+01 1.500000e+01 7.039520e+00
      vertex   4.548535e+01 0.000000e+00 7.039520e+00
      vertex   4.611041e+01 1.500000e+01 7.213070e+00
    endloop
  endfacet
  facet normal -2.675283e-01 0.000000e+00 9.635500e-01
    outer loop
      vertex   4.611041e+01 1.500000e+01 7.213070e+00
      vertex   4.548535e+01 0.000000e+00 7.039520e+00
      vertex   4.611041e+01 0.000000e+00 7.213070e+00
    endloop
  endfacet
  facet normal -4.684084e-01 0.000000e+00 8.835120e-01
    outer loop
      vertex   4.611041e+01 1.500000e+01 7.213070e+00
      vertex   4.611041e+01 0.000000e+00 7.213070e+00
      vertex   4.668356e+01 1.500000e+01 7.516933e+00
    endloop
  endfacet
  facet normal -4.684084e-01 0.000000e+00 8.835120e-01
    outer loop
      vertex   4.668356e+01 1.500000e+01 7.516933e+00
      vertex   4.611041e+01 0.000000e+00 7.213070e+00
      vertex   4.668356e+01 0.000000e+00 7.516933e+00
    endloop
  endfacet
  facet normal -6.473863e-01 0.000000e+00 7.621621e-01
    outer loop
      vertex   4.668356e+01 1.500000e+01 7.516933e+00
      vertex   4.668356e+01 0.000000e+00 7.516933e+00
      vertex   4.717799e+01 1.500000e+01 7.936902e+00
    endloop
  endfacet
  facet normal -6.473863e-01 0.000000e+00 7.621621e-01
    outer loop
      vertex   4.717799e+01 1.500000e+01 7.936902e+00
      vertex   4.668356e+01 0.000000e+00 7.516933e+00
      vertex   4.717799e+01 0.000000e+00 7.936902e+00
    endloop
  endfacet
  facet normal -7.960931e-01 0.000000e+00 6.051742e-01
    outer loop
      vertex   4.717799e+01 1.500000e+01 7.936902e+00
      vertex   4.717799e+01 0.000000e+00 7.936902e+00
      vertex   4.757057e+01 1.500000e+01 8.453338e+00
    endloop
  endfacet
  facet normal -7.960931e-01 0.000000e+00 6.051742e-01
    outer loop
      vertex   4.757057e+01 1.500000e+01 8.453338e+00
      vertex   4.717799e+01 0.000000e+00 7.936902e+00
      vertex   4.757057e+01 0.000000e+00 8.453338e+00
    endloop
  endfacet
  facet normal -9.075754e-01 0.000000e+00 4.198891e-01
    outer loop
      vertex   4.757057e+01 1.500000e+01 8.453338e+00
      vertex   4.757057e+01 0.000000e+00 8.453338e+00
      vertex   4.784296e+01 1.500000e+01 9.042095e+00
    endloop
  endfacet
  facet normal -9.075754e-01 0.000000e+00 4.198891e-01
    outer loop
      vertex   4.784296e+01 1.500000e+01 9.042095e+00
      vertex   4.757057e+01 0.000000e+00 8.453338e+00
      vertex   4.784296e+01 0.000000e+00 9.042095e+00
    endloop
  endfacet
  facet normal -9.766206e-01 0.000000e+00 2.149704e-01
    outer loop
      vertex   4.784296e+01 1.500000e+01 9.042095e+00
      vertex   4.784296e+01 0.000000e+00 9.042095e+00
      vertex   4.798241e+01 1.500000e+01 9.675643e+00
    endloop
  endfacet
  facet normal -9.766206e-01 0.000000e+00 2.149704e-01
    outer loop
      vertex   4.798241e+01 1.500000e+01 9.675643e+00
      vertex   4.784296e+01 0.000000e+00 9.042095e+00
      vertex   4.798241e+01 0.000000e+00 9.675643e+00
    endloop
  endfacet
  facet normal -1.000000e+00 0.000000e+00 0.000000e+00
    outer loop
      vertex   4.798241e+01 1.500000e+01 9.675643e+00
      vertex   4.798241e+01 0.000000e+00 9.675643e+00
      vertex   4.798241e+01 1.500000e+01 1.032436e+01
    endloop
  endfacet
  facet normal -1.000000e+00 -0.000000e+00 0.000000e+00
    outer loop
      vertex   4.798241e+01 1.500000e+01 1.032436e+01
      vertex   4.798241e+01 0.000000e+00 9.675643e+00
      vertex   4.798241e+01 0.000000e+00 1.032436e+01
    endloop
  endfacet
  facet normal -9.766206e-01 -0.000000e+00 -2.149704e-01
    outer loop
      vertex   4.798241e+01 1.500000e+01 1.032436e+01
      vertex   4.798241e+01 0.000000e+00 1.032436e+01
      vertex   4.784296e+01 1.500000e+01 1.095790e+01
    endloop
  endfacet
  facet normal -9.766206e-01 -0.000000e+00 -2.149704e-01
    outer loop
      vertex   4.784296e+01 1.500000e+01 1.095790e+01
      vertex   4.798241e+01 0.000000e+00 1.032436e+01
      vertex   4.784296e+01 0.000000e+00 1.095790e+01
    endloop
  endfacet
  facet normal -9.075754e-01 -0.000000e+00 -4.198891e-01
    outer loop
      vertex   4.784296e+01 1.500000e+01 1.095790e+01
      vertex   4.784296e+01 0.000000e+00 1.095790e+01
      vertex   4.757057e+01 1.500000e+01 1.154666e+01
    endloop
  endfacet
  facet normal -9.075754e-01 -0.000000e+00 -4.198891e-01
    outer loop
      vertex   4.757057e+01 1.500000e+01 1.154666e+01
      vertex   4.784296e+01 0.000000e+00 1.095790e+01
      vertex   4.757057e+01 0.000000e+00 1.154666e+01
    endloop
  endfacet
  facet normal -7.960931e-01 -0.000000e+00 -6.051742e-01
    outer loop
      vertex   4.757057e+01 1.500000e+01 1.154666e+01
      vertex   4.757057e+01 0.000000e+00 1.154666e+01
      vertex   4.717799e+01 1.500000e+01 1.206310e+01
    endloop
  endfacet
  facet normal -7.960931e-01 -0.000000e+00 -6.051742e-01
    outer loop
      vertex   4.717799e+01 1.500000e+01 1.206310e+01
      vertex   4.757057e+01 0.000000e+00 1.154666e+01
      vertex   4.717799e+01 0.000000e+00 1.206310e+01
    endloop
  endfacet
  facet normal -6.473863e-01 -0.000000e+00 -7.621621e-01
    outer loop
      vertex   4.717799e+01 1.500000e+01 1.206310e+01
      vertex   4.717799e+01 0.000000e+00 1.206310e+01
      vertex   4.668356e+01 1.500000e+01 1.248307e+01
    endloop
  endfacet
  facet normal -6.473863e-01 -0.000000e+00 -7.621621e-01
    outer loop
      vertex   4.668356e+01 1.500000e+01 1.248307e+01
      vertex   4.717799e+01 0.000000e+00 1.206310e+01
      vertex   4.668356e+01 0.000000e+00 1.248307e+01
    endloop
  endfacet
  facet normal -4.684084e-01 -0.000000e+00 -8.835120e-01
    outer loop
      vertex   4.668356e+01 1.500000e+01 1.248307e+01
      vertex   4.668356e+01 0.000000e+00 1.248307e+01
      vertex   4.611041e+01 1.500000e+01 1.278693e+01
    endloop
  endfacet
  facet normal -4.684084e-01 -0.000000e+00 -8.835120e-01
    outer loop
      vertex   4.611041e+01 1.500000e+01 1.278693e+01
      vertex   4.668356e+01 0.000000e+00 1.248307e+01
      vertex   4.611041e+01 0.000000e+00 1.278693e+01
    endloop
  endfacet
  facet normal -2.675283e-01 -0.000000e+00 -9.635500e-01
    outer loop
      vertex   4.611041e+01 1.500000e+01 1.278693e+01
      vertex   4.611041e+01 0.000000e+00 1.278693e+01
      vertex   4.548535e+01 1.500000e+01 1.296048e+01
    endloop
  endfacet
  facet normal -2.675283e-01 -0.000000e+00 -9.635500e-01
    outer loop
      vertex   4.548535e+01 1.500000e+01 1.296048e+01
      vertex   4.611041e+01 0.000000e+00 1.278693e+01
      vertex   4.548535e+01 0.000000e+00 1.296048e+01
    endloop
  endfacet
  facet normal -5.413891e-02 -0.000000e+00 -9.985334e-01
    outer loop
      vertex   4.548535e+01 1.500000e+01 1.296048e+01
      vertex   4.548535e+01 0.000000e+00 1.296048e+01
      vertex   4.483758e+01 1.500000e+01 1.299560e+01
    endloop
  endfacet
  facet normal -5.413891e-02 -0.000000e+00 -9.985334e-01
    outer loop
      vertex   4.483758e+01 1.500000e+01 1.299560e+01
      vertex   4.548535e+01 0.000000e+00 1.296048e+01
      vertex   4.483758e+01 0.000000e+00 1.299560e+01
    endloop
  endfacet
  facet normal 1.617820e-01 0.000000e+00 -9.868265e-01
    outer loop
      vertex   4.483758e+01 1.500000e+01 1.299560e+01
      vertex   4.483758e+01 0.000000e+00 1.299560e+01
      vertex   4.419741e+01 1.500000e+01 1.289065e+01
    endloop
  endfacet
  facet normal 1.617820e-01 0.000000e+00 -9.868265e-01
    outer loop
      vertex   4.419741e+01 1.500000e+01 1.289065e+01
      vertex   4.483758e+01 0.000000e+00 1.299560e+01
      vertex   4.419741e+01 0.000000e+00 1.289065e+01
    endloop
  endfacet
  facet normal 3.701382e-01 0.000000e+00 -9.289767e-01
    outer loop
      vertex   4.419741e+01 1.500000e+01 1.289065e+01
      vertex   4.419741e+01 0.000000e+00 1.289065e+01
      vertex   4.359477e+01 1.500000e+01 1.265054e+01
    endloop
  endfacet
  facet normal 3.701382e-01 0.000000e+00 -9.289767e-01
    outer loop
      vertex   4.359477e+01 1.500000e+01 1.265054e+01
      vertex   4.419741e+01 0.000000e+00 1.289065e+01
      vertex   4.359477e+01 0.000000e+00 1.265054e+01
    endloop
  endfacet
  facet normal 5.611871e-01 0.000000e+00 -8.276890e-01
    outer loop
      vertex   4.359477e+01 1.500000e+01 1.265054e+01
      vertex   4.359477e+01 0.000000e+00 1.265054e+01
      vertex   4.305784e+01 1.500000e+01 1.228649e+01
    endloop
  endfacet
  facet normal 5.611871e-01 0.000000e+00 -8.276890e-01
    outer loop
      vertex   4.305784e+01 1.500000e+01 1.228649e+01
      vertex   4.359477e+01 0.000000e+00 1.265054e+01
      vertex   4.305784e+01 0.000000e+00 1.228649e+01
    endloop
  endfacet
  facet normal 7.259955e-01 0.000000e+00 -6.876995e-01
    outer loop
      vertex   4.305784e+01 1.500000e+01 1.228649e+01
      vertex   4.305784e+01 0.000000e+00 1.228649e+01
      vertex   4.261172e+01 1.500000e+01 1.181552e+01
    endloop
  endfacet
  facet normal 7.259955e-01 0.000000e+00 -6.876995e-01
    outer loop
      vertex   4.261172e+01 1.500000e+01 1.181552e+01
      vertex   4.305784e+01 0.000000e+00 1.228649e+01
      vertex   4.261172e+01 0.000000e+00 1.181552e+01
    endloop
  endfacet
  facet normal 8.568572e-01 0.000000e+00 -5.155539e-01
    outer loop
      vertex   4.261172e+01 1.500000e+01 1.181552e+01
      vertex   4.261172e+01 0.000000e+00 1.181552e+01
      vertex   4.227727e+01 1.500000e+01 1.125967e+01
    endloop
  endfacet
  facet normal 8.568572e-01 0.000000e+00 -5.155539e-01
    outer loop
      vertex   4.227727e+01 1.500000e+01 1.125967e+01
      vertex   4.261172e+01 0.000000e+00 1.181552e+01
      vertex   4.227727e+01 0.000000e+00 1.125967e+01
    endloop
  endfacet
  facet normal 9.476532e-01 0.000000e+00 -3.193015e-01
    outer loop
      vertex   4.227727e+01 1.500000e+01 1.125967e+01
      vertex   4.227727e+01 0.000000e+00 1.125967e+01
      vertex   4.207014e+01 1.500000e+01 1.064491e+01
    endloop
  endfacet
  facet normal 9.476532e-01 0.000000e+00 -3.193015e-01
    outer loop
      vertex   4.207014e+01 1.500000e+01 1.064491e+01
      vertex   4.227727e+01 0.000000e+00 1.125967e+01
      vertex   4.207014e+01 0.000000e+00 1.064491e+01
    endloop
  endfacet
  facet normal 9.941380e-01 0.000000e+00 -1.081190e-01
    outer loop
      vertex   -7.929862e+00 1.500000e+01 6.449113e-01
      vertex   -7.929862e+00 0.000000e+00 6.449113e-01
      vertex   -8.000000e+00 1.500000e+01 0.000000e+00
    endloop
  endfacet
  facet normal 9.941380e-01 -2.648152e-18 -1.081190e-01
    outer loop
      vertex   -8.000000e+00 1.500000e+01 0.000000e+00
      vertex   -7.929862e+00 0.000000e+00 6.449113e-01
      vertex   -8.000000e+00 0.000000e+00 3.673940e-16
    endloop
  endfacet
  facet normal 9.941380e-01 2.648152e-18 1.081190e-01
    outer loop
      vertex   -8.000000e+00 1.500000e+01 0.000000e+00
      vertex   -8.000000e+00 0.000000e+00 3.673940e-16
      vertex   -7.929862e+00 1.500000e+01 -6.449113e-01
    endloop
  endfacet
  facet normal 9.941380e-01 0.000000e+00 1.081190e-01
    outer loop
      vertex   -7.929862e+00 1.500000e+01 -6.449113e-01
      vertex   -8.000000e+00 0.000000e+00 3.673940e-16
      vertex   -7.929862e+00 0.000000e+00 -6.449113e-01
    endloop
  endfacet
  facet normal 9.476532e-01 0.000000e+00 3.193015e-01
    outer loop
      vertex   -7.929862e+00 1.500000e+01 -6.449113e-01
      vertex   -7.929862e+00 0.000000e+00 -6.449113e-01
      vertex   -7.722726e+00 1.500000e+01 -1.259667e+00
    endloop
  endfacet
  facet normal 9.476532e-01 0.000000e+00 3.193015e-01
    outer loop
      vertex   -7.722726e+00 1.500000e+01 -1.259667e+00
      vertex   -7.929862e+00 0.000000e+00 -6.449113e-01
      vertex   -7.722726e+00 0.000000e+00 -1.259667e+00
    endloop
  endfacet
  facet normal 8.568572e-01 0.000000e+00 5.155539e-01
    outer loop
      vertex   -7.722726e+00 1.500000e+01 -1.259667e+00
      vertex   -7.722726e+00 0.000000e+00 -1.259667e+00
      vertex   -7.388279e+00 1.500000e+01 -1.815523e+00
    endloop
  endfacet
  facet normal 8.568572e-01 0.000000e+00 5.155539e-01
    outer loop
      vertex   -7.388279e+00 1.500000e+01 -1.815523e+00
      vertex   -7.722726e+00 0.000000e+00 -1.259667e+00
      vertex   -7.388279e+00 0.000000e+00 -1.815523e+00
    endloop
  endfacet
  facet normal 7.259955e-01 0.000000e+00 6.876995e-01
    outer loop
      vertex   -7.388279e+00 1.500000e+01 -1.815523e+00
      vertex   -7.388279e+00 0.000000e+00 -1.815523e+00
      vertex   -6.942159e+00 1.500000e+01 -2.286486e+00
    endloop
  endfacet
  facet normal 7.259955e-01 0.000000e+00 6.876995e-01
    outer loop
      vertex   -6.942159e+00 1.500000e+01 -2.286486e+00
      vertex   -7.388279e+00 0.000000e+00 -1.815523e+00
      vertex   -6.942159e+00 0.000000e+00 -2.286486e+00
    endloop
  endfacet
  facet normal 5.611871e-01 0.000000e+00 8.276890e-01
    outer loop
      vertex   -6.942159e+00 1.500000e+01 -2.286486e+00
      vertex   -6.942159e+00 0.000000e+00 -2.286486e+00
      vertex   -6.405225e+00 1.500000e+01 -2.650536e+00
    endloop
  endfacet
  facet normal 5.611871e-01 0.000000e+00 8.276890e-01
    outer loop
      vertex   -6.405225e+00 1.500000e+01 -2.650536e+00
      vertex   -6.942159e+00 0.000000e+00 -2.286486e+00
      vertex   -6.405225e+00 0.000000e+00 -2.650536e+00
    endloop
  endfacet
  facet normal 3.701382e-01 0.000000e+00 9.289767e-01
    outer loop
      vertex   -6.405225e+00 1.500000e+01 -2.650536e+00
      vertex   -6.405225e+00 0.000000e+00 -2.650536e+00
      vertex   -5.802585e+00 1.500000e+01 -2.890650e+00
    endloop
  endfacet
  facet normal 3.701382e-01 0.000000e+00 9.289767e-01
    outer loop
      vertex   -5.802585e+00 1.500000e+01 -2.890650e+00
      vertex   -6.405225e+00 0.000000e+00 -2.650536e+00
      vertex   -5.802585e+00 0.000000e+00 -2.890650e+00
    endloop
  endfacet
  facet normal 1.617820e-01 0.000000e+00 9.868265e-01
    outer loop
      vertex   -5.802585e+00 1.500000e+01 -2.890650e+00
      vertex   -5.802585e+00 0.000000e+00 -2.890650e+00
      vertex   -5.162417e+00 1.500000e+01 -2.995600e+00
    endloop
  endfacet
  facet normal 1.617820e-01 0.000000e+00 9.868265e-01
    outer loop
      vertex   -5.162417e+00 1.500000e+01 -2.995600e+00
      vertex   -5.802585e+00 0.000000e+00 -2.890650e+00
      vertex   -5.162417e+00 0.000000e+00 -2.995600e+00
    endloop
  endfacet
  facet normal -5.413891e-02 0.000000e+00 9.985334e-01
    outer loop
      vertex   -5.162417e+00 1.500000e+01 -2.995600e+00
      vertex   -5.162417e+00 0.000000e+00 -2.995600e+00
      vertex   -4.514654e+00 1.500000e+01 -2.960480e+00
    endloop
  endfacet
  facet normal -5.413891e-02 0.000000e+00 9.985334e-01
    outer loop
      vertex   -4.514654e+00 1.500000e+01 -2.960480e+00
      vertex   -5.162417e+00 0.000000e+00 -2.995600e+00
      vertex   -4.514654e+00 0.000000e+00 -2.960480e+00
    endloop
  endfacet
  facet normal -2.675283e-01 0.000000e+00 9.635500e-01
    outer loop
      vertex   -4.514654e+00 1.500000e+01 -2.960480e+00
      vertex   -4.514654e+00 0.000000e+00 -2.960480e+00
      vertex   -3.889586e+00 1.500000e+01 -2.786930e+00
    endloop
  endfacet
  facet normal -2.675283e-01 0.000000e+00 9.635500e-01
    outer loop
      vertex   -3.889586e+00 1.500000e+01 -2.786930e+00
      vertex   -4.514654e+00 0.000000e+00 -2.960480e+00
      vertex   -3.889586e+00 0.000000e+00 -2.786930e+00
    endloop
  endfacet
  facet normal -4.684084e-01 0.000000e+00 8.835120e-01
    outer loop
      vertex   -3.889586e+00 1.500000e+01 -2.786930e+00
      vertex   -3.889586e+00 0.000000e+00 -2.786930e+00
      vertex   -3.316439e+00 1.500000e+01 -2.483067e+00
    endloop
  endfacet
  facet normal -4.684084e-01 0.000000e+00 8.835120e-01
    outer loop
      vertex   -3.316439e+00 1.500000e+01 -2.483067e+00
      vertex   -3.889586e+00 0.000000e+00 -2.786930e+00
      vertex   -3.316439e+00 0.000000e+00 -2.483067e+00
    endloop
  endfacet
  facet normal -6.473863e-01 0.000000e+00 7.621621e-01
    outer loop
      vertex   -3.316439e+00 1.500000e+01 -2.483067e+00
      vertex   -3.316439e+00 0.000000e+00 -2.483067e+00
      vertex   -2.822014e+00 1.500000e+01 -2.063098e+00
    endloop
  endfacet
  facet normal -6.473863e-01 0.000000e+00 7.621621e-01
    outer loop
      vertex   -2.822014e+00 1.500000e+01 -2.063098e+00
      vertex   -3.316439e+00 0.000000e+00 -2.483067e+00
      vertex   -2.822014e+00 0.000000e+00 -2.063098e+00
    endloop
  endfacet
  facet normal -7.960931e-01 0.000000e+00 6.051742e-01
    outer loop
      vertex   -2.822014e+00 1.500000e+01 -2.063098e+00
      vertex   -2.822014e+00 0.000000e+00 -2.063098e+00
      vertex   -2.429428e+00 1.500000e+01 -1.546662e+00
    endloop
  endfacet
  facet normal -7.960931e-01 0.000000e+00 6.051742e-01
    outer loop
      vertex   -2.429428e+00 1.500000e+01 -1.546662e+00
      vertex   -2.822014e+00 0.000000e+00 -2.063098e+00
      vertex   -2.429428e+00 0.000000e+00 -1.546662e+00
    endloop
  endfacet
  facet normal -9.075754e-01 0.000000e+00 4.198891e-01
    outer loop
      vertex   -2.429428e+00 1.500000e+01 -1.546662e+00
      vertex   -2.429428e+00 0.000000e+00 -1.546662e+00
      vertex   -2.157040e+00 1.500000e+01 -9.579046e-01
    endloop
  endfacet
  facet normal -9.075754e-01 0.000000e+00 4.198891e-01
    outer loop
      vertex   -2.157040e+00 1.500000e+01 -9.579046e-01
      vertex   -2.429428e+00 0.000000e+00 -1.546662e+00
      vertex   -2.157040e+00 0.000000e+00 -9.579046e-01
    endloop
  endfacet
  facet normal -9.766206e-01 0.000000e+00 2.149704e-01
    outer loop
      vertex   -2.157040e+00 1.500000e+01 -9.579046e-01
      vertex   -2.157040e+00 0.000000e+00 -9.579046e-01
      vertex   -2.017586e+00 1.500000e+01 -3.243571e-01
    endloop
  endfacet
  facet normal -9.766206e-01 0.000000e+00 2.149704e-01
    outer loop
      vertex   -2.017586e+00 1.500000e+01 -3.243571e-01
      vertex   -2.157040e+00 0.000000e+00 -9.579046e-01
      vertex   -2.017586e+00 0.000000e+00 -3.243571e-01
    endloop
  endfacet
  facet normal -1.000000e+00 0.000000e+00 0.000000e+00
    outer loop
      vertex   -2.017586e+00 1.500000e+01 -3.243571e-01
      vertex   -2.017586e+00 0.000000e+00 -3.243571e-01
      vertex   -2.017586e+00 1.500000e+01 3.243571e-01
    endloop
  endfacet
  facet normal -1.000000e+00 -0.000000e+00 0.000000e+00
    outer loop
      vertex   -2.017586e+00 1.500000e+01 3.243571e-01
      vertex   -2.017586e+00 0.000000e+00 -3.243571e-01
      vertex   -2.017586e+00 0.000000e+00 3.243571e-01
    endloop
  endfacet
  facet normal -9.766206e-01 -0.000000e+00 -2.149704e-01
    outer loop
      vertex   -2.017586e+00 1.500000e+01 3.243571e-01
      vertex   -2.017586e+00 0.000000e+00 3.243571e-01
      vertex   -2.157040e+00 1.500000e+01 9.579046e-01
    endloop
  endfacet
  facet normal -9.766206e-01 -0.000000e+00 -2.149704e-01
    outer loop
      vertex   -2.157040e+00 1.500000e+01 9.579046e-01
      vertex   -2.017586e+00 0.000000e+00 3.243571e-01
      vertex   -2.157040e+00 0.000000e+00 9.579046e-01
    endloop
  endfacet
  facet normal -9.075754e-01 -0.000000e+00 -4.198891e-01
    outer loop
      vertex   -2.157040e+00 1.500000e+01 9.579046e-01
      vertex   -2.157040e+00 0.000000e+00 9.579046e-01
      vertex   -2.429428e+00 1.500000e+01 1.546662e+00
    endloop
  endfacet
  facet normal -9.075754e-01 -0.000000e+00 -4.198891e-01
    outer loop
      vertex   -2.429428e+00 1.500000e+01 1.546662e+00
      vertex   -2.157040e+00 0.000000e+00 9.579046e-01
      vertex   -2.429428e+00 0.000000e+00 1.546662e+00
    endloop
  endfacet
  facet normal -7.960931e-01 -0.000000e+00 -6.051742e-01
    outer loop
      vertex   -2.429428e+00 1.500000e+01 1.546662e+00
      vertex   -2.429428e+00 0.000000e+00 1.546662e+00
      vertex   -2.822014e+00 1.500000e+01 2.063098e+00
    endloop
  endfacet
  facet normal -7.960931e-01 -0.000000e+00 -6.051742e-01
    outer loop
      vertex   -2.822014e+00 1.500000e+01 2.063098e+00
      vertex   -2.429428e+00 0.000000e+00 1.546662e+00
      vertex   -2.822014e+00 0.000000e+00 2.063098e+00
    endloop
  endfacet
  facet normal -6.473863e-01 -0.000000e+00 -7.621621e-01
    outer loop
      vertex   -2.822014e+00 1.500000e+01 2.063098e+00
      vertex   -2.822014e+00 0.000000e+00 2.063098e+00
      vertex   -3.316439e+00 1.500000e+01 2.483067e+00
    endloop
  endfacet
  facet normal -6.473863e-01 -0.000000e+00 -7.621621e-01
    outer loop
      vertex   -3.316439e+00 1.500000e+01 2.483067e+00
      vertex   -2.822014e+00 0.000000e+00 2.063098e+00
      vertex   -3.316439e+00 0.000000e+00 2.483067e+00
    endloop
  endfacet
  facet normal -4.684084e-01 -0.000000e+00 -8.835120e-01
    outer loop
      vertex   -3.316439e+00 1.500000e+01 2.483067e+00
      vertex   -3.316439e+00 0.000000e+00 2.483067e+00
      vertex   -3.889586e+00 1.500000e+01 2.786930e+00
    endloop
  endfacet
  facet normal -4.684084e-01 -0.000000e+00 -8.835120e-01
    outer loop
      vertex   -3.889586e+00 1.500000e+01 2.786930e+00
      vertex   -3.316439e+00 0.000000e+00 2.483067e+00
      vertex   -3.889586e+00 0.000000e+00 2.786930e+00
    endloop
  endfacet
  facet normal -2.675283e-01 -0.000000e+00 -9.635500e-01
    outer loop
      vertex   -3.889586e+00 1.500000e+01 2.786930e+00
      vertex   -3.889586e+00 0.000000e+00 2.786930e+00
      vertex   -4.514654e+00 1.500000e+01 2.960480e+00
    endloop
  endfacet
  facet normal -2.675283e-01 -0.000000e+00 -9.635500e-01
    outer loop
      vertex   -4.514654e+00 1.500000e+01 2.960480e+00
      vertex   -3.889586e+00 0.000000e+00 2.786930e+00
      vertex   -4.514654e+00 0.000000e+00 2.960480e+00
    endloop
  endfacet
  facet normal -5.413891e-02 -0.000000e+00 -9.985334e-01
    outer loop
      vertex   -4.514654e+00 1.500000e+01 2.960480e+00
      vertex   -4.514654e+00 0.000000e+00 2.960480e+00
      vertex   -5.162417e+00 1.500000e+01 2.995600e+00
    endloop
  endfacet
  facet normal -5.413891e-02 -0.000000e+00 -9.985334e-01
    outer loop
      vertex   -5.162417e+00 1.500000e+01 2.995600e+00
      vertex   -4.514654e+00 0.000000e+00 2.960480e+00
      vertex   -5.162417e+00 0.000000e+00 2.995600e+00
    endloop
  endfacet
  facet normal 1.617820e-01 0.000000e+00 -9.868265e-01
    outer loop
      vertex   -5.162417e+00 1.500000e+01 2.995600e+00
      vertex   -5.162417e+00 0.000000e+00 2.995600e+00
      vertex   -5.802585e+00 1.500000e+01 2.890650e+00
    endloop
  endfacet
  facet normal 1.617820e-01 0.000000e+00 -9.868265e-01
    outer loop
      vertex   -5.802585e+00 1.500000e+01 2.890650e+00
      vertex   -5.162417e+00 0.000000e+00 2.995600e+00
      vertex   -5.802585e+00 0.000000e+00 2.890650e+00
    endloop
  endfacet
  facet normal 3.701382e-01 0.000000e+00 -9.289767e-01
    outer loop
      vertex   -5.802585e+00 1.500000e+01 2.890650e+00
      vertex   -5.802585e+00 0.000000e+00 2.890650e+00
      vertex   -6.405225e+00 1.500000e+01 2.650536e+00
    endloop
  endfacet
  facet normal 3.701382e-01 0.000000e+00 -9.289767e-01
    outer loop
      vertex   -6.405225e+00 1.500000e+01 2.650536e+00
      vertex   -5.802585e+00 0.000000e+00 2.890650e+00
      vertex   -6.405225e+00 0.000000e+00 2.650536e+00
    endloop
  endfacet
  facet normal 5.611871e-01 0.000000e+00 -8.276890e-01
    outer loop
      vertex   -6.405225e+00 1.500000e+01 2.650536e+00
      vertex   -6.405225e+00 0.000000e+00 2.650536e+00
      vertex   -6.942159e+00 1.500000e+01 2.286486e+00
    endloop
  endfacet
  facet normal 5.611871e-01 0.000000e+00 -8.276890e-01
    outer loop
      vertex   -6.942159e+00 1.500000e+01 2.286486e+00
      vertex   -6.405225e+00 0.000000e+00 2.650536e+00
      vertex   -6.942159e+00 0.000000e+00 2.286486e+00
    endloop
  endfacet
  facet normal 7.259955e-01 0.000000e+00 -6.876995e-01
    outer loop
      vertex   -6.942159e+00 1.500000e+01 2.286486e+00
      vertex   -6.942159e+00 0.000000e+00 2.286486e+00
      vertex   -7.388279e+00 1.500000e+01 1.815523e+00
    endloop
  endfacet
  facet normal 7.259955e-01 0.000000e+00 -6.876995e-01
    outer loop
      vertex   -7.388279e+00 1.500000e+01 1.815523e+00
      vertex   -6.942159e+00 0.000000e+00 2.286486e+00
      vertex   -7.388279e+00 0.000000e+00 1.815523e+00
    endloop
  endfacet
  facet normal 8.568572e-01 0.000000e+00 -5.155539e-01
    outer loop
      vertex   -7.388279e+00 1.500000e+01 1.815523e+00
      vertex   -7.388279e+00 0.000000e+00 1.815523e+00
      vertex   -7.722726e+00 1.500000e+01 1.259667e+00
    endloop
  endfacet
  facet normal 8.568572e-01 0.000000e+00 -5.155539e-01
    outer loop
      vertex   -7.722726e+00 1.500000e+01 1.259667e+00
      vertex   -7.388279e+00 0.000000e+00 1.815523e+00
      vertex   -7.722726e+00 0.000000e+00 1.259667e+00
    endloop
  endfacet
  facet normal 9.476532e-01 0.000000e+00 -3.193015e-01
    outer loop
      vertex   -7.722726e+00 1.500000e+01 1.259667e+00
      vertex   -7.722726e+00 0.000000e+00 1.259667e+00
      vertex   -7.929862e+00 1.500000e+01 6.449113e-01
    endloop
  endfacet
  facet normal 9.476532e-01 0.000000e+00 -3.193015e-01
    outer loop
      vertex   -7.929862e+00 1.500000e+01 6.449113e-01
      vertex   -7.722726e+00 0.000000e+00 1.259667e+00
      vertex   -7.929862e+00 0.000000e+00 6.449113e-01
    endloop
  endfacet
  facet normal 9.941380e-01 0.000000e+00 -1.081190e-01
    outer loop
      vertex   2.070138e+00 1.500000e+01 6.449113e-01
      vertex   2.070138e+00 0.000000e+00 6.449113e-01
      vertex   2.000000e+00 1.500000e+01 0.000000e+00
    endloop
  endfacet
  facet normal 9.941380e-01 -2.648152e-18 -1.081190e-01
    outer loop
      vertex   2.000000e+00 1.500000e+01 0.000000e+00
      vertex   2.070138e+00 0.000000e+00 6.449113e-01
      vertex   2.000000e+00 0.000000e+00 3.673940e-16
    endloop
  endfacet
  facet normal 9.941380e-01 2.648152e-18 1.081190e-01
    outer loop
      vertex   2.000000e+00 1.500000e+01 0.000000e+00
      vertex   2.000000e+00 0.000000e+00 3.673940e-16
      vertex   2.070138e+00 1.500000e+01 -6.449113e-01
    endloop
  endfacet
  facet normal 9.941380e-01 0.000000e+00 1.081190e-01
    outer loop
      vertex   2.070138e+00 1.500000e+01 -6.449113e-01
      vertex   2.000000e+00 0.000000e+00 3.673940e-16
      vertex   2.070138e+00 0.000000e+00 -6.449113e-01
    endloop
  endfacet
  facet normal 9.476532e-01 0.000000e+00 3.193015e-01
    outer loop
      vertex   2.070138e+00 1.500000e+01 -6.449113e-01
      vertex   2.070138e+00 0.000000e+00 -6.449113e-01
      vertex   2.277274e+00 1.500000e+01 -1.259667e+00
    endloop
  endfacet
  facet normal 9.476532e-01 0.000000e+00 3.193015e-01
    outer loop
      vertex   2.277274e+00 1.500000e+01 -1.259667e+00
      vertex   2.070138e+00 0.000000e+00 -6.449113e-01
      vertex   2.277274e+00 0.000000e+00 -1.259667e+00
    endloop
  endfacet
  facet normal 8.568572e-01 0.000000e+00 5.155539e-01
    outer loop
      vertex   2.277274e+00 1.500000e+01 -1.259667e+00
      vertex   2.277274e+00 0.000000e+00 -1.259667e+00
      vertex   2.611721e+00 1.500000e+01 -1.815523e+00
    endloop
  endfacet
  facet normal 8.568572e-01 0.000000e+00 5.155539e-01
    outer loop
      vertex   2.611721e+00 1.500000e+01 -1.815523e+00
      vertex   2.277274e+00 0.000000e+00 -1.259667e+00
      vertex   2.611721e+00 0.000000e+00 -1.815523e+00
    endloop
  endfacet
  facet normal 7.259955e-01 0.000000e+00 6.876995e-01
    outer loop
      vertex   2.611721e+00 1.500000e+01 -1.815523e+00
      vertex   2.611721e+00 0.000000e+00 -1.815523e+00
      vertex   3.057841e+00 1.500000e+01 -2.286486e+00
    endloop
  endfacet
  facet normal 7.259955e-01 0.000000e+00 6.876995e-01
    outer loop
      vertex   3.057841e+00 1.500000e+01 -2.286486e+00
      vertex   2.611721e+00 0.000000e+00 -1.815523e+00
      vertex   3.057841e+00 0.000000e+00 -2.286486e+00
    endloop
  endfacet
  facet normal 5.611871e-01 0.000000e+00 8.276890e-01
    outer loop
      vertex   3.057841e+00 1.500000e+01 -2.286486e+00
      vertex   3.057841e+00 0.000000e+00 -2.286486e+00
      vertex   3.594775e+00 1.500000e+01 -2.650536e+00
    endloop
  endfacet
  facet normal 5.611871e-01 0.000000e+00 8.276890e-01
    outer loop
      vertex   3.594775e+00 1.500000e+01 -2.650536e+00
      vertex   3.057841e+00 0.000000e+00 -2.286486e+00
      vertex   3.594775e+00 0.000000e+00 -2.650536e+00
    endloop
  endfacet
  facet normal 3.701382e-01 0.000000e+00 9.289767e-01
    outer loop
      vertex   3.594775e+00 1.500000e+01 -2.650536e+00
      vertex   3.594775e+00 0.000000e+00 -2.650536e+00
      vertex   4.197415e+00 1.500000e+01 -2.890650e+00
    endloop
  endfacet
  facet normal 3.701382e-01 0.000000e+00 9.289767e-01
    outer loop
      vertex   4.197415e+00 1.500000e+01 -2.890650e+00
      vertex   3.594775e+00 0.000000e+00 -2.650536e+00
      vertex   4.197415e+00 0.000000e+00 -2.890650e+00
    endloop
  endfacet
  facet normal 1.617820e-01 0.000000e+00 9.868265e-01
    outer loop
      vertex   4.197415e+00 1.500000e+01 -2.890650e+00
      vertex   4.197415e+00 0.000000e+00 -2.890650e+00
      vertex   4.837583e+00 1.500000e+01 -2.995600e+00
    endloop
  endfacet
  facet normal 1.617820e-01 0.000000e+00 9.868265e-01
    outer loop
      vertex   4.837583e+00 1.500000e+01 -2.995600e+00
      vertex   4.197415e+00 0.000000e+00 -2.890650e+00
      vertex   4.837583e+00 0.000000e+00 -2.995600e+00
    endloop
  endfacet
  facet normal -5.413891e-02 0.000000e+00 9.985334e-01
    outer loop
      vertex   4.837583e+00 1.500000e+01 -2.995600e+00
      vertex   4.837583e+00 0.000000e+00 -2.995600e+00
      vertex   5.485346e+00 1.500000e+01 -2.960480e+00
    endloop
  endfacet
  facet normal -5.413891e-02 0.000000e+00 9.985334e-01
    outer loop
      vertex   5.485346e+00 1.500000e+01 -2.960480e+00
      vertex   4.837583e+00 0.000000e+00 -2.995600e+00
      vertex   5.485346e+00 0.000000e+00 -2.960480e+00
    endloop
  endfacet
  facet normal -2.675283e-01 0.000000e+00 9.635500e-01
    outer loop
      vertex   5.485346e+00 1.500000e+01 -2.960480e+00
      vertex   5.485346e+00 0.000000e+00 -2.960480e+00
      vertex   6.110414e+00 1.500000e+01 -2.786930e+00
    endloop
  endfacet
  facet normal -2.675283e-01 0.000000e+00 9.635500e-01
    outer loop
      vertex   6.110414e+00 1.500000e+01 -2.786930e+00
      vertex   5.485346e+00 0.000000e+00 -2.960480e+00
      vertex   6.110414e+00 0.000000e+00 -2.786930e+00
    endloop
  endfacet
  facet normal -4.684084e-01 0.000000e+00 8.835120e-01
    outer loop
      vertex   6.110414e+00 1.500000e+01 -2.786930e+00
      vertex   6.110414e+00 0.000000e+00 -2.786930e+00
      vertex   6.683561e+00 1.500000e+01 -2.483067e+00
    endloop
  endfacet
  facet normal -4.684084e-01 0.000000e+00 8.835120e-01
    outer loop
      vertex   6.683561e+00 1.500000e+01 -2.483067e+00
      vertex   6.110414e+00 0.000000e+00 -2.786930e+00
      vertex   6.683561e+00 0.000000e+00 -2.483067e+00
    endloop
  endfacet
  facet normal -6.473863e-01 0.000000e+00 7.621621e-01
    outer loop
      vertex   6.683561e+00 1.500000e+01 -2.483067e+00
      vertex   6.683561e+00 0.000000e+00 -2.483067e+00
      vertex   7.177986e+00 1.500000e+01 -2.063098e+00
    endloop
  endfacet
  facet normal -6.473863e-01 0.000000e+00 7.621621e-01
    outer loop
      vertex   7.177986e+00 1.500000e+01 -2.063098e+00
      vertex   6.683561e+00 0.000000e+00 -2.483067e+00
      vertex   7.177986e+00 0.000000e+00 -2.063098e+00
    endloop
  endfacet
  facet normal -7.960931e-01 0.000000e+00 6.051742e-01
    outer loop
      vertex   7.177986e+00 1.500000e+01 -2.063098e+00
      vertex   7.177986e+00 0.000000e+00 -2.063098e+00
      vertex   7.570572e+00 1.500000e+01 -1.546662e+00
    endloop
  endfacet
  facet normal -7.960931e-01 0.000000e+00 6.051742e-01
    outer loop
      vertex   7.570572e+00 1.500000e+01 -1.546662e+00
      vertex   7.177986e+00 0.000000e+00 -2.063098e+00
      vertex   7.570572e+00 0.000000e+00 -1.546662e+00
    endloop
  endfacet
  facet normal -9.075754e-01 0.000000e+00 4.198891e-01
    outer loop
      vertex   7.570572e+00 1.500000e+01 -1.546662e+00
      vertex   7.570572e+00 0.000000e+00 -1.546662e+00
      vertex   7.842960e+00 1.500000e+01 -9.579046e-01
    endloop
  endfacet
  facet normal -9.075754e-01 0.000000e+00 4.198891e-01
    outer loop
      vertex   7.842960e+00 1.500000e+01 -9.579046e-01
      vertex   7.570572e+00 0.000000e+00 -1.546662e+00
      vertex   7.842960e+00 0.000000e+00 -9.579046e-01
    endloop
  endfacet
  facet normal -9.766206e-01 0.000000e+00 2.149704e-01
    outer loop
      vertex   7.842960e+00 1.500000e+01 -9.579046e-01
      vertex   7.842960e+00 0.000000e+00 -9.579046e-01
      vertex   7.982414e+00 1.500000e+01 -3.243571e-01
    endloop
  endfacet
  facet normal -9.766206e-01 0.000000e+00 2.149704e-01
    outer loop
      vertex   7.982414e+00 1.500000e+01 -3.243571e-01
      vertex   7.842960e+00 0.000000e+00 -9.579046e-01
      vertex   7.982414e+00 0.000000e+00 -3.243571e-01
    endloop
  endfacet
  facet normal -1.000000e+00 0.000000e+00 0.000000e+00
    outer loop
      vertex   7.982414e+00 1.500000e+01 -3.243571e-01
      vertex   7.982414e+00 0.000000e+00 -3.243571e-01
      vertex   7.982414e+00 1.500000e+01 3.243571e-01
    endloop
  endfacet
  facet normal -1.000000e+00 -0.000000e+00 0.000000e+00
    outer loop
      vertex   7.982414e+00 1.500000e+01 3.243571e-01
      vertex   7.982414e+00 0.000000e+00 -3.243571e-01
      vertex   7.982414e+00 0.000000e+00 3.243571e-01
    endloop
  endfacet
  facet normal -9.766206e-01 -0.000000e+00 -2.149704e-01
    outer loop
      vertex   7.982414e+00 1.500000e+01 3.243571e-01
      vertex   7.982414e+00 0.000000e+00 3.243571e-01
      vertex   7.842960e+00 1.500000e+01 9.579046e-01
    endloop
  endfacet
  facet normal -9.766206e-01 -0.000000e+00 -2.149704e-01
    outer loop
      vertex   7.842960e+00 1.500000e+01 9.579046e-01
      vertex   7.982414e+00 0.000000e+00 3.243571e-01
      vertex   7.842960e+00 0.000000e+00 9.579046e-01
    endloop
  endfacet
  facet normal -9.075754e-01 -0.000000e+00 -4.198891e-01
    outer loop
      vertex   7.842960e+00 1.500000e+01 9.579046e-01
      vertex   7.842960e+00 0.000000e+00 9.579046e-01
      vertex   7.570572e+00 1.500000e+01 1.546662e+00
    endloop
  endfacet
  facet normal -9.075754e-01 -0.000000e+00 -4.198891e-01
    outer loop
      vertex   7.570572e+00 1.500000e+01 1.546662e+00
      vertex   7.842960e+00 0.000000e+00 9.579046e-01
      vertex   7.570572e+00 0.000000e+00 1.546662e+00
    endloop
  endfacet
  facet normal -7.960931e-01 -0.000000e+00 -6.051742e-01
    outer loop
      vertex   7.570572e+00 1.500000e+01 1.546662e+00
      vertex   7.570572e+00 0.000000e+00 1.546662e+00
      vertex   7.177986e+00 1.500000e+01 2.063098e+00
    endloop
  endfacet
  facet normal -7.960931e-01 -0.000000e+00 -6.051742e-01
    outer loop
      vertex   7.177986e+00 1.500000e+01 2.063098e+00
      vertex   7.570572e+00 0.000000e+00 1.546662e+00
      vertex   7.177986e+00 0.000000e+00 2.063098e+00
    endloop
  endfacet
  facet normal -6.473863e-01 -0.000000e+00 -7.621621e-01
    outer loop
      vertex   7.177986e+00 1.500000e+01 2.063098e+00
      vertex   7.177986e+00 0.000000e+00 2.063098e+00
      vertex   6.683561e+00 1.500000e+01 2.483067e+00
    endloop
  endfacet
  facet normal -6.473863e-01 -0.000000e+00 -7.621621e-01
    outer loop
      vertex   6.683561e+00 1.500000e+01 2.483067e+00
      vertex   7.177986e+00 0.000000e+00 2.063098e+00
      vertex   6.683561e+00 0.000000e+00 2.483067e+00
    endloop
  endfacet
  facet normal -4.684084e-01 -0.000000e+00 -8.835120e-01
    outer loop
      vertex   6.683561e+00 1.500000e+01 2.483067e+00
      vertex   6.683561e+00 0.000000e+00 2.483067e+00
      vertex   6.110414e+00 1.500000e+01 2.786930e+00
    endloop
  endfacet
  facet normal -4.684084e-01 -0.000000e+00 -8.835120e-01
    outer loop
      vertex   6.110414e+00 1.500000e+01 2.786930e+00
      vertex   6.683561e+00 0.000000e+00 2.483067e+00
      vertex   6.110414e+00 0.000000e+00 2.786930e+00
    endloop
  endfacet
  facet normal -2.675283e-01 -0.000000e+00 -9.635500e-01
    outer loop
      vertex   6.110414e+00 1.500000e+01 2.786930e+00
      vertex   6.110414e+00 0.000000e+00 2.786930e+00
      vertex   5.485346e+00 1.500000e+01 2.960480e+00
    endloop
  endfacet
  facet normal -2.675283e-01 -0.000000e+00 -9.635500e-01
    outer loop
      vertex   5.485346e+00 1.500000e+01 2.960480e+00
      vertex   6.110414e+00 0.000000e+00 2.786930e+00
      vertex   5.485346e+00 0.000000e+00 2.960480e+00
    endloop
  endfacet
  facet normal -5.413891e-02 -0.000000e+00 -9.985334e-01
    outer loop
      vertex   5.485346e+00 1.500000e+01 2.960480e+00
      vertex   5.485346e+00 0.000000e+00 2.960480e+00
      vertex   4.837583e+00 1.500000e+01 2.995600e+00
    endloop
  endfacet
  facet normal -5.413891e-02 -0.000000e+00 -9.985334e-01
    outer loop
      vertex   4.837583e+00 1.500000e+01 2.995600e+00
      vertex   5.485346e+00 0.000000e+00 2.960480e+00
      vertex   4.837583e+00 0.000000e+00 2.995600e+00
    endloop
  endfacet
  facet normal 1.617820e-01 0.000000e+00 -9.868265e-01
    outer loop
      vertex   4.837583e+00 1.500000e+01 2.995600e+00
      vertex   4.837583e+00 0.000000e+00 2.995600e+00
      vertex   4.197415e+00 1.500000e+01 2.890650e+00
    endloop
  endfacet
  facet normal 1.617820e-01 0.000000e+00 -9.868265e-01
    outer loop
      vertex   4.197415e+00 1.500000e+01 2.890650e+00
      vertex   4.837583e+00 0.000000e+00 2.995600e+00
      vertex   4.197415e+00 0.000000e+00 2.890650e+00
    endloop
  endfacet
  facet normal 3.701382e-01 0.000000e+00 -9.289767e-01
    outer loop
      vertex   4.197415e+00 1.500000e+01 2.890650e+00
      vertex   4.197415e+00 0.000000e+00 2.890650e+00
      vertex   3.594775e+00 1.500000e+01 2.650536e+00
    endloop
  endfacet
  facet normal 3.701382e-01 0.000000e+00 -9.289767e-01
    outer loop
      vertex   3.594775e+00 1.500000e+01 2.650536e+00
      vertex   4.197415e+00 0.000000e+00 2.890650e+00
      vertex   3.594775e+00 0.000000e+00 2.650536e+00
    endloop
  endfacet
  facet normal 5.611871e-01 0.000000e+00 -8.276890e-01
    outer loop
      vertex   3.594775e+00 1.500000e+01 2.650536e+00
      vertex   3.594775e+00 0.000000e+00 2.650536e+00
      vertex   3.057841e+00 1.500000e+01 2.286486e+00
    endloop
  endfacet
  facet normal 5.611871e-01 0.000000e+00 -8.276890e-01
    outer loop
      vertex   3.057841e+00 1.500000e+01 2.286486e+00
      vertex   3.594775e+00 0.000000e+00 2.650536e+00
      vertex   3.057841e+00 0.000000e+00 2.286486e+00
    endloop
  endfacet
  facet normal 7.259955e-01 0.000000e+00 -6.876995e-01
    outer loop
      vertex   3.057841e+00 1.500000e+01 2.286486e+00
      vertex   3.057841e+00 0.000000e+00 2.286486e+00
      vertex   2.611721e+00 1.500000e+01 1.815523e+00
    endloop
  endfacet
  facet normal 7.259955e-01 0.000000e+00 -6.876995e-01
    outer loop
      vertex   2.611721e+00 1.500000e+01 1.815523e+00
      vertex   3.057841e+00 0.000000e+00 2.286486e+00
      vertex   2.611721e+00 0.000000e+00 1.815523e+00
    endloop
  endfacet
  facet normal 8.568572e-01 0.000000e+00 -5.155539e-01
    outer loop
      vertex   2.611721e+00 1.500000e+01 1.815523e+00
      vertex   2.611721e+00 0.000000e+00 1.815523e+00
      vertex   2.277274e+00 1.500000e+01 1.259667e+00
    endloop
  endfacet
  facet normal 8.568572e-01 0.000000e+00 -5.155539e-01
    outer loop
      vertex   2.277274e+00 1.500000e+01 1.259667e+00
      vertex   2.611721e+00 0.000000e+00 1.815523e+00
      vertex   2.277274e+00 0.000000e+00 1.259667e+00
    endloop
  endfacet
  facet normal 9.476532e-01 0.000000e+00 -3.193015e-01
    outer loop
      vertex   2.277274e+00 1.500000e+01 1.259667e+00
      vertex   2.277274e+00 0.000000e+00 1.259667e+00
      vertex   2.070138e+00 1.500000e+01 6.449113e-01
    endloop
  endfacet
  facet normal 9.476532e-01 0.000000e+00 -3.193015e-01
    outer loop
      vertex   2.070138e+00 1.500000e+01 6.449113e-01
      vertex   2.277274e+00 0.000000e+00 1.259667e+00
      vertex   2.070138e+00 0.000000e+00 6.449113e-01
    endloop
  endfacet
  facet normal 9.941380e-01 0.000000e+00 -1.081190e-01
    outer loop
      vertex   -4.792986e+01 1.500000e+01 6.449113e-01
      vertex   -4.792986e+01 0.000000e+00 6.449113e-01
      vertex   -4.800000e+01 1.500000e+01 0.000000e+00
    endloop
  endfacet
  facet normal 9.941380e-01 -2.648152e-18 -1.081190e-01
    outer loop
      vertex   -4.800000e+01 1.500000e+01 0.000000e+00
      vertex   -4.792986e+01 0.000000e+00 6.449113e-01
      vertex   -4.800000e+01 0.000000e+00 3.673940e-16
    endloop
  endfacet
  facet normal 9.941380e-01 2.648152e-18 1.081190e-01
    outer loop
      vertex   -4.800000e+01 1.500000e+01 0.000000e+00
      vertex   -4.800000e+01 0.000000e+00 3.673940e-16
      vertex   -4.792986e+01 1.500000e+01 -6.449113e-01
    endloop
  endfacet
  facet normal 9.941380e-01 0.000000e+00 1.081190e-01
    outer loop
      vertex   -4.792986e+01 1.500000e+01 -6.449113e-01
      vertex   -4.800000e+01 0.000000e+00 3.673940e-16
      vertex   -4.792986e+01 0.000000e+00 -6.449113e-01
    endloop
  endfacet
  facet normal 9.476532e-01 0.000000e+00 3.193015e-01
    outer loop
      vertex   -4.792986e+01 1.500000e+01 -6.449113e-01
      vertex   -4.792986e+01 0.000000e+00 -6.449113e-01
      vertex   -4.772273e+01 1.500000e+01 -1.259667e+00
    endloop
  endfacet
  facet normal 9.476532e-01 0.000000e+00 3.193015e-01
    outer loop
      vertex   -4.772273e+01 1.500000e+01 -1.259667e+00
      vertex   -4.792986e+01 0.000000e+00 -6.449113e-01
      vertex   -4.772273e+01 0.000000e+00 -1.259667e+00
    endloop
  endfacet
  facet normal 8.568572e-01 0.000000e+00 5.155539e-01
    outer loop
      vertex   -4.772273e+01 1.500000e+01 -1.259667e+00
      vertex   -4.772273e+01 0.000000e+00 -1.259667e+00
      vertex   -4.738828e+01 1.500000e+01 -1.815523e+00
    endloop
  endfacet
  facet normal 8.568572e-01 0.000000e+00 5.155539e-01
    outer loop
      vertex   -4.738828e+01 1.500000e+01 -1.815523e+00
      vertex   -4.772273e+01 0.000000e+00 -1.259667e+00
      vertex   -4.738828e+01 0.000000e+00 -1.815523e+00
    endloop
  endfacet
  facet normal 7.259955e-01 0.000000e+00 6.876995e-01
    outer loop
      vertex   -4.738828e+01 1.500000e+01 -1.815523e+00
      vertex   -4.738828e+01 0.000000e+00 -1.815523e+00
      vertex   -4.694216e+01 1.500000e+01 -2.286486e+00
    endloop
  endfacet
  facet normal 7.259955e-01 0.000000e+00 6.876995e-01
    outer loop
      vertex   -4.694216e+01 1.500000e+01 -2.286486e+00
      vertex   -4.738828e+01 0.000000e+00 -1.815523e+00
      vertex   -4.694216e+01 0.000000e+00 -2.286486e+00
    endloop
  endfacet
  facet normal 5.611871e-01 0.000000e+00 8.276890e-01
    outer loop
      vertex   -4.694216e+01 1.500000e+01 -2.286486e+00
      vertex   -4.694216e+01 0.000000e+00 -2.286486e+00
      vertex   -4.640523e+01 1.500000e+01 -2.650536e+00
    endloop
  endfacet
  facet normal 5.611871e-01 0.000000e+00 8.276890e-01
    outer loop
      vertex   -4.640523e+01 1.500000e+01 -2.650536e+00
      vertex   -4.694216e+01 0.000000e+00 -2.286486e+00
      vertex   -4.640523e+01 0.000000e+00 -2.650536e+00
    endloop
  endfacet
  facet normal 3.701382e-01 0.000000e+00 9.289767e-01
    outer loop
      vertex   -4.640523e+01 1.500000e+01 -2.650536e+00
      vertex   -4.640523e+01 0.000000e+00 -2.650536e+00
      vertex   -4.580259e+01 1.500000e+01 -2.890650e+00
    endloop
  endfacet
  facet normal 3.701382e-01 0.000000e+00 9.289767e-01
    outer loop
      vertex   -4.580259e+01 1.500000e+01 -2.890650e+00
      vertex   -4.640523e+01 0.000000e+00 -2.650536e+00
      vertex   -4.580259e+01 0.000000e+00 -2.890650e+00
    endloop
  endfacet
  facet normal 1.617820e-01 0.000000e+00 9.868265e-01
    outer loop
      vertex   -4.580259e+01 1.500000e+01 -2.890650e+00
      vertex   -4.580259e+01 0.000000e+00 -2.890650e+00
      vertex   -4.516242e+01 1.500000e+01 -2.995600e+00
    endloop
  endfacet
  facet normal 1.617820e-01 0.000000e+00 9.868265e-01
    outer loop
      vertex   -4.516242e+01 1.500000e+01 -2.995600e+00
      vertex   -4.580259e+01 0.000000e+00 -2.890650e+00
      vertex   -4.516242e+01 0.000000e+00 -2.995600e+00
    endloop
  endfacet
  facet normal -5.413891e-02 0.000000e+00 9.985334e-01
    outer loop
      vertex   -4.516242e+01 1.500000e+01 -2.995600e+00
      vertex   -4.516242e+01 0.000000e+00 -2.995600e+00
      vertex   -4.451465e+01 1.500000e+01 -2.960480e+00
    endloop
  endfacet
  facet normal -5.413891e-02 0.000000e+00 9.985334e-01
    outer loop
      vertex   -4.451465e+01 1.500000e+01 -2.960480e+00
      vertex   -4.516242e+01 0.000000e+00 -2.995600e+00
      vertex   -4.451465e+01 0.000000e+00 -2.960480e+00
    endloop
  endfacet
  facet normal -2.675283e-01 0.000000e+00 9.635500e-01
    outer loop
      vertex   -4.451465e+01 1.500000e+01 -2.960480e+00
      vertex   -4.451465e+01 0.000000e+00 -2.960480e+00
      vertex   -4.388959e+01 1.500000e+01 -2.786930e+00
    endloop
  endfacet
  facet normal -2.675283e-01 0.000000e+00 9.635500e-01
    outer loop
      vertex   -4.388959e+01 1.500000e+01 -2.786930e+00
      vertex   -4.451465e+01 0.000000e+00 -2.960480e+00
      vertex   -4.388959e+01 0.000000e+00 -2.786930e+00
    endloop
  endfacet
  facet normal -4.684084e-01 0.000000e+00 8.835120e-01
    outer loop
      vertex   -4.388959e+01 1.500000e+01 -2.786930e+00
      vertex   -4.388959e+01 0.000000e+00 -2.786930e+00
      vertex   -4.331644e+01 1.500000e+01 -2.483067e+00
    endloop
  endfacet
  facet normal -4.684084e-01 0.000000e+00 8.835120e-01
    outer loop
      vertex   -4.331644e+01 1.500000e+01 -2.483067e+00
      vertex   -4.388959e+01 0.000000e+00 -2.786930e+00
      vertex   -4.331644e+01 0.000000e+00 -2.483067e+00
    endloop
  endfacet
  facet normal -6.473863e-01 0.000000e+00 7.621621e-01
    outer loop
      vertex   -4.331644e+01 1.500000e+01 -2.483067e+00
      vertex   -4.331644e+01 0.000000e+00 -2.483067e+00
      vertex   -4.282201e+01 1.500000e+01 -2.063098e+00
    endloop
  endfacet
  facet normal -6.473863e-01 0.000000e+00 7.621621e-01
    outer loop
      vertex   -4.282201e+01 1.500000e+01 -2.063098e+00
      vertex   -4.331644e+01 0.000000e+00 -2.483067e+00
      vertex   -4.282201e+01 0.000000e+00 -2.063098e+00
    endloop
  endfacet
  facet normal -7.960931e-01 0.000000e+00 6.051742e-01
    outer loop
      vertex   -4.282201e+01 1.500000e+01 -2.063098e+00
      vertex   -4.282201e+01 0.000000e+00 -2.063098e+00
      vertex   -4.242943e+01 1.500000e+01 -1.546662e+00
    endloop
  endfacet
  facet normal -7.960931e-01 0.000000e+00 6.051742e-01
    outer loop
      vertex   -4.242943e+01 1.500000e+01 -1.546662e+00
      vertex   -4.282201e+01 0.000000e+00 -2.063098e+00
      vertex   -4.242943e+01 0.000000e+00 -1.546662e+00
    endloop
  endfacet
  facet normal -9.075754e-01 0.000000e+00 4.198891e-01
    outer loop
      vertex   -4.242943e+01 1.500000e+01 -1.546662e+00
      vertex   -4.242943e+01 0.000000e+00 -1.546662e+00
      vertex   -4.215704e+01 1.500000e+01 -9.579046e-01
    endloop
  endfacet
  facet normal -9.075754e-01 0.000000e+00 4.198891e-01
    outer loop
      vertex   -4.215704e+01 1.500000e+01 -9.579046e-01
      vertex   -4.242943e+01 0.000000e+00 -1.546662e+00
      vertex   -4.215704e+01 0.000000e+00 -9.579046e-01
    endloop
  endfacet
  facet normal -9.766206e-01 0.000000e+00 2.149704e-01
    outer loop
      vertex   -4.215704e+01 1.500000e+01 -9.579046e-01
      vertex   -4.215704e+01 0.000000e+00 -9.579046e-01
      vertex   -4.201759e+01 1.500000e+01 -3.243571e-01
    endloop
  endfacet
  facet normal -9.766206e-01 0.000000e+00 2.149704e-01
    outer loop
      vertex   -4.201759e+01 1.500000e+01 -3.243571e-01
      vertex   -4.215704e+01 0.000000e+00 -9.579046e-01
      vertex   -4.201759e+01 0.000000e+00 -3.243571e-01
    endloop
  endfacet
  facet normal -1.000000e+00 0.000000e+00 0.000000e+00
    outer loop
      vertex   -4.201759e+01 1.500000e+01 -3.243571e-01
      vertex   -4.201759e+01 0.000000e+00 -3.243571e-01
      vertex   -4.201759e+01 1.500000e+01 3.243571e-01
    endloop
  endfacet
  facet normal -1.000000e+00 -0.000000e+00 0.000000e+00
    outer loop
      vertex   -4.201759e+01 1.500000e+01 3.243571e-01
      vertex   -4.201759e+01 0.000000e+00 -3.243571e-01
      vertex   -4.201759e+01 0.000000e+00 3.243571e-01
    endloop
  endfacet
  facet normal -9.766206e-01 -0.000000e+00 -2.149704e-01
    outer loop
      vertex   -4.201759e+01 1.500000e+01 3.243571e-01
      vertex   -4.201759e+01 0.000000e+00 3.243571e-01
      vertex   -4.215704e+01 1.500000e+01 9.579046e-01
    endloop
  endfacet
  facet normal -9.766206e-01 -0.000000e+00 -2.149704e-01
    outer loop
      vertex   -4.215704e+01 1.500000e+01 9.579046e-01
      vertex   -4.201759e+01 0.000000e+00 3.243571e-01
      vertex   -4.215704e+01 0.000000e+00 9.579046e-01
    endloop
  endfacet
  facet normal -9.075754e-01 -0.000000e+00 -4.198891e-01
    outer loop
      vertex   -4.215704e+01 1.500000e+01 9.579046e-01
      vertex   -4.215704e+01 0.000000e+00 9.579046e-01
      vertex   -4.242943e+01 1.500000e+01 1.546662e+00
    endloop
  endfacet
  facet normal -9.075754e-01 -0.000000e+00 -4.198891e-01
    outer loop
      vertex   -4.242943e+01 1.500000e+01 1.546662e+00
      vertex   -4.215704e+01 0.000000e+00 9.579046e-01
      vertex   -4.242943e+01 0.000000e+00 1.546662e+00
    endloop
  endfacet
  facet normal -7.960931e-01 -0.000000e+00 -6.051742e-01
    outer loop
      vertex   -4.242943e+01 1.500000e+01 1.546662e+00
      vertex   -4.242943e+01 0.000000e+00 1.546662e+00
      vertex   -4.282201e+01 1.500000e+01 2.063098e+00
    endloop
  endfacet
  facet normal -7.960931e-01 -0.000000e+00 -6.051742e-01
    outer loop
      vertex   -4.282201e+01 1.500000e+01 2.063098e+00
      vertex   -4.242943e+01 0.000000e+00 1.546662e+00
      vertex   -4.282201e+01 0.000000e+00 2.063098e+00
    endloop
  endfacet
  facet normal -6.473863e-01 -0.000000e+00 -7.621621e-01
    outer loop
      vertex   -4.282201e+01 1.500000e+01 2.063098e+00
      vertex   -4.282201e+01 0.000000e+00 2.063098e+00
      vertex   -4.331644e+01 1.500000e+01 2.483067e+00
    endloop
  endfacet
  facet normal -6.473863e-01 -0.000000e+00 -7.621621e-01
    outer loop
      vertex   -4.331644e+01 1.500000e+01 2.483067e+00
      vertex   -4.282201e+01 0.000000e+00 2.063098e+00
      vertex   -4.331644e+01 0.000000e+00 2.483067e+00
    endloop
  endfacet
  facet normal -4.684084e-01 -0.000000e+00 -8.835120e-01
    outer loop
      vertex   -4.331644e+01 1.500000e+01 2.483067e+00
      vertex   -4.331644e+01 0.000000e+00 2.483067e+00
      vertex   -4.388959e+01 1.500000e+01 2.786930e+00
    endloop
  endfacet
  facet normal -4.684084e-01 -0.000000e+00 -8.835120e-01
    outer loop
      vertex   -4.388959e+01 1.500000e+01 2.786930e+00
      vertex   -4.331644e+01 0.000000e+00 2.483067e+00
      vertex   -4.388959e+01 0.000000e+00 2.786930e+00
    endloop
  endfacet
  facet normal -2.675283e-01 -0.000000e+00 -9.635500e-01
    outer loop
      vertex   -4.388959e+01 1.500000e+01 2.786930e+00
      vertex   -4.388959e+01 0.000000e+00 2.786930e+00
      vertex   -4.451465e+01 1.500000e+01 2.960480e+00
    endloop
  endfacet
  facet normal -2.675283e-01 -0.000000e+00 -9.635500e-01
    outer loop
      vertex   -4.451465e+01 1.500000e+01 2.960480e+00
      vertex   -4.388959e+01 0.000000e+00 2.786930e+00
      vertex   -4.451465e+01 0.000000e+00 2.960480e+00
    endloop
  endfacet
  facet normal -5.413891e-02 -0.000000e+00 -9.985334e-01
    outer loop
      vertex   -4.451465e+01 1.500000e+01 2.960480e+00
      vertex   -4.451465e+01 0.000000e+00 2.960480e+00
      vertex   -4.516242e+01 1.500000e+01 2.995600e+00
    endloop
  endfacet
  facet normal -5.413891e-02 -0.000000e+00 -9.985334e-01
    outer loop
      vertex   -4.516242e+01 1.500000e+01 2.995600e+00
      vertex   -4.451465e+01 0.000000e+00 2.960480e+00
      vertex   -4.516242e+01 0.000000e+00 2.995600e+00
    endloop
  endfacet
  facet normal 1.617820e-01 0.000000e+00 -9.868265e-01
    outer loop
      vertex   -4.516242e+01 1.500000e+01 2.995600e+00
      vertex   -4.516242e+01 0.000000e+00 2.995600e+00
      vertex   -4.580259e+01 1.500000e+01 2.890650e+00
    endloop
  endfacet
  facet normal 1.617820e-01 0.000000e+00 -9.868265e-01
    outer loop
      vertex   -4.580259e+01 1.500000e+01 2.890650e+00
      vertex   -4.516242e+01 0.000000e+00 2.995600e+00
      vertex   -4.580259e+01 0.000000e+00 2.890650e+00
    endloop
  endfacet
  facet normal 3.701382e-01 0.000000e+00 -9.289767e-01
    outer loop
      vertex   -4.580259e+01 1.500000e+01 2.890650e+00
      vertex   -4.580259e+01 0.000000e+00 2.890650e+00
      vertex   -4.640523e+01 1.500000e+01 2.650536e+00
    endloop
  endfacet
  facet normal 3.701382e-01 0.000000e+00 -9.289767e-01
    outer loop
      vertex   -4.640523e+01 1.500000e+01 2.650536e+00
      vertex   -4.580259e+01 0.000000e+00 2.890650e+00
      vertex   -4.640523e+01 0.000000e+00 2.650536e+00
    endloop
  endfacet
  facet normal 5.611871e-01 0.000000e+00 -8.276890e-01
    outer loop
      vertex   -4.640523e+01 1.500000e+01 2.650536e+00
      vertex   -4.640523e+01 0.000000e+00 2.650536e+00
      vertex   -4.694216e+01 1.500000e+01 2.286486e+00
    endloop
  endfacet
  facet normal 5.611871e-01 0.000000e+00 -8.276890e-01
    outer loop
      vertex   -4.694216e+01 1.500000e+01 2.286486e+00
      vertex   -4.640523e+01 0.000000e+00 2.650536e+00
      vertex   -4.694216e+01 0.000000e+00 2.286486e+00
    endloop
  endfacet
  facet normal 7.259955e-01 0.000000e+00 -6.876995e-01
    outer loop
      vertex   -4.694216e+01 1.500000e+01 2.286486e+00
      vertex   -4.694216e+01 0.000000e+00 2.286486e+00
      vertex   -4.738828e+01 1.500000e+01 1.815523e+00
    endloop
  endfacet
  facet normal 7.259955e-01 0.000000e+00 -6.876995e-01
    outer loop
      vertex   -4.738828e+01 1.500000e+01 1.815523e+00
      vertex   -4.694216e+01 0.000000e+00 2.286486e+00
      vertex   -4.738828e+01 0.000000e+00 1.815523e+00
    endloop
  endfacet
  facet normal 8.568572e-01 0.000000e+00 -5.155539e-01
    outer loop
      vertex   -4.738828e+01 1.500000e+01 1.815523e+00
      vertex   -4.738828e+01 0.000000e+00 1.815523e+00
      vertex   -4.772273e+01 1.500000e+01 1.259667e+00
    endloop
  endfacet
  facet normal 8.568572e-01 0.000000e+00 -5.155539e-01
    outer loop
      vertex   -4.772273e+01 1.500000e+01 1.259667e+00
      vertex   -4.738828e+01 0.000000e+00 1.815523e+00
      vertex   -4.772273e+01 0.000000e+00 1.259667e+00
    endloop
  endfacet
  facet normal 9.476532e-01 0.000000e+00 -3.193015e-01
    outer loop
      vertex   -4.772273e+01 1.500000e+01 1.259667e+00
      vertex   -4.772273e+01 0.000000e+00 1.259667e+00
      vertex   -4.792986e+01 1.500000e+01 6.449113e-01
    endloop
  endfacet
  facet normal 9.476532e-01 0.000000e+00 -3.193015e-01
    outer loop
      vertex   -4.792986e+01 1.500000e+01 6.449113e-01
      vertex   -4.772273e+01 0.000000e+00 1.259667e+00
      vertex   -4.792986e+01 0.000000e+00 6.449113e-01
    endloop
  endfacet
  facet normal 9.941380e-01 0.000000e+00 -1.081190e-01
    outer loop
      vertex   3.207014e+01 1.500000e+01 2.064491e+01
      vertex   3.207014e+01 0.000000e+00 2.064491e+01
      vertex   3.200000e+01 1.500000e+01 2.000000e+01
    endloop
  endfacet
  facet normal 9.941380e-01 -2.354592e-16 -1.081190e-01
    outer loop
      vertex   3.200000e+01 1.500000e+01 2.000000e+01
      vertex   3.207014e+01 0.000000e+00 2.064491e+01
      vertex   3.200000e+01 0.000000e+00 2.000000e+01
    endloop
  endfacet
  facet normal 9.941380e-01 -2.354592e-16 1.081190e-01
    outer loop
      vertex   3.200000e+01 1.500000e+01 2.000000e+01
      vertex   3.200000e+01 0.000000e+00 2.000000e+01
      vertex   3.207014e+01 1.500000e+01 1.935509e+01
    endloop
  endfacet
  facet normal 9.941380e-01 0.000000e+00 1.081190e-01
    outer loop
      vertex   3.207014e+01 1.500000e+01 1.935509e+01
      vertex   3.200000e+01 0.000000e+00 2.000000e+01
      vertex   3.207014e+01 0.000000e+00 1.935509e+01
    endloop
  endfacet
  facet normal 9.476532e-01 0.000000e+00 3.193015e-01
    outer loop
      vertex   3.207014e+01 1.500000e+01 1.935509e+01
      vertex   3.207014e+01 0.000000e+00 1.935509e+01
      vertex   3.227727e+01 1.500000e+01 1.874033e+01
    endloop
  endfacet
  facet normal 9.476532e-01 0.000000e+00 3.193015e-01
    outer loop
      vertex   3.227727e+01 1.500000e+01 1.874033e+01
      vertex   3.207014e+01 0.000000e+00 1.935509e+01
      vertex   3.227727e+01 0.000000e+00 1.874033e+01
    endloop
  endfacet
  facet normal 8.568572e-01 0.000000e+00 5.155539e-01
    outer loop
      vertex   3.227727e+01 1.500000e+01 1.874033e+01
      vertex   3.227727e+01 0.000000e+00 1.874033e+01
      vertex   3.261172e+01 1.500000e+01 1.818448e+01
    endloop
  endfacet
  facet normal 8.568572e-01 0.000000e+00 5.155539e-01
    outer loop
      vertex   3.261172e+01 1.500000e+01 1.818448e+01
      vertex   3.227727e+01 0.000000e+00 1.874033e+01
      vertex   3.261172e+01 0.000000e+00 1.818448e+01
    endloop
  endfacet
  facet normal 7.259955e-01 0.000000e+00 6.876995e-01
    outer loop
      vertex   3.261172e+01 1.500000e+01 1.818448e+01
      vertex   3.261172e+01 0.000000e+00 1.818448e+01
      vertex   3.305784e+01 1.500000e+01 1.771351e+01
    endloop
  endfacet
  facet normal 7.259955e-01 0.000000e+00 6.876995e-01
    outer loop
      vertex   3.305784e+01 1.500000e+01 1.771351e+01
      vertex   3.261172e+01 0.000000e+00 1.818448e+01
      vertex   3.305784e+01 0.000000e+00 1.771351e+01
    endloop
  endfacet
  facet normal 5.611871e-01 0.000000e+00 8.276890e-01
    outer loop
      vertex   3.305784e+01 1.500000e+01 1.771351e+01
      vertex   3.305784e+01 0.000000e+00 1.771351e+01
      vertex   3.359477e+01 1.500000e+01 1.734946e+01
    endloop
  endfacet
  facet normal 5.611871e-01 0.000000e+00 8.276890e-01
    outer loop
      vertex   3.359477e+01 1.500000e+01 1.734946e+01
      vertex   3.305784e+01 0.000000e+00 1.771351e+01
      vertex   3.359477e+01 0.000000e+00 1.734946e+01
    endloop
  endfacet
  facet normal 3.701382e-01 0.000000e+00 9.289767e-01
    outer loop
      vertex   3.359477e+01 1.500000e+01 1.734946e+01
      vertex   3.359477e+01 0.000000e+00 1.734946e+01
      vertex   3.419741e+01 1.500000e+01 1.710935e+01
    endloop
  endfacet
  facet normal 3.701382e-01 0.000000e+00 9.289767e-01
    outer loop
      vertex   3.419741e+01 1.500000e+01 1.710935e+01
      vertex   3.359477e+01 0.000000e+00 1.734946e+01
      vertex   3.419741e+01 0.000000e+00 1.710935e+01
    endloop
  endfacet
  facet normal 1.617820e-01 0.000000e+00 9.868265e-01
    outer loop
      vertex   3.419741e+01 1.500000e+01 1.710935e+01
      vertex   3.419741e+01 0.000000e+00 1.710935e+01
      vertex   3.483758e+01 1.500000e+01 1.700440e+01
    endloop
  endfacet
  facet normal 1.617820e-01 0.000000e+00 9.868265e-01
    outer loop
      vertex   3.483758e+01 1.500000e+01 1.700440e+01
      vertex   3.419741e+01 0.000000e+00 1.710935e+01
      vertex   3.483758e+01 0.000000e+00 1.700440e+01
    endloop
  endfacet
  facet normal -5.413891e-02 0.000000e+00 9.985334e-01
    outer loop
      vertex   3.483758e+01 1.500000e+01 1.700440e+01
      vertex   3.483758e+01 0.000000e+00 1.700440e+01
      vertex   3.548535e+01 1.500000e+01 1.703952e+01
    endloop
  endfacet
  facet normal -5.413891e-02 0.000000e+00 9.985334e-01
    outer loop
      vertex   3.548535e+01 1.500000e+01 1.703952e+01
      vertex   3.483758e+01 0.000000e+00 1.700440e+01
      vertex   3.548535e+01 0.000000e+00 1.703952e+01
    endloop
  endfacet
  facet normal -2.675283e-01 0.000000e+00 9.635500e-01
    outer loop
      vertex   3.548535e+01 1.500000e+01 1.703952e+01
      vertex   3.548535e+01 0.000000e+00 1.703952e+01
      vertex   3.611041e+01 1.500000e+01 1.721307e+01
    endloop
  endfacet
  facet normal -2.675283e-01 0.000000e+00 9.635500e-01
    outer loop
      vertex   3.611041e+01 1.500000e+01 1.721307e+01
      vertex   3.548535e+01 0.000000e+00 1.703952e+01
      vertex   3.611041e+01 0.000000e+00 1.721307e+01
    endloop
  endfacet
  facet normal -4.684084e-01 0.000000e+00 8.835120e-01
    outer loop
      vertex   3.611041e+01 1.500000e+01 1.721307e+01
      vertex   3.611041e+01 0.000000e+00 1.721307e+01
      vertex   3.668356e+01 1.500000e+01 1.751693e+01
    endloop
  endfacet
  facet normal -4.684084e-01 0.000000e+00 8.835120e-01
    outer loop
      vertex   3.668356e+01 1.500000e+01 1.751693e+01
      vertex   3.611041e+01 0.000000e+00 1.721307e+01
      vertex   3.668356e+01 0.000000e+00 1.751693e+01
    endloop
  endfacet
  facet normal -6.473863e-01 0.000000e+00 7.621621e-01
    outer loop
      vertex   3.668356e+01 1.500000e+01 1.751693e+01
      vertex   3.668356e+01 0.000000e+00 1.751693e+01
      vertex   3.717799e+01 1.500000e+01 1.793690e+01
    endloop
  endfacet
  facet normal -6.473863e-01 0.000000e+00 7.621621e-01
    outer loop
      vertex   3.717799e+01 1.500000e+01 1.793690e+01
      vertex   3.668356e+01 0.000000e+00 1.751693e+01
      vertex   3.717799e+01 0.000000e+00 1.793690e+01
    endloop
  endfacet
  facet normal -7.960931e-01 0.000000e+00 6.051742e-01
    outer loop
      vertex   3.717799e+01 1.500000e+01 1.793690e+01
      vertex   3.717799e+01 0.000000e+00 1.793690e+01
      vertex   3.757057e+01 1.500000e+01 1.845334e+01
    endloop
  endfacet
  facet normal -7.960931e-01 0.000000e+00 6.051742e-01
    outer loop
      vertex   3.757057e+01 1.500000e+01 1.845334e+01
      vertex   3.717799e+01 0.000000e+00 1.793690e+01
      vertex   3.757057e+01 0.000000e+00 1.845334e+01
    endloop
  endfacet
  facet normal -9.075754e-01 0.000000e+00 4.198891e-01
    outer loop
      vertex   3.757057e+01 1.500000e+01 1.845334e+01
      vertex   3.757057e+01 0.000000e+00 1.845334e+01
      vertex   3.784296e+01 1.500000e+01 1.904210e+01
    endloop
  endfacet
  facet normal -9.075754e-01 0.000000e+00 4.198891e-01
    outer loop
      vertex   3.784296e+01 1.500000e+01 1.904210e+01
      vertex   3.757057e+01 0.000000e+00 1.845334e+01
      vertex   3.784296e+01 0.000000e+00 1.904210e+01
    endloop
  endfacet
  facet normal -9.766206e-01 0.000000e+00 2.149704e-01
    outer loop
      vertex   3.784296e+01 1.500000e+01 1.904210e+01
      vertex   3.784296e+01 0.000000e+00 1.904210e+01
      vertex   3.798241e+01 1.500000e+01 1.967564e+01
    endloop
  endfacet
  facet normal -9.766206e-01 0.000000e+00 2.149704e-01
    outer loop
      vertex   3.798241e+01 1.500000e+01 1.967564e+01
      vertex   3.784296e+01 0.000000e+00 1.904210e+01
      vertex   3.798241e+01 0.000000e+00 1.967564e+01
    endloop
  endfacet
  facet normal -1.000000e+00 0.000000e+00 0.000000e+00
    outer loop
      vertex   3.798241e+01 1.500000e+01 1.967564e+01
      vertex   3.798241e+01 0.000000e+00 1.967564e+01
      vertex   3.798241e+01 1.500000e+01 2.032436e+01
    endloop
  endfacet
  facet normal -1.000000e+00 -0.000000e+00 0.000000e+00
    outer loop
      vertex   3.798241e+01 1.500000e+01 2.032436e+01
      vertex   3.798241e+01 0.000000e+00 1.967564e+01
      vertex   3.798241e+01 0.000000e+00 2.032436e+01
    endloop
  endfacet
  facet normal -9.766206e-01 -0.000000e+00 -2.149704e-01
    outer loop
      vertex   3.798241e+01 1.500000e+01 2.032436e+01
      vertex   3.798241e+01 0.000000e+00 2.032436e+01
      vertex   3.784296e+01 1.500000e+01 2.095790e+01
    endloop
  endfacet
  facet normal -9.766206e-01 -0.000000e+00 -2.149704e-01
    outer loop
      vertex   3.784296e+01 1.500000e+01 2.095790e+01
      vertex   3.798241e+01 0.000000e+00 2.032436e+01
      vertex   3.784296e+01 0.000000e+00 2.095790e+01
    endloop
  endfacet
  facet normal -9.075754e-01 -0.000000e+00 -4.198891e-01
    outer loop
      vertex   3.784296e+01 1.500000e+01 2.095790e+01
      vertex   3.784296e+01 0.000000e+00 2.095790e+01
      vertex   3.757057e+01 1.500000e+01 2.154666e+01
    endloop
  endfacet
  facet normal -9.075754e-01 -0.000000e+00 -4.198891e-01
    outer loop
      vertex   3.757057e+01 1.500000e+01 2.154666e+01
      vertex   3.784296e+01 0.000000e+00 2.095790e+01
      vertex   3.757057e+01 0.000000e+00 2.154666e+01
    endloop
  endfacet
  facet normal -7.960931e-01 -0.000000e+00 -6.051742e-01
    outer loop
      vertex   3.757057e+01 1.500000e+01 2.154666e+01
      vertex   3.757057e+01 0.000000e+00 2.154666e+01
      vertex   3.717799e+01 1.500000e+01 2.206310e+01
    endloop
  endfacet
  facet normal -7.960931e-01 -0.000000e+00 -6.051742e-01
    outer loop
      vertex   3.717799e+01 1.500000e+01 2.206310e+01
      vertex   3.757057e+01 0.000000e+00 2.154666e+01
      vertex   3.717799e+01 0.000000e+00 2.206310e+01
    endloop
  endfacet
  facet normal -6.473863e-01 -0.000000e+00 -7.621621e-01
    outer loop
      vertex   3.717799e+01 1.500000e+01 2.206310e+01
      vertex   3.717799e+01 0.000000e+00 2.206310e+01
      vertex   3.668356e+01 1.500000e+01 2.248307e+01
    endloop
  endfacet
  facet normal -6.473863e-01 -0.000000e+00 -7.621621e-01
    outer loop
      vertex   3.668356e+01 1.500000e+01 2.248307e+01
      vertex   3.717799e+01 0.000000e+00 2.206310e+01
      vertex   3.668356e+01 0.000000e+00 2.248307e+01
    endloop
  endfacet
  facet normal -4.684084e-01 -0.000000e+00 -8.835120e-01
    outer loop
      vertex   3.668356e+01 1.500000e+01 2.248307e+01
      vertex   3.668356e+01 0.000000e+00 2.248307e+01
      vertex   3.611041e+01 1.500000e+01 2.278693e+01
    endloop
  endfacet
  facet normal -4.684084e-01 -0.000000e+00 -8.835120e-01
    outer loop
      vertex   3.611041e+01 1.500000e+01 2.278693e+01
      vertex   3.668356e+01 0.000000e+00 2.248307e+01
      vertex   3.611041e+01 0.000000e+00 2.278693e+01
    endloop
  endfacet
  facet normal -2.675283e-01 -0.000000e+00 -9.635500e-01
    outer loop
      vertex   3.611041e+01 1.500000e+01 2.278693e+01
      vertex   3.611041e+01 0.000000e+00 2.278693e+01
      vertex   3.548535e+01 1.500000e+01 2.296048e+01
    endloop
  endfacet
  facet normal -2.675283e-01 -0.000000e+00 -9.635500e-01
    outer loop
      vertex   3.548535e+01 1.500000e+01 2.296048e+01
      vertex   3.611041e+01 0.000000e+00 2.278693e+01
      vertex   3.548535e+01 0.000000e+00 2.296048e+01
    endloop
  endfacet
  facet normal -5.413891e-02 -0.000000e+00 -9.985334e-01
    outer loop
      vertex   3.548535e+01 1.500000e+01 2.296048e+01
      vertex   3.548535e+01 0.000000e+00 2.296048e+01
      vertex   3.483758e+01 1.500000e+01 2.299560e+01
    endloop
  endfacet
  facet normal -5.413891e-02 -0.000000e+00 -9.985334e-01
    outer loop
      vertex   3.483758e+01 1.500000e+01 2.299560e+01
      vertex   3.548535e+01 0.000000e+00 2.296048e+01
      vertex   3.483758e+01 0.000000e+00 2.299560e+01
    endloop
  endfacet
  facet normal 1.617820e-01 0.000000e+00 -9.868265e-01
    outer loop
      vertex   3.483758e+01 1.500000e+01 2.299560e+01
      vertex   3.483758e+01 0.000000e+00 2.299560e+01
      vertex   3.419741e+01 1.500000e+01 2.289065e+01
    endloop
  endfacet
  facet normal 1.617820e-01 0.000000e+00 -9.868265e-01
    outer loop
      vertex   3.419741e+01 1.500000e+01 2.289065e+01
      vertex   3.483758e+01 0.000000e+00 2.299560e+01
      vertex   3.419741e+01 0.000000e+00 2.289065e+01
    endloop
  endfacet
  facet normal 3.701382e-01 0.000000e+00 -9.289767e-01
    outer loop
      vertex   3.419741e+01 1.500000e+01 2.289065e+01
      vertex   3.419741e+01 0.000000e+00 2.289065e+01
      vertex   3.359477e+01 1.500000e+01 2.265054e+01
    endloop
  endfacet
  facet normal 3.701382e-01 0.000000e+00 -9.289767e-01
    outer loop
      vertex   3.359477e+01 1.500000e+01 2.265054e+01
      vertex   3.419741e+01 0.000000e+00 2.289065e+01
      vertex   3.359477e+01 0.000000e+00 2.265054e+01
    endloop
  endfacet
  facet normal 5.611871e-01 0.000000e+00 -8.276890e-01
    outer loop
      vertex   3.359477e+01 1.500000e+01 2.265054e+01
      vertex   3.359477e+01 0.000000e+00 2.265054e+01
      vertex   3.305784e+01 1.500000e+01 2.228649e+01
    endloop
  endfacet
  facet normal 5.611871e-01 0.000000e+00 -8.276890e-01
    outer loop
      vertex   3.305784e+01 1.500000e+01 2.228649e+01
      vertex   3.359477e+01 0.000000e+00 2.265054e+01
      vertex   3.305784e+01 0.000000e+00 2.228649e+01
    endloop
  endfacet
  facet normal 7.259955e-01 0.000000e+00 -6.876995e-01
    outer loop
      vertex   3.305784e+01 1.500000e+01 2.228649e+01
      vertex   3.305784e+01 0.000000e+00 2.228649e+01
      vertex   3.261172e+01 1.500000e+01 2.181552e+01
    endloop
  endfacet
  facet normal 7.259955e-01 0.000000e+00 -6.876995e-01
    outer loop
      vertex   3.261172e+01 1.500000e+01 2.181552e+01
      vertex   3.305784e+01 0.000000e+00 2.228649e+01
      vertex   3.261172e+01 0.000000e+00 2.181552e+01
    endloop
  endfacet
  facet normal 8.568572e-01 0.000000e+00 -5.155539e-01
    outer loop
      vertex   3.261172e+01 1.500000e+01 2.181552e+01
      vertex   3.261172e+01 0.000000e+00 2.181552e+01
      vertex   3.227727e+01 1.500000e+01 2.125967e+01
    endloop
  endfacet
  facet normal 8.568572e-01 0.000000e+00 -5.155539e-01
    outer loop
      vertex   3.227727e+01 1.500000e+01 2.125967e+01
      vertex   3.261172e+01 0.000000e+00 2.181552e+01
      vertex   3.227727e+01 0.000000e+00 2.125967e+01
    endloop
  endfacet
  facet normal 9.476532e-01 0.000000e+00 -3.193015e-01
    outer loop
      vertex   3.227727e+01 1.500000e+01 2.125967e+01
      vertex   3.227727e+01 0.000000e+00 2.125967e+01
      vertex   3.207014e+01 1.500000e+01 2.064491e+01
    endloop
  endfacet
  facet normal 9.476532e-01 0.000000e+00 -3.193015e-01
    outer loop
      vertex   3.207014e+01 1.500000e+01 2.064491e+01
      vertex   3.227727e+01 0.000000e+00 2.125967e+01
      vertex   3.207014e+01 0.000000e+00 2.064491e+01
    endloop
  endfacet
  facet normal 9.941380e-01 0.000000e+00 -1.081190e-01
    outer loop
      vertex   -2.792986e+01 1.500000e+01 2.064491e+01
      vertex   -2.792986e+01 0.000000e+00 2.064491e+01
      vertex   -2.800000e+01 1.500000e+01 2.000000e+01
    endloop
  endfacet
  facet normal 9.941380e-01 -2.354592e-16 -1.081190e-01
    outer loop
      vertex   -2.800000e+01 1.500000e+01 2.000000e+01
      vertex   -2.792986e+01 0.000000e+00 2.064491e+01
      vertex   -2.800000e+01 0.000000e+00 2.000000e+01
    endloop
  endfacet
  facet normal 9.941380e-01 -2.354592e-16 1.081190e-01
    outer loop
      vertex   -2.800000e+01 1.500000e+01 2.000000e+01
      vertex   -2.800000e+01 0.000000e+00 2.000000e+01
      vertex   -2.792986e+01 1.500000e+01 1.935509e+01
    endloop
  endfacet
  facet normal 9.941380e-01 0.000000e+00 1.081190e-01
    outer loop
      vertex   -2.792986e+01 1.500000e+01 1.935509e+01
      vertex   -2.800000e+01 0.000000e+00 2.000000e+01
      vertex   -2.792986e+01 0.000000e+00 1.935509e+01
    endloop
  endfacet
  facet normal 9.476532e-01 0.000000e+00 3.193015e-01
    outer loop
      vertex   -2.792986e+01 1.500000e+01 1.935509e+01
      vertex   -2.792986e+01 0.000000e+00 1.935509e+01
      vertex   -2.772273e+01 1.500000e+01 1.874033e+01
    endloop
  endfacet
  facet normal 9.476532e-01 0.000000e+00 3.193015e-01
    outer loop
      vertex   -2.772273e+01 1.500000e+01 1.874033e+01
      vertex   -2.792986e+01 0.000000e+00 1.935509e+01
      vertex   -2.772273e+01 0.000000e+00 1.874033e+01
    endloop
  endfacet
  facet normal 8.568572e-01 0.000000e+00 5.155539e-01
    outer loop
      vertex   -2.772273e+01 1.500000e+01 1.874033e+01
      vertex   -2.772273e+01 0.000000e+00 1.874033e+01
      vertex   -2.738828e+01 1.500000e+01 1.818448e+01
    endloop
  endfacet
  facet normal 8.568572e-01 0.000000e+00 5.155539e-01
    outer loop
      vertex   -2.738828e+01 1.500000e+01 1.818448e+01
      vertex   -2.772273e+01 0.000000e+00 1.874033e+01
      vertex   -2.738828e+01 0.000000e+00 1.818448e+01
    endloop
  endfacet
  facet normal 7.259955e-01 0.000000e+00 6.876995e-01
    outer loop
      vertex   -2.738828e+01 1.500000e+01 1.818448e+01
      vertex   -2.738828e+01 0.000000e+00 1.818448e+01
      vertex   -2.694216e+01 1.500000e+01 1.771351e+01
    endloop
  endfacet
  facet normal 7.259955e-01 0.000000e+00 6.876995e-01
    outer loop
      vertex   -2.694216e+01 1.500000e+01 1.771351e+01
      vertex   -2.738828e+01 0.000000e+00 1.818448e+01
      vertex   -2.694216e+01 0.000000e+00 1.771351e+01
    endloop
  endfacet
  facet normal 5.611871e-01 0.000000e+00 8.276890e-01
    outer loop
      vertex   -2.694216e+01 1.500000e+01 1.771351e+01
      vertex   -2.694216e+01 0.000000e+00 1.771351e+01
      vertex   -2.640523e+01 1.500000e+01 1.734946e+01
    endloop
  endfacet
  facet normal 5.611871e-01 0.000000e+00 8.276890e-01
    outer loop
      vertex   -2.640523e+01 1.500000e+01 1.734946e+01
      vertex   -2.694216e+01 0.000000e+00 1.771351e+01
      vertex   -2.640523e+01 0.000000e+00 1.734946e+01
    endloop
  endfacet
  facet normal 3.701382e-01 0.000000e+00 9.289767e-01
    outer loop
      vertex   -2.640523e+01 1.500000e+01 1.734946e+01
      vertex   -2.640523e+01 0.000000e+00 1.734946e+01
      vertex   -2.580259e+01 1.500000e+01 1.710935e+01
    endloop
  endfacet
  facet normal 3.701382e-01 0.000000e+00 9.289767e-01
    outer loop
      vertex   -2.580259e+01 1.500000e+01 1.710935e+01
      vertex   -2.640523e+01 0.000000e+00 1.734946e+01
      vertex   -2.580259e+01 0.000000e+00 1.710935e+01
    endloop
  endfacet
  facet normal 1.617820e-01 0.000000e+00 9.868265e-01
    outer loop
      vertex   -2.580259e+01 1.500000e+01 1.710935e+01
      vertex   -2.580259e+01 0.000000e+00 1.710935e+01
      vertex   -2.516242e+01 1.500000e+01 1.700440e+01
    endloop
  endfacet
  facet normal 1.617820e-01 0.000000e+00 9.868265e-01
    outer loop
      vertex   -2.516242e+01 1.500000e+01 1.700440e+01
      vertex   -2.580259e+01 0.000000e+00 1.710935e+01
      vertex   -2.516242e+01 0.000000e+00 1.700440e+01
    endloop
  endfacet
  facet normal -5.413891e-02 0.000000e+00 9.985334e-01
    outer loop
      vertex   -2.516242e+01 1.500000e+01 1.700440e+01
      vertex   -2.516242e+01 0.000000e+00 1.700440e+01
      vertex   -2.451465e+01 1.500000e+01 1.703952e+01
    endloop
  endfacet
  facet normal -5.413891e-02 0.000000e+00 9.985334e-01
    outer loop
      vertex   -2.451465e+01 1.500000e+01 1.703952e+01
      vertex   -2.516242e+01 0.000000e+00 1.700440e+01
      vertex   -2.451465e+01 0.000000e+00 1.703952e+01
    endloop
  endfacet
  facet normal -2.675283e-01 0.000000e+00 9.635500e-01
    outer loop
      vertex   -2.451465e+01 1.500000e+01 1.703952e+01
      vertex   -2.451465e+01 0.000000e+00 1.703952e+01
      vertex   -2.388959e+01 1.500000e+01 1.721307e+01
    endloop
  endfacet
  facet normal -2.675283e-01 0.000000e+00 9.635500e-01
    outer loop
      vertex   -2.388959e+01 1.500000e+01 1.721307e+01
      vertex   -2.451465e+01 0.000000e+00 1.703952e+01
      vertex   -2.388959e+01 0.000000e+00 1.721307e+01
    endloop
  endfacet
  facet normal -4.684084e-01 0.000000e+00 8.835120e-01
    outer loop
      vertex   -2.388959e+01 1.500000e+01 1.721307e+01
      vertex   -2.388959e+01 0.000000e+00 1.721307e+01
      vertex   -2.331644e+01 1.500000e+01 1.751693e+01
    endloop
  endfacet
  facet normal -4.684084e-01 0.000000e+00 8.835120e-01
    outer loop
      vertex   -2.331644e+01 1.500000e+01 1.751693e+01
      vertex   -2.388959e+01 0.000000e+00 1.721307e+01
      vertex   -2.331644e+01 0.000000e+00 1.751693e+01
    endloop
  endfacet
  facet normal -6.473863e-01 0.000000e+00 7.621621e-01
    outer loop
      vertex   -2.331644e+01 1.500000e+01 1.751693e+01
      vertex   -2.331644e+01 0.000000e+00 1.751693e+01
      vertex   -2.282201e+01 1.500000e+01 1.793690e+01
    endloop
  endfacet
  facet normal -6.473863e-01 0.000000e+00 7.621621e-01
    outer loop
      vertex   -2.282201e+01 1.500000e+01 1.793690e+01
      vertex   -2.331644e+01 0.000000e+00 1.751693e+01
      vertex   -2.282201e+01 0.000000e+00 1.793690e+01
    endloop
  endfacet
  facet normal -7.960931e-01 0.000000e+00 6.051742e-01
    outer loop
      vertex   -2.282201e+01 1.500000e+01 1.793690e+01
      vertex   -2.282201e+01 0.000000e+00 1.793690e+01
      vertex   -2.242943e+01 1.500000e+01 1.845334e+01
    endloop
  endfacet
  facet normal -7.960931e-01 0.000000e+00 6.051742e-01
    outer loop
      vertex   -2.242943e+01 1.500000e+01 1.845334e+01
      vertex   -2.282201e+01 0.000000e+00 1.793690e+01
      vertex   -2.242943e+01 0.000000e+00 1.845334e+01
    endloop
  endfacet
  facet normal -9.075754e-01 0.000000e+00 4.198891e-01
    outer loop
      vertex   -2.242943e+01 1.500000e+01 1.845334e+01
      vertex   -2.242943e+01 0.000000e+00 1.845334e+01
      vertex   -2.215704e+01 1.500000e+01 1.904210e+01
    endloop
  endfacet
  facet normal -9.075754e-01 0.000000e+00 4.198891e-01
    outer loop
      vertex   -2.215704e+01 1.500000e+01 1.904210e+01
      vertex   -2.242943e+01 0.000000e+00 1.845334e+01
      vertex   -2.215704e+01 0.000000e+00 1.904210e+01
    endloop
  endfacet
  facet normal -9.766206e-01 0.000000e+00 2.149704e-01
    outer loop
      vertex   -2.215704e+01 1.500000e+01 1.904210e+01
      vertex   -2.215704e+01 0.000000e+00 1.904210e+01
      vertex   -2.201759e+01 1.500000e+01 1.967564e+01
    endloop
  endfacet
  facet normal -9.766206e-01 0.000000e+00 2.149704e-01
    outer loop
      vertex   -2.201759e+01 1.500000e+01 1.967564e+01
      vertex   -2.215704e+01 0.000000e+00 1.904210e+01
      vertex   -2.201759e+01 0.000000e+00 1.967564e+01
    endloop
  endfacet
  facet normal -1.000000e+00 0.000000e+00 0.000000e+00
    outer loop
      vertex   -2.201759e+01 1.500000e+01 1.967564e+01
      vertex   -2.201759e+01 0.000000e+00 1.967564e+01
      vertex   -2.201759e+01 1.500000e+01 2.032436e+01
    endloop
  endfacet
  facet normal -1.000000e+00 -0.000000e+00 0.000000e+00
    outer loop
      vertex   -2.201759e+01 1.500000e+01 2.032436e+01
      vertex   -2.201759e+01 0.000000e+00 1.967564e+01
      vertex   -2.201759e+01 0.000000e+00 2.032436e+01
    endloop
  endfacet
  facet normal -9.766206e-01 -0.000000e+00 -2.149704e-01
    outer loop
      vertex   -2.201759e+01 1.500000e+01 2.032436e+01
      vertex   -2.201759e+01 0.000000e+00 2.032436e+01
      vertex   -2.215704e+01 1.500000e+01 2.095790e+01
    endloop
  endfacet
  facet normal -9.766206e-01 -0.000000e+00 -2.149704e-01
    outer loop
      vertex   -2.215704e+01 1.500000e+01 2.095790e+01
      vertex   -2.201759e+01 0.000000e+00 2.032436e+01
      vertex   -2.215704e+01 0.000000e+00 2.095790e+01
    endloop
  endfacet
  facet normal -9.075754e-01 -0.000000e+00 -4.198891e-01
    outer loop
      vertex   -2.215704e+01 1.500000e+01 2.095790e+01
      vertex   -2.215704e+01 0.000000e+00 2.095790e+01
      vertex   -2.242943e+01 1.500000e+01 2.154666e+01
    endloop
  endfacet
  facet normal -9.075754e-01 -0.000000e+00 -4.198891e-01
    outer loop
      vertex   -2.242943e+01 1.500000e+01 2.154666e+01
      vertex   -2.215704e+01 0.000000e+00 2.095790e+01
      vertex   -2.242943e+01 0.000000e+00 2.154666e+01
    endloop
  endfacet
  facet normal -7.960931e-01 -0.000000e+00 -6.051742e-01
    outer loop
      vertex   -2.242943e+01 1.500000e+01 2.154666e+01
      vertex   -2.242943e+01 0.000000e+00 2.154666e+01
      vertex   -2.282201e+01 1.500000e+01 2.206310e+01
    endloop
  endfacet
  facet normal -7.960931e-01 -0.000000e+00 -6.051742e-01
    outer loop
      vertex   -2.282201e+01 1.500000e+01 2.206310e+01
      vertex   -2.242943e+01 0.000000e+00 2.154666e+01
      vertex   -2.282201e+01 0.000000e+00 2.206310e+01
    endloop
  endfacet
  facet normal -6.473863e-01 -0.000000e+00 -7.621621e-01
    outer loop
      vertex   -2.282201e+01 1.500000e+01 2.206310e+01
      vertex   -2.282201e+01 0.000000e+00 2.206310e+01
      vertex   -2.331644e+01 1.500000e+01 2.248307e+01
    endloop
  endfacet
  facet normal -6.473863e-01 -0.000000e+00 -7.621621e-01
    outer loop
      vertex   -2.331644e+01 1.500000e+01 2.248307e+01
      vertex   -2.282201e+01 0.000000e+00 2.206310e+01
      vertex   -2.331644e+01 0.000000e+00 2.248307e+01
    endloop
  endfacet
  facet normal -4.684084e-01 -0.000000e+00 -8.835120e-01
    outer loop
      vertex   -2.331644e+01 1.500000e+01 2.248307e+01
      vertex   -2.331644e+01 0.000000e+00 2.248307e+01
      vertex   -2.388959e+01 1.500000e+01 2.278693e+01
    endloop
  endfacet
  facet normal -4.684084e-01 -0.000000e+00 -8.835120e-01
    outer loop
      vertex   -2.388959e+01 1.500000e+01 2.278693e+01
      vertex   -2.331644e+01 0.000000e+00 2.248307e+01
      vertex   -2.388959e+01 0.000000e+00 2.278693e+01
    endloop
  endfacet
  facet normal -2.675283e-01 -0.000000e+00 -9.635500e-01
    outer loop
      vertex   -2.388959e+01 1.500000e+01 2.278693e+01
      vertex   -2.388959e+01 0.000000e+00 2.278693e+01
      vertex   -2.451465e+01 1.500000e+01 2.296048e+01
    endloop
  endfacet
  facet normal -2.675283e-01 -0.000000e+00 -9.635500e-01
    outer loop
      vertex   -2.451465e+01 1.500000e+01 2.296048e+01
      vertex   -2.388959e+01 0.000000e+00 2.278693e+01
      vertex   -2.451465e+01 0.000000e+00 2.296048e+01
    endloop
  endfacet
  facet normal -5.413891e-02 -0.000000e+00 -9.985334e-01
    outer loop
      vertex   -2.451465e+01 1.500000e+01 2.296048e+01
      vertex   -2.451465e+01 0.000000e+00 2.296048e+01
      vertex   -2.516242e+01 1.500000e+01 2.299560e+01
    endloop
  endfacet
  facet normal -5.413891e-02 -0.000000e+00 -9.985334e-01
    outer loop
      vertex   -2.516242e+01 1.500000e+01 2.299560e+01
      vertex   -2.451465e+01 0.000000e+00 2.296048e+01
      vertex   -2.516242e+01 0.000000e+00 2.299560e+01
    endloop
  endfacet
  facet normal 1.617820e-01 0.000000e+00 -9.868265e-01
    outer loop
      vertex   -2.516242e+01 1.500000e+01 2.299560e+01
      vertex   -2.516242e+01 0.000000e+00 2.299560e+01
      vertex   -2.580259e+01 1.500000e+01 2.289065e+01
    endloop
  endfacet
  facet normal 1.617820e-01 0.000000e+00 -9.868265e-01
    outer loop
      vertex   -2.580259e+01 1.500000e+01 2.289065e+01
      vertex   -2.516242e+01 0.000000e+00 2.299560e+01
      vertex   -2.580259e+01 0.000000e+00 2.289065e+01
    endloop
  endfacet
  facet normal 3.701382e-01 0.000000e+00 -9.289767e-01
    outer loop
      vertex   -2.580259e+01 1.500000e+01 2.289065e+01
      vertex   -2.580259e+01 0.000000e+00 2.289065e+01
      vertex   -2.640523e+01 1.500000e+01 2.265054e+01
    endloop
  endfacet
  facet normal 3.701382e-01 0.000000e+00 -9.289767e-01
    outer loop
      vertex   -2.640523e+01 1.500000e+01 2.265054e+01
      vertex   -2.580259e+01 0.000000e+00 2.289065e+01
      vertex   -2.640523e+01 0.000000e+00 2.265054e+01
    endloop
  endfacet
  facet normal 5.611871e-01 0.000000e+00 -8.276890e-01
    outer loop
      vertex   -2.640523e+01 1.500000e+01 2.265054e+01
      vertex   -2.640523e+01 0.000000e+00 2.265054e+01
      vertex   -2.694216e+01 1.500000e+01 2.228649e+01
    endloop
  endfacet
  facet normal 5.611871e-01 0.000000e+00 -8.276890e-01
    outer loop
      vertex   -2.694216e+01 1.500000e+01 2.228649e+01
      vertex   -2.640523e+01 0.000000e+00 2.265054e+01
      vertex   -2.694216e+01 0.000000e+00 2.228649e+01
    endloop
  endfacet
  facet normal 7.259955e-01 0.000000e+00 -6.876995e-01
    outer loop
      vertex   -2.694216e+01 1.500000e+01 2.228649e+01
      vertex   -2.694216e+01 0.000000e+00 2.228649e+01
      vertex   -2.738828e+01 1.500000e+01 2.181552e+01
    endloop
  endfacet
  facet normal 7.259955e-01 0.000000e+00 -6.876995e-01
    outer loop
      vertex   -2.738828e+01 1.500000e+01 2.181552e+01
      vertex   -2.694216e+01 0.000000e+00 2.228649e+01
      vertex   -2.738828e+01 0.000000e+00 2.181552e+01
    endloop
  endfacet
  facet normal 8.568572e-01 0.000000e+00 -5.155539e-01
    outer loop
      vertex   -2.738828e+01 1.500000e+01 2.181552e+01
      vertex   -2.738828e+01 0.000000e+00 2.181552e+01
      vertex   -2.772273e+01 1.500000e+01 2.125967e+01
    endloop
  endfacet
  facet normal 8.568572e-01 0.000000e+00 -5.155539e-01
    outer loop
      vertex   -2.772273e+01 1.500000e+01 2.125967e+01
      vertex   -2.738828e+01 0.000000e+00 2.181552e+01
      vertex   -2.772273e+01 0.000000e+00 2.125967e+01
    endloop
  endfacet
  facet normal 9.476532e-01 0.000000e+00 -3.193015e-01
    outer loop
      vertex   -2.772273e+01 1.500000e+01 2.125967e+01
      vertex   -2.772273e+01 0.000000e+00 2.125967e+01
      vertex   -2.792986e+01 1.500000e+01 2.064491e+01
    endloop
  endfacet
  facet normal 9.476532e-01 0.000000e+00 -3.193015e-01
    outer loop
      vertex   -2.792986e+01 1.500000e+01 2.064491e+01
      vertex   -2.772273e+01 0.000000e+00 2.125967e+01
      vertex   -2.792986e+01 0.000000e+00 2.064491e+01
    endloop
  endfacet
  facet normal 9.941380e-01 0.000000e+00 -1.081190e-01
    outer loop
      vertex   -4.792986e+01 1.500000e+01 1.064491e+01
      vertex   -4.792986e+01 0.000000e+00 1.064491e+01
      vertex   -4.800000e+01 1.500000e+01 1.000000e+01
    endloop
  endfacet
  facet normal 9.941380e-01 0.000000e+00 -1.081190e-01
    outer loop
      vertex   -4.800000e+01 1.500000e+01 1.000000e+01
      vertex   -4.792986e+01 0.000000e+00 1.064491e+01
      vertex   -4.800000e+01 0.000000e+00 1.000000e+01
    endloop
  endfacet
  facet normal 9.941380e-01 0.000000e+00 1.081190e-01
    outer loop
      vertex   -4.800000e+01 1.500000e+01 1.000000e+01
      vertex   -4.800000e+01 0.000000e+00 1.000000e+01
      vertex   -4.792986e+01 1.500000e+01 9.355089e+00
    endloop
  endfacet
  facet normal 9.941380e-01 0.000000e+00 1.081190e-01
    outer loop
      vertex   -4.792986e+01 1.500000e+01 9.355089e+00
      vertex   -4.800000e+01 0.000000e+00 1.000000e+01
      vertex   -4.792986e+01 0.000000e+00 9.355089e+00
    endloop
  endfacet
  facet normal 9.476532e-01 0.000000e+00 3.193015e-01
    outer loop
      vertex   -4.792986e+01 1.500000e+01 9.355089e+00
      vertex   -4.792986e+01 0.000000e+00 9.355089e+00
      vertex   -4.772273e+01 1.500000e+01 8.740333e+00
    endloop
  endfacet
  facet normal 9.476532e-01 0.000000e+00 3.193015e-01
    outer loop
      vertex   -4.772273e+01 1.500000e+01 8.740333e+00
      vertex   -4.792986e+01 0.000000e+00 9.355089e+00
      vertex   -4.772273e+01 0.000000e+00 8.740333e+00
    endloop
  endfacet
  facet normal 8.568572e-01 0.000000e+00 5.155539e-01
    outer loop
      vertex   -4.772273e+01 1.500000e+01 8.740333e+00
      vertex   -4.772273e+01 0.000000e+00 8.740333e+00
      vertex   -4.738828e+01 1.500000e+01 8.184477e+00
    endloop
  endfacet
  facet normal 8.568572e-01 0.000000e+00 5.155539e-01
    outer loop
      vertex   -4.738828e+01 1.500000e+01 8.184477e+00
      vertex   -4.772273e+01 0.000000e+00 8.740333e+00
      vertex   -4.738828e+01 0.000000e+00 8.184477e+00
    endloop
  endfacet
  facet normal 7.259955e-01 0.000000e+00 6.876995e-01
    outer loop
      vertex   -4.738828e+01 1.500000e+01 8.184477e+00
      vertex   -4.738828e+01 0.000000e+00 8.184477e+00
      vertex   -4.694216e+01 1.500000e+01 7.713514e+00
    endloop
  endfacet
  facet normal 7.259955e-01 0.000000e+00 6.876995e-01
    outer loop
      vertex   -4.694216e+01 1.500000e+01 7.713514e+00
      vertex   -4.738828e+01 0.000000e+00 8.184477e+00
      vertex   -4.694216e+01 0.000000e+00 7.713514e+00
    endloop
  endfacet
  facet normal 5.611871e-01 0.000000e+00 8.276890e-01
    outer loop
      vertex   -4.694216e+01 1.500000e+01 7.713514e+00
      vertex   -4.694216e+01 0.000000e+00 7.713514e+00
      vertex   -4.640523e+01 1.500000e+01 7.349464e+00
    endloop
  endfacet
  facet normal 5.611871e-01 0.000000e+00 8.276890e-01
    outer loop
      vertex   -4.640523e+01 1.500000e+01 7.349464e+00
      vertex   -4.694216e+01 0.000000e+00 7.713514e+00
      vertex   -4.640523e+01 0.000000e+00 7.349464e+00
    endloop
  endfacet
  facet normal 3.701382e-01 0.000000e+00 9.289767e-01
    outer loop
      vertex   -4.640523e+01 1.500000e+01 7.349464e+00
      vertex   -4.640523e+01 0.000000e+00 7.349464e+00
      vertex   -4.580259e+01 1.500000e+01 7.109350e+00
    endloop
  endfacet
  facet normal 3.701382e-01 0.000000e+00 9.289767e-01
    outer loop
      vertex   -4.580259e+01 1.500000e+01 7.109350e+00
      vertex   -4.640523e+01 0.000000e+00 7.349464e+00
      vertex   -4.580259e+01 0.000000e+00 7.109350e+00
    endloop
  endfacet
  facet normal 1.617820e-01 0.000000e+00 9.868265e-01
    outer loop
      vertex   -4.580259e+01 1.500000e+01 7.109350e+00
      vertex   -4.580259e+01 0.000000e+00 7.109350e+00
      vertex   -4.516242e+01 1.500000e+01 7.004400e+00
    endloop
  endfacet
  facet normal 1.617820e-01 0.000000e+00 9.868265e-01
    outer loop
      vertex   -4.516242e+01 1.500000e+01 7.004400e+00
      vertex   -4.580259e+01 0.000000e+00 7.109350e+00
      vertex   -4.516242e+01 0.000000e+00 7.004400e+00
    endloop
  endfacet
  facet normal -5.413891e-02 0.000000e+00 9.985334e-01
    outer loop
      vertex   -4.516242e+01 1.500000e+01 7.004400e+00
      vertex   -4.516242e+01 0.000000e+00 7.004400e+00
      vertex   -4.451465e+01 1.500000e+01 7.039520e+00
    endloop
  endfacet
  facet normal -5.413891e-02 0.000000e+00 9.985334e-01
    outer loop
      vertex   -4.451465e+01 1.500000e+01 7.039520e+00
      vertex   -4.516242e+01 0.000000e+00 7.004400e+00
      vertex   -4.451465e+01 0.000000e+00 7.039520e+00
    endloop
  endfacet
  facet normal -2.675283e-01 0.000000e+00 9.635500e-01
    outer loop
      vertex   -4.451465e+01 1.500000e+01 7.039520e+00
      vertex   -4.451465e+01 0.000000e+00 7.039520e+00
      vertex   -4.388959e+01 1.500000e+01 7.213070e+00
    endloop
  endfacet
  facet normal -2.675283e-01 0.000000e+00 9.635500e-01
    outer loop
      vertex   -4.388959e+01 1.500000e+01 7.213070e+00
      vertex   -4.451465e+01 0.000000e+00 7.039520e+00
      vertex   -4.388959e+01 0.000000e+00 7.213070e+00
    endloop
  endfacet
  facet normal -4.684084e-01 0.000000e+00 8.835120e-01
    outer loop
      vertex   -4.388959e+01 1.500000e+01 7.213070e+00
      vertex   -4.388959e+01 0.000000e+00 7.213070e+00
      vertex   -4.331644e+01 1.500000e+01 7.516933e+00
    endloop
  endfacet
  facet normal -4.684084e-01 0.000000e+00 8.835120e-01
    outer loop
      vertex   -4.331644e+01 1.500000e+01 7.516933e+00
      vertex   -4.388959e+01 0.000000e+00 7.213070e+00
      vertex   -4.331644e+01 0.000000e+00 7.516933e+00
    endloop
  endfacet
  facet normal -6.473863e-01 0.000000e+00 7.621621e-01
    outer loop
      vertex   -4.331644e+01 1.500000e+01 7.516933e+00
      vertex   -4.331644e+01 0.000000e+00 7.516933e+00
      vertex   -4.282201e+01 1.500000e+01 7.936902e+00
    endloop
  endfacet
  facet normal -6.473863e-01 0.000000e+00 7.621621e-01
    outer loop
      vertex   -4.282201e+01 1.500000e+01 7.936902e+00
      vertex   -4.331644e+01 0.000000e+00 7.516933e+00
      vertex   -4.282201e+01 0.000000e+00 7.936902e+00
    endloop
  endfacet
  facet normal -7.960931e-01 0.000000e+00 6.051742e-01
    outer loop
      vertex   -4.282201e+01 1.500000e+01 7.936902e+00
      vertex   -4.282201e+01 0.000000e+00 7.936902e+00
      vertex   -4.242943e+01 1.500000e+01 8.453338e+00
    endloop
  endfacet
  facet normal -7.960931e-01 0.000000e+00 6.051742e-01
    outer loop
      vertex   -4.242943e+01 1.500000e+01 8.453338e+00
      vertex   -4.282201e+01 0.000000e+00 7.936902e+00
      vertex   -4.242943e+01 0.000000e+00 8.453338e+00
    endloop
  endfacet
  facet normal -9.075754e-01 0.000000e+00 4.198891e-01
    outer loop
      vertex   -4.242943e+01 1.500000e+01 8.453338e+00
      vertex   -4.242943e+01 0.000000e+00 8.453338e+00
      vertex   -4.215704e+01 1.500000e+01 9.042095e+00
    endloop
  endfacet
  facet normal -9.075754e-01 0.000000e+00 4.198891e-01
    outer loop
      vertex   -4.215704e+01 1.500000e+01 9.042095e+00
      vertex   -4.242943e+01 0.000000e+00 8.453338e+00
      vertex   -4.215704e+01 0.000000e+00 9.042095e+00
    endloop
  endfacet
  facet normal -9.766206e-01 0.000000e+00 2.149704e-01
    outer loop
      vertex   -4.215704e+01 1.500000e+01 9.042095e+00
      vertex   -4.215704e+01 0.000000e+00 9.042095e+00
      vertex   -4.201759e+01 1.500000e+01 9.675643e+00
    endloop
  endfacet
  facet normal -9.766206e-01 0.000000e+00 2.149704e-01
    outer loop
      vertex   -4.201759e+01 1.500000e+01 9.675643e+00
      vertex   -4.215704e+01 0.000000e+00 9.042095e+00
      vertex   -4.201759e+01 0.000000e+00 9.675643e+00
    endloop
  endfacet
  facet normal -1.000000e+00 0.000000e+00 0.000000e+00
    outer loop
      vertex   -4.201759e+01 1.500000e+01 9.675643e+00
      vertex   -4.201759e+01 0.000000e+00 9.675643e+00
      vertex   -4.201759e+01 1.500000e+01 1.032436e+01
    endloop
  endfacet
  facet normal -1.000000e+00 -0.000000e+00 0.000000e+00
    outer loop
      vertex   -4.201759e+01 1.500000e+01 1.032436e+01
      vertex   -4.201759e+01 0.000000e+00 9.675643e+00
      vertex   -4.201759e+01 0.000000e+00 1.032436e+01
    endloop
  endfacet
  facet normal -9.766206e-01 -0.000000e+00 -2.149704e-01
    outer loop
      vertex   -4.201759e+01 1.500000e+01 1.032436e+01
      vertex   -4.201759e+01 0.000000e+00 1.032436e+01
      vertex   -4.215704e+01 1.500000e+01 1.095790e+01
    endloop
  endfacet
  facet normal -9.766206e-01 -0.000000e+00 -2.149704e-01
    outer loop
      vertex   -4.215704e+01 1.500000e+01 1.095790e+01
      vertex   -4.201759e+01 0.000000e+00 1.032436e+01
      vertex   -4.215704e+01 0.000000e+00 1.095790e+01
    endloop
  endfacet
  facet normal -9.075754e-01 -0.000000e+00 -4.198891e-01
    outer loop
      vertex   -4.215704e+01 1.500000e+01 1.095790e+01
      vertex   -4.215704e+01 0.000000e+00 1.095790e+01
      vertex   -4.242943e+01 1.500000e+01 1.154666e+01
    endloop
  endfacet
  facet normal -9.075754e-01 -0.000000e+00 -4.198891e-01
    outer loop
      vertex   -4.242943e+01 1.500000e+01 1.154666e+01
      vertex   -4.215704e+01 0.000000e+00 1.095790e+01
      vertex   -4.242943e+01 0.000000e+00 1.154666e+01
    endloop
  endfacet
  facet normal -7.960931e-01 -0.000000e+00 -6.051742e-01
    outer loop
      vertex   -4.242943e+01 1.500000e+01 1.154666e+01
      vertex   -4.242943e+01 0.000000e+00 1.154666e+01
      vertex   -4.282201e+01 1.500000e+01 1.206310e+01
    endloop
  endfacet
  facet normal -7.960931e-01 -0.000000e+00 -6.051742e-01
    outer loop
      vertex   -4.282201e+01 1.500000e+01 1.206310e+01
      vertex   -4.242943e+01 0.000000e+00 1.154666e+01
      vertex   -4.282201e+01 0.000000e+00 1.206310e+01
    endloop
  endfacet
  facet normal -6.473863e-01 -0.000000e+00 -7.621621e-01
    outer loop
      vertex   -4.282201e+01 1.500000e+01 1.206310e+01
      vertex   -4.282201e+01 0.000000e+00 1.206310e+01
      vertex   -4.331644e+01 1.500000e+01 1.248307e+01
    endloop
  endfacet
  facet normal -6.473863e-01 -0.000000e+00 -7.621621e-01
    outer loop
      vertex   -4.331644e+01 1.500000e+01 1.248307e+01
      vertex   -4.282201e+01 0.000000e+00 1.206310e+01
      vertex   -4.331644e+01 0.000000e+00 1.248307e+01
    endloop
  endfacet
  facet normal -4.684084e-01 -0.000000e+00 -8.835120e-01
    outer loop
      vertex   -4.331644e+01 1.500000e+01 1.248307e+01
      vertex   -4.331644e+01 0.000000e+00 1.248307e+01
      vertex   -4.388959e+01 1.500000e+01 1.278693e+01
    endloop
  endfacet
  facet normal -4.684084e-01 -0.000000e+00 -8.835120e-01
    outer loop
      vertex   -4.388959e+01 1.500000e+01 1.278693e+01
      vertex   -4.331644e+01 0.000000e+00 1.248307e+01
      vertex   -4.388959e+01 0.000000e+00 1.278693e+01
    endloop
  endfacet
  facet normal -2.675283e-01 -0.000000e+00 -9.635500e-01
    outer loop
      vertex   -4.388959e+01 1.500000e+01 1.278693e+01
      vertex   -4.388959e+01 0.000000e+00 1.278693e+01
      vertex   -4.451465e+01 1.500000e+01 1.296048e+01
    endloop
  endfacet
  facet normal -2.675283e-01 -0.000000e+00 -9.635500e-01
    outer loop
      vertex   -4.451465e+01 1.500000e+01 1.296048e+01
      vertex   -4.388959e+01 0.000000e+00 1.278693e+01
      vertex   -4.451465e+01 0.000000e+00 1.296048e+01
    endloop
  endfacet
  facet normal -5.413891e-02 -0.000000e+00 -9.985334e-01
    outer loop
      vertex   -4.451465e+01 1.500000e+01 1.296048e+01
      vertex   -4.451465e+01 0.000000e+00 1.296048e+01
      vertex   -4.516242e+01 1.500000e+01 1.299560e+01
    endloop
  endfacet
  facet normal -5.413891e-02 -0.000000e+00 -9.985334e-01
    outer loop
      vertex   -4.516242e+01 1.500000e+01 1.299560e+01
      vertex   -4.451465e+01 0.000000e+00 1.296048e+01
      vertex   -4.516242e+01 0.000000e+00 1.299560e+01
    endloop
  endfacet
  facet normal 1.617820e-01 0.000000e+00 -9.868265e-01
    outer loop
      vertex   -4.516242e+01 1.500000e+01 1.299560e+01
      vertex   -4.516242e+01 0.000000e+00 1.299560e+01
      vertex   -4.580259e+01 1.500000e+01 1.289065e+01
    endloop
  endfacet
  facet normal 1.617820e-01 0.000000e+00 -9.868265e-01
    outer loop
      vertex   -4.580259e+01 1.500000e+01 1.289065e+01
      vertex   -4.516242e+01 0.000000e+00 1.299560e+01
      vertex   -4.580259e+01 0.000000e+00 1.289065e+01
    endloop
  endfacet
  facet normal 3.701382e-01 0.000000e+00 -9.289767e-01
    outer loop
      vertex   -4.580259e+01 1.500000e+01 1.289065e+01
      vertex   -4.580259e+01 0.000000e+00 1.289065e+01
      vertex   -4.640523e+01 1.500000e+01 1.265054e+01
    endloop
  endfacet
  facet normal 3.701382e-01 0.000000e+00 -9.289767e-01
    outer loop
      vertex   -4.640523e+01 1.500000e+01 1.265054e+01
      vertex   -4.580259e+01 0.000000e+00 1.289065e+01
      vertex   -4.640523e+01 0.000000e+00 1.265054e+01
    endloop
  endfacet
  facet normal 5.611871e-01 0.000000e+00 -8.276890e-01
    outer loop
      vertex   -4.640523e+01 1.500000e+01 1.265054e+01
      vertex   -4.640523e+01 0.000000e+00 1.265054e+01
      vertex   -4.694216e+01 1.500000e+01 1.228649e+01
    endloop
  endfacet
  facet normal 5.611871e-01 0.000000e+00 -8.276890e-01
    outer loop
      vertex   -4.694216e+01 1.500000e+01 1.228649e+01
      vertex   -4.640523e+01 0.000000e+00 1.265054e+01
      vertex   -4.694216e+01 0.000000e+00 1.228649e+01
    endloop
  endfacet
  facet normal 7.259955e-01 0.000000e+00 -6.876995e-01
    outer loop
      vertex   -4.694216e+01 1.500000e+01 1.228649e+01
      vertex   -4.694216e+01 0.000000e+00 1.228649e+01
      vertex   -4.738828e+01 1.500000e+01 1.181552e+01
    endloop
  endfacet
  facet normal 7.259955e-01 0.000000e+00 -6.876995e-01
    outer loop
      vertex   -4.738828e+01 1.500000e+01 1.181552e+01
      vertex   -4.694216e+01 0.000000e+00 1.228649e+01
      vertex   -4.738828e+01 0.000000e+00 1.181552e+01
    endloop
  endfacet
  facet normal 8.568572e-01 0.000000e+00 -5.155539e-01
    outer loop
      vertex   -4.738828e+01 1.500000e+01 1.181552e+01
      vertex   -4.738828e+01 0.000000e+00 1.181552e+01
      vertex   -4.772273e+01 1.500000e+01 1.125967e+01
    endloop
  endfacet
  facet normal 8.568572e-01 0.000000e+00 -5.155539e-01
    outer loop
      vertex   -4.772273e+01 1.500000e+01 1.125967e+01
      vertex   -4.738828e+01 0.000000e+00 1.181552e+01
      vertex   -4.772273e+01 0.000000e+00 1.125967e+01
    endloop
  endfacet
  facet normal 9.476532e-01 0.000000e+00 -3.193015e-01
    outer loop
      vertex   -4.772273e+01 1.500000e+01 1.125967e+01
      vertex   -4.772273e+01 0.000000e+00 1.125967e+01
      vertex   -4.792986e+01 1.500000e+01 1.064491e+01
    endloop
  endfacet
  facet normal 9.476532e-01 0.000000e+00 -3.193015e-01
    outer loop
      vertex   -4.792986e+01 1.500000e+01 1.064491e+01
      vertex   -4.772273e+01 0.000000e+00 1.125967e+01
      vertex   -4.792986e+01 0.000000e+00 1.064491e+01
    endloop
  endfacet
  facet normal 9.941380e-01 0.000000e+00 -1.081190e-01
    outer loop
      vertex   -3.792986e+01 1.500000e+01 1.064491e+01
      vertex   -3.792986e+01 0.000000e+00 1.064491e+01
      vertex   -3.800000e+01 1.500000e+01 1.000000e+01
    endloop
  endfacet
  facet normal 9.941380e-01 0.000000e+00 -1.081190e-01
    outer loop
      vertex   -3.800000e+01 1.500000e+01 1.000000e+01
      vertex   -3.792986e+01 0.000000e+00 1.064491e+01
      vertex   -3.800000e+01 0.000000e+00 1.000000e+01
    endloop
  endfacet
  facet normal 9.941380e-01 0.000000e+00 1.081190e-01
    outer loop
      vertex   -3.800000e+01 1.500000e+01 1.000000e+01
      vertex   -3.800000e+01 0.000000e+00 1.000000e+01
      vertex   -3.792986e+01 1.500000e+01 9.355089e+00
    endloop
  endfacet
  facet normal 9.941380e-01 0.000000e+00 1.081190e-01
    outer loop
      vertex   -3.792986e+01 1.500000e+01 9.355089e+00
      vertex   -3.800000e+01 0.000000e+00 1.000000e+01
      vertex   -3.792986e+01 0.000000e+00 9.355089e+00
    endloop
  endfacet
  facet normal 9.476532e-01 0.000000e+00 3.193015e-01
    outer loop
      vertex   -3.792986e+01 1.500000e+01 9.355089e+00
      vertex   -3.792986e+01 0.000000e+00 9.355089e+00
      vertex   -3.772273e+01 1.500000e+01 8.740333e+00
    endloop
  endfacet
  facet normal 9.476532e-01 0.000000e+00 3.193015e-01
    outer loop
      vertex   -3.772273e+01 1.500000e+01 8.740333e+00
      vertex   -3.792986e+01 0.000000e+00 9.355089e+00
      vertex   -3.772273e+01 0.000000e+00 8.740333e+00
    endloop
  endfacet
  facet normal 8.568572e-01 0.000000e+00 5.155539e-01
    outer loop
      vertex   -3.772273e+01 1.500000e+01 8.740333e+00
      vertex   -3.772273e+01 0.000000e+00 8.740333e+00
      vertex   -3.738828e+01 1.500000e+01 8.184477e+00
    endloop
  endfacet
  facet normal 8.568572e-01 0.000000e+00 5.155539e-01
    outer loop
      vertex   -3.738828e+01 1.500000e+01 8.184477e+00
      vertex   -3.772273e+01 0.000000e+00 8.740333e+00
      vertex   -3.738828e+01 0.000000e+00 8.184477e+00
    endloop
  endfacet
  facet normal 7.259955e-01 0.000000e+00 6.876995e-01
    outer loop
      vertex   -3.738828e+01 1.500000e+01 8.184477e+00
      vertex   -3.738828e+01 0.000000e+00 8.184477e+00
      vertex   -3.694216e+01 1.500000e+01 7.713514e+00
    endloop
  endfacet
  facet normal 7.259955e-01 0.000000e+00 6.876995e-01
    outer loop
      vertex   -3.694216e+01 1.500000e+01 7.713514e+00
      vertex   -3.738828e+01 0.000000e+00 8.184477e+00
      vertex   -3.694216e+01 0.000000e+00 7.713514e+00
    endloop
  endfacet
  facet normal 5.611871e-01 0.000000e+00 8.276890e-01
    outer loop
      vertex   -3.694216e+01 1.500000e+01 7.713514e+00
      vertex   -3.694216e+01 0.000000e+00 7.713514e+00
      vertex   -3.640523e+01 1.500000e+01 7.349464e+00
    endloop
  endfacet
  facet normal 5.611871e-01 0.000000e+00 8.276890e-01
    outer loop
      vertex   -3.640523e+01 1.500000e+01 7.349464e+00
      vertex   -3.694216e+01 0.000000e+00 7.713514e+00
      vertex   -3.640523e+01 0.000000e+00 7.349464e+00
    endloop
  endfacet
  facet normal 3.701382e-01 0.000000e+00 9.289767e-01
    outer loop
      vertex   -3.640523e+01 1.500000e+01 7.349464e+00
      vertex   -3.640523e+01 0.000000e+00 7.349464e+00
      vertex   -3.580259e+01 1.500000e+01 7.109350e+00
    endloop
  endfacet
  facet normal 3.701382e-01 0.000000e+00 9.289767e-01
    outer loop
      vertex   -3.580259e+01 1.500000e+01 7.109350e+00
      vertex   -3.640523e+01 0.000000e+00 7.349464e+00
      vertex   -3.580259e+01 0.000000e+00 7.109350e+00
    endloop
  endfacet
  facet normal 1.617820e-01 0.000000e+00 9.868265e-01
    outer loop
      vertex   -3.580259e+01 1.500000e+01 7.109350e+00
      vertex   -3.580259e+01 0.000000e+00 7.109350e+00
      vertex   -3.516242e+01 1.500000e+01 7.004400e+00
    endloop
  endfacet
  facet normal 1.617820e-01 0.000000e+00 9.868265e-01
    outer loop
      vertex   -3.516242e+01 1.500000e+01 7.004400e+00
      vertex   -3.580259e+01 0.000000e+00 7.109350e+00
      vertex   -3.516242e+01 0.000000e+00 7.004400e+00
    endloop
  endfacet
  facet normal -5.413891e-02 0.000000e+00 9.985334e-01
    outer loop
      vertex   -3.516242e+01 1.500000e+01 7.004400e+00
      vertex   -3.516242e+01 0.000000e+00 7.004400e+00
      vertex   -3.451465e+01 1.500000e+01 7.039520e+00
    endloop
  endfacet
  facet normal -5.413891e-02 0.000000e+00 9.985334e-01
    outer loop
      vertex   -3.451465e+01 1.500000e+01 7.039520e+00
      vertex   -3.516242e+01 0.000000e+00 7.004400e+00
      vertex   -3.451465e+01 0.000000e+00 7.039520e+00
    endloop
  endfacet
  facet normal -2.675283e-01 0.000000e+00 9.635500e-01
    outer loop
      vertex   -3.451465e+01 1.500000e+01 7.039520e+00
      vertex   -3.451465e+01 0.000000e+00 7.039520e+00
      vertex   -3.388959e+01 1.500000e+01 7.213070e+00
    endloop
  endfacet
  facet normal -2.675283e-01 0.000000e+00 9.635500e-01
    outer loop
      vertex   -3.388959e+01 1.500000e+01 7.213070e+00
      vertex   -3.451465e+01 0.000000e+00 7.039520e+00
      vertex   -3.388959e+01 0.000000e+00 7.213070e+00
    endloop
  endfacet
  facet normal -4.684084e-01 0.000000e+00 8.835120e-01
    outer loop
      vertex   -3.388959e+01 1.500000e+01 7.213070e+00
      vertex   -3.388959e+01 0.000000e+00 7.213070e+00
      vertex   -3.331644e+01 1.500000e+01 7.516933e+00
    endloop
  endfacet
  facet normal -4.684084e-01 0.000000e+00 8.835120e-01
    outer loop
      vertex   -3.331644e+01 1.500000e+01 7.516933e+00
      vertex   -3.388959e+01 0.000000e+00 7.213070e+00
      vertex   -3.331644e+01 0.000000e+00 7.516933e+00
    endloop
  endfacet
  facet normal -6.473863e-01 0.000000e+00 7.621621e-01
    outer loop
      vertex   -3.331644e+01 1.500000e+01 7.516933e+00
      vertex   -3.331644e+01 0.000000e+00 7.516933e+00
      vertex   -3.282201e+01 1.500000e+01 7.936902e+00
    endloop
  endfacet
  facet normal -6.473863e-01 0.000000e+00 7.621621e-01
    outer loop
      vertex   -3.282201e+01 1.500000e+01 7.936902e+00
      vertex   -3.331644e+01 0.000000e+00 7.516933e+00
      vertex   -3.282201e+01 0.000000e+00 7.936902e+00
    endloop
  endfacet
  facet normal -7.960931e-01 0.000000e+00 6.051742e-01
    outer loop
      vertex   -3.282201e+01 1.500000e+01 7.936902e+00
      vertex   -3.282201e+01 0.000000e+00 7.936902e+00
      vertex   -3.242943e+01 1.500000e+01 8.453338e+00
    endloop
  endfacet
  facet normal -7.960931e-01 0.000000e+00 6.051742e-01
    outer loop
      vertex   -3.242943e+01 1.500000e+01 8.453338e+00
      vertex   -3.282201e+01 0.000000e+00 7.936902e+00
      vertex   -3.242943e+01 0.000000e+00 8.453338e+00
    endloop
  endfacet
  facet normal -9.075754e-01 0.000000e+00 4.198891e-01
    outer loop
      vertex   -3.242943e+01 1.500000e+01 8.453338e+00
      vertex   -3.242943e+01 0.000000e+00 8.453338e+00
      vertex   -3.215704e+01 1.500000e+01 9.042095e+00
    endloop
  endfacet
  facet normal -9.075754e-01 0.000000e+00 4.198891e-01
    outer loop
      vertex   -3.215704e+01 1.500000e+01 9.042095e+00
      vertex   -3.242943e+01 0.000000e+00 8.453338e+00
      vertex   -3.215704e+01 0.000000e+00 9.042095e+00
    endloop
  endfacet
  facet normal -9.766206e-01 0.000000e+00 2.149704e-01
    outer loop
      vertex   -3.215704e+01 1.500000e+01 9.042095e+00
      vertex   -3.215704e+01 0.000000e+00 9.042095e+00
      vertex   -3.201759e+01 1.500000e+01 9.675643e+00
    endloop
  endfacet
  facet normal -9.766206e-01 0.000000e+00 2.149704e-01
    outer loop
      vertex   -3.201759e+01 1.500000e+01 9.675643e+00
      vertex   -3.215704e+01 0.000000e+00 9.042095e+00
      vertex   -3.201759e+01 0.000000e+00 9.675643e+00
    endloop
  endfacet
  facet normal -1.000000e+00 0.000000e+00 0.000000e+00
    outer loop
      vertex   -3.201759e+01 1.500000e+01 9.675643e+00
      vertex   -3.201759e+01 0.000000e+00 9.675643e+00
      vertex   -3.201759e+01 1.500000e+01 1.032436e+01
    endloop
  endfacet
  facet normal -1.000000e+00 -0.000000e+00 0.000000e+00
    outer loop
      vertex   -3.201759e+01 1.500000e+01 1.032436e+01
      vertex   -3.201759e+01 0.000000e+00 9.675643e+00
      vertex   -3.201759e+01 0.000000e+00 1.032436e+01
    endloop
  endfacet
  facet normal -9.766206e-01 -0.000000e+00 -2.149704e-01
    outer loop
      vertex   -3.201759e+01 1.500000e+01 1.032436e+01
      vertex   -3.201759e+01 0.000000e+00 1.032436e+01
      vertex   -3.215704e+01 1.500000e+01 1.095790e+01
    endloop
  endfacet
  facet normal -9.766206e-01 -0.000000e+00 -2.149704e-01
    outer loop
      vertex   -3.215704e+01 1.500000e+01 1.095790e+01
      vertex   -3.201759e+01 0.000000e+00 1.032436e+01
      vertex   -3.215704e+01 0.000000e+00 1.095790e+01
    endloop
  endfacet
  facet normal -9.075754e-01 -0.000000e+00 -4.198891e-01
    outer loop
      vertex   -3.215704e+01 1.500000e+01 1.095790e+01
      vertex   -3.215704e+01 0.000000e+00 1.095790e+01
      vertex   -3.242943e+01 1.500000e+01 1.154666e+01
    endloop
  endfacet
  facet normal -9.075754e-01 -0.000000e+00 -4.198891e-01
    outer loop
      vertex   -3.242943e+01 1.500000e+01 1.154666e+01
      vertex   -3.215704e+01 0.000000e+00 1.095790e+01
      vertex   -3.242943e+01 0.000000e+00 1.154666e+01
    endloop
  endfacet
  facet normal -7.960931e-01 -0.000000e+00 -6.051742e-01
    outer loop
      vertex   -3.242943e+01 1.500000e+01 1.154666e+01
      vertex   -3.242943e+01 0.000000e+00 1.154666e+01
      vertex   -3.282201e+01 1.500000e+01 1.206310e+01
    endloop
  endfacet
  facet normal -7.960931e-01 -0.000000e+00 -6.051742e-01
    outer loop
      vertex   -3.282201e+01 1.500000e+01 1.206310e+01
      vertex   -3.242943e+01 0.000000e+00 1.154666e+01
      vertex   -3.282201e+01 0.000000e+00 1.206310e+01
    endloop
  endfacet
  facet normal -6.473863e-01 -0.000000e+00 -7.621621e-01
    outer loop
      vertex   -3.282201e+01 1.500000e+01 1.206310e+01
      vertex   -3.282201e+01 0.000000e+00 1.206310e+01
      vertex   -3.331644e+01 1.500000e+01 1.248307e+01
    endloop
  endfacet
  facet normal -6.473863e-01 -0.000000e+00 -7.621621e-01
    outer loop
      vertex   -3.331644e+01 1.500000e+01 1.248307e+01
      vertex   -3.282201e+01 0.000000e+00 1.206310e+01
      vertex   -3.331644e+01 0.000000e+00 1.248307e+01
    endloop
  endfacet
  facet normal -4.684084e-01 -0.000000e+00 -8.835120e-01
    outer loop
      vertex   -3.331644e+01 1.500000e+01 1.248307e+01
      vertex   -3.331644e+01 0.000000e+00 1.248307e+01
      vertex   -3.388959e+01 1.500000e+01 1.278693e+01
    endloop
  endfacet
  facet normal -4.684084e-01 -0.000000e+00 -8.835120e-01
    outer loop
      vertex   -3.388959e+01 1.500000e+01 1.278693e+01
      vertex   -3.331644e+01 0.000000e+00 1.248307e+01
      vertex   -3.388959e+01 0.000000e+00 1.278693e+01
    endloop
  endfacet
  facet normal -2.675283e-01 -0.000000e+00 -9.635500e-01
    outer loop
      vertex   -3.388959e+01 1.500000e+01 1.278693e+01
      vertex   -3.388959e+01 0.000000e+00 1.278693e+01
      vertex   -3.451465e+01 1.500000e+01 1.296048e+01
    endloop
  endfacet
  facet normal -2.675283e-01 -0.000000e+00 -9.635500e-01
    outer loop
      vertex   -3.451465e+01 1.500000e+01 1.296048e+01
      vertex   -3.388959e+01 0.000000e+00 1.278693e+01
      vertex   -3.451465e+01 0.000000e+00 1.296048e+01
    endloop
  endfacet
  facet normal -5.413891e-02 -0.000000e+00 -9.985334e-01
    outer loop
      vertex   -3.451465e+01 1.500000e+01 1.296048e+01
      vertex   -3.451465e+01 0.000000e+00 1.296048e+01
      vertex   -3.516242e+01 1.500000e+01 1.299560e+01
    endloop
  endfacet
  facet normal -5.413891e-02 -0.000000e+00 -9.985334e-01
    outer loop
      vertex   -3.516242e+01 1.500000e+01 1.299560e+01
      vertex   -3.451465e+01 0.000000e+00 1.296048e+01
      vertex   -3.516242e+01 0.000000e+00 1.299560e+01
    endloop
  endfacet
  facet normal 1.617820e-01 0.000000e+00 -9.868265e-01
    outer loop
      vertex   -3.516242e+01 1.500000e+01 1.299560e+01
      vertex   -3.516242e+01 0.000000e+00 1.299560e+01
      vertex   -3.580259e+01 1.500000e+01 1.289065e+01
    endloop
  endfacet
  facet normal 1.617820e-01 0.000000e+00 -9.868265e-01
    outer loop
      vertex   -3.580259e+01 1.500000e+01 1.289065e+01
      vertex   -3.516242e+01 0.000000e+00 1.299560e+01
      vertex   -3.580259e+01 0.000000e+00 1.289065e+01
    endloop
  endfacet
  facet normal 3.701382e-01 0.000000e+00 -9.289767e-01
    outer loop
      vertex   -3.580259e+01 1.500000e+01 1.289065e+01
      vertex   -3.580259e+01 0.000000e+00 1.289065e+01
      vertex   -3.640523e+01 1.500000e+01 1.265054e+01
    endloop
  endfacet
  facet normal 3.701382e-01 0.000000e+00 -9.289767e-01
    outer loop
      vertex   -3.640523e+01 1.500000e+01 1.265054e+01
      vertex   -3.580259e+01 0.000000e+00 1.289065e+01
      vertex   -3.640523e+01 0.000000e+00 1.265054e+01
    endloop
  endfacet
  facet normal 5.611871e-01 0.000000e+00 -8.276890e-01
    outer loop
      vertex   -3.640523e+01 1.500000e+01 1.265054e+01
      vertex   -3.640523e+01 0.000000e+00 1.265054e+01
      vertex   -3.694216e+01 1.500000e+01 1.228649e+01
    endloop
  endfacet
  facet normal 5.611871e-01 0.000000e+00 -8.276890e-01
    outer loop
      vertex   -3.694216e+01 1.500000e+01 1.228649e+01
      vertex   -3.640523e+01 0.000000e+00 1.265054e+01
      vertex   -3.694216e+01 0.000000e+00 1.228649e+01
    endloop
  endfacet
  facet normal 7.259955e-01 0.000000e+00 -6.876995e-01
    outer loop
      vertex   -3.694216e+01 1.500000e+01 1.228649e+01
      vertex   -3.694216e+01 0.000000e+00 1.228649e+01
      vertex   -3.738828e+01 1.500000e+01 1.181552e+01
    endloop
  endfacet
  facet normal 7.259955e-01 0.000000e+00 -6.876995e-01
    outer loop
      vertex   -3.738828e+01 1.500000e+01 1.181552e+01
      vertex   -3.694216e+01 0.000000e+00 1.228649e+01
      vertex   -3.738828e+01 0.000000e+00 1.181552e+01
    endloop
  endfacet
  facet normal 8.568572e-01 0.000000e+00 -5.155539e-01
    outer loop
      vertex   -3.738828e+01 1.500000e+01 1.181552e+01
      vertex   -3.738828e+01 0.000000e+00 1.181552e+01
      vertex   -3.772273e+01 1.500000e+01 1.125967e+01
    endloop
  endfacet
  facet normal 8.568572e-01 0.000000e+00 -5.155539e-01
    outer loop
      vertex   -3.772273e+01 1.500000e+01 1.125967e+01
      vertex   -3.738828e+01 0.000000e+00 1.181552e+01
      vertex   -3.772273e+01 0.000000e+00 1.125967e+01
    endloop
  endfacet
  facet normal 9.476532e-01 0.000000e+00 -3.193015e-01
    outer loop
      vertex   -3.772273e+01 1.500000e+01 1.125967e+01
      vertex   -3.772273e+01 0.000000e+00 1.125967e+01
      vertex   -3.792986e+01 1.500000e+01 1.064491e+01
    endloop
  endfacet
  facet normal 9.476532e-01 0.000000e+00 -3.193015e-01
    outer loop
      vertex   -3.792986e+01 1.500000e+01 1.064491e+01
      vertex   -3.772273e+01 0.000000e+00 1.125967e+01
      vertex   -3.792986e+01 0.000000e+00 1.064491e+01
    endloop
  endfacet
  facet normal 9.941380e-01 0.000000e+00 -1.081190e-01
    outer loop
      vertex   1.207014e+01 1.500000e+01 2.064491e+01
      vertex   1.207014e+01 0.000000e+00 2.064491e+01
      vertex   1.200000e+01 1.500000e+01 2.000000e+01
    endloop
  endfacet
  facet normal 9.941380e-01 0.000000e+00 -1.081190e-01
    outer loop
      vertex   1.200000e+01 1.500000e+01 2.000000e+01
      vertex   1.207014e+01 0.000000e+00 2.064491e+01
      vertex   1.200000e+01 0.000000e+00 2.000000e+01
    endloop
  endfacet
  facet normal 9.941380e-01 0.000000e+00 1.081190e-01
    outer loop
      vertex   1.200000e+01 1.500000e+01 2.000000e+01
      vertex   1.200000e+01 0.000000e+00 2.000000e+01
      vertex   1.207014e+01 1.500000e+01 1.935509e+01
    endloop
  endfacet
  facet normal 9.941380e-01 0.000000e+00 1.081190e-01
    outer loop
      vertex   1.207014e+01 1.500000e+01 1.935509e+01
      vertex   1.200000e+01 0.000000e+00 2.000000e+01
      vertex   1.207014e+01 0.000000e+00 1.935509e+01
    endloop
  endfacet
  facet normal 9.476532e-01 0.000000e+00 3.193015e-01
    outer loop
      vertex   1.207014e+01 1.500000e+01 1.935509e+01
      vertex   1.207014e+01 0.000000e+00 1.935509e+01
      vertex   1.227727e+01 1.500000e+01 1.874033e+01
    endloop
  endfacet
  facet normal 9.476532e-01 0.000000e+00 3.193015e-01
    outer loop
      vertex   1.227727e+01 1.500000e+01 1.874033e+01
      vertex   1.207014e+01 0.000000e+00 1.935509e+01
      vertex   1.227727e+01 0.000000e+00 1.874033e+01
    endloop
  endfacet
  facet normal 8.568572e-01 0.000000e+00 5.155539e-01
    outer loop
      vertex   1.227727e+01 1.500000e+01 1.874033e+01
      vertex   1.227727e+01 0.000000e+00 1.874033e+01
      vertex   1.261172e+01 1.500000e+01 1.818448e+01
    endloop
  endfacet
  facet normal 8.568572e-01 0.000000e+00 5.155539e-01
    outer loop
      vertex   1.261172e+01 1.500000e+01 1.818448e+01
      vertex   1.227727e+01 0.000000e+00 1.874033e+01
      vertex   1.261172e+01 0.000000e+00 1.818448e+01
    endloop
  endfacet
  facet normal 7.259955e-01 0.000000e+00 6.876995e-01
    outer loop
      vertex   1.261172e+01 1.500000e+01 1.818448e+01
      vertex   1.261172e+01 0.000000e+00 1.818448e+01
      vertex   1.305784e+01 1.500000e+01 1.771351e+01
    endloop
  endfacet
  facet normal 7.259955e-01 0.000000e+00 6.876995e-01
    outer loop
      vertex   1.305784e+01 1.500000e+01 1.771351e+01
      vertex   1.261172e+01 0.000000e+00 1.818448e+01
      vertex   1.305784e+01 0.000000e+00 1.771351e+01
    endloop
  endfacet
  facet normal 5.611871e-01 0.000000e+00 8.276890e-01
    outer loop
      vertex   1.305784e+01 1.500000e+01 1.771351e+01
      vertex   1.305784e+01 0.000000e+00 1.771351e+01
      vertex   1.359477e+01 1.500000e+01 1.734946e+01
    endloop
  endfacet
  facet normal 5.611871e-01 0.000000e+00 8.276890e-01
    outer loop
      vertex   1.359477e+01 1.500000e+01 1.734946e+01
      vertex   1.305784e+01 0.000000e+00 1.771351e+01
      vertex   1.359477e+01 0.000000e+00 1.734946e+01
    endloop
  endfacet
  facet normal 3.701382e-01 0.000000e+00 9.289767e-01
    outer loop
      vertex   1.359477e+01 1.500000e+01 1.734946e+01
      vertex   1.359477e+01 0.000000e+00 1.734946e+01
      vertex   1.419741e+01 1.500000e+01 1.710935e+01
    endloop
  endfacet
  facet normal 3.701382e-01 0.000000e+00 9.289767e-01
    outer loop
      vertex   1.419741e+01 1.500000e+01 1.710935e+01
      vertex   1.359477e+01 0.000000e+00 1.734946e+01
      vertex   1.419741e+01 0.000000e+00 1.710935e+01
    endloop
  endfacet
  facet normal 1.617820e-01 0.000000e+00 9.868265e-01
    outer loop
      vertex   1.419741e+01 1.500000e+01 1.710935e+01
      vertex   1.419741e+01 0.000000e+00 1.710935e+01
      vertex   1.483758e+01 1.500000e+01 1.700440e+01
    endloop
  endfacet
  facet normal 1.617820e-01 0.000000e+00 9.868265e-01
    outer loop
      vertex   1.483758e+01 1.500000e+01 1.700440e+01
      vertex   1.419741e+01 0.000000e+00 1.710935e+01
      vertex   1.483758e+01 0.000000e+00 1.700440e+01
    endloop
  endfacet
  facet normal -5.413891e-02 0.000000e+00 9.985334e-01
    outer loop
      vertex   1.483758e+01 1.500000e+01 1.700440e+01
      vertex   1.483758e+01 0.000000e+00 1.700440e+01
      vertex   1.548535e+01 1.500000e+01 1.703952e+01
    endloop
  endfacet
  facet normal -5.413891e-02 0.000000e+00 9.985334e-01
    outer loop
      vertex   1.548535e+01 1.500000e+01 1.703952e+01
      vertex   1.483758e+01 0.000000e+00 1.700440e+01
      vertex   1.548535e+01 0.000000e+00 1.703952e+01
    endloop
  endfacet
  facet normal -2.675283e-01 0.000000e+00 9.635500e-01
    outer loop
      vertex   1.548535e+01 1.500000e+01 1.703952e+01
      vertex   1.548535e+01 0.000000e+00 1.703952e+01
      vertex   1.611041e+01 1.500000e+01 1.721307e+01
    endloop
  endfacet
  facet normal -2.675283e-01 0.000000e+00 9.635500e-01
    outer loop
      vertex   1.611041e+01 1.500000e+01 1.721307e+01
      vertex   1.548535e+01 0.000000e+00 1.703952e+01
      vertex   1.611041e+01 0.000000e+00 1.721307e+01
    endloop
  endfacet
  facet normal -4.684084e-01 0.000000e+00 8.835120e-01
    outer loop
      vertex   1.611041e+01 1.500000e+01 1.721307e+01
      vertex   1.611041e+01 0.000000e+00 1.721307e+01
      vertex   1.668356e+01 1.500000e+01 1.751693e+01
    endloop
  endfacet
  facet normal -4.684084e-01 0.000000e+00 8.835120e-01
    outer loop
      vertex   1.668356e+01 1.500000e+01 1.751693e+01
      vertex   1.611041e+01 0.000000e+00 1.721307e+01
      vertex   1.668356e+01 0.000000e+00 1.751693e+01
    endloop
  endfacet
  facet normal -6.473863e-01 0.000000e+00 7.621621e-01
    outer loop
      vertex   1.668356e+01 1.500000e+01 1.751693e+01
      vertex   1.668356e+01 0.000000e+00 1.751693e+01
      vertex   1.717799e+01 1.500000e+01 1.793690e+01
    endloop
  endfacet
  facet normal -6.473863e-01 0.000000e+00 7.621621e-01
    outer loop
      vertex   1.717799e+01 1.500000e+01 1.793690e+01
      vertex   1.668356e+01 0.000000e+00 1.751693e+01
      vertex   1.717799e+01 0.000000e+00 1.793690e+01
    endloop
  endfacet
  facet normal -7.960931e-01 0.000000e+00 6.051742e-01
    outer loop
      vertex   1.717799e+01 1.500000e+01 1.793690e+01
      vertex   1.717799e+01 0.000000e+00 1.793690e+01
      vertex   1.757057e+01 1.500000e+01 1.845334e+01
    endloop
  endfacet
  facet normal -7.960931e-01 0.000000e+00 6.051742e-01
    outer loop
      vertex   1.757057e+01 1.500000e+01 1.845334e+01
      vertex   1.717799e+01 0.000000e+00 1.793690e+01
      vertex   1.757057e+01 0.000000e+00 1.845334e+01
    endloop
  endfacet
  facet normal -9.075754e-01 0.000000e+00 4.198891e-01
    outer loop
      vertex   1.757057e+01 1.500000e+01 1.845334e+01
      vertex   1.757057e+01 0.000000e+00 1.845334e+01
      vertex   1.784296e+01 1.500000e+01 1.904210e+01
    endloop
  endfacet
  facet normal -9.075754e-01 0.000000e+00 4.198891e-01
    outer loop
      vertex   1.784296e+01 1.500000e+01 1.904210e+01
      vertex   1.757057e+01 0.000000e+00 1.845334e+01
      vertex   1.784296e+01 0.000000e+00 1.904210e+01
    endloop
  endfacet
  facet normal -9.766206e-01 0.000000e+00 2.149704e-01
    outer loop
      vertex   1.784296e+01 1.500000e+01 1.904210e+01
      vertex   1.784296e+01 0.000000e+00 1.904210e+01
      vertex   1.798241e+01 1.500000e+01 1.967564e+01
    endloop
  endfacet
  facet normal -9.766206e-01 0.000000e+00 2.149704e-01
    outer loop
      vertex   1.798241e+01 1.500000e+01 1.967564e+01
      vertex   1.784296e+01 0.000000e+00 1.904210e+01
      vertex   1.798241e+01 0.000000e+00 1.967564e+01
    endloop
  endfacet
  facet normal -1.000000e+00 0.000000e+00 0.000000e+00
    outer loop
      vertex   1.798241e+01 1.500000e+01 1.967564e+01
      vertex   1.798241e+01 0.000000e+00 1.967564e+01
      vertex   1.798241e+01 1.500000e+01 2.032436e+01
    endloop
  endfacet
  facet normal -1.000000e+00 -0.000000e+00 0.000000e+00
    outer loop
      vertex   1.798241e+01 1.500000e+01 2.032436e+01
      vertex   1.798241e+01 0.000000e+00 1.967564e+01
      vertex   1.798241e+01 0.000000e+00 2.032436e+01
    endloop
  endfacet
  facet normal -9.766206e-01 -0.000000e+00 -2.149704e-01
    outer loop
      vertex   1.798241e+01 1.500000e+01 2.032436e+01
      vertex   1.798241e+01 0.000000e+00 2.032436e+01
      vertex   1.784296e+01 1.500000e+01 2.095790e+01
    endloop
  endfacet
  facet normal -9.766206e-01 -0.000000e+00 -2.149704e-01
    outer loop
      vertex   1.784296e+01 1.500000e+01 2.095790e+01
      vertex   1.798241e+01 0.000000e+00 2.032436e+01
      vertex   1.784296e+01 0.000000e+00 2.095790e+01
    endloop
  endfacet
  facet normal -9.075754e-01 -0.000000e+00 -4.198891e-01
    outer loop
      vertex   1.784296e+01 1.500000e+01 2.095790e+01
      vertex   1.784296e+01 0.000000e+00 2.095790e+01
      vertex   1.757057e+01 1.500000e+01 2.154666e+01
    endloop
  endfacet
  facet normal -9.075754e-01 -0.000000e+00 -4.198891e-01
    outer loop
      vertex   1.757057e+01 1.500000e+01 2.154666e+01
      vertex   1.784296e+01 0.000000e+00 2.095790e+01
      vertex   1.757057e+01 0.000000e+00 2.154666e+01
    endloop
  endfacet
  facet normal -7.960931e-01 -0.000000e+00 -6.051742e-01
    outer loop
      vertex   1.757057e+01 1.500000e+01 2.154666e+01
      vertex   1.757057e+01 0.000000e+00 2.154666e+01
      vertex   1.717799e+01 1.500000e+01 2.206310e+01
    endloop
  endfacet
  facet normal -7.960931e-01 -0.000000e+00 -6.051742e-01
    outer loop
      vertex   1.717799e+01 1.500000e+01 2.206310e+01
      vertex   1.757057e+01 0.000000e+00 2.154666e+01
      vertex   1.717799e+01 0.000000e+00 2.206310e+01
    endloop
  endfacet
  facet normal -6.473863e-01 -0.000000e+00 -7.621621e-01
    outer loop
      vertex   1.717799e+01 1.500000e+01 2.206310e+01
      vertex   1.717799e+01 0.000000e+00 2.206310e+01
      vertex   1.668356e+01 1.500000e+01 2.248307e+01
    endloop
  endfacet
  facet normal -6.473863e-01 -0.000000e+00 -7.621621e-01
    outer loop
      vertex   1.668356e+01 1.500000e+01 2.248307e+01
      vertex   1.717799e+01 0.000000e+00 2.206310e+01
      vertex   1.668356e+01 0.000000e+00 2.248307e+01
    endloop
  endfacet
  facet normal -4.684084e-01 -0.000000e+00 -8.835120e-01
    outer loop
      vertex   1.668356e+01 1.500000e+01 2.248307e+01
      vertex   1.668356e+01 0.000000e+00 2.248307e+01
      vertex   1.611041e+01 1.500000e+01 2.278693e+01
    endloop
  endfacet
  facet normal -4.684084e-01 -0.000000e+00 -8.835120e-01
    outer loop
      vertex   1.611041e+01 1.500000e+01 2.278693e+01
      vertex   1.668356e+01 0.000000e+00 2.248307e+01
      vertex   1.611041e+01 0.000000e+00 2.278693e+01
    endloop
  endfacet
  facet normal -2.675283e-01 -0.000000e+00 -9.635500e-01
    outer loop
      vertex   1.611041e+01 1.500000e+01 2.278693e+01
      vertex   1.611041e+01 0.000000e+00 2.278693e+01
      vertex   1.548535e+01 1.500000e+01 2.296048e+01
    endloop
  endfacet
  facet normal -2.675283e-01 -0.000000e+00 -9.635500e-01
    outer loop
      vertex   1.548535e+01 1.500000e+01 2.296048e+01
      vertex   1.611041e+01 0.000000e+00 2.278693e+01
      vertex   1.548535e+01 0.000000e+00 2.296048e+01
    endloop
  endfacet
  facet normal -5.413891e-02 -0.000000e+00 -9.985334e-01
    outer loop
      vertex   1.548535e+01 1.500000e+01 2.296048e+01
      vertex   1.548535e+01 0.000000e+00 2.296048e+01
      vertex   1.483758e+01 1.500000e+01 2.299560e+01
    endloop
  endfacet
  facet normal -5.413891e-02 -0.000000e+00 -9.985334e-01
    outer loop
      vertex   1.483758e+01 1.500000e+01 2.299560e+01
      vertex   1.548535e+01 0.000000e+00 2.296048e+01
      vertex   1.483758e+01 0.000000e+00 2.299560e+01
    endloop
  endfacet
  facet normal 1.617820e-01 0.000000e+00 -9.868265e-01
    outer loop
      vertex   1.483758e+01 1.500000e+01 2.299560e+01
      vertex   1.483758e+01 0.000000e+00 2.299560e+01
      vertex   1.419741e+01 1.500000e+01 2.289065e+01
    endloop
  endfacet
  facet normal 1.617820e-01 0.000000e+00 -9.868265e-01
    outer loop
      vertex   1.419741e+01 1.500000e+01 2.289065e+01
      vertex   1.483758e+01 0.000000e+00 2.299560e+01
      vertex   1.419741e+01 0.000000e+00 2.289065e+01
    endloop
  endfacet
  facet normal 3.701382e-01 0.000000e+00 -9.289767e-01
    outer loop
      vertex   1.419741e+01 1.500000e+01 2.289065e+01
      vertex   1.419741e+01 0.000000e+00 2.289065e+01
      vertex   1.359477e+01 1.500000e+01 2.265054e+01
    endloop
  endfacet
  facet normal 3.701382e-01 0.000000e+00 -9.289767e-01
    outer loop
      vertex   1.359477e+01 1.500000e+01 2.265054e+01
      vertex   1.419741e+01 0.000000e+00 2.289065e+01
      vertex   1.359477e+01 0.000000e+00 2.265054e+01
    endloop
  endfacet
  facet normal 5.611871e-01 0.000000e+00 -8.276890e-01
    outer loop
      vertex   1.359477e+01 1.500000e+01 2.265054e+01
      vertex   1.359477e+01 0.000000e+00 2.265054e+01
      vertex   1.305784e+01 1.500000e+01 2.228649e+01
    endloop
  endfacet
  facet normal 5.611871e-01 0.000000e+00 -8.276890e-01
    outer loop
      vertex   1.305784e+01 1.500000e+01 2.228649e+01
      vertex   1.359477e+01 0.000000e+00 2.265054e+01
      vertex   1.305784e+01 0.000000e+00 2.228649e+01
    endloop
  endfacet
  facet normal 7.259955e-01 0.000000e+00 -6.876995e-01
    outer loop
      vertex   1.305784e+01 1.500000e+01 2.228649e+01
      vertex   1.305784e+01 0.000000e+00 2.228649e+01
      vertex   1.261172e+01 1.500000e+01 2.181552e+01
    endloop
  endfacet
  facet normal 7.259955e-01 0.000000e+00 -6.876995e-01
    outer loop
      vertex   1.261172e+01 1.500000e+01 2.181552e+01
      vertex   1.305784e+01 0.000000e+00 2.228649e+01
      vertex   1.261172e+01 0.000000e+00 2.181552e+01
    endloop
  endfacet
  facet normal 8.568572e-01 0.000000e+00 -5.155539e-01
    outer loop
      vertex   1.261172e+01 1.500000e+01 2.181552e+01
      vertex   1.261172e+01 0.000000e+00 2.181552e+01
      vertex   1.227727e+01 1.500000e+01 2.125967e+01
    endloop
  endfacet
  facet normal 8.568572e-01 0.000000e+00 -5.155539e-01
    outer loop
      vertex   1.227727e+01 1.500000e+01 2.125967e+01
      vertex   1.261172e+01 0.000000e+00 2.181552e+01
      vertex   1.227727e+01 0.000000e+00 2.125967e+01
    endloop
  endfacet
  facet normal 9.476532e-01 0.000000e+00 -3.193015e-01
    outer loop
      vertex   1.227727e+01 1.500000e+01 2.125967e+01
      vertex   1.227727e+01 0.000000e+00 2.125967e+01
      vertex   1.207014e+01 1.500000e+01 2.064491e+01
    endloop
  endfacet
  facet normal 9.476532e-01 0.000000e+00 -3.193015e-01
    outer loop
      vertex   1.207014e+01 1.500000e+01 2.064491e+01
      vertex   1.227727e+01 0.000000e+00 2.125967e+01
      vertex   1.207014e+01 0.000000e+00 2.064491e+01
    endloop
  endfacet
  facet normal 9.941380e-01 0.000000e+00 -1.081190e-01
    outer loop
      vertex   -1.792986e+01 1.500000e+01 1.064491e+01
      vertex   -1.792986e+01 0.000000e+00 1.064491e+01
      vertex   -1.800000e+01 1.500000e+01 1.000000e+01
    endloop
  endfacet
  facet normal 9.941380e-01 0.000000e+00 -1.081190e-01
    outer loop
      vertex   -1.800000e+01 1.500000e+01 1.000000e+01
      vertex   -1.792986e+01 0.000000e+00 1.064491e+01
      vertex   -1.800000e+01 0.000000e+00 1.000000e+01
    endloop
  endfacet
  facet normal 9.941380e-01 0.000000e+00 1.081190e-01
    outer loop
      vertex   -1.800000e+01 1.500000e+01 1.000000e+01
      vertex   -1.800000e+01 0.000000e+00 1.000000e+01
      vertex   -1.792986e+01 1.500000e+01 9.355089e+00
    endloop
  endfacet
  facet normal 9.941380e-01 0.000000e+00 1.081190e-01
    outer loop
      vertex   -1.792986e+01 1.500000e+01 9.355089e+00
      vertex   -1.800000e+01 0.000000e+00 1.000000e+01
      vertex   -1.792986e+01 0.000000e+00 9.355089e+00
    endloop
  endfacet
  facet normal 9.476532e-01 0.000000e+00 3.193015e-01
    outer loop
      vertex   -1.792986e+01 1.500000e+01 9.355089e+00
      vertex   -1.792986e+01 0.000000e+00 9.355089e+00
      vertex   -1.772273e+01 1.500000e+01 8.740333e+00
    endloop
  endfacet
  facet normal 9.476532e-01 0.000000e+00 3.193015e-01
    outer loop
      vertex   -1.772273e+01 1.500000e+01 8.740333e+00
      vertex   -1.792986e+01 0.000000e+00 9.355089e+00
      vertex   -1.772273e+01 0.000000e+00 8.740333e+00
    endloop
  endfacet
  facet normal 8.568572e-01 0.000000e+00 5.155539e-01
    outer loop
      vertex   -1.772273e+01 1.500000e+01 8.740333e+00
      vertex   -1.772273e+01 0.000000e+00 8.740333e+00
      vertex   -1.738828e+01 1.500000e+01 8.184477e+00
    endloop
  endfacet
  facet normal 8.568572e-01 0.000000e+00 5.155539e-01
    outer loop
      vertex   -1.738828e+01 1.500000e+01 8.184477e+00
      vertex   -1.772273e+01 0.000000e+00 8.740333e+00
      vertex   -1.738828e+01 0.000000e+00 8.184477e+00
    endloop
  endfacet
  facet normal 7.259955e-01 0.000000e+00 6.876995e-01
    outer loop
      vertex   -1.738828e+01 1.500000e+01 8.184477e+00
      vertex   -1.738828e+01 0.000000e+00 8.184477e+00
      vertex   -1.694216e+01 1.500000e+01 7.713514e+00
    endloop
  endfacet
  facet normal 7.259955e-01 0.000000e+00 6.876995e-01
    outer loop
      vertex   -1.694216e+01 1.500000e+01 7.713514e+00
      vertex   -1.738828e+01 0.000000e+00 8.184477e+00
      vertex   -1.694216e+01 0.000000e+00 7.713514e+00
    endloop
  endfacet
  facet normal 5.611871e-01 0.000000e+00 8.276890e-01
    outer loop
      vertex   -1.694216e+01 1.500000e+01 7.713514e+00
      vertex   -1.694216e+01 0.000000e+00 7.713514e+00
      vertex   -1.640523e+01 1.500000e+01 7.349464e+00
    endloop
  endfacet
  facet normal 5.611871e-01 0.000000e+00 8.276890e-01
    outer loop
      vertex   -1.640523e+01 1.500000e+01 7.349464e+00
      vertex   -1.694216e+01 0.000000e+00 7.713514e+00
      vertex   -1.640523e+01 0.000000e+00 7.349464e+00
    endloop
  endfacet
  facet normal 3.701382e-01 0.000000e+00 9.289767e-01
    outer loop
      vertex   -1.640523e+01 1.500000e+01 7.349464e+00
      vertex   -1.640523e+01 0.000000e+00 7.349464e+00
      vertex   -1.580259e+01 1.500000e+01 7.109350e+00
    endloop
  endfacet
  facet normal 3.701382e-01 0.000000e+00 9.289767e-01
    outer loop
      vertex   -1.580259e+01 1.500000e+01 7.109350e+00
      vertex   -1.640523e+01 0.000000e+00 7.349464e+00
      vertex   -1.580259e+01 0.000000e+00 7.109350e+00
    endloop
  endfacet
  facet normal 1.617820e-01 0.000000e+00 9.868265e-01
    outer loop
      vertex   -1.580259e+01 1.500000e+01 7.109350e+00
      vertex   -1.580259e+01 0.000000e+00 7.109350e+00
      vertex   -1.516242e+01 1.500000e+01 7.004400e+00
    endloop
  endfacet
  facet normal 1.617820e-01 0.000000e+00 9.868265e-01
    outer loop
      vertex   -1.516242e+01 1.500000e+01 7.004400e+00
      vertex   -1.580259e+01 0.000000e+00 7.109350e+00
      vertex   -1.516242e+01 0.000000e+00 7.004400e+00
    endloop
  endfacet
  facet normal -5.413891e-02 0.000000e+00 9.985334e-01
    outer loop
      vertex   -1.516242e+01 1.500000e+01 7.004400e+00
      vertex   -1.516242e+01 0.000000e+00 7.004400e+00
      vertex   -1.451465e+01 1.500000e+01 7.039520e+00
    endloop
  endfacet
  facet normal -5.413891e-02 0.000000e+00 9.985334e-01
    outer loop
      vertex   -1.451465e+01 1.500000e+01 7.039520e+00
      vertex   -1.516242e+01 0.000000e+00 7.004400e+00
      vertex   -1.451465e+01 0.000000e+00 7.039520e+00
    endloop
  endfacet
  facet normal -2.675283e-01 0.000000e+00 9.635500e-01
    outer loop
      vertex   -1.451465e+01 1.500000e+01 7.039520e+00
      vertex   -1.451465e+01 0.000000e+00 7.039520e+00
      vertex   -1.388959e+01 1.500000e+01 7.213070e+00
    endloop
  endfacet
  facet normal -2.675283e-01 0.000000e+00 9.635500e-01
    outer loop
      vertex   -1.388959e+01 1.500000e+01 7.213070e+00
      vertex   -1.451465e+01 0.000000e+00 7.039520e+00
      vertex   -1.388959e+01 0.000000e+00 7.213070e+00
    endloop
  endfacet
  facet normal -4.684084e-01 0.000000e+00 8.835120e-01
    outer loop
      vertex   -1.388959e+01 1.500000e+01 7.213070e+00
      vertex   -1.388959e+01 0.000000e+00 7.213070e+00
      vertex   -1.331644e+01 1.500000e+01 7.516933e+00
    endloop
  endfacet
  facet normal -4.684084e-01 0.000000e+00 8.835120e-01
    outer loop
      vertex   -1.331644e+01 1.500000e+01 7.516933e+00
      vertex   -1.388959e+01 0.000000e+00 7.213070e+00
      vertex   -1.331644e+01 0.000000e+00 7.516933e+00
    endloop
  endfacet
  facet normal -6.473863e-01 0.000000e+00 7.621621e-01
    outer loop
      vertex   -1.331644e+01 1.500000e+01 7.516933e+00
      vertex   -1.331644e+01 0.000000e+00 7.516933e+00
      vertex   -1.282201e+01 1.500000e+01 7.936902e+00
    endloop
  endfacet
  facet normal -6.473863e-01 0.000000e+00 7.621621e-01
    outer loop
      vertex   -1.282201e+01 1.500000e+01 7.936902e+00
      vertex   -1.331644e+01 0.000000e+00 7.516933e+00
      vertex   -1.282201e+01 0.000000e+00 7.936902e+00
    endloop
  endfacet
  facet normal -7.960931e-01 0.000000e+00 6.051742e-01
    outer loop
      vertex   -1.282201e+01 1.500000e+01 7.936902e+00
      vertex   -1.282201e+01 0.000000e+00 7.936902e+00
      vertex   -1.242943e+01 1.500000e+01 8.453338e+00
    endloop
  endfacet
  facet normal -7.960931e-01 0.000000e+00 6.051742e-01
    outer loop
      vertex   -1.242943e+01 1.500000e+01 8.453338e+00
      vertex   -1.282201e+01 0.000000e+00 7.936902e+00
      vertex   -1.242943e+01 0.000000e+00 8.453338e+00
    endloop
  endfacet
  facet normal -9.075754e-01 0.000000e+00 4.198891e-01
    outer loop
      vertex   -1.242943e+01 1.500000e+01 8.453338e+00
      vertex   -1.242943e+01 0.000000e+00 8.453338e+00
      vertex   -1.215704e+01 1.500000e+01 9.042095e+00
    endloop
  endfacet
  facet normal -9.075754e-01 0.000000e+00 4.198891e-01
    outer loop
      vertex   -1.215704e+01 1.500000e+01 9.042095e+00
      vertex   -1.242943e+01 0.000000e+00 8.453338e+00
      vertex   -1.215704e+01 0.000000e+00 9.042095e+00
    endloop
  endfacet
  facet normal -9.766206e-01 0.000000e+00 2.149704e-01
    outer loop
      vertex   -1.215704e+01 1.500000e+01 9.042095e+00
      vertex   -1.215704e+01 0.000000e+00 9.042095e+00
      vertex   -1.201759e+01 1.500000e+01 9.675643e+00
    endloop
  endfacet
  facet normal -9.766206e-01 0.000000e+00 2.149704e-01
    outer loop
      vertex   -1.201759e+01 1.500000e+01 9.675643e+00
      vertex   -1.215704e+01 0.000000e+00 9.042095e+00
      vertex   -1.201759e+01 0.000000e+00 9.675643e+00
    endloop
  endfacet
  facet normal -1.000000e+00 0.000000e+00 0.000000e+00
    outer loop
      vertex   -1.201759e+01 1.500000e+01 9.675643e+00
      vertex   -1.201759e+01 0.000000e+00 9.675643e+00
      vertex   -1.201759e+01 1.500000e+01 1.032436e+01
    endloop
  endfacet
  facet normal -1.000000e+00 -0.000000e+00 0.000000e+00
    outer loop
      vertex   -1.201759e+01 1.500000e+01 1.032436e+01
      vertex   -1.201759e+01 0.000000e+00 9.675643e+00
      vertex   -1.201759e+01 0.000000e+00 1.032436e+01
    endloop
  endfacet
  facet normal -9.766206e-01 -0.000000e+00 -2.149704e-01
    outer loop
      vertex   -1.201759e+01 1.500000e+01 1.032436e+01
      vertex   -1.201759e+01 0.000000e+00 1.032436e+01
      vertex   -1.215704e+01 1.500000e+01 1.095790e+01
    endloop
  endfacet
  facet normal -9.766206e-01 -0.000000e+00 -2.149704e-01
    outer loop
      vertex   -1.215704e+01 1.500000e+01 1.095790e+01
      vertex   -1.201759e+01 0.000000e+00 1.032436e+01
      vertex   -1.215704e+01 0.000000e+00 1.095790e+01
    endloop
  endfacet
  facet normal -9.075754e-01 -0.000000e+00 -4.198891e-01
    outer loop
      vertex   -1.215704e+01 1.500000e+01 1.095790e+01
      vertex   -1.215704e+01 0.000000e+00 1.095790e+01
      vertex   -1.242943e+01 1.500000e+01 1.154666e+01
    endloop
  endfacet
  facet normal -9.075754e-01 -0.000000e+00 -4.198891e-01
    outer loop
      vertex   -1.242943e+01 1.500000e+01 1.154666e+01
      vertex   -1.215704e+01 0.000000e+00 1.095790e+01
      vertex   -1.242943e+01 0.000000e+00 1.154666e+01
    endloop
  endfacet
  facet normal -7.960931e-01 -0.000000e+00 -6.051742e-01
    outer loop
      vertex   -1.242943e+01 1.500000e+01 1.154666e+01
      vertex   -1.242943e+01 0.000000e+00 1.154666e+01
      vertex   -1.282201e+01 1.500000e+01 1.206310e+01
    endloop
  endfacet
  facet normal -7.960931e-01 -0.000000e+00 -6.051742e-01
    outer loop
      vertex   -1.282201e+01 1.500000e+01 1.206310e+01
      vertex   -1.242943e+01 0.000000e+00 1.154666e+01
      vertex   -1.282201e+01 0.000000e+00 1.206310e+01
    endloop
  endfacet
  facet normal -6.473863e-01 -0.000000e+00 -7.621621e-01
    outer loop
      vertex   -1.282201e+01 1.500000e+01 1.206310e+01
      vertex   -1.282201e+01 0.000000e+00 1.206310e+01
      vertex   -1.331644e+01 1.500000e+01 1.248307e+01
    endloop
  endfacet
  facet normal -6.473863e-01 -0.000000e+00 -7.621621e-01
    outer loop
      vertex   -1.331644e+01 1.500000e+01 1.248307e+01
      vertex   -1.282201e+01 0.000000e+00 1.206310e+01
      vertex   -1.331644e+01 0.000000e+00 1.248307e+01
    endloop
  endfacet
  facet normal -4.684084e-01 -0.000000e+00 -8.835120e-01
    outer loop
      vertex   -1.331644e+01 1.500000e+01 1.248307e+01
      vertex   -1.331644e+01 0.000000e+00 1.248307e+01
      vertex   -1.388959e+01 1.500000e+01 1.278693e+01
    endloop
  endfacet
  facet normal -4.684084e-01 -0.000000e+00 -8.835120e-01
    outer loop
      vertex   -1.388959e+01 1.500000e+01 1.278693e+01
      vertex   -1.331644e+01 0.000000e+00 1.248307e+01
      vertex   -1.388959e+01 0.000000e+00 1.278693e+01
    endloop
  endfacet
  facet normal -2.675283e-01 -0.000000e+00 -9.635500e-01
    outer loop
      vertex   -1.388959e+01 1.500000e+01 1.278693e+01
      vertex   -1.388959e+01 0.000000e+00 1.278693e+01
      vertex   -1.451465e+01 1.500000e+01 1.296048e+01
    endloop
  endfacet
  facet normal -2.675283e-01 -0.000000e+00 -9.635500e-01
    outer loop
      vertex   -1.451465e+01 1.500000e+01 1.296048e+01
      vertex   -1.388959e+01 0.000000e+00 1.278693e+01
      vertex   -1.451465e+01 0.000000e+00 1.296048e+01
    endloop
  endfacet
  facet normal -5.413891e-02 -0.000000e+00 -9.985334e-01
    outer loop
      vertex   -1.451465e+01 1.500000e+01 1.296048e+01
      vertex   -1.451465e+01 0.000000e+00 1.296048e+01
      vertex   -1.516242e+01 1.500000e+01 1.299560e+01
    endloop
  endfacet
  facet normal -5.413891e-02 -0.000000e+00 -9.985334e-01
    outer loop
      vertex   -1.516242e+01 1.500000e+01 1.299560e+01
      vertex   -1.451465e+01 0.000000e+00 1.296048e+01
      vertex   -1.516242e+01 0.000000e+00 1.299560e+01
    endloop
  endfacet
  facet normal 1.617820e-01 0.000000e+00 -9.868265e-01
    outer loop
      vertex   -1.516242e+01 1.500000e+01 1.299560e+01
      vertex   -1.516242e+01 0.000000e+00 1.299560e+01
      vertex   -1.580259e+01 1.500000e+01 1.289065e+01
    endloop
  endfacet
  facet normal 1.617820e-01 0.000000e+00 -9.868265e-01
    outer loop
      vertex   -1.580259e+01 1.500000e+01 1.289065e+01
      vertex   -1.516242e+01 0.000000e+00 1.299560e+01
      vertex   -1.580259e+01 0.000000e+00 1.289065e+01
    endloop
  endfacet
  facet normal 3.701382e-01 0.000000e+00 -9.289767e-01
    outer loop
      vertex   -1.580259e+01 1.500000e+01 1.289065e+01
      vertex   -1.580259e+01 0.000000e+00 1.289065e+01
      vertex   -1.640523e+01 1.500000e+01 1.265054e+01
    endloop
  endfacet
  facet normal 3.701382e-01 0.000000e+00 -9.289767e-01
    outer loop
      vertex   -1.640523e+01 1.500000e+01 1.265054e+01
      vertex   -1.580259e+01 0.000000e+00 1.289065e+01
      vertex   -1.640523e+01 0.000000e+00 1.265054e+01
    endloop
  endfacet
  facet normal 5.611871e-01 0.000000e+00 -8.276890e-01
    outer loop
      vertex   -1.640523e+01 1.500000e+01 1.265054e+01
      vertex   -1.640523e+01 0.000000e+00 1.265054e+01
      vertex   -1.694216e+01 1.500000e+01 1.228649e+01
    endloop
  endfacet
  facet normal 5.611871e-01 0.000000e+00 -8.276890e-01
    outer loop
      vertex   -1.694216e+01 1.500000e+01 1.228649e+01
      vertex   -1.640523e+01 0.000000e+00 1.265054e+01
      vertex   -1.694216e+01 0.000000e+00 1.228649e+01
    endloop
  endfacet
  facet normal 7.259955e-01 0.000000e+00 -6.876995e-01
    outer loop
      vertex   -1.694216e+01 1.500000e+01 1.228649e+01
      vertex   -1.694216e+01 0.000000e+00 1.228649e+01
      vertex   -1.738828e+01 1.500000e+01 1.181552e+01
    endloop
  endfacet
  facet normal 7.259955e-01 0.000000e+00 -6.876995e-01
    outer loop
      vertex   -1.738828e+01 1.500000e+01 1.181552e+01
      vertex   -1.694216e+01 0.000000e+00 1.228649e+01
      vertex   -1.738828e+01 0.000000e+00 1.181552e+01
    endloop
  endfacet
  facet normal 8.568572e-01 0.000000e+00 -5.155539e-01
    outer loop
      vertex   -1.738828e+01 1.500000e+01 1.181552e+01
      vertex   -1.738828e+01 0.000000e+00 1.181552e+01
      vertex   -1.772273e+01 1.500000e+01 1.125967e+01
    endloop
  endfacet
  facet normal 8.568572e-01 0.000000e+00 -5.155539e-01
    outer loop
      vertex   -1.772273e+01 1.500000e+01 1.125967e+01
      vertex   -1.738828e+01 0.000000e+00 1.181552e+01
      vertex   -1.772273e+01 0.000000e+00 1.125967e+01
    endloop
  endfacet
  facet normal 9.476532e-01 0.000000e+00 -3.193015e-01
    outer loop
      vertex   -1.772273e+01 1.500000e+01 1.125967e+01
      vertex   -1.772273e+01 0.000000e+00 1.125967e+01
      vertex   -1.792986e+01 1.500000e+01 1.064491e+01
    endloop
  endfacet
  facet normal 9.476532e-01 0.000000e+00 -3.193015e-01
    outer loop
      vertex   -1.792986e+01 1.500000e+01 1.064491e+01
      vertex   -1.772273e+01 0.000000e+00 1.125967e+01
      vertex   -1.792986e+01 0.000000e+00 1.064491e+01
    endloop
  endfacet
  facet normal 9.941380e-01 0.000000e+00 -1.081190e-01
    outer loop
      vertex   -1.792986e+01 1.500000e+01 6.449113e-01
      vertex   -1.792986e+01 0.000000e+00 6.449113e-01
      vertex   -1.800000e+01 1.500000e+01 0.000000e+00
    endloop
  endfacet
  facet normal 9.941380e-01 -2.648152e-18 -1.081190e-01
    outer loop
      vertex   -1.800000e+01 1.500000e+01 0.000000e+00
      vertex   -1.792986e+01 0.000000e+00 6.449113e-01
      vertex   -1.800000e+01 0.000000e+00 3.673940e-16
    endloop
  endfacet
  facet normal 9.941380e-01 2.648152e-18 1.081190e-01
    outer loop
      vertex   -1.800000e+01 1.500000e+01 0.000000e+00
      vertex   -1.800000e+01 0.000000e+00 3.673940e-16
      vertex   -1.792986e+01 1.500000e+01 -6.449113e-01
    endloop
  endfacet
  facet normal 9.941380e-01 0.000000e+00 1.081190e-01
    outer loop
      vertex   -1.792986e+01 1.500000e+01 -6.449113e-01
      vertex   -1.800000e+01 0.000000e+00 3.673940e-16
      vertex   -1.792986e+01 0.000000e+00 -6.449113e-01
    endloop
  endfacet
  facet normal 9.476532e-01 0.000000e+00 3.193015e-01
    outer loop
      vertex   -1.792986e+01 1.500000e+01 -6.449113e-01
      vertex   -1.792986e+01 0.000000e+00 -6.449113e-01
      vertex   -1.772273e+01 1.500000e+01 -1.259667e+00
    endloop
  endfacet
  facet normal 9.476532e-01 0.000000e+00 3.193015e-01
    outer loop
      vertex   -1.772273e+01 1.500000e+01 -1.259667e+00
      vertex   -1.792986e+01 0.000000e+00 -6.449113e-01
      vertex   -1.772273e+01 0.000000e+00 -1.259667e+00
    endloop
  endfacet
  facet normal 8.568572e-01 0.000000e+00 5.155539e-01
    outer loop
      vertex   -1.772273e+01 1.500000e+01 -1.259667e+00
      vertex   -1.772273e+01 0.000000e+00 -1.259667e+00
      vertex   -1.738828e+01 1.500000e+01 -1.815523e+00
    endloop
  endfacet
  facet normal 8.568572e-01 0.000000e+00 5.155539e-01
    outer loop
      vertex   -1.738828e+01 1.500000e+01 -1.815523e+00
      vertex   -1.772273e+01 0.000000e+00 -1.259667e+00
      vertex   -1.738828e+01 0.000000e+00 -1.815523e+00
    endloop
  endfacet
  facet normal 7.259955e-01 0.000000e+00 6.876995e-01
    outer loop
      vertex   -1.738828e+01 1.500000e+01 -1.815523e+00
      vertex   -1.738828e+01 0.000000e+00 -1.815523e+00
      vertex   -1.694216e+01 1.500000e+01 -2.286486e+00
    endloop
  endfacet
  facet normal 7.259955e-01 0.000000e+00 6.876995e-01
    outer loop
      vertex   -1.694216e+01 1.500000e+01 -2.286486e+00
      vertex   -1.738828e+01 0.000000e+00 -1.815523e+00
      vertex   -1.694216e+01 0.000000e+00 -2.286486e+00
    endloop
  endfacet
  facet normal 5.611871e-01 0.000000e+00 8.276890e-01
    outer loop
      vertex   -1.694216e+01 1.500000e+01 -2.286486e+00
      vertex   -1.694216e+01 0.000000e+00 -2.286486e+00
      vertex   -1.640523e+01 1.500000e+01 -2.650536e+00
    endloop
  endfacet
  facet normal 5.611871e-01 0.000000e+00 8.276890e-01
    outer loop
      vertex   -1.640523e+01 1.500000e+01 -2.650536e+00
      vertex   -1.694216e+01 0.000000e+00 -2.286486e+00
      vertex   -1.640523e+01 0.000000e+00 -2.650536e+00
    endloop
  endfacet
  facet normal 3.701382e-01 0.000000e+00 9.289767e-01
    outer loop
      vertex   -1.640523e+01 1.500000e+01 -2.650536e+00
      vertex   -1.640523e+01 0.000000e+00 -2.650536e+00
      vertex   -1.580259e+01 1.500000e+01 -2.890650e+00
    endloop
  endfacet
  facet normal 3.701382e-01 0.000000e+00 9.289767e-01
    outer loop
      vertex   -1.580259e+01 1.500000e+01 -2.890650e+00
      vertex   -1.640523e+01 0.000000e+00 -2.650536e+00
      vertex   -1.580259e+01 0.000000e+00 -2.890650e+00
    endloop
  endfacet
  facet normal 1.617820e-01 0.000000e+00 9.868265e-01
    outer loop
      vertex   -1.580259e+01 1.500000e+01 -2.890650e+00
      vertex   -1.580259e+01 0.000000e+00 -2.890650e+00
      vertex   -1.516242e+01 1.500000e+01 -2.995600e+00
    endloop
  endfacet
  facet normal 1.617820e-01 0.000000e+00 9.868265e-01
    outer loop
      vertex   -1.516242e+01 1.500000e+01 -2.995600e+00
      vertex   -1.580259e+01 0.000000e+00 -2.890650e+00
      vertex   -1.516242e+01 0.000000e+00 -2.995600e+00
    endloop
  endfacet
  facet normal -5.413891e-02 0.000000e+00 9.985334e-01
    outer loop
      vertex   -1.516242e+01 1.500000e+01 -2.995600e+00
      vertex   -1.516242e+01 0.000000e+00 -2.995600e+00
      vertex   -1.451465e+01 1.500000e+01 -2.960480e+00
    endloop
  endfacet
  facet normal -5.413891e-02 0.000000e+00 9.985334e-01
    outer loop
      vertex   -1.451465e+01 1.500000e+01 -2.960480e+00
      vertex   -1.516242e+01 0.000000e+00 -2.995600e+00
      vertex   -1.451465e+01 0.000000e+00 -2.960480e+00
    endloop
  endfacet
  facet normal -2.675283e-01 0.000000e+00 9.635500e-01
    outer loop
      vertex   -1.451465e+01 1.500000e+01 -2.960480e+00
      vertex   -1.451465e+01 0.000000e+00 -2.960480e+00
      vertex   -1.388959e+01 1.500000e+01 -2.786930e+00
    endloop
  endfacet
  facet normal -2.675283e-01 0.000000e+00 9.635500e-01
    outer loop
      vertex   -1.388959e+01 1.500000e+01 -2.786930e+00
      vertex   -1.451465e+01 0.000000e+00 -2.960480e+00
      vertex   -1.388959e+01 0.000000e+00 -2.786930e+00
    endloop
  endfacet
  facet normal -4.684084e-01 0.000000e+00 8.835120e-01
    outer loop
      vertex   -1.388959e+01 1.500000e+01 -2.786930e+00
      vertex   -1.388959e+01 0.000000e+00 -2.786930e+00
      vertex   -1.331644e+01 1.500000e+01 -2.483067e+00
    endloop
  endfacet
  facet normal -4.684084e-01 0.000000e+00 8.835120e-01
    outer loop
      vertex   -1.331644e+01 1.500000e+01 -2.483067e+00
      vertex   -1.388959e+01 0.000000e+00 -2.786930e+00
      vertex   -1.331644e+01 0.000000e+00 -2.483067e+00
    endloop
  endfacet
  facet normal -6.473863e-01 0.000000e+00 7.621621e-01
    outer loop
      vertex   -1.331644e+01 1.500000e+01 -2.483067e+00
      vertex   -1.331644e+01 0.000000e+00 -2.483067e+00
      vertex   -1.282201e+01 1.500000e+01 -2.063098e+00
    endloop
  endfacet
  facet normal -6.473863e-01 0.000000e+00 7.621621e-01
    outer loop
      vertex   -1.282201e+01 1.500000e+01 -2.063098e+00
      vertex   -1.331644e+01 0.000000e+00 -2.483067e+00
      vertex   -1.282201e+01 0.000000e+00 -2.063098e+00
    endloop
  endfacet
  facet normal -7.960931e-01 0.000000e+00 6.051742e-01
    outer loop
      vertex   -1.282201e+01 1.500000e+01 -2.063098e+00
      vertex   -1.282201e+01 0.000000e+00 -2.063098e+00
      vertex   -1.242943e+01 1.500000e+01 -1.546662e+00
    endloop
  endfacet
  facet normal -7.960931e-01 0.000000e+00 6.051742e-01
    outer loop
      vertex   -1.242943e+01 1.500000e+01 -1.546662e+00
      vertex   -1.282201e+01 0.000000e+00 -2.063098e+00
      vertex   -1.242943e+01 0.000000e+00 -1.546662e+00
    endloop
  endfacet
  facet normal -9.075754e-01 0.000000e+00 4.198891e-01
    outer loop
      vertex   -1.242943e+01 1.500000e+01 -1.546662e+00
      vertex   -1.242943e+01 0.000000e+00 -1.546662e+00
      vertex   -1.215704e+01 1.500000e+01 -9.579046e-01
    endloop
  endfacet
  facet normal -9.075754e-01 0.000000e+00 4.198891e-01
    outer loop
      vertex   -1.215704e+01 1.500000e+01 -9.579046e-01
      vertex   -1.242943e+01 0.000000e+00 -1.546662e+00
      vertex   -1.215704e+01 0.000000e+00 -9.579046e-01
    endloop
  endfacet
  facet normal -9.766206e-01 0.000000e+00 2.149704e-01
    outer loop
      vertex   -1.215704e+01 1.500000e+01 -9.579046e-01
      vertex   -1.215704e+01 0.000000e+00 -9.579046e-01
      vertex   -1.201759e+01 1.500000e+01 -3.243571e-01
    endloop
  endfacet
  facet normal -9.766206e-01 0.000000e+00 2.149704e-01
    outer loop
      vertex   -1.201759e+01 1.500000e+01 -3.243571e-01
      vertex   -1.215704e+01 0.000000e+00 -9.579046e-01
      vertex   -1.201759e+01 0.000000e+00 -3.243571e-01
    endloop
  endfacet
  facet normal -1.000000e+00 0.000000e+00 0.000000e+00
    outer loop
      vertex   -1.201759e+01 1.500000e+01 -3.243571e-01
      vertex   -1.201759e+01 0.000000e+00 -3.243571e-01
      vertex   -1.201759e+01 1.500000e+01 3.243571e-01
    endloop
  endfacet
  facet normal -1.000000e+00 -0.000000e+00 0.000000e+00
    outer loop
      vertex   -1.201759e+01 1.500000e+01 3.243571e-01
      vertex   -1.201759e+01 0.000000e+00 -3.243571e-01
      vertex   -1.201759e+01 0.000000e+00 3.243571e-01
    endloop
  endfacet
  facet normal -9.766206e-01 -0.000000e+00 -2.149704e-01
    outer loop
      vertex   -1.201759e+01 1.500000e+01 3.243571e-01
      vertex   -1.201759e+01 0.000000e+00 3.243571e-01
      vertex   -1.215704e+01 1.500000e+01 9.579046e-01
    endloop
  endfacet
  facet normal -9.766206e-01 -0.000000e+00 -2.149704e-01
    outer loop
      vertex   -1.215704e+01 1.500000e+01 9.579046e-01
      vertex   -1.201759e+01 0.000000e+00 3.243571e-01
      vertex   -1.215704e+01 0.000000e+00 9.579046e-01
    endloop
  endfacet
  facet normal -9.075754e-01 -0.000000e+00 -4.198891e-01
    outer loop
      vertex   -1.215704e+01 1.500000e+01 9.579046e-01
      vertex   -1.215704e+01 0.000000e+00 9.579046e-01
      vertex   -1.242943e+01 1.500000e+01 1.546662e+00
    endloop
  endfacet
  facet normal -9.075754e-01 -0.000000e+00 -4.198891e-01
    outer loop
      vertex   -1.242943e+01 1.500000e+01 1.546662e+00
      vertex   -1.215704e+01 0.000000e+00 9.579046e-01
      vertex   -1.242943e+01 0.000000e+00 1.546662e+00
    endloop
  endfacet
  facet normal -7.960931e-01 -0.000000e+00 -6.051742e-01
    outer loop
      vertex   -1.242943e+01 1.500000e+01 1.546662e+00
      vertex   -1.242943e+01 0.000000e+00 1.546662e+00
      vertex   -1.282201e+01 1.500000e+01 2.063098e+00
    endloop
  endfacet
  facet normal -7.960931e-01 -0.000000e+00 -6.051742e-01
    outer loop
      vertex   -1.282201e+01 1.500000e+01 2.063098e+00
      vertex   -1.242943e+01 0.000000e+00 1.546662e+00
      vertex   -1.282201e+01 0.000000e+00 2.063098e+00
    endloop
  endfacet
  facet normal -6.473863e-01 -0.000000e+00 -7.621621e-01
    outer loop
      vertex   -1.282201e+01 1.500000e+01 2.063098e+00
      vertex   -1.282201e+01 0.000000e+00 2.063098e+00
      vertex   -1.331644e+01 1.500000e+01 2.483067e+00
    endloop
  endfacet
  facet normal -6.473863e-01 -0.000000e+00 -7.621621e-01
    outer loop
      vertex   -1.331644e+01 1.500000e+01 2.483067e+00
      vertex   -1.282201e+01 0.000000e+00 2.063098e+00
      vertex   -1.331644e+01 0.000000e+00 2.483067e+00
    endloop
  endfacet
  facet normal -4.684084e-01 -0.000000e+00 -8.835120e-01
    outer loop
      vertex   -1.331644e+01 1.500000e+01 2.483067e+00
      vertex   -1.331644e+01 0.000000e+00 2.483067e+00
      vertex   -1.388959e+01 1.500000e+01 2.786930e+00
    endloop
  endfacet
  facet normal -4.684084e-01 -0.000000e+00 -8.835120e-01
    outer loop
      vertex   -1.388959e+01 1.500000e+01 2.786930e+00
      vertex   -1.331644e+01 0.000000e+00 2.483067e+00
      vertex   -1.388959e+01 0.000000e+00 2.786930e+00
    endloop
  endfacet
  facet normal -2.675283e-01 -0.000000e+00 -9.635500e-01
    outer loop
      vertex   -1.388959e+01 1.500000e+01 2.786930e+00
      vertex   -1.388959e+01 0.000000e+00 2.786930e+00
      vertex   -1.451465e+01 1.500000e+01 2.960480e+00
    endloop
  endfacet
  facet normal -2.675283e-01 -0.000000e+00 -9.635500e-01
    outer loop
      vertex   -1.451465e+01 1.500000e+01 2.960480e+00
      vertex   -1.388959e+01 0.000000e+00 2.786930e+00
      vertex   -1.451465e+01 0.000000e+00 2.960480e+00
    endloop
  endfacet
  facet normal -5.413891e-02 -0.000000e+00 -9.985334e-01
    outer loop
      vertex   -1.451465e+01 1.500000e+01 2.960480e+00
      vertex   -1.451465e+01 0.000000e+00 2.960480e+00
      vertex   -1.516242e+01 1.500000e+01 2.995600e+00
    endloop
  endfacet
  facet normal -5.413891e-02 -0.000000e+00 -9.985334e-01
    outer loop
      vertex   -1.516242e+01 1.500000e+01 2.995600e+00
      vertex   -1.451465e+01 0.000000e+00 2.960480e+00
      vertex   -1.516242e+01 0.000000e+00 2.995600e+00
    endloop
  endfacet
  facet normal 1.617820e-01 0.000000e+00 -9.868265e-01
    outer loop
      vertex   -1.516242e+01 1.500000e+01 2.995600e+00
      vertex   -1.516242e+01 0.000000e+00 2.995600e+00
      vertex   -1.580259e+01 1.500000e+01 2.890650e+00
    endloop
  endfacet
  facet normal 1.617820e-01 0.000000e+00 -9.868265e-01
    outer loop
      vertex   -1.580259e+01 1.500000e+01 2.890650e+00
      vertex   -1.516242e+01 0.000000e+00 2.995600e+00
      vertex   -1.580259e+01 0.000000e+00 2.890650e+00
    endloop
  endfacet
  facet normal 3.701382e-01 0.000000e+00 -9.289767e-01
    outer loop
      vertex   -1.580259e+01 1.500000e+01 2.890650e+00
      vertex   -1.580259e+01 0.000000e+00 2.890650e+00
      vertex   -1.640523e+01 1.500000e+01 2.650536e+00
    endloop
  endfacet
  facet normal 3.701382e-01 0.000000e+00 -9.289767e-01
    outer loop
      vertex   -1.640523e+01 1.500000e+01 2.650536e+00
      vertex   -1.580259e+01 0.000000e+00 2.890650e+00
      vertex   -1.640523e+01 0.000000e+00 2.650536e+00
    endloop
  endfacet
  facet normal 5.611871e-01 0.000000e+00 -8.276890e-01
    outer loop
      vertex   -1.640523e+01 1.500000e+01 2.650536e+00
      vertex   -1.640523e+01 0.000000e+00 2.650536e+00
      vertex   -1.694216e+01 1.500000e+01 2.286486e+00
    endloop
  endfacet
  facet normal 5.611871e-01 0.000000e+00 -8.276890e-01
    outer loop
      vertex   -1.694216e+01 1.500000e+01 2.286486e+00
      vertex   -1.640523e+01 0.000000e+00 2.650536e+00
      vertex   -1.694216e+01 0.000000e+00 2.286486e+00
    endloop
  endfacet
  facet normal 7.259955e-01 0.000000e+00 -6.876995e-01
    outer loop
      vertex   -1.694216e+01 1.500000e+01 2.286486e+00
      vertex   -1.694216e+01 0.000000e+00 2.286486e+00
      vertex   -1.738828e+01 1.500000e+01 1.815523e+00
    endloop
  endfacet
  facet normal 7.259955e-01 0.000000e+00 -6.876995e-01
    outer loop
      vertex   -1.738828e+01 1.500000e+01 1.815523e+00
      vertex   -1.694216e+01 0.000000e+00 2.286486e+00
      vertex   -1.738828e+01 0.000000e+00 1.815523e+00
    endloop
  endfacet
  facet normal 8.568572e-01 0.000000e+00 -5.155539e-01
    outer loop
      vertex   -1.738828e+01 1.500000e+01 1.815523e+00
      vertex   -1.738828e+01 0.000000e+00 1.815523e+00
      vertex   -1.772273e+01 1.500000e+01 1.259667e+00
    endloop
  endfacet
  facet normal 8.568572e-01 0.000000e+00 -5.155539e-01
    outer loop
      vertex   -1.772273e+01 1.500000e+01 1.259667e+00
      vertex   -1.738828e+01 0.000000e+00 1.815523e+00
      vertex   -1.772273e+01 0.000000e+00 1.259667e+00
    endloop
  endfacet
  facet normal 9.476532e-01 0.000000e+00 -3.193015e-01
    outer loop
      vertex   -1.772273e+01 1.500000e+01 1.259667e+00
      vertex   -1.772273e+01 0.000000e+00 1.259667e+00
      vertex   -1.792986e+01 1.500000e+01 6.449113e-01
    endloop
  endfacet
  facet normal 9.476532e-01 0.000000e+00 -3.193015e-01
    outer loop
      vertex   -1.792986e+01 1.500000e+01 6.449113e-01
      vertex   -1.772273e+01 0.000000e+00 1.259667e+00
      vertex   -1.792986e+01 0.000000e+00 6.449113e-01
    endloop
  endfacet
  facet normal 9.941380e-01 0.000000e+00 -1.081190e-01
    outer loop
      vertex   2.070138e+00 1.500000e+01 1.064491e+01
      vertex   2.070138e+00 0.000000e+00 1.064491e+01
      vertex   2.000000e+00 1.500000e+01 1.000000e+01
    endloop
  endfacet
  facet normal 9.941380e-01 0.000000e+00 -1.081190e-01
    outer loop
      vertex   2.000000e+00 1.500000e+01 1.000000e+01
      vertex   2.070138e+00 0.000000e+00 1.064491e+01
      vertex   2.000000e+00 0.000000e+00 1.000000e+01
    endloop
  endfacet
  facet normal 9.941380e-01 0.000000e+00 1.081190e-01
    outer loop
      vertex   2.000000e+00 1.500000e+01 1.000000e+01
      vertex   2.000000e+00 0.000000e+00 1.000000e+01
      vertex   2.070138e+00 1.500000e+01 9.355089e+00
    endloop
  endfacet
  facet normal 9.941380e-01 0.000000e+00 1.081190e-01
    outer loop
      vertex   2.070138e+00 1.500000e+01 9.355089e+00
      vertex   2.000000e+00 0.000000e+00 1.000000e+01
      vertex   2.070138e+00 0.000000e+00 9.355089e+00
    endloop
  endfacet
  facet normal 9.476532e-01 0.000000e+00 3.193015e-01
    outer loop
      vertex   2.070138e+00 1.500000e+01 9.355089e+00
      vertex   2.070138e+00 0.000000e+00 9.355089e+00
      vertex   2.277274e+00 1.500000e+01 8.740333e+00
    endloop
  endfacet
  facet normal 9.476532e-01 0.000000e+00 3.193015e-01
    outer loop
      vertex   2.277274e+00 1.500000e+01 8.740333e+00
      vertex   2.070138e+00 0.000000e+00 9.355089e+00
      vertex   2.277274e+00 0.000000e+00 8.740333e+00
    endloop
  endfacet
  facet normal 8.568572e-01 0.000000e+00 5.155539e-01
    outer loop
      vertex   2.277274e+00 1.500000e+01 8.740333e+00
      vertex   2.277274e+00 0.000000e+00 8.740333e+00
      vertex   2.611721e+00 1.500000e+01 8.184477e+00
    endloop
  endfacet
  facet normal 8.568572e-01 0.000000e+00 5.155539e-01
    outer loop
      vertex   2.611721e+00 1.500000e+01 8.184477e+00
      vertex   2.277274e+00 0.000000e+00 8.740333e+00
      vertex   2.611721e+00 0.000000e+00 8.184477e+00
    endloop
  endfacet
  facet normal 7.259955e-01 0.000000e+00 6.876995e-01
    outer loop
      vertex   2.611721e+00 1.500000e+01 8.184477e+00
      vertex   2.611721e+00 0.000000e+00 8.184477e+00
      vertex   3.057841e+00 1.500000e+01 7.713514e+00
    endloop
  endfacet
  facet normal 7.259955e-01 0.000000e+00 6.876995e-01
    outer loop
      vertex   3.057841e+00 1.500000e+01 7.713514e+00
      vertex   2.611721e+00 0.000000e+00 8.184477e+00
      vertex   3.057841e+00 0.000000e+00 7.713514e+00
    endloop
  endfacet
  facet normal 5.611871e-01 0.000000e+00 8.276890e-01
    outer loop
      vertex   3.057841e+00 1.500000e+01 7.713514e+00
      vertex   3.057841e+00 0.000000e+00 7.713514e+00
      vertex   3.594775e+00 1.500000e+01 7.349464e+00
    endloop
  endfacet
  facet normal 5.611871e-01 0.000000e+00 8.276890e-01
    outer loop
      vertex   3.594775e+00 1.500000e+01 7.349464e+00
      vertex   3.057841e+00 0.000000e+00 7.713514e+00
      vertex   3.594775e+00 0.000000e+00 7.349464e+00
    endloop
  endfacet
  facet normal 3.701382e-01 0.000000e+00 9.289767e-01
    outer loop
      vertex   3.594775e+00 1.500000e+01 7.349464e+00
      vertex   3.594775e+00 0.000000e+00 7.349464e+00
      vertex   4.197415e+00 1.500000e+01 7.109350e+00
    endloop
  endfacet
  facet normal 3.701382e-01 0.000000e+00 9.289767e-01
    outer loop
      vertex   4.197415e+00 1.500000e+01 7.109350e+00
      vertex   3.594775e+00 0.000000e+00 7.349464e+00
      vertex   4.197415e+00 0.000000e+00 7.109350e+00
    endloop
  endfacet
  facet normal 1.617820e-01 0.000000e+00 9.868265e-01
    outer loop
      vertex   4.197415e+00 1.500000e+01 7.109350e+00
      vertex   4.197415e+00 0.000000e+00 7.109350e+00
      vertex   4.837583e+00 1.500000e+01 7.004400e+00
    endloop
  endfacet
  facet normal 1.617820e-01 0.000000e+00 9.868265e-01
    outer loop
      vertex   4.837583e+00 1.500000e+01 7.004400e+00
      vertex   4.197415e+00 0.000000e+00 7.109350e+00
      vertex   4.837583e+00 0.000000e+00 7.004400e+00
    endloop
  endfacet
  facet normal -5.413891e-02 0.000000e+00 9.985334e-01
    outer loop
      vertex   4.837583e+00 1.500000e+01 7.004400e+00
      vertex   4.837583e+00 0.000000e+00 7.004400e+00
      vertex   5.485346e+00 1.500000e+01 7.039520e+00
    endloop
  endfacet
  facet normal -5.413891e-02 0.000000e+00 9.985334e-01
    outer loop
      vertex   5.485346e+00 1.500000e+01 7.039520e+00
      vertex   4.837583e+00 0.000000e+00 7.004400e+00
      vertex   5.485346e+00 0.000000e+00 7.039520e+00
    endloop
  endfacet
  facet normal -2.675283e-01 0.000000e+00 9.635500e-01
    outer loop
      vertex   5.485346e+00 1.500000e+01 7.039520e+00
      vertex   5.485346e+00 0.000000e+00 7.039520e+00
      vertex   6.110414e+00 1.500000e+01 7.213070e+00
    endloop
  endfacet
  facet normal -2.675283e-01 0.000000e+00 9.635500e-01
    outer loop
      vertex   6.110414e+00 1.500000e+01 7.213070e+00
      vertex   5.485346e+00 0.000000e+00 7.039520e+00
      vertex   6.110414e+00 0.000000e+00 7.213070e+00
    endloop
  endfacet
  facet normal -4.684084e-01 0.000000e+00 8.835120e-01
    outer loop
      vertex   6.110414e+00 1.500000e+01 7.213070e+00
      vertex   6.110414e+00 0.000000e+00 7.213070e+00
      vertex   6.683561e+00 1.500000e+01 7.516933e+00
    endloop
  endfacet
  facet normal -4.684084e-01 0.000000e+00 8.835120e-01
    outer loop
      vertex   6.683561e+00 1.500000e+01 7.516933e+00
      vertex   6.110414e+00 0.000000e+00 7.213070e+00
      vertex   6.683561e+00 0.000000e+00 7.516933e+00
    endloop
  endfacet
  facet normal -6.473863e-01 0.000000e+00 7.621621e-01
    outer loop
      vertex   6.683561e+00 1.500000e+01 7.516933e+00
      vertex   6.683561e+00 0.000000e+00 7.516933e+00
      vertex   7.177986e+00 1.500000e+01 7.936902e+00
    endloop
  endfacet
  facet normal -6.473863e-01 0.000000e+00 7.621621e-01
    outer loop
      vertex   7.177986e+00 1.500000e+01 7.936902e+00
      vertex   6.683561e+00 0.000000e+00 7.516933e+00
      vertex   7.177986e+00 0.000000e+00 7.936902e+00
    endloop
  endfacet
  facet normal -7.960931e-01 0.000000e+00 6.051742e-01
    outer loop
      vertex   7.177986e+00 1.500000e+01 7.936902e+00
      vertex   7.177986e+00 0.000000e+00 7.936902e+00
      vertex   7.570572e+00 1.500000e+01 8.453338e+00
    endloop
  endfacet
  facet normal -7.960931e-01 0.000000e+00 6.051742e-01
    outer loop
      vertex   7.570572e+00 1.500000e+01 8.453338e+00
      vertex   7.177986e+00 0.000000e+00 7.936902e+00
      vertex   7.570572e+00 0.000000e+00 8.453338e+00
    endloop
  endfacet
  facet normal -9.075754e-01 0.000000e+00 4.198891e-01
    outer loop
      vertex   7.570572e+00 1.500000e+01 8.453338e+00
      vertex   7.570572e+00 0.000000e+00 8.453338e+00
      vertex   7.842960e+00 1.500000e+01 9.042095e+00
    endloop
  endfacet
  facet normal -9.075754e-01 0.000000e+00 4.198891e-01
    outer loop
      vertex   7.842960e+00 1.500000e+01 9.042095e+00
      vertex   7.570572e+00 0.000000e+00 8.453338e+00
      vertex   7.842960e+00 0.000000e+00 9.042095e+00
    endloop
  endfacet
  facet normal -9.766206e-01 0.000000e+00 2.149704e-01
    outer loop
      vertex   7.842960e+00 1.500000e+01 9.042095e+00
      vertex   7.842960e+00 0.000000e+00 9.042095e+00
      vertex   7.982414e+00 1.500000e+01 9.675643e+00
    endloop
  endfacet
  facet normal -9.766206e-01 0.000000e+00 2.149704e-01
    outer loop
      vertex   7.982414e+00 1.500000e+01 9.675643e+00
      vertex   7.842960e+00 0.000000e+00 9.042095e+00
      vertex   7.982414e+00 0.000000e+00 9.675643e+00
    endloop
  endfacet
  facet normal -1.000000e+00 0.000000e+00 0.000000e+00
    outer loop
      vertex   7.982414e+00 1.500000e+01 9.675643e+00
      vertex   7.982414e+00 0.000000e+00 9.675643e+00
      vertex   7.982414e+00 1.500000e+01 1.032436e+01
    endloop
  endfacet
  facet normal -1.000000e+00 -0.000000e+00 0.000000e+00
    outer loop
      vertex   7.982414e+00 1.500000e+01 1.032436e+01
      vertex   7.982414e+00 0.000000e+00 9.675643e+00
      vertex   7.982414e+00 0.000000e+00 1.032436e+01
    endloop
  endfacet
  facet normal -9.766206e-01 -0.000000e+00 -2.149704e-01
    outer loop
      vertex   7.982414e+00 1.500000e+01 1.032436e+01
      vertex   7.982414e+00 0.000000e+00 1.032436e+01
      vertex   7.842960e+00 1.500000e+01 1.095790e+01
    endloop
  endfacet
  facet normal -9.766206e-01 -0.000000e+00 -2.149704e-01
    outer loop
      vertex   7.842960e+00 1.500000e+01 1.095790e+01
      vertex   7.982414e+00 0.000000e+00 1.032436e+01
      vertex   7.842960e+00 0.000000e+00 1.095790e+01
    endloop
  endfacet
  facet normal -9.075754e-01 -0.000000e+00 -4.198891e-01
    outer loop
      vertex   7.842960e+00 1.500000e+01 1.095790e+01
      vertex   7.842960e+00 0.000000e+00 1.095790e+01
      vertex   7.570572e+00 1.500000e+01 1.154666e+01
    endloop
  endfacet
  facet normal -9.075754e-01 -0.000000e+00 -4.198891e-01
    outer loop
      vertex   7.570572e+00 1.500000e+01 1.154666e+01
      vertex   7.842960e+00 0.000000e+00 1.095790e+01
      vertex   7.570572e+00 0.000000e+00 1.154666e+01
    endloop
  endfacet
  facet normal -7.960931e-01 -0.000000e+00 -6.051742e-01
    outer loop
      vertex   7.570572e+00 1.500000e+01 1.154666e+01
      vertex   7.570572e+00 0.000000e+00 1.154666e+01
      vertex   7.177986e+00 1.500000e+01 1.206310e+01
    endloop
  endfacet
  facet normal -7.960931e-01 -0.000000e+00 -6.051742e-01
    outer loop
      vertex   7.177986e+00 1.500000e+01 1.206310e+01
      vertex   7.570572e+00 0.000000e+00 1.154666e+01
      vertex   7.177986e+00 0.000000e+00 1.206310e+01
    endloop
  endfacet
  facet normal -6.473863e-01 -0.000000e+00 -7.621621e-01
    outer loop
      vertex   7.177986e+00 1.500000e+01 1.206310e+01
      vertex   7.177986e+00 0.000000e+00 1.206310e+01
      vertex   6.683561e+00 1.500000e+01 1.248307e+01
    endloop
  endfacet
  facet normal -6.473863e-01 -0.000000e+00 -7.621621e-01
    outer loop
      vertex   6.683561e+00 1.500000e+01 1.248307e+01
      vertex   7.177986e+00 0.000000e+00 1.206310e+01
      vertex   6.683561e+00 0.000000e+00 1.248307e+01
    endloop
  endfacet
  facet normal -4.684084e-01 -0.000000e+00 -8.835120e-01
    outer loop
      vertex   6.683561e+00 1.500000e+01 1.248307e+01
      vertex   6.683561e+00 0.000000e+00 1.248307e+01
      vertex   6.110414e+00 1.500000e+01 1.278693e+01
    endloop
  endfacet
  facet normal -4.684084e-01 -0.000000e+00 -8.835120e-01
    outer loop
      vertex   6.110414e+00 1.500000e+01 1.278693e+01
      vertex   6.683561e+00 0.000000e+00 1.248307e+01
      vertex   6.110414e+00 0.000000e+00 1.278693e+01
    endloop
  endfacet
  facet normal -2.675283e-01 -0.000000e+00 -9.635500e-01
    outer loop
      vertex   6.110414e+00 1.500000e+01 1.278693e+01
      vertex   6.110414e+00 0.000000e+00 1.278693e+01
      vertex   5.485346e+00 1.500000e+01 1.296048e+01
    endloop
  endfacet
  facet normal -2.675283e-01 -0.000000e+00 -9.635500e-01
    outer loop
      vertex   5.485346e+00 1.500000e+01 1.296048e+01
      vertex   6.110414e+00 0.000000e+00 1.278693e+01
      vertex   5.485346e+00 0.000000e+00 1.296048e+01
    endloop
  endfacet
  facet normal -5.413891e-02 -0.000000e+00 -9.985334e-01
    outer loop
      vertex   5.485346e+00 1.500000e+01 1.296048e+01
      vertex   5.485346e+00 0.000000e+00 1.296048e+01
      vertex   4.837583e+00 1.500000e+01 1.299560e+01
    endloop
  endfacet
  facet normal -5.413891e-02 -0.000000e+00 -9.985334e-01
    outer loop
      vertex   4.837583e+00 1.500000e+01 1.299560e+01
      vertex   5.485346e+00 0.000000e+00 1.296048e+01
      vertex   4.837583e+00 0.000000e+00 1.299560e+01
    endloop
  endfacet
  facet normal 1.617820e-01 0.000000e+00 -9.868265e-01
    outer loop
      vertex   4.837583e+00 1.500000e+01 1.299560e+01
      vertex   4.837583e+00 0.000000e+00 1.299560e+01
      vertex   4.197415e+00 1.500000e+01 1.289065e+01
    endloop
  endfacet
  facet normal 1.617820e-01 0.000000e+00 -9.868265e-01
    outer loop
      vertex   4.197415e+00 1.500000e+01 1.289065e+01
      vertex   4.837583e+00 0.000000e+00 1.299560e+01
      vertex   4.197415e+00 0.000000e+00 1.289065e+01
    endloop
  endfacet
  facet normal 3.701382e-01 0.000000e+00 -9.289767e-01
    outer loop
      vertex   4.197415e+00 1.500000e+01 1.289065e+01
      vertex   4.197415e+00 0.000000e+00 1.289065e+01
      vertex   3.594775e+00 1.500000e+01 1.265054e+01
    endloop
  endfacet
  facet normal 3.701382e-01 0.000000e+00 -9.289767e-01
    outer loop
      vertex   3.594775e+00 1.500000e+01 1.265054e+01
      vertex   4.197415e+00 0.000000e+00 1.289065e+01
      vertex   3.594775e+00 0.000000e+00 1.265054e+01
    endloop
  endfacet
  facet normal 5.611871e-01 0.000000e+00 -8.276890e-01
    outer loop
      vertex   3.594775e+00 1.500000e+01 1.265054e+01
      vertex   3.594775e+00 0.000000e+00 1.265054e+01
      vertex   3.057841e+00 1.500000e+01 1.228649e+01
    endloop
  endfacet
  facet normal 5.611871e-01 0.000000e+00 -8.276890e-01
    outer loop
      vertex   3.057841e+00 1.500000e+01 1.228649e+01
      vertex   3.594775e+00 0.000000e+00 1.265054e+01
      vertex   3.057841e+00 0.000000e+00 1.228649e+01
    endloop
  endfacet
  facet normal 7.259955e-01 0.000000e+00 -6.876995e-01
    outer loop
      vertex   3.057841e+00 1.500000e+01 1.228649e+01
      vertex   3.057841e+00 0.000000e+00 1.228649e+01
      vertex   2.611721e+00 1.500000e+01 1.181552e+01
    endloop
  endfacet
  facet normal 7.259955e-01 0.000000e+00 -6.876995e-01
    outer loop
      vertex   2.611721e+00 1.500000e+01 1.181552e+01
      vertex   3.057841e+00 0.000000e+00 1.228649e+01
      vertex   2.611721e+00 0.000000e+00 1.181552e+01
    endloop
  endfacet
  facet normal 8.568572e-01 0.000000e+00 -5.155539e-01
    outer loop
      vertex   2.611721e+00 1.500000e+01 1.181552e+01
      vertex   2.611721e+00 0.000000e+00 1.181552e+01
      vertex   2.277274e+00 1.500000e+01 1.125967e+01
    endloop
  endfacet
  facet normal 8.568572e-01 0.000000e+00 -5.155539e-01
    outer loop
      vertex   2.277274e+00 1.500000e+01 1.125967e+01
      vertex   2.611721e+00 0.000000e+00 1.181552e+01
      vertex   2.277274e+00 0.000000e+00 1.125967e+01
    endloop
  endfacet
  facet normal 9.476532e-01 0.000000e+00 -3.193015e-01
    outer loop
      vertex   2.277274e+00 1.500000e+01 1.125967e+01
      vertex   2.277274e+00 0.000000e+00 1.125967e+01
      vertex   2.070138e+00 1.500000e+01 1.064491e+01
    endloop
  endfacet
  facet normal 9.476532e-01 0.000000e+00 -3.193015e-01
    outer loop
      vertex   2.070138e+00 1.500000e+01 1.064491e+01
      vertex   2.277274e+00 0.000000e+00 1.125967e+01
      vertex   2.070138e+00 0.000000e+00 1.064491e+01
    endloop
  endfacet
  facet normal 9.941380e-01 0.000000e+00 -1.081190e-01
    outer loop
      vertex   -2.792986e+01 1.500000e+01 1.064491e+01
      vertex   -2.792986e+01 0.000000e+00 1.064491e+01
      vertex   -2.800000e+01 1.500000e+01 1.000000e+01
    endloop
  endfacet
  facet normal 9.941380e-01 0.000000e+00 -1.081190e-01
    outer loop
      vertex   -2.800000e+01 1.500000e+01 1.000000e+01
      vertex   -2.792986e+01 0.000000e+00 1.064491e+01
      vertex   -2.800000e+01 0.000000e+00 1.000000e+01
    endloop
  endfacet
  facet normal 9.941380e-01 0.000000e+00 1.081190e-01
    outer loop
      vertex   -2.800000e+01 1.500000e+01 1.000000e+01
      vertex   -2.800000e+01 0.000000e+00 1.000000e+01
      vertex   -2.792986e+01 1.500000e+01 9.355089e+00
    endloop
  endfacet
  facet normal 9.941380e-01 0.000000e+00 1.081190e-01
    outer loop
      vertex   -2.792986e+01 1.500000e+01 9.355089e+00
      vertex   -2.800000e+01 0.000000e+00 1.000000e+01
      vertex   -2.792986e+01 0.000000e+00 9.355089e+00
    endloop
  endfacet
  facet normal 9.476532e-01 0.000000e+00 3.193015e-01
    outer loop
      vertex   -2.792986e+01 1.500000e+01 9.355089e+00
      vertex   -2.792986e+01 0.000000e+00 9.355089e+00
      vertex   -2.772273e+01 1.500000e+01 8.740333e+00
    endloop
  endfacet
  facet normal 9.476532e-01 0.000000e+00 3.193015e-01
    outer loop
      vertex   -2.772273e+01 1.500000e+01 8.740333e+00
      vertex   -2.792986e+01 0.000000e+00 9.355089e+00
      vertex   -2.772273e+01 0.000000e+00 8.740333e+00
    endloop
  endfacet
  facet normal 8.568572e-01 0.000000e+00 5.155539e-01
    outer loop
      vertex   -2.772273e+01 1.500000e+01 8.740333e+00
      vertex   -2.772273e+01 0.000000e+00 8.740333e+00
      vertex   -2.738828e+01 1.500000e+01 8.184477e+00
    endloop
  endfacet
  facet normal 8.568572e-01 0.000000e+00 5.155539e-01
    outer loop
      vertex   -2.738828e+01 1.500000e+01 8.184477e+00
      vertex   -2.772273e+01 0.000000e+00 8.740333e+00
      vertex   -2.738828e+01 0.000000e+00 8.184477e+00
    endloop
  endfacet
  facet normal 7.259955e-01 0.000000e+00 6.876995e-01
    outer loop
      vertex   -2.738828e+01 1.500000e+01 8.184477e+00
      vertex   -2.738828e+01 0.000000e+00 8.184477e+00
      vertex   -2.694216e+01 1.500000e+01 7.713514e+00
    endloop
  endfacet
  facet normal 7.259955e-01 0.000000e+00 6.876995e-01
    outer loop
      vertex   -2.694216e+01 1.500000e+01 7.713514e+00
      vertex   -2.738828e+01 0.000000e+00 8.184477e+00
      vertex   -2.694216e+01 0.000000e+00 7.713514e+00
    endloop
  endfacet
  facet normal 5.611871e-01 0.000000e+00 8.276890e-01
    outer loop
      vertex   -2.694216e+01 1.500000e+01 7.713514e+00
      vertex   -2.694216e+01 0.000000e+00 7.713514e+00
      vertex   -2.640523e+01 1.500000e+01 7.349464e+00
    endloop
  endfacet
  facet normal 5.611871e-01 0.000000e+00 8.276890e-01
    outer loop
      vertex   -2.640523e+01 1.500000e+01 7.349464e+00
      vertex   -2.694216e+01 0.000000e+00 7.713514e+00
      vertex   -2.640523e+01 0.000000e+00 7.349464e+00
    endloop
  endfacet
  facet normal 3.701382e-01 0.000000e+00 9.289767e-01
    outer loop
      vertex   -2.640523e+01 1.500000e+01 7.349464e+00
      vertex   -2.640523e+01 0.000000e+00 7.349464e+00
      vertex   -2.580259e+01 1.500000e+01 7.109350e+00
    endloop
  endfacet
  facet normal 3.701382e-01 0.000000e+00 9.289767e-01
    outer loop
      vertex   -2.580259e+01 1.500000e+01 7.109350e+00
      vertex   -2.640523e+01 0.000000e+00 7.349464e+00
      vertex   -2.580259e+01 0.000000e+00 7.109350e+00
    endloop
  endfacet
  facet normal 1.617820e-01 0.000000e+00 9.868265e-01
    outer loop
      vertex   -2.580259e+01 1.500000e+01 7.109350e+00
      vertex   -2.580259e+01 0.000000e+00 7.109350e+00
      vertex   -2.516242e+01 1.500000e+01 7.004400e+00
    endloop
  endfacet
  facet normal 1.617820e-01 0.000000e+00 9.868265e-01
    outer loop
      vertex   -2.516242e+01 1.500000e+01 7.004400e+00
      vertex   -2.580259e+01 0.000000e+00 7.109350e+00
      vertex   -2.516242e+01 0.000000e+00 7.004400e+00
    endloop
  endfacet
  facet normal -5.413891e-02 0.000000e+00 9.985334e-01
    outer loop
      vertex   -2.516242e+01 1.500000e+01 7.004400e+00
      vertex   -2.516242e+01 0.000000e+00 7.004400e+00
      vertex   -2.451465e+01 1.500000e+01 7.039520e+00
    endloop
  endfacet
  facet normal -5.413891e-02 0.000000e+00 9.985334e-01
    outer loop
      vertex   -2.451465e+01 1.500000e+01 7.039520e+00
      vertex   -2.516242e+01 0.000000e+00 7.004400e+00
      vertex   -2.451465e+01 0.000000e+00 7.039520e+00
    endloop
  endfacet
  facet normal -2.675283e-01 0.000000e+00 9.635500e-01
    outer loop
      vertex   -2.451465e+01 1.500000e+01 7.039520e+00
      vertex   -2.451465e+01 0.000000e+00 7.039520e+00
      vertex   -2.388959e+01 1.500000e+01 7.213070e+00
    endloop
  endfacet
  facet normal -2.675283e-01 0.000000e+00 9.635500e-01
    outer loop
      vertex   -2.388959e+01 1.500000e+01 7.213070e+00
      vertex   -2.451465e+01 0.000000e+00 7.039520e+00
      vertex   -2.388959e+01 0.000000e+00 7.213070e+00
    endloop
  endfacet
  facet normal -4.684084e-01 0.000000e+00 8.835120e-01
    outer loop
      vertex   -2.388959e+01 1.500000e+01 7.213070e+00
      vertex   -2.388959e+01 0.000000e+00 7.213070e+00
      vertex   -2.331644e+01 1.500000e+01 7.516933e+00
    endloop
  endfacet
  facet normal -4.684084e-01 0.000000e+00 8.835120e-01
    outer loop
      vertex   -2.331644e+01 1.500000e+01 7.516933e+00
      vertex   -2.388959e+01 0.000000e+00 7.213070e+00
      vertex   -2.331644e+01 0.000000e+00 7.516933e+00
    endloop
  endfacet
  facet normal -6.473863e-01 0.000000e+00 7.621621e-01
    outer loop
      vertex   -2.331644e+01 1.500000e+01 7.516933e+00
      vertex   -2.331644e+01 0.000000e+00 7.516933e+00
      vertex   -2.282201e+01 1.500000e+01 7.936902e+00
    endloop
  endfacet
  facet normal -6.473863e-01 0.000000e+00 7.621621e-01
    outer loop
      vertex   -2.282201e+01 1.500000e+01 7.936902e+00
      vertex   -2.331644e+01 0.000000e+00 7.516933e+00
      vertex   -2.282201e+01 0.000000e+00 7.936902e+00
    endloop
  endfacet
  facet normal -7.960931e-01 0.000000e+00 6.051742e-01
    outer loop
      vertex   -2.282201e+01 1.500000e+01 7.936902e+00
      vertex   -2.282201e+01 0.000000e+00 7.936902e+00
      vertex   -2.242943e+01 1.500000e+01 8.453338e+00
    endloop
  endfacet
  facet normal -7.960931e-01 0.000000e+00 6.051742e-01
    outer loop
      vertex   -2.242943e+01 1.500000e+01 8.453338e+00
      vertex   -2.282201e+01 0.000000e+00 7.936902e+00
      vertex   -2.242943e+01 0.000000e+00 8.453338e+00
    endloop
  endfacet
  facet normal -9.075754e-01 0.000000e+00 4.198891e-01
    outer loop
      vertex   -2.242943e+01 1.500000e+01 8.453338e+00
      vertex   -2.242943e+01 0.000000e+00 8.453338e+00
      vertex   -2.215704e+01 1.500000e+01 9.042095e+00
    endloop
  endfacet
  facet normal -9.075754e-01 0.000000e+00 4.198891e-01
    outer loop
      vertex   -2.215704e+01 1.500000e+01 9.042095e+00
      vertex   -2.242943e+01 0.000000e+00 8.453338e+00
      vertex   -2.215704e+01 0.000000e+00 9.042095e+00
    endloop
  endfacet
  facet normal -9.766206e-01 0.000000e+00 2.149704e-01
    outer loop
      vertex   -2.215704e+01 1.500000e+01 9.042095e+00
      vertex   -2.215704e+01 0.000000e+00 9.042095e+00
      vertex   -2.201759e+01 1.500000e+01 9.675643e+00
    endloop
  endfacet
  facet normal -9.766206e-01 0.000000e+00 2.149704e-01
    outer loop
      vertex   -2.201759e+01 1.500000e+01 9.675643e+00
      vertex   -2.215704e+01 0.000000e+00 9.042095e+00
      vertex   -2.201759e+01 0.000000e+00 9.675643e+00
    endloop
  endfacet
  facet normal -1.000000e+00 0.000000e+00 0.000000e+00
    outer loop
      vertex   -2.201759e+01 1.500000e+01 9.675643e+00
      vertex   -2.201759e+01 0.000000e+00 9.675643e+00
      vertex   -2.201759e+01 1.500000e+01 1.032436e+01
    endloop
  endfacet
  facet normal -1.000000e+00 -0.000000e+00 0.000000e+00
    outer loop
      vertex   -2.201759e+01 1.500000e+01 1.032436e+01
      vertex   -2.201759e+01 0.000000e+00 9.675643e+00
      vertex   -2.201759e+01 0.000000e+00 1.032436e+01
    endloop
  endfacet
  facet normal -9.766206e-01 -0.000000e+00 -2.149704e-01
    outer loop
      vertex   -2.201759e+01 1.500000e+01 1.032436e+01
      vertex   -2.201759e+01 0.000000e+00 1.032436e+01
      vertex   -2.215704e+01 1.500000e+01 1.095790e+01
    endloop
  endfacet
  facet normal -9.766206e-01 -0.000000e+00 -2.149704e-01
    outer loop
      vertex   -2.215704e+01 1.500000e+01 1.095790e+01
      vertex   -2.201759e+01 0.000000e+00 1.032436e+01
      vertex   -2.215704e+01 0.000000e+00 1.095790e+01
    endloop
  endfacet
  facet normal -9.075754e-01 -0.000000e+00 -4.198891e-01
    outer loop
      vertex   -2.215704e+01 1.500000e+01 1.095790e+01
      vertex   -2.215704e+01 0.000000e+00 1.095790e+01
      vertex   -2.242943e+01 1.500000e+01 1.154666e+01
    endloop
  endfacet
  facet normal -9.075754e-01 -0.000000e+00 -4.198891e-01
    outer loop
      vertex   -2.242943e+01 1.500000e+01 1.154666e+01
      vertex   -2.215704e+01 0.000000e+00 1.095790e+01
      vertex   -2.242943e+01 0.000000e+00 1.154666e+01
    endloop
  endfacet
  facet normal -7.960931e-01 -0.000000e+00 -6.051742e-01
    outer loop
      vertex   -2.242943e+01 1.500000e+01 1.154666e+01
      vertex   -2.242943e+01 0.000000e+00 1.154666e+01
      vertex   -2.282201e+01 1.500000e+01 1.206310e+01
    endloop
  endfacet
  facet normal -7.960931e-01 -0.000000e+00 -6.051742e-01
    outer loop
      vertex   -2.282201e+01 1.500000e+01 1.206310e+01
      vertex   -2.242943e+01 0.000000e+00 1.154666e+01
      vertex   -2.282201e+01 0.000000e+00 1.206310e+01
    endloop
  endfacet
  facet normal -6.473863e-01 -0.000000e+00 -7.621621e-01
    outer loop
      vertex   -2.282201e+01 1.500000e+01 1.206310e+01
      vertex   -2.282201e+01 0.000000e+00 1.206310e+01
      vertex   -2.331644e+01 1.500000e+01 1.248307e+01
    endloop
  endfacet
  facet normal -6.473863e-01 -0.000000e+00 -7.621621e-01
    outer loop
      vertex   -2.331644e+01 1.500000e+01 1.248307e+01
      vertex   -2.282201e+01 0.000000e+00 1.206310e+01
      vertex   -2.331644e+01 0.000000e+00 1.248307e+01
    endloop
  endfacet
  facet normal -4.684084e-01 -0.000000e+00 -8.835120e-01
    outer loop
      vertex   -2.331644e+01 1.500000e+01 1.248307e+01
      vertex   -2.331644e+01 0.000000e+00 1.248307e+01
      vertex   -2.388959e+01 1.500000e+01 1.278693e+01
    endloop
  endfacet
  facet normal -4.684084e-01 -0.000000e+00 -8.835120e-01
    outer loop
      vertex   -2.388959e+01 1.500000e+01 1.278693e+01
      vertex   -2.331644e+01 0.000000e+00 1.248307e+01
      vertex   -2.388959e+01 0.000000e+00 1.278693e+01
    endloop
  endfacet
  facet normal -2.675283e-01 -0.000000e+00 -9.635500e-01
    outer loop
      vertex   -2.388959e+01 1.500000e+01 1.278693e+01
      vertex   -2.388959e+01 0.000000e+00 1.278693e+01
      vertex   -2.451465e+01 1.500000e+01 1.296048e+01
    endloop
  endfacet
  facet normal -2.675283e-01 -0.000000e+00 -9.635500e-01
    outer loop
      vertex   -2.451465e+01 1.500000e+01 1.296048e+01
      vertex   -2.388959e+01 0.000000e+00 1.278693e+01
      vertex   -2.451465e+01 0.000000e+00 1.296048e+01
    endloop
  endfacet
  facet normal -5.413891e-02 -0.000000e+00 -9.985334e-01
    outer loop
      vertex   -2.451465e+01 1.500000e+01 1.296048e+01
      vertex   -2.451465e+01 0.000000e+00 1.296048e+01
      vertex   -2.516242e+01 1.500000e+01 1.299560e+01
    endloop
  endfacet
  facet normal -5.413891e-02 -0.000000e+00 -9.985334e-01
    outer loop
      vertex   -2.516242e+01 1.500000e+01 1.299560e+01
      vertex   -2.451465e+01 0.000000e+00 1.296048e+01
      vertex   -2.516242e+01 0.000000e+00 1.299560e+01
    endloop
  endfacet
  facet normal 1.617820e-01 0.000000e+00 -9.868265e-01
    outer loop
      vertex   -2.516242e+01 1.500000e+01 1.299560e+01
      vertex   -2.516242e+01 0.000000e+00 1.299560e+01
      vertex   -2.580259e+01 1.500000e+01 1.289065e+01
    endloop
  endfacet
  facet normal 1.617820e-01 0.000000e+00 -9.868265e-01
    outer loop
      vertex   -2.580259e+01 1.500000e+01 1.289065e+01
      vertex   -2.516242e+01 0.000000e+00 1.299560e+01
      vertex   -2.580259e+01 0.000000e+00 1.289065e+01
    endloop
  endfacet
  facet normal 3.701382e-01 0.000000e+00 -9.289767e-01
    outer loop
      vertex   -2.580259e+01 1.500000e+01 1.289065e+01
      vertex   -2.580259e+01 0.000000e+00 1.289065e+01
      vertex   -2.640523e+01 1.500000e+01 1.265054e+01
    endloop
  endfacet
  facet normal 3.701382e-01 0.000000e+00 -9.289767e-01
    outer loop
      vertex   -2.640523e+01 1.500000e+01 1.265054e+01
      vertex   -2.580259e+01 0.000000e+00 1.289065e+01
      vertex   -2.640523e+01 0.000000e+00 1.265054e+01
    endloop
  endfacet
  facet normal 5.611871e-01 0.000000e+00 -8.276890e-01
    outer loop
      vertex   -2.640523e+01 1.500000e+01 1.265054e+01
      vertex   -2.640523e+01 0.000000e+00 1.265054e+01
      vertex   -2.694216e+01 1.500000e+01 1.228649e+01
    endloop
  endfacet
  facet normal 5.611871e-01 0.000000e+00 -8.276890e-01
    outer loop
      vertex   -2.694216e+01 1.500000e+01 1.228649e+01
      vertex   -2.640523e+01 0.000000e+00 1.265054e+01
      vertex   -2.694216e+01 0.000000e+00 1.228649e+01
    endloop
  endfacet
  facet normal 7.259955e-01 0.000000e+00 -6.876995e-01
    outer loop
      vertex   -2.694216e+01 1.500000e+01 1.228649e+01
      vertex   -2.694216e+01 0.000000e+00 1.228649e+01
      vertex   -2.738828e+01 1.500000e+01 1.181552e+01
    endloop
  endfacet
  facet normal 7.259955e-01 0.000000e+00 -6.876995e-01
    outer loop
      vertex   -2.738828e+01 1.500000e+01 1.181552e+01
      vertex   -2.694216e+01 0.000000e+00 1.228649e+01
      vertex   -2.738828e+01 0.000000e+00 1.181552e+01
    endloop
  endfacet
  facet normal 8.568572e-01 0.000000e+00 -5.155539e-01
    outer loop
      vertex   -2.738828e+01 1.500000e+01 1.181552e+01
      vertex   -2.738828e+01 0.000000e+00 1.181552e+01
      vertex   -2.772273e+01 1.500000e+01 1.125967e+01
    endloop
  endfacet
  facet normal 8.568572e-01 0.000000e+00 -5.155539e-01
    outer loop
      vertex   -2.772273e+01 1.500000e+01 1.125967e+01
      vertex   -2.738828e+01 0.000000e+00 1.181552e+01
      vertex   -2.772273e+01 0.000000e+00 1.125967e+01
    endloop
  endfacet
  facet normal 9.476532e-01 0.000000e+00 -3.193015e-01
    outer loop
      vertex   -2.772273e+01 1.500000e+01 1.125967e+01
      vertex   -2.772273e+01 0.000000e+00 1.125967e+01
      vertex   -2.792986e+01 1.500000e+01 1.064491e+01
    endloop
  endfacet
  facet normal 9.476532e-01 0.000000e+00 -3.193015e-01
    outer loop
      vertex   -2.792986e+01 1.500000e+01 1.064491e+01
      vertex   -2.772273e+01 0.000000e+00 1.125967e+01
      vertex   -2.792986e+01 0.000000e+00 1.064491e+01
    endloop
  endfacet
  facet normal 9.941380e-01 0.000000e+00 -1.081190e-01
    outer loop
      vertex   3.207014e+01 1.500000e+01 1.064491e+01
      vertex   3.207014e+01 0.000000e+00 1.064491e+01
      vertex   3.200000e+01 1.500000e+01 1.000000e+01
    endloop
  endfacet
  facet normal 9.941380e-01 0.000000e+00 -1.081190e-01
    outer loop
      vertex   3.200000e+01 1.500000e+01 1.000000e+01
      vertex   3.207014e+01 0.000000e+00 1.064491e+01
      vertex   3.200000e+01 0.000000e+00 1.000000e+01
    endloop
  endfacet
  facet normal 9.941380e-01 0.000000e+00 1.081190e-01
    outer loop
      vertex   3.200000e+01 1.500000e+01 1.000000e+01
      vertex   3.200000e+01 0.000000e+00 1.000000e+01
      vertex   3.207014e+01 1.500000e+01 9.355089e+00
    endloop
  endfacet
  facet normal 9.941380e-01 0.000000e+00 1.081190e-01
    outer loop
      vertex   3.207014e+01 1.500000e+01 9.355089e+00
      vertex   3.200000e+01 0.000000e+00 1.000000e+01
      vertex   3.207014e+01 0.000000e+00 9.355089e+00
    endloop
  endfacet
  facet normal 9.476532e-01 0.000000e+00 3.193015e-01
    outer loop
      vertex   3.207014e+01 1.500000e+01 9.355089e+00
      vertex   3.207014e+01 0.000000e+00 9.355089e+00
      vertex   3.227727e+01 1.500000e+01 8.740333e+00
    endloop
  endfacet
  facet normal 9.476532e-01 0.000000e+00 3.193015e-01
    outer loop
      vertex   3.227727e+01 1.500000e+01 8.740333e+00
      vertex   3.207014e+01 0.000000e+00 9.355089e+00
      vertex   3.227727e+01 0.000000e+00 8.740333e+00
    endloop
  endfacet
  facet normal 8.568572e-01 0.000000e+00 5.155539e-01
    outer loop
      vertex   3.227727e+01 1.500000e+01 8.740333e+00
      vertex   3.227727e+01 0.000000e+00 8.740333e+00
      vertex   3.261172e+01 1.500000e+01 8.184477e+00
    endloop
  endfacet
  facet normal 8.568572e-01 0.000000e+00 5.155539e-01
    outer loop
      vertex   3.261172e+01 1.500000e+01 8.184477e+00
      vertex   3.227727e+01 0.000000e+00 8.740333e+00
      vertex   3.261172e+01 0.000000e+00 8.184477e+00
    endloop
  endfacet
  facet normal 7.259955e-01 0.000000e+00 6.876995e-01
    outer loop
      vertex   3.261172e+01 1.500000e+01 8.184477e+00
      vertex   3.261172e+01 0.000000e+00 8.184477e+00
      vertex   3.305784e+01 1.500000e+01 7.713514e+00
    endloop
  endfacet
  facet normal 7.259955e-01 0.000000e+00 6.876995e-01
    outer loop
      vertex   3.305784e+01 1.500000e+01 7.713514e+00
      vertex   3.261172e+01 0.000000e+00 8.184477e+00
      vertex   3.305784e+01 0.000000e+00 7.713514e+00
    endloop
  endfacet
  facet normal 5.611871e-01 0.000000e+00 8.276890e-01
    outer loop
      vertex   3.305784e+01 1.500000e+01 7.713514e+00
      vertex   3.305784e+01 0.000000e+00 7.713514e+00
      vertex   3.359477e+01 1.500000e+01 7.349464e+00
    endloop
  endfacet
  facet normal 5.611871e-01 0.000000e+00 8.276890e-01
    outer loop
      vertex   3.359477e+01 1.500000e+01 7.349464e+00
      vertex   3.305784e+01 0.000000e+00 7.713514e+00
      vertex   3.359477e+01 0.000000e+00 7.349464e+00
    endloop
  endfacet
  facet normal 3.701382e-01 0.000000e+00 9.289767e-01
    outer loop
      vertex   3.359477e+01 1.500000e+01 7.349464e+00
      vertex   3.359477e+01 0.000000e+00 7.349464e+00
      vertex   3.419741e+01 1.500000e+01 7.109350e+00
    endloop
  endfacet
  facet normal 3.701382e-01 0.000000e+00 9.289767e-01
    outer loop
      vertex   3.419741e+01 1.500000e+01 7.109350e+00
      vertex   3.359477e+01 0.000000e+00 7.349464e+00
      vertex   3.419741e+01 0.000000e+00 7.109350e+00
    endloop
  endfacet
  facet normal 1.617820e-01 0.000000e+00 9.868265e-01
    outer loop
      vertex   3.419741e+01 1.500000e+01 7.109350e+00
      vertex   3.419741e+01 0.000000e+00 7.109350e+00
      vertex   3.483758e+01 1.500000e+01 7.004400e+00
    endloop
  endfacet
  facet normal 1.617820e-01 0.000000e+00 9.868265e-01
    outer loop
      vertex   3.483758e+01 1.500000e+01 7.004400e+00
      vertex   3.419741e+01 0.000000e+00 7.109350e+00
      vertex   3.483758e+01 0.000000e+00 7.004400e+00
    endloop
  endfacet
  facet normal -5.413891e-02 0.000000e+00 9.985334e-01
    outer loop
      vertex   3.483758e+01 1.500000e+01 7.004400e+00
      vertex   3.483758e+01 0.000000e+00 7.004400e+00
      vertex   3.548535e+01 1.500000e+01 7.039520e+00
    endloop
  endfacet
  facet normal -5.413891e-02 0.000000e+00 9.985334e-01
    outer loop
      vertex   3.548535e+01 1.500000e+01 7.039520e+00
      vertex   3.483758e+01 0.000000e+00 7.004400e+00
      vertex   3.548535e+01 0.000000e+00 7.039520e+00
    endloop
  endfacet
  facet normal -2.675283e-01 0.000000e+00 9.635500e-01
    outer loop
      vertex   3.548535e+01 1.500000e+01 7.039520e+00
      vertex   3.548535e+01 0.000000e+00 7.039520e+00
      vertex   3.611041e+01 1.500000e+01 7.213070e+00
    endloop
  endfacet
  facet normal -2.675283e-01 0.000000e+00 9.635500e-01
    outer loop
      vertex   3.611041e+01 1.500000e+01 7.213070e+00
      vertex   3.548535e+01 0.000000e+00 7.039520e+00
      vertex   3.611041e+01 0.000000e+00 7.213070e+00
    endloop
  endfacet
  facet normal -4.684084e-01 0.000000e+00 8.835120e-01
    outer loop
      vertex   3.611041e+01 1.500000e+01 7.213070e+00
      vertex   3.611041e+01 0.000000e+00 7.213070e+00
      vertex   3.668356e+01 1.500000e+01 7.516933e+00
    endloop
  endfacet
  facet normal -4.684084e-01 0.000000e+00 8.835120e-01
    outer loop
      vertex   3.668356e+01 1.500000e+01 7.516933e+00
      vertex   3.611041e+01 0.000000e+00 7.213070e+00
      vertex   3.668356e+01 0.000000e+00 7.516933e+00
    endloop
  endfacet
  facet normal -6.473863e-01 0.000000e+00 7.621621e-01
    outer loop
      vertex   3.668356e+01 1.500000e+01 7.516933e+00
      vertex   3.668356e+01 0.000000e+00 7.516933e+00
      vertex   3.717799e+01 1.500000e+01 7.936902e+00
    endloop
  endfacet
  facet normal -6.473863e-01 0.000000e+00 7.621621e-01
    outer loop
      vertex   3.717799e+01 1.500000e+01 7.936902e+00
      vertex   3.668356e+01 0.000000e+00 7.516933e+00
      vertex   3.717799e+01 0.000000e+00 7.936902e+00
    endloop
  endfacet
  facet normal -7.960931e-01 0.000000e+00 6.051742e-01
    outer loop
      vertex   3.717799e+01 1.500000e+01 7.936902e+00
      vertex   3.717799e+01 0.000000e+00 7.936902e+00
      vertex   3.757057e+01 1.500000e+01 8.453338e+00
    endloop
  endfacet
  facet normal -7.960931e-01 0.000000e+00 6.051742e-01
    outer loop
      vertex   3.757057e+01 1.500000e+01 8.453338e+00
      vertex   3.717799e+01 0.000000e+00 7.936902e+00
      vertex   3.757057e+01 0.000000e+00 8.453338e+00
    endloop
  endfacet
  facet normal -9.075754e-01 0.000000e+00 4.198891e-01
    outer loop
      vertex   3.757057e+01 1.500000e+01 8.453338e+00
      vertex   3.757057e+01 0.000000e+00 8.453338e+00
      vertex   3.784296e+01 1.500000e+01 9.042095e+00
    endloop
  endfacet
  facet normal -9.075754e-01 0.000000e+00 4.198891e-01
    outer loop
      vertex   3.784296e+01 1.500000e+01 9.042095e+00
      vertex   3.757057e+01 0.000000e+00 8.453338e+00
      vertex   3.784296e+01 0.000000e+00 9.042095e+00
    endloop
  endfacet
  facet normal -9.766206e-01 0.000000e+00 2.149704e-01
    outer loop
      vertex   3.784296e+01 1.500000e+01 9.042095e+00
      vertex   3.784296e+01 0.000000e+00 9.042095e+00
      vertex   3.798241e+01 1.500000e+01 9.675643e+00
    endloop
  endfacet
  facet normal -9.766206e-01 0.000000e+00 2.149704e-01
    outer loop
      vertex   3.798241e+01 1.500000e+01 9.675643e+00
      vertex   3.784296e+01 0.000000e+00 9.042095e+00
      vertex   3.798241e+01 0.000000e+00 9.675643e+00
    endloop
  endfacet
  facet normal -1.000000e+00 0.000000e+00 0.000000e+00
    outer loop
      vertex   3.798241e+01 1.500000e+01 9.675643e+00
      vertex   3.798241e+01 0.000000e+00 9.675643e+00
      vertex   3.798241e+01 1.500000e+01 1.032436e+01
    endloop
  endfacet
  facet normal -1.000000e+00 -0.000000e+00 0.000000e+00
    outer loop
      vertex   3.798241e+01 1.500000e+01 1.032436e+01
      vertex   3.798241e+01 0.000000e+00 9.675643e+00
      vertex   3.798241e+01 0.000000e+00 1.032436e+01
    endloop
  endfacet
  facet normal -9.766206e-01 -0.000000e+00 -2.149704e-01
    outer loop
      vertex   3.798241e+01 1.500000e+01 1.032436e+01
      vertex   3.798241e+01 0.000000e+00 1.032436e+01
      vertex   3.784296e+01 1.500000e+01 1.095790e+01
    endloop
  endfacet
  facet normal -9.766206e-01 -0.000000e+00 -2.149704e-01
    outer loop
      vertex   3.784296e+01 1.500000e+01 1.095790e+01
      vertex   3.798241e+01 0.000000e+00 1.032436e+01
      vertex   3.784296e+01 0.000000e+00 1.095790e+01
    endloop
  endfacet
  facet normal -9.075754e-01 -0.000000e+00 -4.198891e-01
    outer loop
      vertex   3.784296e+01 1.500000e+01 1.095790e+01
      vertex   3.784296e+01 0.000000e+00 1.095790e+01
      vertex   3.757057e+01 1.500000e+01 1.154666e+01
    endloop
  endfacet
  facet normal -9.075754e-01 -0.000000e+00 -4.198891e-01
    outer loop
      vertex   3.757057e+01 1.500000e+01 1.154666e+01
      vertex   3.784296e+01 0.000000e+00 1.095790e+01
      vertex   3.757057e+01 0.000000e+00 1.154666e+01
    endloop
  endfacet
  facet normal -7.960931e-01 -0.000000e+00 -6.051742e-01
    outer loop
      vertex   3.757057e+01 1.500000e+01 1.154666e+01
      vertex   3.757057e+01 0.000000e+00 1.154666e+01
      vertex   3.717799e+01 1.500000e+01 1.206310e+01
    endloop
  endfacet
  facet normal -7.960931e-01 -0.000000e+00 -6.051742e-01
    outer loop
      vertex   3.717799e+01 1.500000e+01 1.206310e+01
      vertex   3.757057e+01 0.000000e+00 1.154666e+01
      vertex   3.717799e+01 0.000000e+00 1.206310e+01
    endloop
  endfacet
  facet normal -6.473863e-01 -0.000000e+00 -7.621621e-01
    outer loop
      vertex   3.717799e+01 1.500000e+01 1.206310e+01
      vertex   3.717799e+01 0.000000e+00 1.206310e+01
      vertex   3.668356e+01 1.500000e+01 1.248307e+01
    endloop
  endfacet
  facet normal -6.473863e-01 -0.000000e+00 -7.621621e-01
    outer loop
      vertex   3.668356e+01 1.500000e+01 1.248307e+01
      vertex   3.717799e+01 0.000000e+00 1.206310e+01
      vertex   3.668356e+01 0.000000e+00 1.248307e+01
    endloop
  endfacet
  facet normal -4.684084e-01 -0.000000e+00 -8.835120e-01
    outer loop
      vertex   3.668356e+01 1.500000e+01 1.248307e+01
      vertex   3.668356e+01 0.000000e+00 1.248307e+01
      vertex   3.611041e+01 1.500000e+01 1.278693e+01
    endloop
  endfacet
  facet normal -4.684084e-01 -0.000000e+00 -8.835120e-01
    outer loop
      vertex   3.611041e+01 1.500000e+01 1.278693e+01
      vertex   3.668356e+01 0.000000e+00 1.248307e+01
      vertex   3.611041e+01 0.000000e+00 1.278693e+01
    endloop
  endfacet
  facet normal -2.675283e-01 -0.000000e+00 -9.635500e-01
    outer loop
      vertex   3.611041e+01 1.500000e+01 1.278693e+01
      vertex   3.611041e+01 0.000000e+00 1.278693e+01
      vertex   3.548535e+01 1.500000e+01 1.296048e+01
    endloop
  endfacet
  facet normal -2.675283e-01 -0.000000e+00 -9.635500e-01
    outer loop
      vertex   3.548535e+01 1.500000e+01 1.296048e+01
      vertex   3.611041e+01 0.000000e+00 1.278693e+01
      vertex   3.548535e+01 0.000000e+00 1.296048e+01
    endloop
  endfacet
  facet normal -5.413891e-02 -0.000000e+00 -9.985334e-01
    outer loop
      vertex   3.548535e+01 1.500000e+01 1.296048e+01
      vertex   3.548535e+01 0.000000e+00 1.296048e+01
      vertex   3.483758e+01 1.500000e+01 1.299560e+01
    endloop
  endfacet
  facet normal -5.413891e-02 -0.000000e+00 -9.985334e-01
    outer loop
      vertex   3.483758e+01 1.500000e+01 1.299560e+01
      vertex   3.548535e+01 0.000000e+00 1.296048e+01
      vertex   3.483758e+01 0.000000e+00 1.299560e+01
    endloop
  endfacet
  facet normal 1.617820e-01 0.000000e+00 -9.868265e-01
    outer loop
      vertex   3.483758e+01 1.500000e+01 1.299560e+01
      vertex   3.483758e+01 0.000000e+00 1.299560e+01
      vertex   3.419741e+01 1.500000e+01 1.289065e+01
    endloop
  endfacet
  facet normal 1.617820e-01 0.000000e+00 -9.868265e-01
    outer loop
      vertex   3.419741e+01 1.500000e+01 1.289065e+01
      vertex   3.483758e+01 0.000000e+00 1.299560e+01
      vertex   3.419741e+01 0.000000e+00 1.289065e+01
    endloop
  endfacet
  facet normal 3.701382e-01 0.000000e+00 -9.289767e-01
    outer loop
      vertex   3.419741e+01 1.500000e+01 1.289065e+01
      vertex   3.419741e+01 0.000000e+00 1.289065e+01
      vertex   3.359477e+01 1.500000e+01 1.265054e+01
    endloop
  endfacet
  facet normal 3.701382e-01 0.000000e+00 -9.289767e-01
    outer loop
      vertex   3.359477e+01 1.500000e+01 1.265054e+01
      vertex   3.419741e+01 0.000000e+00 1.289065e+01
      vertex   3.359477e+01 0.000000e+00 1.265054e+01
    endloop
  endfacet
  facet normal 5.611871e-01 0.000000e+00 -8.276890e-01
    outer loop
      vertex   3.359477e+01 1.500000e+01 1.265054e+01
      vertex   3.359477e+01 0.000000e+00 1.265054e+01
      vertex   3.305784e+01 1.500000e+01 1.228649e+01
    endloop
  endfacet
  facet normal 5.611871e-01 0.000000e+00 -8.276890e-01
    outer loop
      vertex   3.305784e+01 1.500000e+01 1.228649e+01
      vertex   3.359477e+01 0.000000e+00 1.265054e+01
      vertex   3.305784e+01 0.000000e+00 1.228649e+01
    endloop
  endfacet
  facet normal 7.259955e-01 0.000000e+00 -6.876995e-01
    outer loop
      vertex   3.305784e+01 1.500000e+01 1.228649e+01
      vertex   3.305784e+01 0.000000e+00 1.228649e+01
      vertex   3.261172e+01 1.500000e+01 1.181552e+01
    endloop
  endfacet
  facet normal 7.259955e-01 0.000000e+00 -6.876995e-01
    outer loop
      vertex   3.261172e+01 1.500000e+01 1.181552e+01
      vertex   3.305784e+01 0.000000e+00 1.228649e+01
      vertex   3.261172e+01 0.000000e+00 1.181552e+01
    endloop
  endfacet
  facet normal 8.568572e-01 0.000000e+00 -5.155539e-01
    outer loop
      vertex   3.261172e+01 1.500000e+01 1.181552e+01
      vertex   3.261172e+01 0.000000e+00 1.181552e+01
      vertex   3.227727e+01 1.500000e+01 1.125967e+01
    endloop
  endfacet
  facet normal 8.568572e-01 0.000000e+00 -5.155539e-01
    outer loop
      vertex   3.227727e+01 1.500000e+01 1.125967e+01
      vertex   3.261172e+01 0.000000e+00 1.181552e+01
      vertex   3.227727e+01 0.000000e+00 1.125967e+01
    endloop
  endfacet
  facet normal 9.476532e-01 0.000000e+00 -3.193015e-01
    outer loop
      vertex   3.227727e+01 1.500000e+01 1.125967e+01
      vertex   3.227727e+01 0.000000e+00 1.125967e+01
      vertex   3.207014e+01 1.500000e+01 1.064491e+01
    endloop
  endfacet
  facet normal 9.476532e-01 0.000000e+00 -3.193015e-01
    outer loop
      vertex   3.207014e+01 1.500000e+01 1.064491e+01
      vertex   3.227727e+01 0.000000e+00 1.125967e+01
      vertex   3.207014e+01 0.000000e+00 1.064491e+01
    endloop
  endfacet
  facet normal 9.941380e-01 0.000000e+00 -1.081190e-01
    outer loop
      vertex   1.207014e+01 1.500000e+01 1.064491e+01
      vertex   1.207014e+01 0.000000e+00 1.064491e+01
      vertex   1.200000e+01 1.500000e+01 1.000000e+01
    endloop
  endfacet
  facet normal 9.941380e-01 0.000000e+00 -1.081190e-01
    outer loop
      vertex   1.200000e+01 1.500000e+01 1.000000e+01
      vertex   1.207014e+01 0.000000e+00 1.064491e+01
      vertex   1.200000e+01 0.000000e+00 1.000000e+01
    endloop
  endfacet
  facet normal 9.941380e-01 0.000000e+00 1.081190e-01
    outer loop
      vertex   1.200000e+01 1.500000e+01 1.000000e+01
      vertex   1.200000e+01 0.000000e+00 1.000000e+01
      vertex   1.207014e+01 1.500000e+01 9.355089e+00
    endloop
  endfacet
  facet normal 9.941380e-01 0.000000e+00 1.081190e-01
    outer loop
      vertex   1.207014e+01 1.500000e+01 9.355089e+00
      vertex   1.200000e+01 0.000000e+00 1.000000e+01
      vertex   1.207014e+01 0.000000e+00 9.355089e+00
    endloop
  endfacet
  facet normal 9.476532e-01 0.000000e+00 3.193015e-01
    outer loop
      vertex   1.207014e+01 1.500000e+01 9.355089e+00
      vertex   1.207014e+01 0.000000e+00 9.355089e+00
      vertex   1.227727e+01 1.500000e+01 8.740333e+00
    endloop
  endfacet
  facet normal 9.476532e-01 0.000000e+00 3.193015e-01
    outer loop
      vertex   1.227727e+01 1.500000e+01 8.740333e+00
      vertex   1.207014e+01 0.000000e+00 9.355089e+00
      vertex   1.227727e+01 0.000000e+00 8.740333e+00
    endloop
  endfacet
  facet normal 8.568572e-01 0.000000e+00 5.155539e-01
    outer loop
      vertex   1.227727e+01 1.500000e+01 8.740333e+00
      vertex   1.227727e+01 0.000000e+00 8.740333e+00
      vertex   1.261172e+01 1.500000e+01 8.184477e+00
    endloop
  endfacet
  facet normal 8.568572e-01 0.000000e+00 5.155539e-01
    outer loop
      vertex   1.261172e+01 1.500000e+01 8.184477e+00
      vertex   1.227727e+01 0.000000e+00 8.740333e+00
      vertex   1.261172e+01 0.000000e+00 8.184477e+00
    endloop
  endfacet
  facet normal 7.259955e-01 0.000000e+00 6.876995e-01
    outer loop
      vertex   1.261172e+01 1.500000e+01 8.184477e+00
      vertex   1.261172e+01 0.000000e+00 8.184477e+00
      vertex   1.305784e+01 1.500000e+01 7.713514e+00
    endloop
  endfacet
  facet normal 7.259955e-01 0.000000e+00 6.876995e-01
    outer loop
      vertex   1.305784e+01 1.500000e+01 7.713514e+00
      vertex   1.261172e+01 0.000000e+00 8.184477e+00
      vertex   1.305784e+01 0.000000e+00 7.713514e+00
    endloop
  endfacet
  facet normal 5.611871e-01 0.000000e+00 8.276890e-01
    outer loop
      vertex   1.305784e+01 1.500000e+01 7.713514e+00
      vertex   1.305784e+01 0.000000e+00 7.713514e+00
      vertex   1.359477e+01 1.500000e+01 7.349464e+00
    endloop
  endfacet
  facet normal 5.611871e-01 0.000000e+00 8.276890e-01
    outer loop
      vertex   1.359477e+01 1.500000e+01 7.349464e+00
      vertex   1.305784e+01 0.000000e+00 7.713514e+00
      vertex   1.359477e+01 0.000000e+00 7.349464e+00
    endloop
  endfacet
  facet normal 3.701382e-01 0.000000e+00 9.289767e-01
    outer loop
      vertex   1.359477e+01 1.500000e+01 7.349464e+00
      vertex   1.359477e+01 0.000000e+00 7.349464e+00
      vertex   1.419741e+01 1.500000e+01 7.109350e+00
    endloop
  endfacet
  facet normal 3.701382e-01 0.000000e+00 9.289767e-01
    outer loop
      vertex   1.419741e+01 1.500000e+01 7.109350e+00
      vertex   1.359477e+01 0.000000e+00 7.349464e+00
      vertex   1.419741e+01 0.000000e+00 7.109350e+00
    endloop
  endfacet
  facet normal 1.617820e-01 0.000000e+00 9.868265e-01
    outer loop
      vertex   1.419741e+01 1.500000e+01 7.109350e+00
      vertex   1.419741e+01 0.000000e+00 7.109350e+00
      vertex   1.483758e+01 1.500000e+01 7.004400e+00
    endloop
  endfacet
  facet normal 1.617820e-01 0.000000e+00 9.868265e-01
    outer loop
      vertex   1.483758e+01 1.500000e+01 7.004400e+00
      vertex   1.419741e+01 0.000000e+00 7.109350e+00
      vertex   1.483758e+01 0.000000e+00 7.004400e+00
    endloop
  endfacet
  facet normal -5.413891e-02 0.000000e+00 9.985334e-01
    outer loop
      vertex   1.483758e+01 1.500000e+01 7.004400e+00
      vertex   1.483758e+01 0.000000e+00 7.004400e+00
      vertex   1.548535e+01 1.500000e+01 7.039520e+00
    endloop
  endfacet
  facet normal -5.413891e-02 0.000000e+00 9.985334e-01
    outer loop
      vertex   1.548535e+01 1.500000e+01 7.039520e+00
      vertex   1.483758e+01 0.000000e+00 7.004400e+00
      vertex   1.548535e+01 0.000000e+00 7.039520e+00
    endloop
  endfacet
  facet normal -2.675283e-01 0.000000e+00 9.635500e-01
    outer loop
      vertex   1.548535e+01 1.500000e+01 7.039520e+00
      vertex   1.548535e+01 0.000000e+00 7.039520e+00
      vertex   1.611041e+01 1.500000e+01 7.213070e+00
    endloop
  endfacet
  facet normal -2.675283e-01 0.000000e+00 9.635500e-01
    outer loop
      vertex   1.611041e+01 1.500000e+01 7.213070e+00
      vertex   1.548535e+01 0.000000e+00 7.039520e+00
      vertex   1.611041e+01 0.000000e+00 7.213070e+00
    endloop
  endfacet
  facet normal -4.684084e-01 0.000000e+00 8.835120e-01
    outer loop
      vertex   1.611041e+01 1.500000e+01 7.213070e+00
      vertex   1.611041e+01 0.000000e+00 7.213070e+00
      vertex   1.668356e+01 1.500000e+01 7.516933e+00
    endloop
  endfacet
  facet normal -4.684084e-01 0.000000e+00 8.835120e-01
    outer loop
      vertex   1.668356e+01 1.500000e+01 7.516933e+00
      vertex   1.611041e+01 0.000000e+00 7.213070e+00
      vertex   1.668356e+01 0.000000e+00 7.516933e+00
    endloop
  endfacet
  facet normal -6.473863e-01 0.000000e+00 7.621621e-01
    outer loop
      vertex   1.668356e+01 1.500000e+01 7.516933e+00
      vertex   1.668356e+01 0.000000e+00 7.516933e+00
      vertex   1.717799e+01 1.500000e+01 7.936902e+00
    endloop
  endfacet
  facet normal -6.473863e-01 0.000000e+00 7.621621e-01
    outer loop
      vertex   1.717799e+01 1.500000e+01 7.936902e+00
      vertex   1.668356e+01 0.000000e+00 7.516933e+00
      vertex   1.717799e+01 0.000000e+00 7.936902e+00
    endloop
  endfacet
  facet normal -7.960931e-01 0.000000e+00 6.051742e-01
    outer loop
      vertex   1.717799e+01 1.500000e+01 7.936902e+00
      vertex   1.717799e+01 0.000000e+00 7.936902e+00
      vertex   1.757057e+01 1.500000e+01 8.453338e+00
    endloop
  endfacet
  facet normal -7.960931e-01 0.000000e+00 6.051742e-01
    outer loop
      vertex   1.757057e+01 1.500000e+01 8.453338e+00
      vertex   1.717799e+01 0.000000e+00 7.936902e+00
      vertex   1.757057e+01 0.000000e+00 8.453338e+00
    endloop
  endfacet
  facet normal -9.075754e-01 0.000000e+00 4.198891e-01
    outer loop
      vertex   1.757057e+01 1.500000e+01 8.453338e+00
      vertex   1.757057e+01 0.000000e+00 8.453338e+00
      vertex   1.784296e+01 1.500000e+01 9.042095e+00
    endloop
  endfacet
  facet normal -9.075754e-01 0.000000e+00 4.198891e-01
    outer loop
      vertex   1.784296e+01 1.500000e+01 9.042095e+00
      vertex   1.757057e+01 0.000000e+00 8.453338e+00
      vertex   1.784296e+01 0.000000e+00 9.042095e+00
    endloop
  endfacet
  facet normal -9.766206e-01 0.000000e+00 2.149704e-01
    outer loop
      vertex   1.784296e+01 1.500000e+01 9.042095e+00
      vertex   1.784296e+01 0.000000e+00 9.042095e+00
      vertex   1.798241e+01 1.500000e+01 9.675643e+00
    endloop
  endfacet
  facet normal -9.766206e-01 0.000000e+00 2.149704e-01
    outer loop
      vertex   1.798241e+01 1.500000e+01 9.675643e+00
      vertex   1.784296e+01 0.000000e+00 9.042095e+00
      vertex   1.798241e+01 0.000000e+00 9.675643e+00
    endloop
  endfacet
  facet normal -1.000000e+00 0.000000e+00 0.000000e+00
    outer loop
      vertex   1.798241e+01 1.500000e+01 9.675643e+00
      vertex   1.798241e+01 0.000000e+00 9.675643e+00
      vertex   1.798241e+01 1.500000e+01 1.032436e+01
    endloop
  endfacet
  facet normal -1.000000e+00 -0.000000e+00 0.000000e+00
    outer loop
      vertex   1.798241e+01 1.500000e+01 1.032436e+01
      vertex   1.798241e+01 0.000000e+00 9.675643e+00
      vertex   1.798241e+01 0.000000e+00 1.032436e+01
    endloop
  endfacet
  facet normal -9.766206e-01 -0.000000e+00 -2.149704e-01
    outer loop
      vertex   1.798241e+01 1.500000e+01 1.032436e+01
      vertex   1.798241e+01 0.000000e+00 1.032436e+01
      vertex   1.784296e+01 1.500000e+01 1.095790e+01
    endloop
  endfacet
  facet normal -9.766206e-01 -0.000000e+00 -2.149704e-01
    outer loop
      vertex   1.784296e+01 1.500000e+01 1.095790e+01
      vertex   1.798241e+01 0.000000e+00 1.032436e+01
      vertex   1.784296e+01 0.000000e+00 1.095790e+01
    endloop
  endfacet
  facet normal -9.075754e-01 -0.000000e+00 -4.198891e-01
    outer loop
      vertex   1.784296e+01 1.500000e+01 1.095790e+01
      vertex   1.784296e+01 0.000000e+00 1.095790e+01
      vertex   1.757057e+01 1.500000e+01 1.154666e+01
    endloop
  endfacet
  facet normal -9.075754e-01 -0.000000e+00 -4.198891e-01
    outer loop
      vertex   1.757057e+01 1.500000e+01 1.154666e+01
      vertex   1.784296e+01 0.000000e+00 1.095790e+01
      vertex   1.757057e+01 0.000000e+00 1.154666e+01
    endloop
  endfacet
  facet normal -7.960931e-01 -0.000000e+00 -6.051742e-01
    outer loop
      vertex   1.757057e+01 1.500000e+01 1.154666e+01
      vertex   1.757057e+01 0.000000e+00 1.154666e+01
      vertex   1.717799e+01 1.500000e+01 1.206310e+01
    endloop
  endfacet
  facet normal -7.960931e-01 -0.000000e+00 -6.051742e-01
    outer loop
      vertex   1.717799e+01 1.500000e+01 1.206310e+01
      vertex   1.757057e+01 0.000000e+00 1.154666e+01
      vertex   1.717799e+01 0.000000e+00 1.206310e+01
    endloop
  endfacet
  facet normal -6.473863e-01 -0.000000e+00 -7.621621e-01
    outer loop
      vertex   1.717799e+01 1.500000e+01 1.206310e+01
      vertex   1.717799e+01 0.000000e+00 1.206310e+01
      vertex   1.668356e+01 1.500000e+01 1.248307e+01
    endloop
  endfacet
  facet normal -6.473863e-01 -0.000000e+00 -7.621621e-01
    outer loop
      vertex   1.668356e+01 1.500000e+01 1.248307e+01
      vertex   1.717799e+01 0.000000e+00 1.206310e+01
      vertex   1.668356e+01 0.000000e+00 1.248307e+01
    endloop
  endfacet
  facet normal -4.684084e-01 -0.000000e+00 -8.835120e-01
    outer loop
      vertex   1.668356e+01 1.500000e+01 1.248307e+01
      vertex   1.668356e+01 0.000000e+00 1.248307e+01
      vertex   1.611041e+01 1.500000e+01 1.278693e+01
    endloop
  endfacet
  facet normal -4.684084e-01 -0.000000e+00 -8.835120e-01
    outer loop
      vertex   1.611041e+01 1.500000e+01 1.278693e+01
      vertex   1.668356e+01 0.000000e+00 1.248307e+01
      vertex   1.611041e+01 0.000000e+00 1.278693e+01
    endloop
  endfacet
  facet normal -2.675283e-01 -0.000000e+00 -9.635500e-01
    outer loop
      vertex   1.611041e+01 1.500000e+01 1.278693e+01
      vertex   1.611041e+01 0.000000e+00 1.278693e+01
      vertex   1.548535e+01 1.500000e+01 1.296048e+01
    endloop
  endfacet
  facet normal -2.675283e-01 -0.000000e+00 -9.635500e-01
    outer loop
      vertex   1.548535e+01 1.500000e+01 1.296048e+01
      vertex   1.611041e+01 0.000000e+00 1.278693e+01
      vertex   1.548535e+01 0.000000e+00 1.296048e+01
    endloop
  endfacet
  facet normal -5.413891e-02 -0.000000e+00 -9.985334e-01
    outer loop
      vertex   1.548535e+01 1.500000e+01 1.296048e+01
      vertex   1.548535e+01 0.000000e+00 1.296048e+01
      vertex   1.483758e+01 1.500000e+01 1.299560e+01
    endloop
  endfacet
  facet normal -5.413891e-02 -0.000000e+00 -9.985334e-01
    outer loop
      vertex   1.483758e+01 1.500000e+01 1.299560e+01
      vertex   1.548535e+01 0.000000e+00 1.296048e+01
      vertex   1.483758e+01 0.000000e+00 1.299560e+01
    endloop
  endfacet
  facet normal 1.617820e-01 0.000000e+00 -9.868265e-01
    outer loop
      vertex   1.483758e+01 1.500000e+01 1.299560e+01
      vertex   1.483758e+01 0.000000e+00 1.299560e+01
      vertex   1.419741e+01 1.500000e+01 1.289065e+01
    endloop
  endfacet
  facet normal 1.617820e-01 0.000000e+00 -9.868265e-01
    outer loop
      vertex   1.419741e+01 1.500000e+01 1.289065e+01
      vertex   1.483758e+01 0.000000e+00 1.299560e+01
      vertex   1.419741e+01 0.000000e+00 1.289065e+01
    endloop
  endfacet
  facet normal 3.701382e-01 0.000000e+00 -9.289767e-01
    outer loop
      vertex   1.419741e+01 1.500000e+01 1.289065e+01
      vertex   1.419741e+01 0.000000e+00 1.289065e+01
      vertex   1.359477e+01 1.500000e+01 1.265054e+01
    endloop
  endfacet
  facet normal 3.701382e-01 0.000000e+00 -9.289767e-01
    outer loop
      vertex   1.359477e+01 1.500000e+01 1.265054e+01
      vertex   1.419741e+01 0.000000e+00 1.289065e+01
      vertex   1.359477e+01 0.000000e+00 1.265054e+01
    endloop
  endfacet
  facet normal 5.611871e-01 0.000000e+00 -8.276890e-01
    outer loop
      vertex   1.359477e+01 1.500000e+01 1.265054e+01
      vertex   1.359477e+01 0.000000e+00 1.265054e+01
      vertex   1.305784e+01 1.500000e+01 1.228649e+01
    endloop
  endfacet
  facet normal 5.611871e-01 0.000000e+00 -8.276890e-01
    outer loop
      vertex   1.305784e+01 1.500000e+01 1.228649e+01
      vertex   1.359477e+01 0.000000e+00 1.265054e+01
      vertex   1.305784e+01 0.000000e+00 1.228649e+01
    endloop
  endfacet
  facet normal 7.259955e-01 0.000000e+00 -6.876995e-01
    outer loop
      vertex   1.305784e+01 1.500000e+01 1.228649e+01
      vertex   1.305784e+01 0.000000e+00 1.228649e+01
      vertex   1.261172e+01 1.500000e+01 1.181552e+01
    endloop
  endfacet
  facet normal 7.259955e-01 0.000000e+00 -6.876995e-01
    outer loop
      vertex   1.261172e+01 1.500000e+01 1.181552e+01
      vertex   1.305784e+01 0.000000e+00 1.228649e+01
      vertex   1.261172e+01 0.000000e+00 1.181552e+01
    endloop
  endfacet
  facet normal 8.568572e-01 0.000000e+00 -5.155539e-01
    outer loop
      vertex   1.261172e+01 1.500000e+01 1.181552e+01
      vertex   1.261172e+01 0.000000e+00 1.181552e+01
      vertex   1.227727e+01 1.500000e+01 1.125967e+01
    endloop
  endfacet
  facet normal 8.568572e-01 0.000000e+00 -5.155539e-01
    outer loop
      vertex   1.227727e+01 1.500000e+01 1.125967e+01
      vertex   1.261172e+01 0.000000e+00 1.181552e+01
      vertex   1.227727e+01 0.000000e+00 1.125967e+01
    endloop
  endfacet
  facet normal 9.476532e-01 0.000000e+00 -3.193015e-01
    outer loop
      vertex   1.227727e+01 1.500000e+01 1.125967e+01
      vertex   1.227727e+01 0.000000e+00 1.125967e+01
      vertex   1.207014e+01 1.500000e+01 1.064491e+01
    endloop
  endfacet
  facet normal 9.476532e-01 0.000000e+00 -3.193015e-01
    outer loop
      vertex   1.207014e+01 1.500000e+01 1.064491e+01
      vertex   1.227727e+01 0.000000e+00 1.125967e+01
      vertex   1.207014e+01 0.000000e+00 1.064491e+01
    endloop
  endfacet
  facet normal 9.941380e-01 0.000000e+00 -1.081190e-01
    outer loop
      vertex   2.207014e+01 1.500000e+01 2.064491e+01
      vertex   2.207014e+01 0.000000e+00 2.064491e+01
      vertex   2.200000e+01 1.500000e+01 2.000000e+01
    endloop
  endfacet
  facet normal 9.941380e-01 0.000000e+00 -1.081190e-01
    outer loop
      vertex   2.200000e+01 1.500000e+01 2.000000e+01
      vertex   2.207014e+01 0.000000e+00 2.064491e+01
      vertex   2.200000e+01 0.000000e+00 2.000000e+01
    endloop
  endfacet
  facet normal 9.941380e-01 0.000000e+00 1.081190e-01
    outer loop
      vertex   2.200000e+01 1.500000e+01 2.000000e+01
      vertex   2.200000e+01 0.000000e+00 2.000000e+01
      vertex   2.207014e+01 1.500000e+01 1.935509e+01
    endloop
  endfacet
  facet normal 9.941380e-01 0.000000e+00 1.081190e-01
    outer loop
      vertex   2.207014e+01 1.500000e+01 1.935509e+01
      vertex   2.200000e+01 0.000000e+00 2.000000e+01
      vertex   2.207014e+01 0.000000e+00 1.935509e+01
    endloop
  endfacet
  facet normal 9.476532e-01 0.000000e+00 3.193015e-01
    outer loop
      vertex   2.207014e+01 1.500000e+01 1.935509e+01
      vertex   2.207014e+01 0.000000e+00 1.935509e+01
      vertex   2.227727e+01 1.500000e+01 1.874033e+01
    endloop
  endfacet
  facet normal 9.476532e-01 0.000000e+00 3.193015e-01
    outer loop
      vertex   2.227727e+01 1.500000e+01 1.874033e+01
      vertex   2.207014e+01 0.000000e+00 1.935509e+01
      vertex   2.227727e+01 0.000000e+00 1.874033e+01
    endloop
  endfacet
  facet normal 8.568572e-01 0.000000e+00 5.155539e-01
    outer loop
      vertex   2.227727e+01 1.500000e+01 1.874033e+01
      vertex   2.227727e+01 0.000000e+00 1.874033e+01
      vertex   2.261172e+01 1.500000e+01 1.818448e+01
    endloop
  endfacet
  facet normal 8.568572e-01 0.000000e+00 5.155539e-01
    outer loop
      vertex   2.261172e+01 1.500000e+01 1.818448e+01
      vertex   2.227727e+01 0.000000e+00 1.874033e+01
      vertex   2.261172e+01 0.000000e+00 1.818448e+01
    endloop
  endfacet
  facet normal 7.259955e-01 0.000000e+00 6.876995e-01
    outer loop
      vertex   2.261172e+01 1.500000e+01 1.818448e+01
      vertex   2.261172e+01 0.000000e+00 1.818448e+01
      vertex   2.305784e+01 1.500000e+01 1.771351e+01
    endloop
  endfacet
  facet normal 7.259955e-01 0.000000e+00 6.876995e-01
    outer loop
      vertex   2.305784e+01 1.500000e+01 1.771351e+01
      vertex   2.261172e+01 0.000000e+00 1.818448e+01
      vertex   2.305784e+01 0.000000e+00 1.771351e+01
    endloop
  endfacet
  facet normal 5.611871e-01 0.000000e+00 8.276890e-01
    outer loop
      vertex   2.305784e+01 1.500000e+01 1.771351e+01
      vertex   2.305784e+01 0.000000e+00 1.771351e+01
      vertex   2.359477e+01 1.500000e+01 1.734946e+01
    endloop
  endfacet
  facet normal 5.611871e-01 0.000000e+00 8.276890e-01
    outer loop
      vertex   2.359477e+01 1.500000e+01 1.734946e+01
      vertex   2.305784e+01 0.000000e+00 1.771351e+01
      vertex   2.359477e+01 0.000000e+00 1.734946e+01
    endloop
  endfacet
  facet normal 3.701382e-01 0.000000e+00 9.289767e-01
    outer loop
      vertex   2.359477e+01 1.500000e+01 1.734946e+01
      vertex   2.359477e+01 0.000000e+00 1.734946e+01
      vertex   2.419741e+01 1.500000e+01 1.710935e+01
    endloop
  endfacet
  facet normal 3.701382e-01 0.000000e+00 9.289767e-01
    outer loop
      vertex   2.419741e+01 1.500000e+01 1.710935e+01
      vertex   2.359477e+01 0.000000e+00 1.734946e+01
      vertex   2.419741e+01 0.000000e+00 1.710935e+01
    endloop
  endfacet
  facet normal 1.617820e-01 0.000000e+00 9.868265e-01
    outer loop
      vertex   2.419741e+01 1.500000e+01 1.710935e+01
      vertex   2.419741e+01 0.000000e+00 1.710935e+01
      vertex   2.483758e+01 1.500000e+01 1.700440e+01
    endloop
  endfacet
  facet normal 1.617820e-01 0.000000e+00 9.868265e-01
    outer loop
      vertex   2.483758e+01 1.500000e+01 1.700440e+01
      vertex   2.419741e+01 0.000000e+00 1.710935e+01
      vertex   2.483758e+01 0.000000e+00 1.700440e+01
    endloop
  endfacet
  facet normal -5.413891e-02 0.000000e+00 9.985334e-01
    outer loop
      vertex   2.483758e+01 1.500000e+01 1.700440e+01
      vertex   2.483758e+01 0.000000e+00 1.700440e+01
      vertex   2.548535e+01 1.500000e+01 1.703952e+01
    endloop
  endfacet
  facet normal -5.413891e-02 0.000000e+00 9.985334e-01
    outer loop
      vertex   2.548535e+01 1.500000e+01 1.703952e+01
      vertex   2.483758e+01 0.000000e+00 1.700440e+01
      vertex   2.548535e+01 0.000000e+00 1.703952e+01
    endloop
  endfacet
  facet normal -2.675283e-01 0.000000e+00 9.635500e-01
    outer loop
      vertex   2.548535e+01 1.500000e+01 1.703952e+01
      vertex   2.548535e+01 0.000000e+00 1.703952e+01
      vertex   2.611041e+01 1.500000e+01 1.721307e+01
    endloop
  endfacet
  facet normal -2.675283e-01 0.000000e+00 9.635500e-01
    outer loop
      vertex   2.611041e+01 1.500000e+01 1.721307e+01
      vertex   2.548535e+01 0.000000e+00 1.703952e+01
      vertex   2.611041e+01 0.000000e+00 1.721307e+01
    endloop
  endfacet
  facet normal -4.684084e-01 0.000000e+00 8.835120e-01
    outer loop
      vertex   2.611041e+01 1.500000e+01 1.721307e+01
      vertex   2.611041e+01 0.000000e+00 1.721307e+01
      vertex   2.668356e+01 1.500000e+01 1.751693e+01
    endloop
  endfacet
  facet normal -4.684084e-01 0.000000e+00 8.835120e-01
    outer loop
      vertex   2.668356e+01 1.500000e+01 1.751693e+01
      vertex   2.611041e+01 0.000000e+00 1.721307e+01
      vertex   2.668356e+01 0.000000e+00 1.751693e+01
    endloop
  endfacet
  facet normal -6.473863e-01 0.000000e+00 7.621621e-01
    outer loop
      vertex   2.668356e+01 1.500000e+01 1.751693e+01
      vertex   2.668356e+01 0.000000e+00 1.751693e+01
      vertex   2.717799e+01 1.500000e+01 1.793690e+01
    endloop
  endfacet
  facet normal -6.473863e-01 0.000000e+00 7.621621e-01
    outer loop
      vertex   2.717799e+01 1.500000e+01 1.793690e+01
      vertex   2.668356e+01 0.000000e+00 1.751693e+01
      vertex   2.717799e+01 0.000000e+00 1.793690e+01
    endloop
  endfacet
  facet normal -7.960931e-01 0.000000e+00 6.051742e-01
    outer loop
      vertex   2.717799e+01 1.500000e+01 1.793690e+01
      vertex   2.717799e+01 0.000000e+00 1.793690e+01
      vertex   2.757057e+01 1.500000e+01 1.845334e+01
    endloop
  endfacet
  facet normal -7.960931e-01 0.000000e+00 6.051742e-01
    outer loop
      vertex   2.757057e+01 1.500000e+01 1.845334e+01
      vertex   2.717799e+01 0.000000e+00 1.793690e+01
      vertex   2.757057e+01 0.000000e+00 1.845334e+01
    endloop
  endfacet
  facet normal -9.075754e-01 0.000000e+00 4.198891e-01
    outer loop
      vertex   2.757057e+01 1.500000e+01 1.845334e+01
      vertex   2.757057e+01 0.000000e+00 1.845334e+01
      vertex   2.784296e+01 1.500000e+01 1.904210e+01
    endloop
  endfacet
  facet normal -9.075754e-01 0.000000e+00 4.198891e-01
    outer loop
      vertex   2.784296e+01 1.500000e+01 1.904210e+01
      vertex   2.757057e+01 0.000000e+00 1.845334e+01
      vertex   2.784296e+01 0.000000e+00 1.904210e+01
    endloop
  endfacet
  facet normal -9.766206e-01 0.000000e+00 2.149704e-01
    outer loop
      vertex   2.784296e+01 1.500000e+01 1.904210e+01
      vertex   2.784296e+01 0.000000e+00 1.904210e+01
      vertex   2.798241e+01 1.500000e+01 1.967564e+01
    endloop
  endfacet
  facet normal -9.766206e-01 0.000000e+00 2.149704e-01
    outer loop
      vertex   2.798241e+01 1.500000e+01 1.967564e+01
      vertex   2.784296e+01 0.000000e+00 1.904210e+01
      vertex   2.798241e+01 0.000000e+00 1.967564e+01
    endloop
  endfacet
  facet normal -1.000000e+00 0.000000e+00 0.000000e+00
    outer loop
      vertex   2.798241e+01 1.500000e+01 1.967564e+01
      vertex   2.798241e+01 0.000000e+00 1.967564e+01
      vertex   2.798241e+01 1.500000e+01 2.032436e+01
    endloop
  endfacet
  facet normal -1.000000e+00 -0.000000e+00 0.000000e+00
    outer loop
      vertex   2.798241e+01 1.500000e+01 2.032436e+01
      vertex   2.798241e+01 0.000000e+00 1.967564e+01
      vertex   2.798241e+01 0.000000e+00 2.032436e+01
    endloop
  endfacet
  facet normal -9.766206e-01 -0.000000e+00 -2.149704e-01
    outer loop
      vertex   2.798241e+01 1.500000e+01 2.032436e+01
      vertex   2.798241e+01 0.000000e+00 2.032436e+01
      vertex   2.784296e+01 1.500000e+01 2.095790e+01
    endloop
  endfacet
  facet normal -9.766206e-01 -0.000000e+00 -2.149704e-01
    outer loop
      vertex   2.784296e+01 1.500000e+01 2.095790e+01
      vertex   2.798241e+01 0.000000e+00 2.032436e+01
      vertex   2.784296e+01 0.000000e+00 2.095790e+01
    endloop
  endfacet
  facet normal -9.075754e-01 -0.000000e+00 -4.198891e-01
    outer loop
      vertex   2.784296e+01 1.500000e+01 2.095790e+01
      vertex   2.784296e+01 0.000000e+00 2.095790e+01
      vertex   2.757057e+01 1.500000e+01 2.154666e+01
    endloop
  endfacet
  facet normal -9.075754e-01 -0.000000e+00 -4.198891e-01
    outer loop
      vertex   2.757057e+01 1.500000e+01 2.154666e+01
      vertex   2.784296e+01 0.000000e+00 2.095790e+01
      vertex   2.757057e+01 0.000000e+00 2.154666e+01
    endloop
  endfacet
  facet normal -7.960931e-01 -0.000000e+00 -6.051742e-01
    outer loop
      vertex   2.757057e+01 1.500000e+01 2.154666e+01
      vertex   2.757057e+01 0.000000e+00 2.154666e+01
      vertex   2.717799e+01 1.500000e+01 2.206310e+01
    endloop
  endfacet
  facet normal -7.960931e-01 -0.000000e+00 -6.051742e-01
    outer loop
      vertex   2.717799e+01 1.500000e+01 2.206310e+01
      vertex   2.757057e+01 0.000000e+00 2.154666e+01
      vertex   2.717799e+01 0.000000e+00 2.206310e+01
    endloop
  endfacet
  facet normal -6.473863e-01 -0.000000e+00 -7.621621e-01
    outer loop
      vertex   2.717799e+01 1.500000e+01 2.206310e+01
      vertex   2.717799e+01 0.000000e+00 2.206310e+01
      vertex   2.668356e+01 1.500000e+01 2.248307e+01
    endloop
  endfacet
  facet normal -6.473863e-01 -0.000000e+00 -7.621621e-01
    outer loop
      vertex   2.668356e+01 1.500000e+01 2.248307e+01
      vertex   2.717799e+01 0.000000e+00 2.206310e+01
      vertex   2.668356e+01 0.000000e+00 2.248307e+01
    endloop
  endfacet
  facet normal -4.684084e-01 -0.000000e+00 -8.835120e-01
    outer loop
      vertex   2.668356e+01 1.500000e+01 2.248307e+01
      vertex   2.668356e+01 0.000000e+00 2.248307e+01
      vertex   2.611041e+01 1.500000e+01 2.278693e+01
    endloop
  endfacet
  facet normal -4.684084e-01 -0.000000e+00 -8.835120e-01
    outer loop
      vertex   2.611041e+01 1.500000e+01 2.278693e+01
      vertex   2.668356e+01 0.000000e+00 2.248307e+01
      vertex   2.611041e+01 0.000000e+00 2.278693e+01
    endloop
  endfacet
  facet normal -2.675283e-01 -0.000000e+00 -9.635500e-01
    outer loop
      vertex   2.611041e+01 1.500000e+01 2.278693e+01
      vertex   2.611041e+01 0.000000e+00 2.278693e+01
      vertex   2.548535e+01 1.500000e+01 2.296048e+01
    endloop
  endfacet
  facet normal -2.675283e-01 -0.000000e+00 -9.635500e-01
    outer loop
      vertex   2.548535e+01 1.500000e+01 2.296048e+01
      vertex   2.611041e+01 0.000000e+00 2.278693e+01
      vertex   2.548535e+01 0.000000e+00 2.296048e+01
    endloop
  endfacet
  facet normal -5.413891e-02 -0.000000e+00 -9.985334e-01
    outer loop
      vertex   2.548535e+01 1.500000e+01 2.296048e+01
      vertex   2.548535e+01 0.000000e+00 2.296048e+01
      vertex   2.483758e+01 1.500000e+01 2.299560e+01
    endloop
  endfacet
  facet normal -5.413891e-02 -0.000000e+00 -9.985334e-01
    outer loop
      vertex   2.483758e+01 1.500000e+01 2.299560e+01
      vertex   2.548535e+01 0.000000e+00 2.296048e+01
      vertex   2.483758e+01 0.000000e+00 2.299560e+01
    endloop
  endfacet
  facet normal 1.617820e-01 0.000000e+00 -9.868265e-01
    outer loop
      vertex   2.483758e+01 1.500000e+01 2.299560e+01
      vertex   2.483758e+01 0.000000e+00 2.299560e+01
      vertex   2.419741e+01 1.500000e+01 2.289065e+01
    endloop
  endfacet
  facet normal 1.617820e-01 0.000000e+00 -9.868265e-01
    outer loop
      vertex   2.419741e+01 1.500000e+01 2.289065e+01
      vertex   2.483758e+01 0.000000e+00 2.299560e+01
      vertex   2.419741e+01 0.000000e+00 2.289065e+01
    endloop
  endfacet
  facet normal 3.701382e-01 0.000000e+00 -9.289767e-01
    outer loop
      vertex   2.419741e+01 1.500000e+01 2.289065e+01
      vertex   2.419741e+01 0.000000e+00 2.289065e+01
      vertex   2.359477e+01 1.500000e+01 2.265054e+01
    endloop
  endfacet
  facet normal 3.701382e-01 0.000000e+00 -9.289767e-01
    outer loop
      vertex   2.359477e+01 1.500000e+01 2.265054e+01
      vertex   2.419741e+01 0.000000e+00 2.289065e+01
      vertex   2.359477e+01 0.000000e+00 2.265054e+01
    endloop
  endfacet
  facet normal 5.611871e-01 0.000000e+00 -8.276890e-01
    outer loop
      vertex   2.359477e+01 1.500000e+01 2.265054e+01
      vertex   2.359477e+01 0.000000e+00 2.265054e+01
      vertex   2.305784e+01 1.500000e+01 2.228649e+01
    endloop
  endfacet
  facet normal 5.611871e-01 0.000000e+00 -8.276890e-01
    outer loop
      vertex   2.305784e+01 1.500000e+01 2.228649e+01
      vertex   2.359477e+01 0.000000e+00 2.265054e+01
      vertex   2.305784e+01 0.000000e+00 2.228649e+01
    endloop
  endfacet
  facet normal 7.259955e-01 0.000000e+00 -6.876995e-01
    outer loop
      vertex   2.305784e+01 1.500000e+01 2.228649e+01
      vertex   2.305784e+01 0.000000e+00 2.228649e+01
      vertex   2.261172e+01 1.500000e+01 2.181552e+01
    endloop
  endfacet
  facet normal 7.259955e-01 0.000000e+00 -6.876995e-01
    outer loop
      vertex   2.261172e+01 1.500000e+01 2.181552e+01
      vertex   2.305784e+01 0.000000e+00 2.228649e+01
      vertex   2.261172e+01 0.000000e+00 2.181552e+01
    endloop
  endfacet
  facet normal 8.568572e-01 0.000000e+00 -5.155539e-01
    outer loop
      vertex   2.261172e+01 1.500000e+01 2.181552e+01
      vertex   2.261172e+01 0.000000e+00 2.181552e+01
      vertex   2.227727e+01 1.500000e+01 2.125967e+01
    endloop
  endfacet
  facet normal 8.568572e-01 0.000000e+00 -5.155539e-01
    outer loop
      vertex   2.227727e+01 1.500000e+01 2.125967e+01
      vertex   2.261172e+01 0.000000e+00 2.181552e+01
      vertex   2.227727e+01 0.000000e+00 2.125967e+01
    endloop
  endfacet
  facet normal 9.476532e-01 0.000000e+00 -3.193015e-01
    outer loop
      vertex   2.227727e+01 1.500000e+01 2.125967e+01
      vertex   2.227727e+01 0.000000e+00 2.125967e+01
      vertex   2.207014e+01 1.500000e+01 2.064491e+01
    endloop
  endfacet
  facet normal 9.476532e-01 0.000000e+00 -3.193015e-01
    outer loop
      vertex   2.207014e+01 1.500000e+01 2.064491e+01
      vertex   2.227727e+01 0.000000e+00 2.125967e+01
      vertex   2.207014e+01 0.000000e+00 2.064491e+01
    endloop
  endfacet
  facet normal 9.941380e-01 0.000000e+00 -1.081190e-01
    outer loop
      vertex   -1.792986e+01 1.500000e+01 2.064491e+01
      vertex   -1.792986e+01 0.000000e+00 2.064491e+01
      vertex   -1.800000e+01 1.500000e+01 2.000000e+01
    endloop
  endfacet
  facet normal 9.941380e-01 0.000000e+00 -1.081190e-01
    outer loop
      vertex   -1.800000e+01 1.500000e+01 2.000000e+01
      vertex   -1.792986e+01 0.000000e+00 2.064491e+01
      vertex   -1.800000e+01 0.000000e+00 2.000000e+01
    endloop
  endfacet
  facet normal 9.941380e-01 0.000000e+00 1.081190e-01
    outer loop
      vertex   -1.800000e+01 1.500000e+01 2.000000e+01
      vertex   -1.800000e+01 0.000000e+00 2.000000e+01
      vertex   -1.792986e+01 1.500000e+01 1.935509e+01
    endloop
  endfacet
  facet normal 9.941380e-01 0.000000e+00 1.081190e-01
    outer loop
      vertex   -1.792986e+01 1.500000e+01 1.935509e+01
      vertex   -1.800000e+01 0.000000e+00 2.000000e+01
      vertex   -1.792986e+01 0.000000e+00 1.935509e+01
    endloop
  endfacet
  facet normal 9.476532e-01 0.000000e+00 3.193015e-01
    outer loop
      vertex   -1.792986e+01 1.500000e+01 1.935509e+01
      vertex   -1.792986e+01 0.000000e+00 1.935509e+01
      vertex   -1.772273e+01 1.500000e+01 1.874033e+01
    endloop
  endfacet
  facet normal 9.476532e-01 0.000000e+00 3.193015e-01
    outer loop
      vertex   -1.772273e+01 1.500000e+01 1.874033e+01
      vertex   -1.792986e+01 0.000000e+00 1.935509e+01
      vertex   -1.772273e+01 0.000000e+00 1.874033e+01
    endloop
  endfacet
  facet normal 8.568572e-01 0.000000e+00 5.155539e-01
    outer loop
      vertex   -1.772273e+01 1.500000e+01 1.874033e+01
      vertex   -1.772273e+01 0.000000e+00 1.874033e+01
      vertex   -1.738828e+01 1.500000e+01 1.818448e+01
    endloop
  endfacet
  facet normal 8.568572e-01 0.000000e+00 5.155539e-01
    outer loop
      vertex   -1.738828e+01 1.500000e+01 1.818448e+01
      vertex   -1.772273e+01 0.000000e+00 1.874033e+01
      vertex   -1.738828e+01 0.000000e+00 1.818448e+01
    endloop
  endfacet
  facet normal 7.259955e-01 0.000000e+00 6.876995e-01
    outer loop
      vertex   -1.738828e+01 1.500000e+01 1.818448e+01
      vertex   -1.738828e+01 0.000000e+00 1.818448e+01
      vertex   -1.694216e+01 1.500000e+01 1.771351e+01
    endloop
  endfacet
  facet normal 7.259955e-01 0.000000e+00 6.876995e-01
    outer loop
      vertex   -1.694216e+01 1.500000e+01 1.771351e+01
      vertex   -1.738828e+01 0.000000e+00 1.818448e+01
      vertex   -1.694216e+01 0.000000e+00 1.771351e+01
    endloop
  endfacet
  facet normal 5.611871e-01 0.000000e+00 8.276890e-01
    outer loop
      vertex   -1.694216e+01 1.500000e+01 1.771351e+01
      vertex   -1.694216e+01 0.000000e+00 1.771351e+01
      vertex   -1.640523e+01 1.500000e+01 1.734946e+01
    endloop
  endfacet
  facet normal 5.611871e-01 0.000000e+00 8.276890e-01
    outer loop
      vertex   -1.640523e+01 1.500000e+01 1.734946e+01
      vertex   -1.694216e+01 0.000000e+00 1.771351e+01
      vertex   -1.640523e+01 0.000000e+00 1.734946e+01
    endloop
  endfacet
  facet normal 3.701382e-01 0.000000e+00 9.289767e-01
    outer loop
      vertex   -1.640523e+01 1.500000e+01 1.734946e+01
      vertex   -1.640523e+01 0.000000e+00 1.734946e+01
      vertex   -1.580259e+01 1.500000e+01 1.710935e+01
    endloop
  endfacet
  facet normal 3.701382e-01 0.000000e+00 9.289767e-01
    outer loop
      vertex   -1.580259e+01 1.500000e+01 1.710935e+01
      vertex   -1.640523e+01 0.000000e+00 1.734946e+01
      vertex   -1.580259e+01 0.000000e+00 1.710935e+01
    endloop
  endfacet
  facet normal 1.617820e-01 0.000000e+00 9.868265e-01
    outer loop
      vertex   -1.580259e+01 1.500000e+01 1.710935e+01
      vertex   -1.580259e+01 0.000000e+00 1.710935e+01
      vertex   -1.516242e+01 1.500000e+01 1.700440e+01
    endloop
  endfacet
  facet normal 1.617820e-01 0.000000e+00 9.868265e-01
    outer loop
      vertex   -1.516242e+01 1.500000e+01 1.700440e+01
      vertex   -1.580259e+01 0.000000e+00 1.710935e+01
      vertex   -1.516242e+01 0.000000e+00 1.700440e+01
    endloop
  endfacet
  facet normal -5.413891e-02 0.000000e+00 9.985334e-01
    outer loop
      vertex   -1.516242e+01 1.500000e+01 1.700440e+01
      vertex   -1.516242e+01 0.000000e+00 1.700440e+01
      vertex   -1.451465e+01 1.500000e+01 1.703952e+01
    endloop
  endfacet
  facet normal -5.413891e-02 0.000000e+00 9.985334e-01
    outer loop
      vertex   -1.451465e+01 1.500000e+01 1.703952e+01
      vertex   -1.516242e+01 0.000000e+00 1.700440e+01
      vertex   -1.451465e+01 0.000000e+00 1.703952e+01
    endloop
  endfacet
  facet normal -2.675283e-01 0.000000e+00 9.635500e-01
    outer loop
      vertex   -1.451465e+01 1.500000e+01 1.703952e+01
      vertex   -1.451465e+01 0.000000e+00 1.703952e+01
      vertex   -1.388959e+01 1.500000e+01 1.721307e+01
    endloop
  endfacet
  facet normal -2.675283e-01 0.000000e+00 9.635500e-01
    outer loop
      vertex   -1.388959e+01 1.500000e+01 1.721307e+01
      vertex   -1.451465e+01 0.000000e+00 1.703952e+01
      vertex   -1.388959e+01 0.000000e+00 1.721307e+01
    endloop
  endfacet
  facet normal -4.684084e-01 0.000000e+00 8.835120e-01
    outer loop
      vertex   -1.388959e+01 1.500000e+01 1.721307e+01
      vertex   -1.388959e+01 0.000000e+00 1.721307e+01
      vertex   -1.331644e+01 1.500000e+01 1.751693e+01
    endloop
  endfacet
  facet normal -4.684084e-01 0.000000e+00 8.835120e-01
    outer loop
      vertex   -1.331644e+01 1.500000e+01 1.751693e+01
      vertex   -1.388959e+01 0.000000e+00 1.721307e+01
      vertex   -1.331644e+01 0.000000e+00 1.751693e+01
    endloop
  endfacet
  facet normal -6.473863e-01 0.000000e+00 7.621621e-01
    outer loop
      vertex   -1.331644e+01 1.500000e+01 1.751693e+01
      vertex   -1.331644e+01 0.000000e+00 1.751693e+01
      vertex   -1.282201e+01 1.500000e+01 1.793690e+01
    endloop
  endfacet
  facet normal -6.473863e-01 0.000000e+00 7.621621e-01
    outer loop
      vertex   -1.282201e+01 1.500000e+01 1.793690e+01
      vertex   -1.331644e+01 0.000000e+00 1.751693e+01
      vertex   -1.282201e+01 0.000000e+00 1.793690e+01
    endloop
  endfacet
  facet normal -7.960931e-01 0.000000e+00 6.051742e-01
    outer loop
      vertex   -1.282201e+01 1.500000e+01 1.793690e+01
      vertex   -1.282201e+01 0.000000e+00 1.793690e+01
      vertex   -1.242943e+01 1.500000e+01 1.845334e+01
    endloop
  endfacet
  facet normal -7.960931e-01 0.000000e+00 6.051742e-01
    outer loop
      vertex   -1.242943e+01 1.500000e+01 1.845334e+01
      vertex   -1.282201e+01 0.000000e+00 1.793690e+01
      vertex   -1.242943e+01 0.000000e+00 1.845334e+01
    endloop
  endfacet
  facet normal -9.075754e-01 0.000000e+00 4.198891e-01
    outer loop
      vertex   -1.242943e+01 1.500000e+01 1.845334e+01
      vertex   -1.242943e+01 0.000000e+00 1.845334e+01
      vertex   -1.215704e+01 1.500000e+01 1.904210e+01
    endloop
  endfacet
  facet normal -9.075754e-01 0.000000e+00 4.198891e-01
    outer loop
      vertex   -1.215704e+01 1.500000e+01 1.904210e+01
      vertex   -1.242943e+01 0.000000e+00 1.845334e+01
      vertex   -1.215704e+01 0.000000e+00 1.904210e+01
    endloop
  endfacet
  facet normal -9.766206e-01 0.000000e+00 2.149704e-01
    outer loop
      vertex   -1.215704e+01 1.500000e+01 1.904210e+01
      vertex   -1.215704e+01 0.000000e+00 1.904210e+01
      vertex   -1.201759e+01 1.500000e+01 1.967564e+01
    endloop
  endfacet
  facet normal -9.766206e-01 0.000000e+00 2.149704e-01
    outer loop
      vertex   -1.201759e+01 1.500000e+01 1.967564e+01
      vertex   -1.215704e+01 0.000000e+00 1.904210e+01
      vertex   -1.201759e+01 0.000000e+00 1.967564e+01
    endloop
  endfacet
  facet normal -1.000000e+00 0.000000e+00 0.000000e+00
    outer loop
      vertex   -1.201759e+01 1.500000e+01 1.967564e+01
      vertex   -1.201759e+01 0.000000e+00 1.967564e+01
      vertex   -1.201759e+01 1.500000e+01 2.032436e+01
    endloop
  endfacet
  facet normal -1.000000e+00 -0.000000e+00 0.000000e+00
    outer loop
      vertex   -1.201759e+01 1.500000e+01 2.032436e+01
      vertex   -1.201759e+01 0.000000e+00 1.967564e+01
      vertex   -1.201759e+01 0.000000e+00 2.032436e+01
    endloop
  endfacet
  facet normal -9.766206e-01 -0.000000e+00 -2.149704e-01
    outer loop
      vertex   -1.201759e+01 1.500000e+01 2.032436e+01
      vertex   -1.201759e+01 0.000000e+00 2.032436e+01
      vertex   -1.215704e+01 1.500000e+01 2.095790e+01
    endloop
  endfacet
  facet normal -9.766206e-01 -0.000000e+00 -2.149704e-01
    outer loop
      vertex   -1.215704e+01 1.500000e+01 2.095790e+01
      vertex   -1.201759e+01 0.000000e+00 2.032436e+01
      vertex   -1.215704e+01 0.000000e+00 2.095790e+01
    endloop
  endfacet
  facet normal -9.075754e-01 -0.000000e+00 -4.198891e-01
    outer loop
      vertex   -1.215704e+01 1.500000e+01 2.095790e+01
      vertex   -1.215704e+01 0.000000e+00 2.095790e+01
      vertex   -1.242943e+01 1.500000e+01 2.154666e+01
    endloop
  endfacet
  facet normal -9.075754e-01 -0.000000e+00 -4.198891e-01
    outer loop
      vertex   -1.242943e+01 1.500000e+01 2.154666e+01
      vertex   -1.215704e+01 0.000000e+00 2.095790e+01
      vertex   -1.242943e+01 0.000000e+00 2.154666e+01
    endloop
  endfacet
  facet normal -7.960931e-01 -0.000000e+00 -6.051742e-01
    outer loop
      vertex   -1.242943e+01 1.500000e+01 2.154666e+01
      vertex   -1.242943e+01 0.000000e+00 2.154666e+01
      vertex   -1.282201e+01 1.500000e+01 2.206310e+01
    endloop
  endfacet
  facet normal -7.960931e-01 -0.000000e+00 -6.051742e-01
    outer loop
      vertex   -1.282201e+01 1.500000e+01 2.206310e+01
      vertex   -1.242943e+01 0.000000e+00 2.154666e+01
      vertex   -1.282201e+01 0.000000e+00 2.206310e+01
    endloop
  endfacet
  facet normal -6.473863e-01 -0.000000e+00 -7.621621e-01
    outer loop
      vertex   -1.282201e+01 1.500000e+01 2.206310e+01
      vertex   -1.282201e+01 0.000000e+00 2.206310e+01
      vertex   -1.331644e+01 1.500000e+01 2.248307e+01
    endloop
  endfacet
  facet normal -6.473863e-01 -0.000000e+00 -7.621621e-01
    outer loop
      vertex   -1.331644e+01 1.500000e+01 2.248307e+01
      vertex   -1.282201e+01 0.000000e+00 2.206310e+01
      vertex   -1.331644e+01 0.000000e+00 2.248307e+01
    endloop
  endfacet
  facet normal -4.684084e-01 -0.000000e+00 -8.835120e-01
    outer loop
      vertex   -1.331644e+01 1.500000e+01 2.248307e+01
      vertex   -1.331644e+01 0.000000e+00 2.248307e+01
      vertex   -1.388959e+01 1.500000e+01 2.278693e+01
    endloop
  endfacet
  facet normal -4.684084e-01 -0.000000e+00 -8.835120e-01
    outer loop
      vertex   -1.388959e+01 1.500000e+01 2.278693e+01
      vertex   -1.331644e+01 0.000000e+00 2.248307e+01
      vertex   -1.388959e+01 0.000000e+00 2.278693e+01
    endloop
  endfacet
  facet normal -2.675283e-01 -0.000000e+00 -9.635500e-01
    outer loop
      vertex   -1.388959e+01 1.500000e+01 2.278693e+01
      vertex   -1.388959e+01 0.000000e+00 2.278693e+01
      vertex   -1.451465e+01 1.500000e+01 2.296048e+01
    endloop
  endfacet
  facet normal -2.675283e-01 -0.000000e+00 -9.635500e-01
    outer loop
      vertex   -1.451465e+01 1.500000e+01 2.296048e+01
      vertex   -1.388959e+01 0.000000e+00 2.278693e+01
      vertex   -1.451465e+01 0.000000e+00 2.296048e+01
    endloop
  endfacet
  facet normal -5.413891e-02 -0.000000e+00 -9.985334e-01
    outer loop
      vertex   -1.451465e+01 1.500000e+01 2.296048e+01
      vertex   -1.451465e+01 0.000000e+00 2.296048e+01
      vertex   -1.516242e+01 1.500000e+01 2.299560e+01
    endloop
  endfacet
  facet normal -5.413891e-02 -0.000000e+00 -9.985334e-01
    outer loop
      vertex   -1.516242e+01 1.500000e+01 2.299560e+01
      vertex   -1.451465e+01 0.000000e+00 2.296048e+01
      vertex   -1.516242e+01 0.000000e+00 2.299560e+01
    endloop
  endfacet
  facet normal 1.617820e-01 0.000000e+00 -9.868265e-01
    outer loop
      vertex   -1.516242e+01 1.500000e+01 2.299560e+01
      vertex   -1.516242e+01 0.000000e+00 2.299560e+01
      vertex   -1.580259e+01 1.500000e+01 2.289065e+01
    endloop
  endfacet
  facet normal 1.617820e-01 0.000000e+00 -9.868265e-01
    outer loop
      vertex   -1.580259e+01 1.500000e+01 2.289065e+01
      vertex   -1.516242e+01 0.000000e+00 2.299560e+01
      vertex   -1.580259e+01 0.000000e+00 2.289065e+01
    endloop
  endfacet
  facet normal 3.701382e-01 0.000000e+00 -9.289767e-01
    outer loop
      vertex   -1.580259e+01 1.500000e+01 2.289065e+01
      vertex   -1.580259e+01 0.000000e+00 2.289065e+01
      vertex   -1.640523e+01 1.500000e+01 2.265054e+01
    endloop
  endfacet
  facet normal 3.701382e-01 0.000000e+00 -9.289767e-01
    outer loop
      vertex   -1.640523e+01 1.500000e+01 2.265054e+01
      vertex   -1.580259e+01 0.000000e+00 2.289065e+01
      vertex   -1.640523e+01 0.000000e+00 2.265054e+01
    endloop
  endfacet
  facet normal 5.611871e-01 0.000000e+00 -8.276890e-01
    outer loop
      vertex   -1.640523e+01 1.500000e+01 2.265054e+01
      vertex   -1.640523e+01 0.000000e+00 2.265054e+01
      vertex   -1.694216e+01 1.500000e+01 2.228649e+01
    endloop
  endfacet
  facet normal 5.611871e-01 0.000000e+00 -8.276890e-01
    outer loop
      vertex   -1.694216e+01 1.500000e+01 2.228649e+01
      vertex   -1.640523e+01 0.000000e+00 2.265054e+01
      vertex   -1.694216e+01 0.000000e+00 2.228649e+01
    endloop
  endfacet
  facet normal 7.259955e-01 0.000000e+00 -6.876995e-01
    outer loop
      vertex   -1.694216e+01 1.500000e+01 2.228649e+01
      vertex   -1.694216e+01 0.000000e+00 2.228649e+01
      vertex   -1.738828e+01 1.500000e+01 2.181552e+01
    endloop
  endfacet
  facet normal 7.259955e-01 0.000000e+00 -6.876995e-01
    outer loop
      vertex   -1.738828e+01 1.500000e+01 2.181552e+01
      vertex   -1.694216e+01 0.000000e+00 2.228649e+01
      vertex   -1.738828e+01 0.000000e+00 2.181552e+01
    endloop
  endfacet
  facet normal 8.568572e-01 0.000000e+00 -5.155539e-01
    outer loop
      vertex   -1.738828e+01 1.500000e+01 2.181552e+01
      vertex   -1.738828e+01 0.000000e+00 2.181552e+01
      vertex   -1.772273e+01 1.500000e+01 2.125967e+01
    endloop
  endfacet
  facet normal 8.568572e-01 0.000000e+00 -5.155539e-01
    outer loop
      vertex   -1.772273e+01 1.500000e+01 2.125967e+01
      vertex   -1.738828e+01 0.000000e+00 2.181552e+01
      vertex   -1.772273e+01 0.000000e+00 2.125967e+01
    endloop
  endfacet
  facet normal 9.476532e-01 0.000000e+00 -3.193015e-01
    outer loop
      vertex   -1.772273e+01 1.500000e+01 2.125967e+01
      vertex   -1.772273e+01 0.000000e+00 2.125967e+01
      vertex   -1.792986e+01 1.500000e+01 2.064491e+01
    endloop
  endfacet
  facet normal 9.476532e-01 0.000000e+00 -3.193015e-01
    outer loop
      vertex   -1.792986e+01 1.500000e+01 2.064491e+01
      vertex   -1.772273e+01 0.000000e+00 2.125967e+01
      vertex   -1.792986e+01 0.000000e+00 2.064491e+01
    endloop
  endfacet
  facet normal 9.941380e-01 0.000000e+00 -1.081190e-01
    outer loop
      vertex   -7.929862e+00 1.500000e+01 2.064491e+01
      vertex   -7.929862e+00 0.000000e+00 2.064491e+01
      vertex   -8.000000e+00 1.500000e+01 2.000000e+01
    endloop
  endfacet
  facet normal 9.941380e-01 0.000000e+00 -1.081190e-01
    outer loop
      vertex   -8.000000e+00 1.500000e+01 2.000000e+01
      vertex   -7.929862e+00 0.000000e+00 2.064491e+01
      vertex   -8.000000e+00 0.000000e+00 2.000000e+01
    endloop
  endfacet
  facet normal 9.941380e-01 0.000000e+00 1.081190e-01
    outer loop
      vertex   -8.000000e+00 1.500000e+01 2.000000e+01
      vertex   -8.000000e+00 0.000000e+00 2.000000e+01
      vertex   -7.929862e+00 1.500000e+01 1.935509e+01
    endloop
  endfacet
  facet normal 9.941380e-01 0.000000e+00 1.081190e-01
    outer loop
      vertex   -7.929862e+00 1.500000e+01 1.935509e+01
      vertex   -8.000000e+00 0.000000e+00 2.000000e+01
      vertex   -7.929862e+00 0.000000e+00 1.935509e+01
    endloop
  endfacet
  facet normal 9.476532e-01 0.000000e+00 3.193015e-01
    outer loop
      vertex   -7.929862e+00 1.500000e+01 1.935509e+01
      vertex   -7.929862e+00 0.000000e+00 1.935509e+01
      vertex   -7.722726e+00 1.500000e+01 1.874033e+01
    endloop
  endfacet
  facet normal 9.476532e-01 0.000000e+00 3.193015e-01
    outer loop
      vertex   -7.722726e+00 1.500000e+01 1.874033e+01
      vertex   -7.929862e+00 0.000000e+00 1.935509e+01
      vertex   -7.722726e+00 0.000000e+00 1.874033e+01
    endloop
  endfacet
  facet normal 8.568572e-01 0.000000e+00 5.155539e-01
    outer loop
      vertex   -7.722726e+00 1.500000e+01 1.874033e+01
      vertex   -7.722726e+00 0.000000e+00 1.874033e+01
      vertex   -7.388279e+00 1.500000e+01 1.818448e+01
    endloop
  endfacet
  facet normal 8.568572e-01 0.000000e+00 5.155539e-01
    outer loop
      vertex   -7.388279e+00 1.500000e+01 1.818448e+01
      vertex   -7.722726e+00 0.000000e+00 1.874033e+01
      vertex   -7.388279e+00 0.000000e+00 1.818448e+01
    endloop
  endfacet
  facet normal 7.259955e-01 0.000000e+00 6.876995e-01
    outer loop
      vertex   -7.388279e+00 1.500000e+01 1.818448e+01
      vertex   -7.388279e+00 0.000000e+00 1.818448e+01
      vertex   -6.942159e+00 1.500000e+01 1.771351e+01
    endloop
  endfacet
  facet normal 7.259955e-01 0.000000e+00 6.876995e-01
    outer loop
      vertex   -6.942159e+00 1.500000e+01 1.771351e+01
      vertex   -7.388279e+00 0.000000e+00 1.818448e+01
      vertex   -6.942159e+00 0.000000e+00 1.771351e+01
    endloop
  endfacet
  facet normal 5.611871e-01 0.000000e+00 8.276890e-01
    outer loop
      vertex   -6.942159e+00 1.500000e+01 1.771351e+01
      vertex   -6.942159e+00 0.000000e+00 1.771351e+01
      vertex   -6.405225e+00 1.500000e+01 1.734946e+01
    endloop
  endfacet
  facet normal 5.611871e-01 0.000000e+00 8.276890e-01
    outer loop
      vertex   -6.405225e+00 1.500000e+01 1.734946e+01
      vertex   -6.942159e+00 0.000000e+00 1.771351e+01
      vertex   -6.405225e+00 0.000000e+00 1.734946e+01
    endloop
  endfacet
  facet normal 3.701382e-01 0.000000e+00 9.289767e-01
    outer loop
      vertex   -6.405225e+00 1.500000e+01 1.734946e+01
      vertex   -6.405225e+00 0.000000e+00 1.734946e+01
      vertex   -5.802585e+00 1.500000e+01 1.710935e+01
    endloop
  endfacet
  facet normal 3.701382e-01 0.000000e+00 9.289767e-01
    outer loop
      vertex   -5.802585e+00 1.500000e+01 1.710935e+01
      vertex   -6.405225e+00 0.000000e+00 1.734946e+01
      vertex   -5.802585e+00 0.000000e+00 1.710935e+01
    endloop
  endfacet
  facet normal 1.617820e-01 0.000000e+00 9.868265e-01
    outer loop
      vertex   -5.802585e+00 1.500000e+01 1.710935e+01
      vertex   -5.802585e+00 0.000000e+00 1.710935e+01
      vertex   -5.162417e+00 1.500000e+01 1.700440e+01
    endloop
  endfacet
  facet normal 1.617820e-01 0.000000e+00 9.868265e-01
    outer loop
      vertex   -5.162417e+00 1.500000e+01 1.700440e+01
      vertex   -5.802585e+00 0.000000e+00 1.710935e+01
      vertex   -5.162417e+00 0.000000e+00 1.700440e+01
    endloop
  endfacet
  facet normal -5.413891e-02 0.000000e+00 9.985334e-01
    outer loop
      vertex   -5.162417e+00 1.500000e+01 1.700440e+01
      vertex   -5.162417e+00 0.000000e+00 1.700440e+01
      vertex   -4.514654e+00 1.500000e+01 1.703952e+01
    endloop
  endfacet
  facet normal -5.413891e-02 0.000000e+00 9.985334e-01
    outer loop
      vertex   -4.514654e+00 1.500000e+01 1.703952e+01
      vertex   -5.162417e+00 0.000000e+00 1.700440e+01
      vertex   -4.514654e+00 0.000000e+00 1.703952e+01
    endloop
  endfacet
  facet normal -2.675283e-01 0.000000e+00 9.635500e-01
    outer loop
      vertex   -4.514654e+00 1.500000e+01 1.703952e+01
      vertex   -4.514654e+00 0.000000e+00 1.703952e+01
      vertex   -3.889586e+00 1.500000e+01 1.721307e+01
    endloop
  endfacet
  facet normal -2.675283e-01 0.000000e+00 9.635500e-01
    outer loop
      vertex   -3.889586e+00 1.500000e+01 1.721307e+01
      vertex   -4.514654e+00 0.000000e+00 1.703952e+01
      vertex   -3.889586e+00 0.000000e+00 1.721307e+01
    endloop
  endfacet
  facet normal -4.684084e-01 0.000000e+00 8.835120e-01
    outer loop
      vertex   -3.889586e+00 1.500000e+01 1.721307e+01
      vertex   -3.889586e+00 0.000000e+00 1.721307e+01
      vertex   -3.316439e+00 1.500000e+01 1.751693e+01
    endloop
  endfacet
  facet normal -4.684084e-01 0.000000e+00 8.835120e-01
    outer loop
      vertex   -3.316439e+00 1.500000e+01 1.751693e+01
      vertex   -3.889586e+00 0.000000e+00 1.721307e+01
      vertex   -3.316439e+00 0.000000e+00 1.751693e+01
    endloop
  endfacet
  facet normal -6.473863e-01 0.000000e+00 7.621621e-01
    outer loop
      vertex   -3.316439e+00 1.500000e+01 1.751693e+01
      vertex   -3.316439e+00 0.000000e+00 1.751693e+01
      vertex   -2.822014e+00 1.500000e+01 1.793690e+01
    endloop
  endfacet
  facet normal -6.473863e-01 0.000000e+00 7.621621e-01
    outer loop
      vertex   -2.822014e+00 1.500000e+01 1.793690e+01
      vertex   -3.316439e+00 0.000000e+00 1.751693e+01
      vertex   -2.822014e+00 0.000000e+00 1.793690e+01
    endloop
  endfacet
  facet normal -7.960931e-01 0.000000e+00 6.051742e-01
    outer loop
      vertex   -2.822014e+00 1.500000e+01 1.793690e+01
      vertex   -2.822014e+00 0.000000e+00 1.793690e+01
      vertex   -2.429428e+00 1.500000e+01 1.845334e+01
    endloop
  endfacet
  facet normal -7.960931e-01 0.000000e+00 6.051742e-01
    outer loop
      vertex   -2.429428e+00 1.500000e+01 1.845334e+01
      vertex   -2.822014e+00 0.000000e+00 1.793690e+01
      vertex   -2.429428e+00 0.000000e+00 1.845334e+01
    endloop
  endfacet
  facet normal -9.075754e-01 0.000000e+00 4.198891e-01
    outer loop
      vertex   -2.429428e+00 1.500000e+01 1.845334e+01
      vertex   -2.429428e+00 0.000000e+00 1.845334e+01
      vertex   -2.157040e+00 1.500000e+01 1.904210e+01
    endloop
  endfacet
  facet normal -9.075754e-01 0.000000e+00 4.198891e-01
    outer loop
      vertex   -2.157040e+00 1.500000e+01 1.904210e+01
      vertex   -2.429428e+00 0.000000e+00 1.845334e+01
      vertex   -2.157040e+00 0.000000e+00 1.904210e+01
    endloop
  endfacet
  facet normal -9.766206e-01 0.000000e+00 2.149704e-01
    outer loop
      vertex   -2.157040e+00 1.500000e+01 1.904210e+01
      vertex   -2.157040e+00 0.000000e+00 1.904210e+01
      vertex   -2.017586e+00 1.500000e+01 1.967564e+01
    endloop
  endfacet
  facet normal -9.766206e-01 0.000000e+00 2.149704e-01
    outer loop
      vertex   -2.017586e+00 1.500000e+01 1.967564e+01
      vertex   -2.157040e+00 0.000000e+00 1.904210e+01
      vertex   -2.017586e+00 0.000000e+00 1.967564e+01
    endloop
  endfacet
  facet normal -1.000000e+00 0.000000e+00 0.000000e+00
    outer loop
      vertex   -2.017586e+00 1.500000e+01 1.967564e+01
      vertex   -2.017586e+00 0.000000e+00 1.967564e+01
      vertex   -2.017586e+00 1.500000e+01 2.032436e+01
    endloop
  endfacet
  facet normal -1.000000e+00 -0.000000e+00 0.000000e+00
    outer loop
      vertex   -2.017586e+00 1.500000e+01 2.032436e+01
      vertex   -2.017586e+00 0.000000e+00 1.967564e+01
      vertex   -2.017586e+00 0.000000e+00 2.032436e+01
    endloop
  endfacet
  facet normal -9.766206e-01 -0.000000e+00 -2.149704e-01
    outer loop
      vertex   -2.017586e+00 1.500000e+01 2.032436e+01
      vertex   -2.017586e+00 0.000000e+00 2.032436e+01
      vertex   -2.157040e+00 1.500000e+01 2.095790e+01
    endloop
  endfacet
  facet normal -9.766206e-01 -0.000000e+00 -2.149704e-01
    outer loop
      vertex   -2.157040e+00 1.500000e+01 2.095790e+01
      vertex   -2.017586e+00 0.000000e+00 2.032436e+01
      vertex   -2.157040e+00 0.000000e+00 2.095790e+01
    endloop
  endfacet
  facet normal -9.075754e-01 -0.000000e+00 -4.198891e-01
    outer loop
      vertex   -2.157040e+00 1.500000e+01 2.095790e+01
      vertex   -2.157040e+00 0.000000e+00 2.095790e+01
      vertex   -2.429428e+00 1.500000e+01 2.154666e+01
    endloop
  endfacet
  facet normal -9.075754e-01 -0.000000e+00 -4.198891e-01
    outer loop
      vertex   -2.429428e+00 1.500000e+01 2.154666e+01
      vertex   -2.157040e+00 0.000000e+00 2.095790e+01
      vertex   -2.429428e+00 0.000000e+00 2.154666e+01
    endloop
  endfacet
  facet normal -7.960931e-01 -0.000000e+00 -6.051742e-01
    outer loop
      vertex   -2.429428e+00 1.500000e+01 2.154666e+01
      vertex   -2.429428e+00 0.000000e+00 2.154666e+01
      vertex   -2.822014e+00 1.500000e+01 2.206310e+01
    endloop
  endfacet
  facet normal -7.960931e-01 -0.000000e+00 -6.051742e-01
    outer loop
      vertex   -2.822014e+00 1.500000e+01 2.206310e+01
      vertex   -2.429428e+00 0.000000e+00 2.154666e+01
      vertex   -2.822014e+00 0.000000e+00 2.206310e+01
    endloop
  endfacet
  facet normal -6.473863e-01 -0.000000e+00 -7.621621e-01
    outer loop
      vertex   -2.822014e+00 1.500000e+01 2.206310e+01
      vertex   -2.822014e+00 0.000000e+00 2.206310e+01
      vertex   -3.316439e+00 1.500000e+01 2.248307e+01
    endloop
  endfacet
  facet normal -6.473863e-01 -0.000000e+00 -7.621621e-01
    outer loop
      vertex   -3.316439e+00 1.500000e+01 2.248307e+01
      vertex   -2.822014e+00 0.000000e+00 2.206310e+01
      vertex   -3.316439e+00 0.000000e+00 2.248307e+01
    endloop
  endfacet
  facet normal -4.684084e-01 -0.000000e+00 -8.835120e-01
    outer loop
      vertex   -3.316439e+00 1.500000e+01 2.248307e+01
      vertex   -3.316439e+00 0.000000e+00 2.248307e+01
      vertex   -3.889586e+00 1.500000e+01 2.278693e+01
    endloop
  endfacet
  facet normal -4.684084e-01 -0.000000e+00 -8.835120e-01
    outer loop
      vertex   -3.889586e+00 1.500000e+01 2.278693e+01
      vertex   -3.316439e+00 0.000000e+00 2.248307e+01
      vertex   -3.889586e+00 0.000000e+00 2.278693e+01
    endloop
  endfacet
  facet normal -2.675283e-01 -0.000000e+00 -9.635500e-01
    outer loop
      vertex   -3.889586e+00 1.500000e+01 2.278693e+01
      vertex   -3.889586e+00 0.000000e+00 2.278693e+01
      vertex   -4.514654e+00 1.500000e+01 2.296048e+01
    endloop
  endfacet
  facet normal -2.675283e-01 -0.000000e+00 -9.635500e-01
    outer loop
      vertex   -4.514654e+00 1.500000e+01 2.296048e+01
      vertex   -3.889586e+00 0.000000e+00 2.278693e+01
      vertex   -4.514654e+00 0.000000e+00 2.296048e+01
    endloop
  endfacet
  facet normal -5.413891e-02 -0.000000e+00 -9.985334e-01
    outer loop
      vertex   -4.514654e+00 1.500000e+01 2.296048e+01
      vertex   -4.514654e+00 0.000000e+00 2.296048e+01
      vertex   -5.162417e+00 1.500000e+01 2.299560e+01
    endloop
  endfacet
  facet normal -5.413891e-02 -0.000000e+00 -9.985334e-01
    outer loop
      vertex   -5.162417e+00 1.500000e+01 2.299560e+01
      vertex   -4.514654e+00 0.000000e+00 2.296048e+01
      vertex   -5.162417e+00 0.000000e+00 2.299560e+01
    endloop
  endfacet
  facet normal 1.617820e-01 0.000000e+00 -9.868265e-01
    outer loop
      vertex   -5.162417e+00 1.500000e+01 2.299560e+01
      vertex   -5.162417e+00 0.000000e+00 2.299560e+01
      vertex   -5.802585e+00 1.500000e+01 2.289065e+01
    endloop
  endfacet
  facet normal 1.617820e-01 0.000000e+00 -9.868265e-01
    outer loop
      vertex   -5.802585e+00 1.500000e+01 2.289065e+01
      vertex   -5.162417e+00 0.000000e+00 2.299560e+01
      vertex   -5.802585e+00 0.000000e+00 2.289065e+01
    endloop
  endfacet
  facet normal 3.701382e-01 0.000000e+00 -9.289767e-01
    outer loop
      vertex   -5.802585e+00 1.500000e+01 2.289065e+01
      vertex   -5.802585e+00 0.000000e+00 2.289065e+01
      vertex   -6.405225e+00 1.500000e+01 2.265054e+01
    endloop
  endfacet
  facet normal 3.701382e-01 0.000000e+00 -9.289767e-01
    outer loop
      vertex   -6.405225e+00 1.500000e+01 2.265054e+01
      vertex   -5.802585e+00 0.000000e+00 2.289065e+01
      vertex   -6.405225e+00 0.000000e+00 2.265054e+01
    endloop
  endfacet
  facet normal 5.611871e-01 0.000000e+00 -8.276890e-01
    outer loop
      vertex   -6.405225e+00 1.500000e+01 2.265054e+01
      vertex   -6.405225e+00 0.000000e+00 2.265054e+01
      vertex   -6.942159e+00 1.500000e+01 2.228649e+01
    endloop
  endfacet
  facet normal 5.611871e-01 0.000000e+00 -8.276890e-01
    outer loop
      vertex   -6.942159e+00 1.500000e+01 2.228649e+01
      vertex   -6.405225e+00 0.000000e+00 2.265054e+01
      vertex   -6.942159e+00 0.000000e+00 2.228649e+01
    endloop
  endfacet
  facet normal 7.259955e-01 0.000000e+00 -6.876995e-01
    outer loop
      vertex   -6.942159e+00 1.500000e+01 2.228649e+01
      vertex   -6.942159e+00 0.000000e+00 2.228649e+01
      vertex   -7.388279e+00 1.500000e+01 2.181552e+01
    endloop
  endfacet
  facet normal 7.259955e-01 0.000000e+00 -6.876995e-01
    outer loop
      vertex   -7.388279e+00 1.500000e+01 2.181552e+01
      vertex   -6.942159e+00 0.000000e+00 2.228649e+01
      vertex   -7.388279e+00 0.000000e+00 2.181552e+01
    endloop
  endfacet
  facet normal 8.568572e-01 0.000000e+00 -5.155539e-01
    outer loop
      vertex   -7.388279e+00 1.500000e+01 2.181552e+01
      vertex   -7.388279e+00 0.000000e+00 2.181552e+01
      vertex   -7.722726e+00 1.500000e+01 2.125967e+01
    endloop
  endfacet
  facet normal 8.568572e-01 0.000000e+00 -5.155539e-01
    outer loop
      vertex   -7.722726e+00 1.500000e+01 2.125967e+01
      vertex   -7.388279e+00 0.000000e+00 2.181552e+01
      vertex   -7.722726e+00 0.000000e+00 2.125967e+01
    endloop
  endfacet
  facet normal 9.476532e-01 0.000000e+00 -3.193015e-01
    outer loop
      vertex   -7.722726e+00 1.500000e+01 2.125967e+01
      vertex   -7.722726e+00 0.000000e+00 2.125967e+01
      vertex   -7.929862e+00 1.500000e+01 2.064491e+01
    endloop
  endfacet
  facet normal 9.476532e-01 0.000000e+00 -3.193015e-01
    outer loop
      vertex   -7.929862e+00 1.500000e+01 2.064491e+01
      vertex   -7.722726e+00 0.000000e+00 2.125967e+01
      vertex   -7.929862e+00 0.000000e+00 2.064491e+01
    endloop
  endfacet
  facet normal 1.000000e+00 -0.000000e+00 0.000000e+00
    outer loop
      vertex   5.500000e+01 0.000000e+00 3.000000e+01
      vertex   5.500000e+01 0.000000e+00 -1.000000e+01
      vertex   5.500000e+01 1.500000e+01 3.000000e+01
    endloop
  endfacet
  facet normal 1.000000e+00 0.000000e+00 0.000000e+00
    outer loop
      vertex   5.500000e+01 1.500000e+01 3.000000e+01
      vertex   5.500000e+01 0.000000e+00 -1.000000e+01
      vertex   5.500000e+01 1.500000e+01 -1.000000e+01
    endloop
  endfacet
  facet normal 0.000000e+00 0.000000e+00 1.000000e+00
    outer loop
      vertex   -5.500000e+01 0.000000e+00 3.000000e+01
      vertex   5.500000e+01 0.000000e+00 3.000000e+01
      vertex   -5.500000e+01 1.500000e+01 3.000000e+01
    endloop
  endfacet
  facet normal -0.000000e+00 0.000000e+00 1.000000e+00
    outer loop
      vertex   -5.500000e+01 1.500000e+01 3.000000e+01
      vertex   5.500000e+01 0.000000e+00 3.000000e+01
      vertex   5.500000e+01 1.500000e+01 3.000000e+01
    endloop
  endfacet
  facet normal -1.000000e+00 0.000000e+00 0.000000e+00
    outer loop
      vertex   -5.500000e+01 0.000000e+00 -1.000000e+01
      vertex   -5.500000e+01 0.000000e+00 3.000000e+01
      vertex   -5.500000e+01 1.500000e+01 -1.000000e+01
    endloop
  endfacet
  facet normal -1.000000e+00 0.000000e+00 0.000000e+00
    outer loop
      vertex   -5.500000e+01 1.500000e+01 -1.000000e+01
      vertex   -5.500000e+01 0.000000e+00 3.000000e+01
      vertex   -5.500000e+01 1.500000e+01 3.000000e+01
    endloop
  endfacet
  facet normal 0.000000e+00 0.000000e+00 -1.000000e+00
    outer loop
      vertex   5.500000e+01 0.000000e+00 -1.000000e+01
      vertex   -5.500000e+01 0.000000e+00 -1.000000e+01
      vertex   5.500000e+01 1.500000e+01 -1.000000e+01
    endloop
  endfacet
  facet normal -0.000000e+00 0.000000e+00 -1.000000e+00
    outer loop
      vertex   5.500000e+01 1.500000e+01 -1.000000e+01
      vertex   -5.500000e+01 0.000000e+00 -1.000000e+01
      vertex   -5.500000e+01 1.500000e+01 -1.000000e+01
    endloop
  endfacet
  facet normal 0.000000e+00 1.000000e+00 0.000000e+00
    outer loop
      vertex   -7.929862e+00 1.500000e+01 1.935509e+01
      vertex   -1.201759e+01 1.500000e+01 1.967564e+01
      vertex   -8.000000e+00 1.500000e+01 2.000000e+01
    endloop
  endfacet
  facet normal 0.000000e+00 1.000000e+00 0.000000e+00
    outer loop
      vertex   -8.000000e+00 1.500000e+01 2.000000e+01
      vertex   -1.201759e+01 1.500000e+01 1.967564e+01
      vertex   -1.201759e+01 1.500000e+01 2.032436e+01
    endloop
  endfacet
  facet normal 0.000000e+00 1.000000e+00 -0.000000e+00
    outer loop
      vertex   -8.000000e+00 1.500000e+01 2.000000e+01
      vertex   -1.201759e+01 1.500000e+01 2.032436e+01
      vertex   -7.929862e+00 1.500000e+01 2.064491e+01
    endloop
  endfacet
  facet normal 0.000000e+00 1.000000e+00 0.000000e+00
    outer loop
      vertex   -7.929862e+00 1.500000e+01 2.064491e+01
      vertex   -1.201759e+01 1.500000e+01 2.032436e+01
      vertex   -1.215704e+01 1.500000e+01 2.095790e+01
    endloop
  endfacet
  facet normal 0.000000e+00 1.000000e+00 -0.000000e+00
    outer loop
      vertex   -7.929862e+00 1.500000e+01 2.064491e+01
      vertex   -1.215704e+01 1.500000e+01 2.095790e+01
      vertex   -7.722726e+00 1.500000e+01 2.125967e+01
    endloop
  endfacet
  facet normal 0.000000e+00 1.000000e+00 0.000000e+00
    outer loop
      vertex   -7.722726e+00 1.500000e+01 2.125967e+01
      vertex   -1.215704e+01 1.500000e+01 2.095790e+01
      vertex   -1.242943e+01 1.500000e+01 2.154666e+01
    endloop
  endfacet
  facet normal 0.000000e+00 1.000000e+00 -0.000000e+00
    outer loop
      vertex   -7.722726e+00 1.500000e+01 2.125967e+01
      vertex   -1.242943e+01 1.500000e+01 2.154666e+01
      vertex   -7.388279e+00 1.500000e+01 2.181552e+01
    endloop
  endfacet
  facet normal 0.000000e+00 1.000000e+00 0.000000e+00
    outer loop
      vertex   -7.388279e+00 1.500000e+01 2.181552e+01
      vertex   -1.242943e+01 1.500000e+01 2.154666e+01
      vertex   -1.282201e+01 1.500000e+01 2.206310e+01
    endloop
  endfacet
  facet normal 0.000000e+00 1.000000e+00 -0.000000e+00
    outer loop
      vertex   -7.388279e+00 1.500000e+01 2.181552e+01
      vertex   -1.282201e+01 1.500000e+01 2.206310e+01
      vertex   -6.942159e+00 1.500000e+01 2.228649e+01
    endloop
  endfacet
  facet normal 0.000000e+00 1.000000e+00 0.000000e+00
    outer loop
      vertex   -6.942159e+00 1.500000e+01 2.228649e+01
      vertex   -1.282201e+01 1.500000e+01 2.206310e+01
      vertex   -1.331644e+01 1.500000e+01 2.248307e+01
    endloop
  endfacet
  facet normal 0.000000e+00 1.000000e+00 -0.000000e+00
    outer loop
      vertex   -6.942159e+00 1.500000e+01 2.228649e+01
      vertex   -1.331644e+01 1.500000e+01 2.248307e+01
      vertex   -6.405225e+00 1.500000e+01 2.265054e+01
    endloop
  endfacet
  facet normal 0.000000e+00 1.000000e+00 0.000000e+00
    outer loop
      vertex   -6.405225e+00 1.500000e+01 2.265054e+01
      vertex   -1.331644e+01 1.500000e+01 2.248307e+01
      vertex   -1.388959e+01 1.500000e+01 2.278693e+01
    endloop
  endfacet
  facet normal 0.000000e+00 1.000000e+00 -0.000000e+00
    outer loop
      vertex   -6.405225e+00 1.500000e+01 2.265054e+01
      vertex   -1.388959e+01 1.500000e+01 2.278693e+01
      vertex   -5.802585e+00 1.500000e+01 2.289065e+01
    endloop
  endfacet
  facet normal 0.000000e+00 1.000000e+00 0.000000e+00
    outer loop
      vertex   -5.802585e+00 1.500000e+01 2.289065e+01
      vertex   -1.388959e+01 1.500000e+01 2.278693e+01
      vertex   -1.451465e+01 1.500000e+01 2.296048e+01
    endloop
  endfacet
  facet normal 0.000000e+00 1.000000e+00 -0.000000e+00
    outer loop
      vertex   -5.802585e+00 1.500000e+01 2.289065e+01
      vertex   -1.451465e+01 1.500000e+01 2.296048e+01
      vertex   -5.162417e+00 1.500000e+01 2.299560e+01
    endloop
  endfacet
  facet normal 0.000000e+00 1.000000e+00 0.000000e+00
    outer loop
      vertex   -5.162417e+00 1.500000e+01 2.299560e+01
      vertex   -1.451465e+01 1.500000e+01 2.296048e+01
      vertex   -1.516242e+01 1.500000e+01 2.299560e+01
    endloop
  endfacet
  facet normal 0.000000e+00 1.000000e+00 0.000000e+00
    outer loop
      vertex   -5.162417e+00 1.500000e+01 2.299560e+01
      vertex   -1.516242e+01 1.500000e+01 2.299560e+01
      vertex   -5.500000e+01 1.500000e+01 3.000000e+01
    endloop
  endfacet
  facet normal 0.000000e+00 1.000000e+00 0.000000e+00
    outer loop
      vertex   -5.500000e+01 1.500000e+01 3.000000e+01
      vertex   -1.516242e+01 1.500000e+01 2.299560e+01
      vertex   -2.516242e+01 1.500000e+01 2.299560e+01
    endloop
  endfacet
  facet normal 0.000000e+00 1.000000e+00 0.000000e+00
    outer loop
      vertex   -5.500000e+01 1.500000e+01 3.000000e+01
      vertex   -2.516242e+01 1.500000e+01 2.299560e+01
      vertex   -3.451465e+01 1.500000e+01 2.296048e+01
    endloop
  endfacet
  facet normal -0.000000e+00 1.000000e+00 0.000000e+00
    outer loop
      vertex   -3.451465e+01 1.500000e+01 2.296048e+01
      vertex   -2.516242e+01 1.500000e+01 2.299560e+01
      vertex   -2.580259e+01 1.500000e+01 2.289065e+01
    endloop
  endfacet
  facet normal 0.000000e+00 1.000000e+00 0.000000e+00
    outer loop
      vertex   -3.451465e+01 1.500000e+01 2.296048e+01
      vertex   -2.580259e+01 1.500000e+01 2.289065e+01
      vertex   -3.388959e+01 1.500000e+01 2.278693e+01
    endloop
  endfacet
  facet normal -0.000000e+00 1.000000e+00 0.000000e+00
    outer loop
      vertex   -3.388959e+01 1.500000e+01 2.278693e+01
      vertex   -2.580259e+01 1.500000e+01 2.289065e+01
      vertex   -2.640523e+01 1.500000e+01 2.265054e+01
    endloop
  endfacet
  facet normal 0.000000e+00 1.000000e+00 0.000000e+00
    outer loop
      vertex   -3.388959e+01 1.500000e+01 2.278693e+01
      vertex   -2.640523e+01 1.500000e+01 2.265054e+01
      vertex   -3.331644e+01 1.500000e+01 2.248307e+01
    endloop
  endfacet
  facet normal -0.000000e+00 1.000000e+00 0.000000e+00
    outer loop
      vertex   -3.331644e+01 1.500000e+01 2.248307e+01
      vertex   -2.640523e+01 1.500000e+01 2.265054e+01
      vertex   -2.694216e+01 1.500000e+01 2.228649e+01
    endloop
  endfacet
  facet normal 0.000000e+00 1.000000e+00 0.000000e+00
    outer loop
      vertex   -3.331644e+01 1.500000e+01 2.248307e+01
      vertex   -2.694216e+01 1.500000e+01 2.228649e+01
      vertex   -3.282201e+01 1.500000e+01 2.206310e+01
    endloop
  endfacet
  facet normal -0.000000e+00 1.000000e+00 0.000000e+00
    outer loop
      vertex   -3.282201e+01 1.500000e+01 2.206310e+01
      vertex   -2.694216e+01 1.500000e+01 2.228649e+01
      vertex   -2.738828e+01 1.500000e+01 2.181552e+01
    endloop
  endfacet
  facet normal 0.000000e+00 1.000000e+00 0.000000e+00
    outer loop
      vertex   -3.282201e+01 1.500000e+01 2.206310e+01
      vertex   -2.738828e+01 1.500000e+01 2.181552e+01
      vertex   -3.242943e+01 1.500000e+01 2.154666e+01
    endloop
  endfacet
  facet normal -0.000000e+00 1.000000e+00 0.000000e+00
    outer loop
      vertex   -3.242943e+01 1.500000e+01 2.154666e+01
      vertex   -2.738828e+01 1.500000e+01 2.181552e+01
      vertex   -2.772273e+01 1.500000e+01 2.125967e+01
    endloop
  endfacet
  facet normal 0.000000e+00 1.000000e+00 0.000000e+00
    outer loop
      vertex   -3.242943e+01 1.500000e+01 2.154666e+01
      vertex   -2.772273e+01 1.500000e+01 2.125967e+01
      vertex   -3.215704e+01 1.500000e+01 2.095790e+01
    endloop
  endfacet
  facet normal -0.000000e+00 1.000000e+00 0.000000e+00
    outer loop
      vertex   -3.215704e+01 1.500000e+01 2.095790e+01
      vertex   -2.772273e+01 1.500000e+01 2.125967e+01
      vertex   -2.792986e+01 1.500000e+01 2.064491e+01
    endloop
  endfacet
  facet normal 0.000000e+00 1.000000e+00 0.000000e+00
    outer loop
      vertex   -3.215704e+01 1.500000e+01 2.095790e+01
      vertex   -2.792986e+01 1.500000e+01 2.064491e+01
      vertex   -3.201759e+01 1.500000e+01 2.032436e+01
    endloop
  endfacet
  facet normal -0.000000e+00 1.000000e+00 0.000000e+00
    outer loop
      vertex   -3.201759e+01 1.500000e+01 2.032436e+01
      vertex   -2.792986e+01 1.500000e+01 2.064491e+01
      vertex   -2.800000e+01 1.500000e+01 2.000000e+01
    endloop
  endfacet
  facet normal 0.000000e+00 1.000000e+00 0.000000e+00
    outer loop
      vertex   -3.201759e+01 1.500000e+01 2.032436e+01
      vertex   -2.800000e+01 1.500000e+01 2.000000e+01
      vertex   -3.201759e+01 1.500000e+01 1.967564e+01
    endloop
  endfacet
  facet normal -0.000000e+00 1.000000e+00 0.000000e+00
    outer loop
      vertex   -3.201759e+01 1.500000e+01 1.967564e+01
      vertex   -2.800000e+01 1.500000e+01 2.000000e+01
      vertex   -2.792986e+01 1.500000e+01 1.935509e+01
    endloop
  endfacet
  facet normal 0.000000e+00 1.000000e+00 0.000000e+00
    outer loop
      vertex   -3.201759e+01 1.500000e+01 1.967564e+01
      vertex   -2.792986e+01 1.500000e+01 1.935509e+01
      vertex   -3.215704e+01 1.500000e+01 1.904210e+01
    endloop
  endfacet
  facet normal -0.000000e+00 1.000000e+00 0.000000e+00
    outer loop
      vertex   -3.215704e+01 1.500000e+01 1.904210e+01
      vertex   -2.792986e+01 1.500000e+01 1.935509e+01
      vertex   -2.772273e+01 1.500000e+01 1.874033e+01
    endloop
  endfacet
  facet normal 0.000000e+00 1.000000e+00 0.000000e+00
    outer loop
      vertex   -3.215704e+01 1.500000e+01 1.904210e+01
      vertex   -2.772273e+01 1.500000e+01 1.874033e+01
      vertex   -3.242943e+01 1.500000e+01 1.845334e+01
    endloop
  endfacet
  facet normal -0.000000e+00 1.000000e+00 0.000000e+00
    outer loop
      vertex   -3.242943e+01 1.500000e+01 1.845334e+01
      vertex   -2.772273e+01 1.500000e+01 1.874033e+01
      vertex   -2.738828e+01 1.500000e+01 1.818448e+01
    endloop
  endfacet
  facet normal 0.000000e+00 1.000000e+00 0.000000e+00
    outer loop
      vertex   -3.242943e+01 1.500000e+01 1.845334e+01
      vertex   -2.738828e+01 1.500000e+01 1.818448e+01
      vertex   -3.282201e+01 1.500000e+01 1.793690e+01
    endloop
  endfacet
  facet normal -0.000000e+00 1.000000e+00 0.000000e+00
    outer loop
      vertex   -3.282201e+01 1.500000e+01 1.793690e+01
      vertex   -2.738828e+01 1.500000e+01 1.818448e+01
      vertex   -2.694216e+01 1.500000e+01 1.771351e+01
    endloop
  endfacet
  facet normal 0.000000e+00 1.000000e+00 0.000000e+00
    outer loop
      vertex   -3.282201e+01 1.500000e+01 1.793690e+01
      vertex   -2.694216e+01 1.500000e+01 1.771351e+01
      vertex   -3.331644e+01 1.500000e+01 1.751693e+01
    endloop
  endfacet
  facet normal -0.000000e+00 1.000000e+00 0.000000e+00
    outer loop
      vertex   -3.331644e+01 1.500000e+01 1.751693e+01
      vertex   -2.694216e+01 1.500000e+01 1.771351e+01
      vertex   -2.640523e+01 1.500000e+01 1.734946e+01
    endloop
  endfacet
  facet normal 0.000000e+00 1.000000e+00 0.000000e+00
    outer loop
      vertex   -3.331644e+01 1.500000e+01 1.751693e+01
      vertex   -2.640523e+01 1.500000e+01 1.734946e+01
      vertex   -3.388959e+01 1.500000e+01 1.721307e+01
    endloop
  endfacet
  facet normal -0.000000e+00 1.000000e+00 0.000000e+00
    outer loop
      vertex   -3.388959e+01 1.500000e+01 1.721307e+01
      vertex   -2.640523e+01 1.500000e+01 1.734946e+01
      vertex   -2.580259e+01 1.500000e+01 1.710935e+01
    endloop
  endfacet
  facet normal 0.000000e+00 1.000000e+00 0.000000e+00
    outer loop
      vertex   -3.388959e+01 1.500000e+01 1.721307e+01
      vertex   -2.580259e+01 1.500000e+01 1.710935e+01
      vertex   -3.451465e+01 1.500000e+01 1.703952e+01
    endloop
  endfacet
  facet normal -0.000000e+00 1.000000e+00 0.000000e+00
    outer loop
      vertex   -3.451465e+01 1.500000e+01 1.703952e+01
      vertex   -2.580259e+01 1.500000e+01 1.710935e+01
      vertex   -3.451465e+01 1.500000e+01 1.296048e+01
    endloop
  endfacet
  facet normal 0.000000e+00 1.000000e+00 0.000000e+00
    outer loop
      vertex   -3.451465e+01 1.500000e+01 1.703952e+01
      vertex   -3.451465e+01 1.500000e+01 1.296048e+01
      vertex   -3.516242e+01 1.500000e+01 1.299560e+01
    endloop
  endfacet
  facet normal 0.000000e+00 1.000000e+00 0.000000e+00
    outer loop
      vertex   -1.201759e+01 1.500000e+01 1.967564e+01
      vertex   -7.929862e+00 1.500000e+01 1.935509e+01
      vertex   -1.215704e+01 1.500000e+01 1.904210e+01
    endloop
  endfacet
  facet normal -0.000000e+00 1.000000e+00 0.000000e+00
    outer loop
      vertex   -1.215704e+01 1.500000e+01 1.904210e+01
      vertex   -7.929862e+00 1.500000e+01 1.935509e+01
      vertex   -7.722726e+00 1.500000e+01 1.874033e+01
    endloop
  endfacet
  facet normal 0.000000e+00 1.000000e+00 0.000000e+00
    outer loop
      vertex   -1.215704e+01 1.500000e+01 1.904210e+01
      vertex   -7.722726e+00 1.500000e+01 1.874033e+01
      vertex   -1.242943e+01 1.500000e+01 1.845334e+01
    endloop
  endfacet
  facet normal -0.000000e+00 1.000000e+00 0.000000e+00
    outer loop
      vertex   -1.242943e+01 1.500000e+01 1.845334e+01
      vertex   -7.722726e+00 1.500000e+01 1.874033e+01
      vertex   -7.388279e+00 1.500000e+01 1.818448e+01
    endloop
  endfacet
  facet normal 0.000000e+00 1.000000e+00 0.000000e+00
    outer loop
      vertex   -1.242943e+01 1.500000e+01 1.845334e+01
      vertex   -7.388279e+00 1.500000e+01 1.818448e+01
      vertex   -1.282201e+01 1.500000e+01 1.793690e+01
    endloop
  endfacet
  facet normal -0.000000e+00 1.000000e+00 0.000000e+00
    outer loop
      vertex   -1.282201e+01 1.500000e+01 1.793690e+01
      vertex   -7.388279e+00 1.500000e+01 1.818448e+01
      vertex   -6.942159e+00 1.500000e+01 1.771351e+01
    endloop
  endfacet
  facet normal 0.000000e+00 1.000000e+00 0.000000e+00
    outer loop
      vertex   -1.282201e+01 1.500000e+01 1.793690e+01
      vertex   -6.942159e+00 1.500000e+01 1.771351e+01
      vertex   -1.331644e+01 1.500000e+01 1.751693e+01
    endloop
  endfacet
  facet normal -0.000000e+00 1.000000e+00 0.000000e+00
    outer loop
      vertex   -1.331644e+01 1.500000e+01 1.751693e+01
      vertex   -6.942159e+00 1.500000e+01 1.771351e+01
      vertex   -6.405225e+00 1.500000e+01 1.734946e+01
    endloop
  endfacet
  facet normal 0.000000e+00 1.000000e+00 0.000000e+00
    outer loop
      vertex   -1.331644e+01 1.500000e+01 1.751693e+01
      vertex   -6.405225e+00 1.500000e+01 1.734946e+01
      vertex   -1.388959e+01 1.500000e+01 1.721307e+01
    endloop
  endfacet
  facet normal -0.000000e+00 1.000000e+00 0.000000e+00
    outer loop
      vertex   -1.388959e+01 1.500000e+01 1.721307e+01
      vertex   -6.405225e+00 1.500000e+01 1.734946e+01
      vertex   -5.802585e+00 1.500000e+01 1.710935e+01
    endloop
  endfacet
  facet normal 0.000000e+00 1.000000e+00 0.000000e+00
    outer loop
      vertex   -1.388959e+01 1.500000e+01 1.721307e+01
      vertex   -5.802585e+00 1.500000e+01 1.710935e+01
      vertex   -1.451465e+01 1.500000e+01 1.703952e+01
    endloop
  endfacet
  facet normal -0.000000e+00 1.000000e+00 0.000000e+00
    outer loop
      vertex   -1.451465e+01 1.500000e+01 1.703952e+01
      vertex   -5.802585e+00 1.500000e+01 1.710935e+01
      vertex   -1.451465e+01 1.500000e+01 1.296048e+01
    endloop
  endfacet
  facet normal 0.000000e+00 1.000000e+00 0.000000e+00
    outer loop
      vertex   -1.451465e+01 1.500000e+01 1.703952e+01
      vertex   -1.451465e+01 1.500000e+01 1.296048e+01
      vertex   -1.516242e+01 1.500000e+01 1.299560e+01
    endloop
  endfacet
  facet normal 0.000000e+00 1.000000e+00 0.000000e+00
    outer loop
      vertex   -5.162417e+00 1.500000e+01 1.700440e+01
      vertex   -5.162417e+00 1.500000e+01 1.299560e+01
      vertex   -5.802585e+00 1.500000e+01 1.710935e+01
    endloop
  endfacet
  facet normal 0.000000e+00 1.000000e+00 0.000000e+00
    outer loop
      vertex   -5.802585e+00 1.500000e+01 1.710935e+01
      vertex   -5.162417e+00 1.500000e+01 1.299560e+01
      vertex   -5.802585e+00 1.500000e+01 1.289065e+01
    endloop
  endfacet
  facet normal 0.000000e+00 1.000000e+00 0.000000e+00
    outer loop
      vertex   -5.802585e+00 1.500000e+01 1.710935e+01
      vertex   -5.802585e+00 1.500000e+01 1.289065e+01
      vertex   -1.451465e+01 1.500000e+01 1.296048e+01
    endloop
  endfacet
  facet normal 0.000000e+00 1.000000e+00 0.000000e+00
    outer loop
      vertex   -1.451465e+01 1.500000e+01 1.296048e+01
      vertex   -5.802585e+00 1.500000e+01 1.289065e+01
      vertex   -1.388959e+01 1.500000e+01 1.278693e+01
    endloop
  endfacet
  facet normal -0.000000e+00 1.000000e+00 0.000000e+00
    outer loop
      vertex   -1.388959e+01 1.500000e+01 1.278693e+01
      vertex   -5.802585e+00 1.500000e+01 1.289065e+01
      vertex   -6.405225e+00 1.500000e+01 1.265054e+01
    endloop
  endfacet
  facet normal 0.000000e+00 1.000000e+00 0.000000e+00
    outer loop
      vertex   -1.388959e+01 1.500000e+01 1.278693e+01
      vertex   -6.405225e+00 1.500000e+01 1.265054e+01
      vertex   -1.331644e+01 1.500000e+01 1.248307e+01
    endloop
  endfacet
  facet normal -0.000000e+00 1.000000e+00 0.000000e+00
    outer loop
      vertex   -1.331644e+01 1.500000e+01 1.248307e+01
      vertex   -6.405225e+00 1.500000e+01 1.265054e+01
      vertex   -6.942159e+00 1.500000e+01 1.228649e+01
    endloop
  endfacet
  facet normal 0.000000e+00 1.000000e+00 0.000000e+00
    outer loop
      vertex   -1.331644e+01 1.500000e+01 1.248307e+01
      vertex   -6.942159e+00 1.500000e+01 1.228649e+01
      vertex   -1.282201e+01 1.500000e+01 1.206310e+01
    endloop
  endfacet
  facet normal -0.000000e+00 1.000000e+00 0.000000e+00
    outer loop
      vertex   -1.282201e+01 1.500000e+01 1.206310e+01
      vertex   -6.942159e+00 1.500000e+01 1.228649e+01
      vertex   -7.388279e+00 1.500000e+01 1.181552e+01
    endloop
  endfacet
  facet normal 0.000000e+00 1.000000e+00 0.000000e+00
    outer loop
      vertex   -1.282201e+01 1.500000e+01 1.206310e+01
      vertex   -7.388279e+00 1.500000e+01 1.181552e+01
      vertex   -1.242943e+01 1.500000e+01 1.154666e+01
    endloop
  endfacet
  facet normal -0.000000e+00 1.000000e+00 0.000000e+00
    outer loop
      vertex   -1.242943e+01 1.500000e+01 1.154666e+01
      vertex   -7.388279e+00 1.500000e+01 1.181552e+01
      vertex   -7.722726e+00 1.500000e+01 1.125967e+01
    endloop
  endfacet
  facet normal 0.000000e+00 1.000000e+00 0.000000e+00
    outer loop
      vertex   -1.242943e+01 1.500000e+01 1.154666e+01
      vertex   -7.722726e+00 1.500000e+01 1.125967e+01
      vertex   -1.215704e+01 1.500000e+01 1.095790e+01
    endloop
  endfacet
  facet normal -0.000000e+00 1.000000e+00 0.000000e+00
    outer loop
      vertex   -1.215704e+01 1.500000e+01 1.095790e+01
      vertex   -7.722726e+00 1.500000e+01 1.125967e+01
      vertex   -7.929862e+00 1.500000e+01 1.064491e+01
    endloop
  endfacet
  facet normal 0.000000e+00 1.000000e+00 0.000000e+00
    outer loop
      vertex   -1.215704e+01 1.500000e+01 1.095790e+01
      vertex   -7.929862e+00 1.500000e+01 1.064491e+01
      vertex   -1.201759e+01 1.500000e+01 1.032436e+01
    endloop
  endfacet
  facet normal -0.000000e+00 1.000000e+00 0.000000e+00
    outer loop
      vertex   -1.201759e+01 1.500000e+01 1.032436e+01
      vertex   -7.929862e+00 1.500000e+01 1.064491e+01
      vertex   -8.000000e+00 1.500000e+01 1.000000e+01
    endloop
  endfacet
  facet normal 0.000000e+00 1.000000e+00 0.000000e+00
    outer loop
      vertex   -1.201759e+01 1.500000e+01 1.032436e+01
      vertex   -8.000000e+00 1.500000e+01 1.000000e+01
      vertex   -1.201759e+01 1.500000e+01 9.675643e+00
    endloop
  endfacet
  facet normal -0.000000e+00 1.000000e+00 0.000000e+00
    outer loop
      vertex   -1.201759e+01 1.500000e+01 9.675643e+00
      vertex   -8.000000e+00 1.500000e+01 1.000000e+01
      vertex   -7.929862e+00 1.500000e+01 9.355089e+00
    endloop
  endfacet
  facet normal 0.000000e+00 1.000000e+00 0.000000e+00
    outer loop
      vertex   -1.201759e+01 1.500000e+01 9.675643e+00
      vertex   -7.929862e+00 1.500000e+01 9.355089e+00
      vertex   -1.215704e+01 1.500000e+01 9.042095e+00
    endloop
  endfacet
  facet normal -0.000000e+00 1.000000e+00 0.000000e+00
    outer loop
      vertex   -1.215704e+01 1.500000e+01 9.042095e+00
      vertex   -7.929862e+00 1.500000e+01 9.355089e+00
      vertex   -7.722726e+00 1.500000e+01 8.740333e+00
    endloop
  endfacet
  facet normal 0.000000e+00 1.000000e+00 0.000000e+00
    outer loop
      vertex   -1.215704e+01 1.500000e+01 9.042095e+00
      vertex   -7.722726e+00 1.500000e+01 8.740333e+00
      vertex   -1.242943e+01 1.500000e+01 8.453338e+00
    endloop
  endfacet
  facet normal -0.000000e+00 1.000000e+00 0.000000e+00
    outer loop
      vertex   -1.242943e+01 1.500000e+01 8.453338e+00
      vertex   -7.722726e+00 1.500000e+01 8.740333e+00
      vertex   -7.388279e+00 1.500000e+01 8.184477e+00
    endloop
  endfacet
  facet normal 0.000000e+00 1.000000e+00 0.000000e+00
    outer loop
      vertex   -1.242943e+01 1.500000e+01 8.453338e+00
      vertex   -7.388279e+00 1.500000e+01 8.184477e+00
      vertex   -1.282201e+01 1.500000e+01 7.936902e+00
    endloop
  endfacet
  facet normal -0.000000e+00 1.000000e+00 0.000000e+00
    outer loop
      vertex   -1.282201e+01 1.500000e+01 7.936902e+00
      vertex   -7.388279e+00 1.500000e+01 8.184477e+00
      vertex   -6.942159e+00 1.500000e+01 7.713514e+00
    endloop
  endfacet
  facet normal 0.000000e+00 1.000000e+00 0.000000e+00
    outer loop
      vertex   -1.282201e+01 1.500000e+01 7.936902e+00
      vertex   -6.942159e+00 1.500000e+01 7.713514e+00
      vertex   -1.331644e+01 1.500000e+01 7.516933e+00
    endloop
  endfacet
  facet normal -0.000000e+00 1.000000e+00 0.000000e+00
    outer loop
      vertex   -1.331644e+01 1.500000e+01 7.516933e+00
      vertex   -6.942159e+00 1.500000e+01 7.713514e+00
      vertex   -6.405225e+00 1.500000e+01 7.349464e+00
    endloop
  endfacet
  facet normal 0.000000e+00 1.000000e+00 0.000000e+00
    outer loop
      vertex   -1.331644e+01 1.500000e+01 7.516933e+00
      vertex   -6.405225e+00 1.500000e+01 7.349464e+00
      vertex   -1.388959e+01 1.500000e+01 7.213070e+00
    endloop
  endfacet
  facet normal -0.000000e+00 1.000000e+00 0.000000e+00
    outer loop
      vertex   -1.388959e+01 1.500000e+01 7.213070e+00
      vertex   -6.405225e+00 1.500000e+01 7.349464e+00
      vertex   -5.802585e+00 1.500000e+01 7.109350e+00
    endloop
  endfacet
  facet normal 0.000000e+00 1.000000e+00 0.000000e+00
    outer loop
      vertex   -1.388959e+01 1.500000e+01 7.213070e+00
      vertex   -5.802585e+00 1.500000e+01 7.109350e+00
      vertex   -1.451465e+01 1.500000e+01 7.039520e+00
    endloop
  endfacet
  facet normal -0.000000e+00 1.000000e+00 0.000000e+00
    outer loop
      vertex   -1.451465e+01 1.500000e+01 7.039520e+00
      vertex   -5.802585e+00 1.500000e+01 7.109350e+00
      vertex   -1.451465e+01 1.500000e+01 2.960480e+00
    endloop
  endfacet
  facet normal 0.000000e+00 1.000000e+00 0.000000e+00
    outer loop
      vertex   -1.451465e+01 1.500000e+01 7.039520e+00
      vertex   -1.451465e+01 1.500000e+01 2.960480e+00
      vertex   -1.516242e+01 1.500000e+01 2.995600e+00
    endloop
  endfacet
  facet normal -0.000000e+00 1.000000e+00 0.000000e+00
    outer loop
      vertex   -5.162417e+00 1.500000e+01 1.700440e+01
      vertex   -4.514654e+00 1.500000e+01 1.703952e+01
      vertex   -5.162417e+00 1.500000e+01 1.299560e+01
    endloop
  endfacet
  facet normal -0.000000e+00 1.000000e+00 0.000000e+00
    outer loop
      vertex   -5.162417e+00 1.500000e+01 1.299560e+01
      vertex   -4.514654e+00 1.500000e+01 1.703952e+01
      vertex   -4.514654e+00 1.500000e+01 1.296048e+01
    endloop
  endfacet
  facet normal 0.000000e+00 1.000000e+00 0.000000e+00
    outer loop
      vertex   -4.514654e+00 1.500000e+01 1.296048e+01
      vertex   -4.514654e+00 1.500000e+01 1.703952e+01
      vertex   4.197415e+00 1.500000e+01 1.710935e+01
    endloop
  endfacet
  facet normal -0.000000e+00 1.000000e+00 0.000000e+00
    outer loop
      vertex   -4.514654e+00 1.500000e+01 1.296048e+01
      vertex   4.197415e+00 1.500000e+01 1.710935e+01
      vertex   4.197415e+00 1.500000e+01 1.289065e+01
    endloop
  endfacet
  facet normal 0.000000e+00 1.000000e+00 0.000000e+00
    outer loop
      vertex   4.197415e+00 1.500000e+01 1.289065e+01
      vertex   4.197415e+00 1.500000e+01 1.710935e+01
      vertex   4.837583e+00 1.500000e+01 1.299560e+01
    endloop
  endfacet
  facet normal 0.000000e+00 1.000000e+00 -0.000000e+00
    outer loop
      vertex   4.837583e+00 1.500000e+01 1.299560e+01
      vertex   4.197415e+00 1.500000e+01 1.710935e+01
      vertex   4.837583e+00 1.500000e+01 1.700440e+01
    endloop
  endfacet
  facet normal 0.000000e+00 1.000000e+00 0.000000e+00
    outer loop
      vertex   4.837583e+00 1.500000e+01 1.299560e+01
      vertex   4.837583e+00 1.500000e+01 1.700440e+01
      vertex   5.485346e+00 1.500000e+01 1.703952e+01
    endloop
  endfacet
  facet normal 0.000000e+00 1.000000e+00 0.000000e+00
    outer loop
      vertex   -4.514654e+00 1.500000e+01 1.703952e+01
      vertex   -3.889586e+00 1.500000e+01 1.721307e+01
      vertex   4.197415e+00 1.500000e+01 1.710935e+01
    endloop
  endfacet
  facet normal 0.000000e+00 1.000000e+00 0.000000e+00
    outer loop
      vertex   4.197415e+00 1.500000e+01 1.710935e+01
      vertex   -3.889586e+00 1.500000e+01 1.721307e+01
      vertex   3.594775e+00 1.500000e+01 1.734946e+01
    endloop
  endfacet
  facet normal 0.000000e+00 1.000000e+00 0.000000e+00
    outer loop
      vertex   3.594775e+00 1.500000e+01 1.734946e+01
      vertex   -3.889586e+00 1.500000e+01 1.721307e+01
      vertex   -3.316439e+00 1.500000e+01 1.751693e+01
    endloop
  endfacet
  facet normal 0.000000e+00 1.000000e+00 0.000000e+00
    outer loop
      vertex   3.594775e+00 1.500000e+01 1.734946e+01
      vertex   -3.316439e+00 1.500000e+01 1.751693e+01
      vertex   3.057841e+00 1.500000e+01 1.771351e+01
    endloop
  endfacet
  facet normal 0.000000e+00 1.000000e+00 0.000000e+00
    outer loop
      vertex   3.057841e+00 1.500000e+01 1.771351e+01
      vertex   -3.316439e+00 1.500000e+01 1.751693e+01
      vertex   -2.822014e+00 1.500000e+01 1.793690e+01
    endloop
  endfacet
  facet normal 0.000000e+00 1.000000e+00 0.000000e+00
    outer loop
      vertex   3.057841e+00 1.500000e+01 1.771351e+01
      vertex   -2.822014e+00 1.500000e+01 1.793690e+01
      vertex   2.611721e+00 1.500000e+01 1.818448e+01
    endloop
  endfacet
  facet normal 0.000000e+00 1.000000e+00 0.000000e+00
    outer loop
      vertex   2.611721e+00 1.500000e+01 1.818448e+01
      vertex   -2.822014e+00 1.500000e+01 1.793690e+01
      vertex   -2.429428e+00 1.500000e+01 1.845334e+01
    endloop
  endfacet
  facet normal 0.000000e+00 1.000000e+00 0.000000e+00
    outer loop
      vertex   2.611721e+00 1.500000e+01 1.818448e+01
      vertex   -2.429428e+00 1.500000e+01 1.845334e+01
      vertex   2.277274e+00 1.500000e+01 1.874033e+01
    endloop
  endfacet
  facet normal 0.000000e+00 1.000000e+00 0.000000e+00
    outer loop
      vertex   2.277274e+00 1.500000e+01 1.874033e+01
      vertex   -2.429428e+00 1.500000e+01 1.845334e+01
      vertex   -2.157040e+00 1.500000e+01 1.904210e+01
    endloop
  endfacet
  facet normal 0.000000e+00 1.000000e+00 0.000000e+00
    outer loop
      vertex   2.277274e+00 1.500000e+01 1.874033e+01
      vertex   -2.157040e+00 1.500000e+01 1.904210e+01
      vertex   2.070138e+00 1.500000e+01 1.935509e+01
    endloop
  endfacet
  facet normal 0.000000e+00 1.000000e+00 0.000000e+00
    outer loop
      vertex   2.070138e+00 1.500000e+01 1.935509e+01
      vertex   -2.157040e+00 1.500000e+01 1.904210e+01
      vertex   -2.017586e+00 1.500000e+01 1.967564e+01
    endloop
  endfacet
  facet normal 0.000000e+00 1.000000e+00 0.000000e+00
    outer loop
      vertex   2.070138e+00 1.500000e+01 1.935509e+01
      vertex   -2.017586e+00 1.500000e+01 1.967564e+01
      vertex   2.000000e+00 1.500000e+01 2.000000e+01
    endloop
  endfacet
  facet normal 0.000000e+00 1.000000e+00 0.000000e+00
    outer loop
      vertex   2.000000e+00 1.500000e+01 2.000000e+01
      vertex   -2.017586e+00 1.500000e+01 1.967564e+01
      vertex   -2.017586e+00 1.500000e+01 2.032436e+01
    endloop
  endfacet
  facet normal 0.000000e+00 1.000000e+00 -0.000000e+00
    outer loop
      vertex   2.000000e+00 1.500000e+01 2.000000e+01
      vertex   -2.017586e+00 1.500000e+01 2.032436e+01
      vertex   2.070138e+00 1.500000e+01 2.064491e+01
    endloop
  endfacet
  facet normal 0.000000e+00 1.000000e+00 0.000000e+00
    outer loop
      vertex   2.070138e+00 1.500000e+01 2.064491e+01
      vertex   -2.017586e+00 1.500000e+01 2.032436e+01
      vertex   -2.157040e+00 1.500000e+01 2.095790e+01
    endloop
  endfacet
  facet normal 0.000000e+00 1.000000e+00 -0.000000e+00
    outer loop
      vertex   2.070138e+00 1.500000e+01 2.064491e+01
      vertex   -2.157040e+00 1.500000e+01 2.095790e+01
      vertex   2.277274e+00 1.500000e+01 2.125967e+01
    endloop
  endfacet
  facet normal 0.000000e+00 1.000000e+00 0.000000e+00
    outer loop
      vertex   2.277274e+00 1.500000e+01 2.125967e+01
      vertex   -2.157040e+00 1.500000e+01 2.095790e+01
      vertex   -2.429428e+00 1.500000e+01 2.154666e+01
    endloop
  endfacet
  facet normal 0.000000e+00 1.000000e+00 -0.000000e+00
    outer loop
      vertex   2.277274e+00 1.500000e+01 2.125967e+01
      vertex   -2.429428e+00 1.500000e+01 2.154666e+01
      vertex   2.611721e+00 1.500000e+01 2.181552e+01
    endloop
  endfacet
  facet normal 0.000000e+00 1.000000e+00 0.000000e+00
    outer loop
      vertex   2.611721e+00 1.500000e+01 2.181552e+01
      vertex   -2.429428e+00 1.500000e+01 2.154666e+01
      vertex   -2.822014e+00 1.500000e+01 2.206310e+01
    endloop
  endfacet
  facet normal 0.000000e+00 1.000000e+00 -0.000000e+00
    outer loop
      vertex   2.611721e+00 1.500000e+01 2.181552e+01
      vertex   -2.822014e+00 1.500000e+01 2.206310e+01
      vertex   3.057841e+00 1.500000e+01 2.228649e+01
    endloop
  endfacet
  facet normal 0.000000e+00 1.000000e+00 0.000000e+00
    outer loop
      vertex   3.057841e+00 1.500000e+01 2.228649e+01
      vertex   -2.822014e+00 1.500000e+01 2.206310e+01
      vertex   -3.316439e+00 1.500000e+01 2.248307e+01
    endloop
  endfacet
  facet normal 0.000000e+00 1.000000e+00 -0.000000e+00
    outer loop
      vertex   3.057841e+00 1.500000e+01 2.228649e+01
      vertex   -3.316439e+00 1.500000e+01 2.248307e+01
      vertex   3.594775e+00 1.500000e+01 2.265054e+01
    endloop
  endfacet
  facet normal 0.000000e+00 1.000000e+00 0.000000e+00
    outer loop
      vertex   3.594775e+00 1.500000e+01 2.265054e+01
      vertex   -3.316439e+00 1.500000e+01 2.248307e+01
      vertex   -3.889586e+00 1.500000e+01 2.278693e+01
    endloop
  endfacet
  facet normal 0.000000e+00 1.000000e+00 -0.000000e+00
    outer loop
      vertex   3.594775e+00 1.500000e+01 2.265054e+01
      vertex   -3.889586e+00 1.500000e+01 2.278693e+01
      vertex   4.197415e+00 1.500000e+01 2.289065e+01
    endloop
  endfacet
  facet normal 0.000000e+00 1.000000e+00 0.000000e+00
    outer loop
      vertex   4.197415e+00 1.500000e+01 2.289065e+01
      vertex   -3.889586e+00 1.500000e+01 2.278693e+01
      vertex   -4.514654e+00 1.500000e+01 2.296048e+01
    endloop
  endfacet
  facet normal 0.000000e+00 1.000000e+00 -0.000000e+00
    outer loop
      vertex   4.197415e+00 1.500000e+01 2.289065e+01
      vertex   -4.514654e+00 1.500000e+01 2.296048e+01
      vertex   4.837583e+00 1.500000e+01 2.299560e+01
    endloop
  endfacet
  facet normal 0.000000e+00 1.000000e+00 0.000000e+00
    outer loop
      vertex   4.837583e+00 1.500000e+01 2.299560e+01
      vertex   -4.514654e+00 1.500000e+01 2.296048e+01
      vertex   -5.162417e+00 1.500000e+01 2.299560e+01
    endloop
  endfacet
  facet normal 0.000000e+00 1.000000e+00 0.000000e+00
    outer loop
      vertex   4.837583e+00 1.500000e+01 2.299560e+01
      vertex   -5.162417e+00 1.500000e+01 2.299560e+01
      vertex   -5.500000e+01 1.500000e+01 3.000000e+01
    endloop
  endfacet
  facet normal 0.000000e+00 1.000000e+00 0.000000e+00
    outer loop
      vertex   -1.792986e+01 1.500000e+01 1.935509e+01
      vertex   -2.201759e+01 1.500000e+01 1.967564e+01
      vertex   -1.800000e+01 1.500000e+01 2.000000e+01
    endloop
  endfacet
  facet normal 0.000000e+00 1.000000e+00 0.000000e+00
    outer loop
      vertex   -1.800000e+01 1.500000e+01 2.000000e+01
      vertex   -2.201759e+01 1.500000e+01 1.967564e+01
      vertex   -2.201759e+01 1.500000e+01 2.032436e+01
    endloop
  endfacet
  facet normal 0.000000e+00 1.000000e+00 -0.000000e+00
    outer loop
      vertex   -1.800000e+01 1.500000e+01 2.000000e+01
      vertex   -2.201759e+01 1.500000e+01 2.032436e+01
      vertex   -1.792986e+01 1.500000e+01 2.064491e+01
    endloop
  endfacet
  facet normal 0.000000e+00 1.000000e+00 0.000000e+00
    outer loop
      vertex   -1.792986e+01 1.500000e+01 2.064491e+01
      vertex   -2.201759e+01 1.500000e+01 2.032436e+01
      vertex   -2.215704e+01 1.500000e+01 2.095790e+01
    endloop
  endfacet
  facet normal 0.000000e+00 1.000000e+00 -0.000000e+00
    outer loop
      vertex   -1.792986e+01 1.500000e+01 2.064491e+01
      vertex   -2.215704e+01 1.500000e+01 2.095790e+01
      vertex   -1.772273e+01 1.500000e+01 2.125967e+01
    endloop
  endfacet
  facet normal 0.000000e+00 1.000000e+00 0.000000e+00
    outer loop
      vertex   -1.772273e+01 1.500000e+01 2.125967e+01
      vertex   -2.215704e+01 1.500000e+01 2.095790e+01
      vertex   -2.242943e+01 1.500000e+01 2.154666e+01
    endloop
  endfacet
  facet normal 0.000000e+00 1.000000e+00 -0.000000e+00
    outer loop
      vertex   -1.772273e+01 1.500000e+01 2.125967e+01
      vertex   -2.242943e+01 1.500000e+01 2.154666e+01
      vertex   -1.738828e+01 1.500000e+01 2.181552e+01
    endloop
  endfacet
  facet normal 0.000000e+00 1.000000e+00 0.000000e+00
    outer loop
      vertex   -1.738828e+01 1.500000e+01 2.181552e+01
      vertex   -2.242943e+01 1.500000e+01 2.154666e+01
      vertex   -2.282201e+01 1.500000e+01 2.206310e+01
    endloop
  endfacet
  facet normal 0.000000e+00 1.000000e+00 -0.000000e+00
    outer loop
      vertex   -1.738828e+01 1.500000e+01 2.181552e+01
      vertex   -2.282201e+01 1.500000e+01 2.206310e+01
      vertex   -1.694216e+01 1.500000e+01 2.228649e+01
    endloop
  endfacet
  facet normal 0.000000e+00 1.000000e+00 0.000000e+00
    outer loop
      vertex   -1.694216e+01 1.500000e+01 2.228649e+01
      vertex   -2.282201e+01 1.500000e+01 2.206310e+01
      vertex   -2.331644e+01 1.500000e+01 2.248307e+01
    endloop
  endfacet
  facet normal 0.000000e+00 1.000000e+00 -0.000000e+00
    outer loop
      vertex   -1.694216e+01 1.500000e+01 2.228649e+01
      vertex   -2.331644e+01 1.500000e+01 2.248307e+01
      vertex   -1.640523e+01 1.500000e+01 2.265054e+01
    endloop
  endfacet
  facet normal 0.000000e+00 1.000000e+00 0.000000e+00
    outer loop
      vertex   -1.640523e+01 1.500000e+01 2.265054e+01
      vertex   -2.331644e+01 1.500000e+01 2.248307e+01
      vertex   -2.388959e+01 1.500000e+01 2.278693e+01
    endloop
  endfacet
  facet normal 0.000000e+00 1.000000e+00 -0.000000e+00
    outer loop
      vertex   -1.640523e+01 1.500000e+01 2.265054e+01
      vertex   -2.388959e+01 1.500000e+01 2.278693e+01
      vertex   -1.580259e+01 1.500000e+01 2.289065e+01
    endloop
  endfacet
  facet normal 0.000000e+00 1.000000e+00 0.000000e+00
    outer loop
      vertex   -1.580259e+01 1.500000e+01 2.289065e+01
      vertex   -2.388959e+01 1.500000e+01 2.278693e+01
      vertex   -2.451465e+01 1.500000e+01 2.296048e+01
    endloop
  endfacet
  facet normal 0.000000e+00 1.000000e+00 -0.000000e+00
    outer loop
      vertex   -1.580259e+01 1.500000e+01 2.289065e+01
      vertex   -2.451465e+01 1.500000e+01 2.296048e+01
      vertex   -1.516242e+01 1.500000e+01 2.299560e+01
    endloop
  endfacet
  facet normal 0.000000e+00 1.000000e+00 0.000000e+00
    outer loop
      vertex   -1.516242e+01 1.500000e+01 2.299560e+01
      vertex   -2.451465e+01 1.500000e+01 2.296048e+01
      vertex   -2.516242e+01 1.500000e+01 2.299560e+01
    endloop
  endfacet
  facet normal 0.000000e+00 1.000000e+00 0.000000e+00
    outer loop
      vertex   -2.201759e+01 1.500000e+01 1.967564e+01
      vertex   -1.792986e+01 1.500000e+01 1.935509e+01
      vertex   -2.215704e+01 1.500000e+01 1.904210e+01
    endloop
  endfacet
  facet normal -0.000000e+00 1.000000e+00 0.000000e+00
    outer loop
      vertex   -2.215704e+01 1.500000e+01 1.904210e+01
      vertex   -1.792986e+01 1.500000e+01 1.935509e+01
      vertex   -1.772273e+01 1.500000e+01 1.874033e+01
    endloop
  endfacet
  facet normal 0.000000e+00 1.000000e+00 0.000000e+00
    outer loop
      vertex   -2.215704e+01 1.500000e+01 1.904210e+01
      vertex   -1.772273e+01 1.500000e+01 1.874033e+01
      vertex   -2.242943e+01 1.500000e+01 1.845334e+01
    endloop
  endfacet
  facet normal -0.000000e+00 1.000000e+00 0.000000e+00
    outer loop
      vertex   -2.242943e+01 1.500000e+01 1.845334e+01
      vertex   -1.772273e+01 1.500000e+01 1.874033e+01
      vertex   -1.738828e+01 1.500000e+01 1.818448e+01
    endloop
  endfacet
  facet normal 0.000000e+00 1.000000e+00 0.000000e+00
    outer loop
      vertex   -2.242943e+01 1.500000e+01 1.845334e+01
      vertex   -1.738828e+01 1.500000e+01 1.818448e+01
      vertex   -2.282201e+01 1.500000e+01 1.793690e+01
    endloop
  endfacet
  facet normal -0.000000e+00 1.000000e+00 0.000000e+00
    outer loop
      vertex   -2.282201e+01 1.500000e+01 1.793690e+01
      vertex   -1.738828e+01 1.500000e+01 1.818448e+01
      vertex   -1.694216e+01 1.500000e+01 1.771351e+01
    endloop
  endfacet
  facet normal 0.000000e+00 1.000000e+00 0.000000e+00
    outer loop
      vertex   -2.282201e+01 1.500000e+01 1.793690e+01
      vertex   -1.694216e+01 1.500000e+01 1.771351e+01
      vertex   -2.331644e+01 1.500000e+01 1.751693e+01
    endloop
  endfacet
  facet normal -0.000000e+00 1.000000e+00 0.000000e+00
    outer loop
      vertex   -2.331644e+01 1.500000e+01 1.751693e+01
      vertex   -1.694216e+01 1.500000e+01 1.771351e+01
      vertex   -1.640523e+01 1.500000e+01 1.734946e+01
    endloop
  endfacet
  facet normal 0.000000e+00 1.000000e+00 0.000000e+00
    outer loop
      vertex   -2.331644e+01 1.500000e+01 1.751693e+01
      vertex   -1.640523e+01 1.500000e+01 1.734946e+01
      vertex   -2.388959e+01 1.500000e+01 1.721307e+01
    endloop
  endfacet
  facet normal -0.000000e+00 1.000000e+00 0.000000e+00
    outer loop
      vertex   -2.388959e+01 1.500000e+01 1.721307e+01
      vertex   -1.640523e+01 1.500000e+01 1.734946e+01
      vertex   -1.580259e+01 1.500000e+01 1.710935e+01
    endloop
  endfacet
  facet normal 0.000000e+00 1.000000e+00 0.000000e+00
    outer loop
      vertex   -2.388959e+01 1.500000e+01 1.721307e+01
      vertex   -1.580259e+01 1.500000e+01 1.710935e+01
      vertex   -2.451465e+01 1.500000e+01 1.703952e+01
    endloop
  endfacet
  facet normal -0.000000e+00 1.000000e+00 0.000000e+00
    outer loop
      vertex   -2.451465e+01 1.500000e+01 1.703952e+01
      vertex   -1.580259e+01 1.500000e+01 1.710935e+01
      vertex   -2.451465e+01 1.500000e+01 1.296048e+01
    endloop
  endfacet
  facet normal 0.000000e+00 1.000000e+00 0.000000e+00
    outer loop
      vertex   -2.451465e+01 1.500000e+01 1.703952e+01
      vertex   -2.451465e+01 1.500000e+01 1.296048e+01
      vertex   -2.516242e+01 1.500000e+01 1.299560e+01
    endloop
  endfacet
  facet normal 0.000000e+00 1.000000e+00 0.000000e+00
    outer loop
      vertex   -1.516242e+01 1.500000e+01 1.700440e+01
      vertex   -1.516242e+01 1.500000e+01 1.299560e+01
      vertex   -1.580259e+01 1.500000e+01 1.710935e+01
    endloop
  endfacet
  facet normal 0.000000e+00 1.000000e+00 0.000000e+00
    outer loop
      vertex   -1.580259e+01 1.500000e+01 1.710935e+01
      vertex   -1.516242e+01 1.500000e+01 1.299560e+01
      vertex   -1.580259e+01 1.500000e+01 1.289065e+01
    endloop
  endfacet
  facet normal 0.000000e+00 1.000000e+00 0.000000e+00
    outer loop
      vertex   -1.580259e+01 1.500000e+01 1.710935e+01
      vertex   -1.580259e+01 1.500000e+01 1.289065e+01
      vertex   -2.451465e+01 1.500000e+01 1.296048e+01
    endloop
  endfacet
  facet normal 0.000000e+00 1.000000e+00 0.000000e+00
    outer loop
      vertex   -2.451465e+01 1.500000e+01 1.296048e+01
      vertex   -1.580259e+01 1.500000e+01 1.289065e+01
      vertex   -2.388959e+01 1.500000e+01 1.278693e+01
    endloop
  endfacet
  facet normal -0.000000e+00 1.000000e+00 0.000000e+00
    outer loop
      vertex   -2.388959e+01 1.500000e+01 1.278693e+01
      vertex   -1.580259e+01 1.500000e+01 1.289065e+01
      vertex   -1.640523e+01 1.500000e+01 1.265054e+01
    endloop
  endfacet
  facet normal 0.000000e+00 1.000000e+00 0.000000e+00
    outer loop
      vertex   -2.388959e+01 1.500000e+01 1.278693e+01
      vertex   -1.640523e+01 1.500000e+01 1.265054e+01
      vertex   -2.331644e+01 1.500000e+01 1.248307e+01
    endloop
  endfacet
  facet normal -0.000000e+00 1.000000e+00 0.000000e+00
    outer loop
      vertex   -2.331644e+01 1.500000e+01 1.248307e+01
      vertex   -1.640523e+01 1.500000e+01 1.265054e+01
      vertex   -1.694216e+01 1.500000e+01 1.228649e+01
    endloop
  endfacet
  facet normal 0.000000e+00 1.000000e+00 0.000000e+00
    outer loop
      vertex   -2.331644e+01 1.500000e+01 1.248307e+01
      vertex   -1.694216e+01 1.500000e+01 1.228649e+01
      vertex   -2.282201e+01 1.500000e+01 1.206310e+01
    endloop
  endfacet
  facet normal -0.000000e+00 1.000000e+00 0.000000e+00
    outer loop
      vertex   -2.282201e+01 1.500000e+01 1.206310e+01
      vertex   -1.694216e+01 1.500000e+01 1.228649e+01
      vertex   -1.738828e+01 1.500000e+01 1.181552e+01
    endloop
  endfacet
  facet normal 0.000000e+00 1.000000e+00 0.000000e+00
    outer loop
      vertex   -2.282201e+01 1.500000e+01 1.206310e+01
      vertex   -1.738828e+01 1.500000e+01 1.181552e+01
      vertex   -2.242943e+01 1.500000e+01 1.154666e+01
    endloop
  endfacet
  facet normal -0.000000e+00 1.000000e+00 0.000000e+00
    outer loop
      vertex   -2.242943e+01 1.500000e+01 1.154666e+01
      vertex   -1.738828e+01 1.500000e+01 1.181552e+01
      vertex   -1.772273e+01 1.500000e+01 1.125967e+01
    endloop
  endfacet
  facet normal 0.000000e+00 1.000000e+00 0.000000e+00
    outer loop
      vertex   -2.242943e+01 1.500000e+01 1.154666e+01
      vertex   -1.772273e+01 1.500000e+01 1.125967e+01
      vertex   -2.215704e+01 1.500000e+01 1.095790e+01
    endloop
  endfacet
  facet normal -0.000000e+00 1.000000e+00 0.000000e+00
    outer loop
      vertex   -2.215704e+01 1.500000e+01 1.095790e+01
      vertex   -1.772273e+01 1.500000e+01 1.125967e+01
      vertex   -1.792986e+01 1.500000e+01 1.064491e+01
    endloop
  endfacet
  facet normal 0.000000e+00 1.000000e+00 0.000000e+00
    outer loop
      vertex   -2.215704e+01 1.500000e+01 1.095790e+01
      vertex   -1.792986e+01 1.500000e+01 1.064491e+01
      vertex   -2.201759e+01 1.500000e+01 1.032436e+01
    endloop
  endfacet
  facet normal -0.000000e+00 1.000000e+00 0.000000e+00
    outer loop
      vertex   -2.201759e+01 1.500000e+01 1.032436e+01
      vertex   -1.792986e+01 1.500000e+01 1.064491e+01
      vertex   -1.800000e+01 1.500000e+01 1.000000e+01
    endloop
  endfacet
  facet normal 0.000000e+00 1.000000e+00 0.000000e+00
    outer loop
      vertex   -2.201759e+01 1.500000e+01 1.032436e+01
      vertex   -1.800000e+01 1.500000e+01 1.000000e+01
      vertex   -2.201759e+01 1.500000e+01 9.675643e+00
    endloop
  endfacet
  facet normal -0.000000e+00 1.000000e+00 0.000000e+00
    outer loop
      vertex   -2.201759e+01 1.500000e+01 9.675643e+00
      vertex   -1.800000e+01 1.500000e+01 1.000000e+01
      vertex   -1.792986e+01 1.500000e+01 9.355089e+00
    endloop
  endfacet
  facet normal 0.000000e+00 1.000000e+00 0.000000e+00
    outer loop
      vertex   -2.201759e+01 1.500000e+01 9.675643e+00
      vertex   -1.792986e+01 1.500000e+01 9.355089e+00
      vertex   -2.215704e+01 1.500000e+01 9.042095e+00
    endloop
  endfacet
  facet normal -0.000000e+00 1.000000e+00 0.000000e+00
    outer loop
      vertex   -2.215704e+01 1.500000e+01 9.042095e+00
      vertex   -1.792986e+01 1.500000e+01 9.355089e+00
      vertex   -1.772273e+01 1.500000e+01 8.740333e+00
    endloop
  endfacet
  facet normal 0.000000e+00 1.000000e+00 0.000000e+00
    outer loop
      vertex   -2.215704e+01 1.500000e+01 9.042095e+00
      vertex   -1.772273e+01 1.500000e+01 8.740333e+00
      vertex   -2.242943e+01 1.500000e+01 8.453338e+00
    endloop
  endfacet
  facet normal -0.000000e+00 1.000000e+00 0.000000e+00
    outer loop
      vertex   -2.242943e+01 1.500000e+01 8.453338e+00
      vertex   -1.772273e+01 1.500000e+01 8.740333e+00
      vertex   -1.738828e+01 1.500000e+01 8.184477e+00
    endloop
  endfacet
  facet normal 0.000000e+00 1.000000e+00 0.000000e+00
    outer loop
      vertex   -2.242943e+01 1.500000e+01 8.453338e+00
      vertex   -1.738828e+01 1.500000e+01 8.184477e+00
      vertex   -2.282201e+01 1.500000e+01 7.936902e+00
    endloop
  endfacet
  facet normal -0.000000e+00 1.000000e+00 0.000000e+00
    outer loop
      vertex   -2.282201e+01 1.500000e+01 7.936902e+00
      vertex   -1.738828e+01 1.500000e+01 8.184477e+00
      vertex   -1.694216e+01 1.500000e+01 7.713514e+00
    endloop
  endfacet
  facet normal 0.000000e+00 1.000000e+00 0.000000e+00
    outer loop
      vertex   -2.282201e+01 1.500000e+01 7.936902e+00
      vertex   -1.694216e+01 1.500000e+01 7.713514e+00
      vertex   -2.331644e+01 1.500000e+01 7.516933e+00
    endloop
  endfacet
  facet normal -0.000000e+00 1.000000e+00 0.000000e+00
    outer loop
      vertex   -2.331644e+01 1.500000e+01 7.516933e+00
      vertex   -1.694216e+01 1.500000e+01 7.713514e+00
      vertex   -1.640523e+01 1.500000e+01 7.349464e+00
    endloop
  endfacet
  facet normal 0.000000e+00 1.000000e+00 0.000000e+00
    outer loop
      vertex   -2.331644e+01 1.500000e+01 7.516933e+00
      vertex   -1.640523e+01 1.500000e+01 7.349464e+00
      vertex   -2.388959e+01 1.500000e+01 7.213070e+00
    endloop
  endfacet
  facet normal -0.000000e+00 1.000000e+00 0.000000e+00
    outer loop
      vertex   -2.388959e+01 1.500000e+01 7.213070e+00
      vertex   -1.640523e+01 1.500000e+01 7.349464e+00
      vertex   -1.580259e+01 1.500000e+01 7.109350e+00
    endloop
  endfacet
  facet normal 0.000000e+00 1.000000e+00 0.000000e+00
    outer loop
      vertex   -2.388959e+01 1.500000e+01 7.213070e+00
      vertex   -1.580259e+01 1.500000e+01 7.109350e+00
      vertex   -2.451465e+01 1.500000e+01 7.039520e+00
    endloop
  endfacet
  facet normal -0.000000e+00 1.000000e+00 0.000000e+00
    outer loop
      vertex   -2.451465e+01 1.500000e+01 7.039520e+00
      vertex   -1.580259e+01 1.500000e+01 7.109350e+00
      vertex   -2.451465e+01 1.500000e+01 2.960480e+00
    endloop
  endfacet
  facet normal 0.000000e+00 1.000000e+00 0.000000e+00
    outer loop
      vertex   -2.451465e+01 1.500000e+01 7.039520e+00
      vertex   -2.451465e+01 1.500000e+01 2.960480e+00
      vertex   -2.516242e+01 1.500000e+01 2.995600e+00
    endloop
  endfacet
  facet normal -0.000000e+00 1.000000e+00 0.000000e+00
    outer loop
      vertex   -1.516242e+01 1.500000e+01 1.700440e+01
      vertex   -1.451465e+01 1.500000e+01 1.703952e+01
      vertex   -1.516242e+01 1.500000e+01 1.299560e+01
    endloop
  endfacet
  facet normal 0.000000e+00 1.000000e+00 0.000000e+00
    outer loop
      vertex   2.207014e+01 1.500000e+01 1.935509e+01
      vertex   1.798241e+01 1.500000e+01 1.967564e+01
      vertex   2.200000e+01 1.500000e+01 2.000000e+01
    endloop
  endfacet
  facet normal 0.000000e+00 1.000000e+00 0.000000e+00
    outer loop
      vertex   2.200000e+01 1.500000e+01 2.000000e+01
      vertex   1.798241e+01 1.500000e+01 1.967564e+01
      vertex   1.798241e+01 1.500000e+01 2.032436e+01
    endloop
  endfacet
  facet normal 0.000000e+00 1.000000e+00 -0.000000e+00
    outer loop
      vertex   2.200000e+01 1.500000e+01 2.000000e+01
      vertex   1.798241e+01 1.500000e+01 2.032436e+01
      vertex   2.207014e+01 1.500000e+01 2.064491e+01
    endloop
  endfacet
  facet normal 0.000000e+00 1.000000e+00 0.000000e+00
    outer loop
      vertex   2.207014e+01 1.500000e+01 2.064491e+01
      vertex   1.798241e+01 1.500000e+01 2.032436e+01
      vertex   1.784296e+01 1.500000e+01 2.095790e+01
    endloop
  endfacet
  facet normal 0.000000e+00 1.000000e+00 -0.000000e+00
    outer loop
      vertex   2.207014e+01 1.500000e+01 2.064491e+01
      vertex   1.784296e+01 1.500000e+01 2.095790e+01
      vertex   2.227727e+01 1.500000e+01 2.125967e+01
    endloop
  endfacet
  facet normal 0.000000e+00 1.000000e+00 0.000000e+00
    outer loop
      vertex   2.227727e+01 1.500000e+01 2.125967e+01
      vertex   1.784296e+01 1.500000e+01 2.095790e+01
      vertex   1.757057e+01 1.500000e+01 2.154666e+01
    endloop
  endfacet
  facet normal 0.000000e+00 1.000000e+00 -0.000000e+00
    outer loop
      vertex   2.227727e+01 1.500000e+01 2.125967e+01
      vertex   1.757057e+01 1.500000e+01 2.154666e+01
      vertex   2.261172e+01 1.500000e+01 2.181552e+01
    endloop
  endfacet
  facet normal 0.000000e+00 1.000000e+00 0.000000e+00
    outer loop
      vertex   2.261172e+01 1.500000e+01 2.181552e+01
      vertex   1.757057e+01 1.500000e+01 2.154666e+01
      vertex   1.717799e+01 1.500000e+01 2.206310e+01
    endloop
  endfacet
  facet normal 0.000000e+00 1.000000e+00 -0.000000e+00
    outer loop
      vertex   2.261172e+01 1.500000e+01 2.181552e+01
      vertex   1.717799e+01 1.500000e+01 2.206310e+01
      vertex   2.305784e+01 1.500000e+01 2.228649e+01
    endloop
  endfacet
  facet normal 0.000000e+00 1.000000e+00 0.000000e+00
    outer loop
      vertex   2.305784e+01 1.500000e+01 2.228649e+01
      vertex   1.717799e+01 1.500000e+01 2.206310e+01
      vertex   1.668356e+01 1.500000e+01 2.248307e+01
    endloop
  endfacet
  facet normal 0.000000e+00 1.000000e+00 -0.000000e+00
    outer loop
      vertex   2.305784e+01 1.500000e+01 2.228649e+01
      vertex   1.668356e+01 1.500000e+01 2.248307e+01
      vertex   2.359477e+01 1.500000e+01 2.265054e+01
    endloop
  endfacet
  facet normal 0.000000e+00 1.000000e+00 0.000000e+00
    outer loop
      vertex   2.359477e+01 1.500000e+01 2.265054e+01
      vertex   1.668356e+01 1.500000e+01 2.248307e+01
      vertex   1.611041e+01 1.500000e+01 2.278693e+01
    endloop
  endfacet
  facet normal 0.000000e+00 1.000000e+00 -0.000000e+00
    outer loop
      vertex   2.359477e+01 1.500000e+01 2.265054e+01
      vertex   1.611041e+01 1.500000e+01 2.278693e+01
      vertex   2.419741e+01 1.500000e+01 2.289065e+01
    endloop
  endfacet
  facet normal 0.000000e+00 1.000000e+00 0.000000e+00
    outer loop
      vertex   2.419741e+01 1.500000e+01 2.289065e+01
      vertex   1.611041e+01 1.500000e+01 2.278693e+01
      vertex   1.548535e+01 1.500000e+01 2.296048e+01
    endloop
  endfacet
  facet normal 0.000000e+00 1.000000e+00 -0.000000e+00
    outer loop
      vertex   2.419741e+01 1.500000e+01 2.289065e+01
      vertex   1.548535e+01 1.500000e+01 2.296048e+01
      vertex   2.483758e+01 1.500000e+01 2.299560e+01
    endloop
  endfacet
  facet normal 0.000000e+00 1.000000e+00 0.000000e+00
    outer loop
      vertex   2.483758e+01 1.500000e+01 2.299560e+01
      vertex   1.548535e+01 1.500000e+01 2.296048e+01
      vertex   1.483758e+01 1.500000e+01 2.299560e+01
    endloop
  endfacet
  facet normal 0.000000e+00 1.000000e+00 -0.000000e+00
    outer loop
      vertex   2.483758e+01 1.500000e+01 2.299560e+01
      vertex   1.483758e+01 1.500000e+01 2.299560e+01
      vertex   5.500000e+01 1.500000e+01 3.000000e+01
    endloop
  endfacet
  facet normal 0.000000e+00 1.000000e+00 0.000000e+00
    outer loop
      vertex   5.500000e+01 1.500000e+01 3.000000e+01
      vertex   1.483758e+01 1.500000e+01 2.299560e+01
      vertex   4.837583e+00 1.500000e+01 2.299560e+01
    endloop
  endfacet
  facet normal 0.000000e+00 1.000000e+00 0.000000e+00
    outer loop
      vertex   5.500000e+01 1.500000e+01 3.000000e+01
      vertex   4.837583e+00 1.500000e+01 2.299560e+01
      vertex   -5.500000e+01 1.500000e+01 3.000000e+01
    endloop
  endfacet
  facet normal 0.000000e+00 1.000000e+00 0.000000e+00
    outer loop
      vertex   1.798241e+01 1.500000e+01 1.967564e+01
      vertex   2.207014e+01 1.500000e+01 1.935509e+01
      vertex   1.784296e+01 1.500000e+01 1.904210e+01
    endloop
  endfacet
  facet normal -0.000000e+00 1.000000e+00 0.000000e+00
    outer loop
      vertex   1.784296e+01 1.500000e+01 1.904210e+01
      vertex   2.207014e+01 1.500000e+01 1.935509e+01
      vertex   2.227727e+01 1.500000e+01 1.874033e+01
    endloop
  endfacet
  facet normal 0.000000e+00 1.000000e+00 0.000000e+00
    outer loop
      vertex   1.784296e+01 1.500000e+01 1.904210e+01
      vertex   2.227727e+01 1.500000e+01 1.874033e+01
      vertex   1.757057e+01 1.500000e+01 1.845334e+01
    endloop
  endfacet
  facet normal -0.000000e+00 1.000000e+00 0.000000e+00
    outer loop
      vertex   1.757057e+01 1.500000e+01 1.845334e+01
      vertex   2.227727e+01 1.500000e+01 1.874033e+01
      vertex   2.261172e+01 1.500000e+01 1.818448e+01
    endloop
  endfacet
  facet normal 0.000000e+00 1.000000e+00 0.000000e+00
    outer loop
      vertex   1.757057e+01 1.500000e+01 1.845334e+01
      vertex   2.261172e+01 1.500000e+01 1.818448e+01
      vertex   1.717799e+01 1.500000e+01 1.793690e+01
    endloop
  endfacet
  facet normal -0.000000e+00 1.000000e+00 0.000000e+00
    outer loop
      vertex   1.717799e+01 1.500000e+01 1.793690e+01
      vertex   2.261172e+01 1.500000e+01 1.818448e+01
      vertex   2.305784e+01 1.500000e+01 1.771351e+01
    endloop
  endfacet
  facet normal 0.000000e+00 1.000000e+00 0.000000e+00
    outer loop
      vertex   1.717799e+01 1.500000e+01 1.793690e+01
      vertex   2.305784e+01 1.500000e+01 1.771351e+01
      vertex   1.668356e+01 1.500000e+01 1.751693e+01
    endloop
  endfacet
  facet normal -0.000000e+00 1.000000e+00 0.000000e+00
    outer loop
      vertex   1.668356e+01 1.500000e+01 1.751693e+01
      vertex   2.305784e+01 1.500000e+01 1.771351e+01
      vertex   2.359477e+01 1.500000e+01 1.734946e+01
    endloop
  endfacet
  facet normal 0.000000e+00 1.000000e+00 0.000000e+00
    outer loop
      vertex   1.668356e+01 1.500000e+01 1.751693e+01
      vertex   2.359477e+01 1.500000e+01 1.734946e+01
      vertex   1.611041e+01 1.500000e+01 1.721307e+01
    endloop
  endfacet
  facet normal -0.000000e+00 1.000000e+00 0.000000e+00
    outer loop
      vertex   1.611041e+01 1.500000e+01 1.721307e+01
      vertex   2.359477e+01 1.500000e+01 1.734946e+01
      vertex   2.419741e+01 1.500000e+01 1.710935e+01
    endloop
  endfacet
  facet normal 0.000000e+00 1.000000e+00 0.000000e+00
    outer loop
      vertex   1.611041e+01 1.500000e+01 1.721307e+01
      vertex   2.419741e+01 1.500000e+01 1.710935e+01
      vertex   1.548535e+01 1.500000e+01 1.703952e+01
    endloop
  endfacet
  facet normal -0.000000e+00 1.000000e+00 0.000000e+00
    outer loop
      vertex   1.548535e+01 1.500000e+01 1.703952e+01
      vertex   2.419741e+01 1.500000e+01 1.710935e+01
      vertex   1.548535e+01 1.500000e+01 1.296048e+01
    endloop
  endfacet
  facet normal 0.000000e+00 1.000000e+00 0.000000e+00
    outer loop
      vertex   1.548535e+01 1.500000e+01 1.703952e+01
      vertex   1.548535e+01 1.500000e+01 1.296048e+01
      vertex   1.483758e+01 1.500000e+01 1.299560e+01
    endloop
  endfacet
  facet normal 0.000000e+00 1.000000e+00 0.000000e+00
    outer loop
      vertex   2.483758e+01 1.500000e+01 1.700440e+01
      vertex   2.483758e+01 1.500000e+01 1.299560e+01
      vertex   2.419741e+01 1.500000e+01 1.710935e+01
    endloop
  endfacet
  facet normal 0.000000e+00 1.000000e+00 0.000000e+00
    outer loop
      vertex   2.419741e+01 1.500000e+01 1.710935e+01
      vertex   2.483758e+01 1.500000e+01 1.299560e+01
      vertex   2.419741e+01 1.500000e+01 1.289065e+01
    endloop
  endfacet
  facet normal 0.000000e+00 1.000000e+00 0.000000e+00
    outer loop
      vertex   2.419741e+01 1.500000e+01 1.710935e+01
      vertex   2.419741e+01 1.500000e+01 1.289065e+01
      vertex   1.548535e+01 1.500000e+01 1.296048e+01
    endloop
  endfacet
  facet normal 0.000000e+00 1.000000e+00 0.000000e+00
    outer loop
      vertex   1.548535e+01 1.500000e+01 1.296048e+01
      vertex   2.419741e+01 1.500000e+01 1.289065e+01
      vertex   1.611041e+01 1.500000e+01 1.278693e+01
    endloop
  endfacet
  facet normal -0.000000e+00 1.000000e+00 0.000000e+00
    outer loop
      vertex   1.611041e+01 1.500000e+01 1.278693e+01
      vertex   2.419741e+01 1.500000e+01 1.289065e+01
      vertex   2.359477e+01 1.500000e+01 1.265054e+01
    endloop
  endfacet
  facet normal 0.000000e+00 1.000000e+00 0.000000e+00
    outer loop
      vertex   1.611041e+01 1.500000e+01 1.278693e+01
      vertex   2.359477e+01 1.500000e+01 1.265054e+01
      vertex   1.668356e+01 1.500000e+01 1.248307e+01
    endloop
  endfacet
  facet normal -0.000000e+00 1.000000e+00 0.000000e+00
    outer loop
      vertex   1.668356e+01 1.500000e+01 1.248307e+01
      vertex   2.359477e+01 1.500000e+01 1.265054e+01
      vertex   2.305784e+01 1.500000e+01 1.228649e+01
    endloop
  endfacet
  facet normal 0.000000e+00 1.000000e+00 0.000000e+00
    outer loop
      vertex   1.668356e+01 1.500000e+01 1.248307e+01
      vertex   2.305784e+01 1.500000e+01 1.228649e+01
      vertex   1.717799e+01 1.500000e+01 1.206310e+01
    endloop
  endfacet
  facet normal -0.000000e+00 1.000000e+00 0.000000e+00
    outer loop
      vertex   1.717799e+01 1.500000e+01 1.206310e+01
      vertex   2.305784e+01 1.500000e+01 1.228649e+01
      vertex   2.261172e+01 1.500000e+01 1.181552e+01
    endloop
  endfacet
  facet normal 0.000000e+00 1.000000e+00 0.000000e+00
    outer loop
      vertex   1.717799e+01 1.500000e+01 1.206310e+01
      vertex   2.261172e+01 1.500000e+01 1.181552e+01
      vertex   1.757057e+01 1.500000e+01 1.154666e+01
    endloop
  endfacet
  facet normal -0.000000e+00 1.000000e+00 0.000000e+00
    outer loop
      vertex   1.757057e+01 1.500000e+01 1.154666e+01
      vertex   2.261172e+01 1.500000e+01 1.181552e+01
      vertex   2.227727e+01 1.500000e+01 1.125967e+01
    endloop
  endfacet
  facet normal 0.000000e+00 1.000000e+00 0.000000e+00
    outer loop
      vertex   1.757057e+01 1.500000e+01 1.154666e+01
      vertex   2.227727e+01 1.500000e+01 1.125967e+01
      vertex   1.784296e+01 1.500000e+01 1.095790e+01
    endloop
  endfacet
  facet normal -0.000000e+00 1.000000e+00 0.000000e+00
    outer loop
      vertex   1.784296e+01 1.500000e+01 1.095790e+01
      vertex   2.227727e+01 1.500000e+01 1.125967e+01
      vertex   2.207014e+01 1.500000e+01 1.064491e+01
    endloop
  endfacet
  facet normal 0.000000e+00 1.000000e+00 0.000000e+00
    outer loop
      vertex   1.784296e+01 1.500000e+01 1.095790e+01
      vertex   2.207014e+01 1.500000e+01 1.064491e+01
      vertex   1.798241e+01 1.500000e+01 1.032436e+01
    endloop
  endfacet
  facet normal -0.000000e+00 1.000000e+00 0.000000e+00
    outer loop
      vertex   1.798241e+01 1.500000e+01 1.032436e+01
      vertex   2.207014e+01 1.500000e+01 1.064491e+01
      vertex   2.200000e+01 1.500000e+01 1.000000e+01
    endloop
  endfacet
  facet normal 0.000000e+00 1.000000e+00 0.000000e+00
    outer loop
      vertex   1.798241e+01 1.500000e+01 1.032436e+01
      vertex   2.200000e+01 1.500000e+01 1.000000e+01
      vertex   1.798241e+01 1.500000e+01 9.675643e+00
    endloop
  endfacet
  facet normal -0.000000e+00 1.000000e+00 0.000000e+00
    outer loop
      vertex   1.798241e+01 1.500000e+01 9.675643e+00
      vertex   2.200000e+01 1.500000e+01 1.000000e+01
      vertex   2.207014e+01 1.500000e+01 9.355089e+00
    endloop
  endfacet
  facet normal 0.000000e+00 1.000000e+00 0.000000e+00
    outer loop
      vertex   1.798241e+01 1.500000e+01 9.675643e+00
      vertex   2.207014e+01 1.500000e+01 9.355089e+00
      vertex   1.784296e+01 1.500000e+01 9.042095e+00
    endloop
  endfacet
  facet normal -0.000000e+00 1.000000e+00 0.000000e+00
    outer loop
      vertex   1.784296e+01 1.500000e+01 9.042095e+00
      vertex   2.207014e+01 1.500000e+01 9.355089e+00
      vertex   2.227727e+01 1.500000e+01 8.740333e+00
    endloop
  endfacet
  facet normal 0.000000e+00 1.000000e+00 0.000000e+00
    outer loop
      vertex   1.784296e+01 1.500000e+01 9.042095e+00
      vertex   2.227727e+01 1.500000e+01 8.740333e+00
      vertex   1.757057e+01 1.500000e+01 8.453338e+00
    endloop
  endfacet
  facet normal -0.000000e+00 1.000000e+00 0.000000e+00
    outer loop
      vertex   1.757057e+01 1.500000e+01 8.453338e+00
      vertex   2.227727e+01 1.500000e+01 8.740333e+00
      vertex   2.261172e+01 1.500000e+01 8.184477e+00
    endloop
  endfacet
  facet normal 0.000000e+00 1.000000e+00 0.000000e+00
    outer loop
      vertex   1.757057e+01 1.500000e+01 8.453338e+00
      vertex   2.261172e+01 1.500000e+01 8.184477e+00
      vertex   1.717799e+01 1.500000e+01 7.936902e+00
    endloop
  endfacet
  facet normal -0.000000e+00 1.000000e+00 0.000000e+00
    outer loop
      vertex   1.717799e+01 1.500000e+01 7.936902e+00
      vertex   2.261172e+01 1.500000e+01 8.184477e+00
      vertex   2.305784e+01 1.500000e+01 7.713514e+00
    endloop
  endfacet
  facet normal 0.000000e+00 1.000000e+00 0.000000e+00
    outer loop
      vertex   1.717799e+01 1.500000e+01 7.936902e+00
      vertex   2.305784e+01 1.500000e+01 7.713514e+00
      vertex   1.668356e+01 1.500000e+01 7.516933e+00
    endloop
  endfacet
  facet normal -0.000000e+00 1.000000e+00 0.000000e+00
    outer loop
      vertex   1.668356e+01 1.500000e+01 7.516933e+00
      vertex   2.305784e+01 1.500000e+01 7.713514e+00
      vertex   2.359477e+01 1.500000e+01 7.349464e+00
    endloop
  endfacet
  facet normal 0.000000e+00 1.000000e+00 0.000000e+00
    outer loop
      vertex   1.668356e+01 1.500000e+01 7.516933e+00
      vertex   2.359477e+01 1.500000e+01 7.349464e+00
      vertex   1.611041e+01 1.500000e+01 7.213070e+00
    endloop
  endfacet
  facet normal -0.000000e+00 1.000000e+00 0.000000e+00
    outer loop
      vertex   1.611041e+01 1.500000e+01 7.213070e+00
      vertex   2.359477e+01 1.500000e+01 7.349464e+00
      vertex   2.419741e+01 1.500000e+01 7.109350e+00
    endloop
  endfacet
  facet normal 0.000000e+00 1.000000e+00 0.000000e+00
    outer loop
      vertex   1.611041e+01 1.500000e+01 7.213070e+00
      vertex   2.419741e+01 1.500000e+01 7.109350e+00
      vertex   1.548535e+01 1.500000e+01 7.039520e+00
    endloop
  endfacet
  facet normal -0.000000e+00 1.000000e+00 0.000000e+00
    outer loop
      vertex   1.548535e+01 1.500000e+01 7.039520e+00
      vertex   2.419741e+01 1.500000e+01 7.109350e+00
      vertex   1.548535e+01 1.500000e+01 2.960480e+00
    endloop
  endfacet
  facet normal 0.000000e+00 1.000000e+00 0.000000e+00
    outer loop
      vertex   1.548535e+01 1.500000e+01 7.039520e+00
      vertex   1.548535e+01 1.500000e+01 2.960480e+00
      vertex   1.483758e+01 1.500000e+01 2.995600e+00
    endloop
  endfacet
  facet normal -0.000000e+00 1.000000e+00 0.000000e+00
    outer loop
      vertex   2.483758e+01 1.500000e+01 1.700440e+01
      vertex   2.548535e+01 1.500000e+01 1.703952e+01
      vertex   2.483758e+01 1.500000e+01 1.299560e+01
    endloop
  endfacet
  facet normal -0.000000e+00 1.000000e+00 0.000000e+00
    outer loop
      vertex   2.483758e+01 1.500000e+01 1.299560e+01
      vertex   2.548535e+01 1.500000e+01 1.703952e+01
      vertex   2.548535e+01 1.500000e+01 1.296048e+01
    endloop
  endfacet
  facet normal 0.000000e+00 1.000000e+00 0.000000e+00
    outer loop
      vertex   2.548535e+01 1.500000e+01 1.296048e+01
      vertex   2.548535e+01 1.500000e+01 1.703952e+01
      vertex   3.419741e+01 1.500000e+01 1.710935e+01
    endloop
  endfacet
  facet normal -0.000000e+00 1.000000e+00 0.000000e+00
    outer loop
      vertex   2.548535e+01 1.500000e+01 1.296048e+01
      vertex   3.419741e+01 1.500000e+01 1.710935e+01
      vertex   3.419741e+01 1.500000e+01 1.289065e+01
    endloop
  endfacet
  facet normal 0.000000e+00 1.000000e+00 0.000000e+00
    outer loop
      vertex   3.419741e+01 1.500000e+01 1.289065e+01
      vertex   3.419741e+01 1.500000e+01 1.710935e+01
      vertex   3.483758e+01 1.500000e+01 1.299560e+01
    endloop
  endfacet
  facet normal 0.000000e+00 1.000000e+00 -0.000000e+00
    outer loop
      vertex   3.483758e+01 1.500000e+01 1.299560e+01
      vertex   3.419741e+01 1.500000e+01 1.710935e+01
      vertex   3.483758e+01 1.500000e+01 1.700440e+01
    endloop
  endfacet
  facet normal 0.000000e+00 1.000000e+00 0.000000e+00
    outer loop
      vertex   3.483758e+01 1.500000e+01 1.299560e+01
      vertex   3.483758e+01 1.500000e+01 1.700440e+01
      vertex   3.548535e+01 1.500000e+01 1.703952e+01
    endloop
  endfacet
  facet normal 0.000000e+00 1.000000e+00 0.000000e+00
    outer loop
      vertex   2.548535e+01 1.500000e+01 1.703952e+01
      vertex   2.611041e+01 1.500000e+01 1.721307e+01
      vertex   3.419741e+01 1.500000e+01 1.710935e+01
    endloop
  endfacet
  facet normal 0.000000e+00 1.000000e+00 0.000000e+00
    outer loop
      vertex   3.419741e+01 1.500000e+01 1.710935e+01
      vertex   2.611041e+01 1.500000e+01 1.721307e+01
      vertex   3.359477e+01 1.500000e+01 1.734946e+01
    endloop
  endfacet
  facet normal 0.000000e+00 1.000000e+00 0.000000e+00
    outer loop
      vertex   3.359477e+01 1.500000e+01 1.734946e+01
      vertex   2.611041e+01 1.500000e+01 1.721307e+01
      vertex   2.668356e+01 1.500000e+01 1.751693e+01
    endloop
  endfacet
  facet normal 0.000000e+00 1.000000e+00 0.000000e+00
    outer loop
      vertex   3.359477e+01 1.500000e+01 1.734946e+01
      vertex   2.668356e+01 1.500000e+01 1.751693e+01
      vertex   3.305784e+01 1.500000e+01 1.771351e+01
    endloop
  endfacet
  facet normal 0.000000e+00 1.000000e+00 0.000000e+00
    outer loop
      vertex   3.305784e+01 1.500000e+01 1.771351e+01
      vertex   2.668356e+01 1.500000e+01 1.751693e+01
      vertex   2.717799e+01 1.500000e+01 1.793690e+01
    endloop
  endfacet
  facet normal 0.000000e+00 1.000000e+00 0.000000e+00
    outer loop
      vertex   3.305784e+01 1.500000e+01 1.771351e+01
      vertex   2.717799e+01 1.500000e+01 1.793690e+01
      vertex   3.261172e+01 1.500000e+01 1.818448e+01
    endloop
  endfacet
  facet normal 0.000000e+00 1.000000e+00 0.000000e+00
    outer loop
      vertex   3.261172e+01 1.500000e+01 1.818448e+01
      vertex   2.717799e+01 1.500000e+01 1.793690e+01
      vertex   2.757057e+01 1.500000e+01 1.845334e+01
    endloop
  endfacet
  facet normal 0.000000e+00 1.000000e+00 0.000000e+00
    outer loop
      vertex   3.261172e+01 1.500000e+01 1.818448e+01
      vertex   2.757057e+01 1.500000e+01 1.845334e+01
      vertex   3.227727e+01 1.500000e+01 1.874033e+01
    endloop
  endfacet
  facet normal 0.000000e+00 1.000000e+00 0.000000e+00
    outer loop
      vertex   3.227727e+01 1.500000e+01 1.874033e+01
      vertex   2.757057e+01 1.500000e+01 1.845334e+01
      vertex   2.784296e+01 1.500000e+01 1.904210e+01
    endloop
  endfacet
  facet normal 0.000000e+00 1.000000e+00 0.000000e+00
    outer loop
      vertex   3.227727e+01 1.500000e+01 1.874033e+01
      vertex   2.784296e+01 1.500000e+01 1.904210e+01
      vertex   3.207014e+01 1.500000e+01 1.935509e+01
    endloop
  endfacet
  facet normal 0.000000e+00 1.000000e+00 0.000000e+00
    outer loop
      vertex   3.207014e+01 1.500000e+01 1.935509e+01
      vertex   2.784296e+01 1.500000e+01 1.904210e+01
      vertex   2.798241e+01 1.500000e+01 1.967564e+01
    endloop
  endfacet
  facet normal 0.000000e+00 1.000000e+00 0.000000e+00
    outer loop
      vertex   3.207014e+01 1.500000e+01 1.935509e+01
      vertex   2.798241e+01 1.500000e+01 1.967564e+01
      vertex   3.200000e+01 1.500000e+01 2.000000e+01
    endloop
  endfacet
  facet normal 0.000000e+00 1.000000e+00 0.000000e+00
    outer loop
      vertex   3.200000e+01 1.500000e+01 2.000000e+01
      vertex   2.798241e+01 1.500000e+01 1.967564e+01
      vertex   2.798241e+01 1.500000e+01 2.032436e+01
    endloop
  endfacet
  facet normal 0.000000e+00 1.000000e+00 -0.000000e+00
    outer loop
      vertex   3.200000e+01 1.500000e+01 2.000000e+01
      vertex   2.798241e+01 1.500000e+01 2.032436e+01
      vertex   3.207014e+01 1.500000e+01 2.064491e+01
    endloop
  endfacet
  facet normal 0.000000e+00 1.000000e+00 0.000000e+00
    outer loop
      vertex   3.207014e+01 1.500000e+01 2.064491e+01
      vertex   2.798241e+01 1.500000e+01 2.032436e+01
      vertex   2.784296e+01 1.500000e+01 2.095790e+01
    endloop
  endfacet
  facet normal 0.000000e+00 1.000000e+00 -0.000000e+00
    outer loop
      vertex   3.207014e+01 1.500000e+01 2.064491e+01
      vertex   2.784296e+01 1.500000e+01 2.095790e+01
      vertex   3.227727e+01 1.500000e+01 2.125967e+01
    endloop
  endfacet
  facet normal 0.000000e+00 1.000000e+00 0.000000e+00
    outer loop
      vertex   3.227727e+01 1.500000e+01 2.125967e+01
      vertex   2.784296e+01 1.500000e+01 2.095790e+01
      vertex   2.757057e+01 1.500000e+01 2.154666e+01
    endloop
  endfacet
  facet normal 0.000000e+00 1.000000e+00 -0.000000e+00
    outer loop
      vertex   3.227727e+01 1.500000e+01 2.125967e+01
      vertex   2.757057e+01 1.500000e+01 2.154666e+01
      vertex   3.261172e+01 1.500000e+01 2.181552e+01
    endloop
  endfacet
  facet normal 0.000000e+00 1.000000e+00 0.000000e+00
    outer loop
      vertex   3.261172e+01 1.500000e+01 2.181552e+01
      vertex   2.757057e+01 1.500000e+01 2.154666e+01
      vertex   2.717799e+01 1.500000e+01 2.206310e+01
    endloop
  endfacet
  facet normal 0.000000e+00 1.000000e+00 -0.000000e+00
    outer loop
      vertex   3.261172e+01 1.500000e+01 2.181552e+01
      vertex   2.717799e+01 1.500000e+01 2.206310e+01
      vertex   3.305784e+01 1.500000e+01 2.228649e+01
    endloop
  endfacet
  facet normal 0.000000e+00 1.000000e+00 0.000000e+00
    outer loop
      vertex   3.305784e+01 1.500000e+01 2.228649e+01
      vertex   2.717799e+01 1.500000e+01 2.206310e+01
      vertex   2.668356e+01 1.500000e+01 2.248307e+01
    endloop
  endfacet
  facet normal 0.000000e+00 1.000000e+00 -0.000000e+00
    outer loop
      vertex   3.305784e+01 1.500000e+01 2.228649e+01
      vertex   2.668356e+01 1.500000e+01 2.248307e+01
      vertex   3.359477e+01 1.500000e+01 2.265054e+01
    endloop
  endfacet
  facet normal 0.000000e+00 1.000000e+00 0.000000e+00
    outer loop
      vertex   3.359477e+01 1.500000e+01 2.265054e+01
      vertex   2.668356e+01 1.500000e+01 2.248307e+01
      vertex   2.611041e+01 1.500000e+01 2.278693e+01
    endloop
  endfacet
  facet normal 0.000000e+00 1.000000e+00 -0.000000e+00
    outer loop
      vertex   3.359477e+01 1.500000e+01 2.265054e+01
      vertex   2.611041e+01 1.500000e+01 2.278693e+01
      vertex   3.419741e+01 1.500000e+01 2.289065e+01
    endloop
  endfacet
  facet normal 0.000000e+00 1.000000e+00 0.000000e+00
    outer loop
      vertex   3.419741e+01 1.500000e+01 2.289065e+01
      vertex   2.611041e+01 1.500000e+01 2.278693e+01
      vertex   2.548535e+01 1.500000e+01 2.296048e+01
    endloop
  endfacet
  facet normal 0.000000e+00 1.000000e+00 -0.000000e+00
    outer loop
      vertex   3.419741e+01 1.500000e+01 2.289065e+01
      vertex   2.548535e+01 1.500000e+01 2.296048e+01
      vertex   3.483758e+01 1.500000e+01 2.299560e+01
    endloop
  endfacet
  facet normal 0.000000e+00 1.000000e+00 -0.000000e+00
    outer loop
      vertex   3.483758e+01 1.500000e+01 2.299560e+01
      vertex   2.548535e+01 1.500000e+01 2.296048e+01
      vertex   5.500000e+01 1.500000e+01 3.000000e+01
    endloop
  endfacet
  facet normal -0.000000e+00 1.000000e+00 0.000000e+00
    outer loop
      vertex   3.483758e+01 1.500000e+01 2.299560e+01
      vertex   5.500000e+01 1.500000e+01 3.000000e+01
      vertex   3.548535e+01 1.500000e+01 2.296048e+01
    endloop
  endfacet
  facet normal 0.000000e+00 1.000000e+00 0.000000e+00
    outer loop
      vertex   3.548535e+01 1.500000e+01 2.296048e+01
      vertex   5.500000e+01 1.500000e+01 3.000000e+01
      vertex   4.483758e+01 1.500000e+01 2.299560e+01
    endloop
  endfacet
  facet normal -0.000000e+00 1.000000e+00 0.000000e+00
    outer loop
      vertex   3.548535e+01 1.500000e+01 2.296048e+01
      vertex   4.483758e+01 1.500000e+01 2.299560e+01
      vertex   4.419741e+01 1.500000e+01 2.289065e+01
    endloop
  endfacet
  facet normal 0.000000e+00 1.000000e+00 -0.000000e+00
    outer loop
      vertex   2.548535e+01 1.500000e+01 2.296048e+01
      vertex   2.483758e+01 1.500000e+01 2.299560e+01
      vertex   5.500000e+01 1.500000e+01 3.000000e+01
    endloop
  endfacet
  facet normal 0.000000e+00 1.000000e+00 0.000000e+00
    outer loop
      vertex   1.207014e+01 1.500000e+01 9.355089e+00
      vertex   7.982414e+00 1.500000e+01 9.675643e+00
      vertex   1.200000e+01 1.500000e+01 1.000000e+01
    endloop
  endfacet
  facet normal 0.000000e+00 1.000000e+00 0.000000e+00
    outer loop
      vertex   1.200000e+01 1.500000e+01 1.000000e+01
      vertex   7.982414e+00 1.500000e+01 9.675643e+00
      vertex   7.982414e+00 1.500000e+01 1.032436e+01
    endloop
  endfacet
  facet normal 0.000000e+00 1.000000e+00 -0.000000e+00
    outer loop
      vertex   1.200000e+01 1.500000e+01 1.000000e+01
      vertex   7.982414e+00 1.500000e+01 1.032436e+01
      vertex   1.207014e+01 1.500000e+01 1.064491e+01
    endloop
  endfacet
  facet normal 0.000000e+00 1.000000e+00 0.000000e+00
    outer loop
      vertex   1.207014e+01 1.500000e+01 1.064491e+01
      vertex   7.982414e+00 1.500000e+01 1.032436e+01
      vertex   7.842960e+00 1.500000e+01 1.095790e+01
    endloop
  endfacet
  facet normal 0.000000e+00 1.000000e+00 -0.000000e+00
    outer loop
      vertex   1.207014e+01 1.500000e+01 1.064491e+01
      vertex   7.842960e+00 1.500000e+01 1.095790e+01
      vertex   1.227727e+01 1.500000e+01 1.125967e+01
    endloop
  endfacet
  facet normal 0.000000e+00 1.000000e+00 0.000000e+00
    outer loop
      vertex   1.227727e+01 1.500000e+01 1.125967e+01
      vertex   7.842960e+00 1.500000e+01 1.095790e+01
      vertex   7.570572e+00 1.500000e+01 1.154666e+01
    endloop
  endfacet
  facet normal 0.000000e+00 1.000000e+00 -0.000000e+00
    outer loop
      vertex   1.227727e+01 1.500000e+01 1.125967e+01
      vertex   7.570572e+00 1.500000e+01 1.154666e+01
      vertex   1.261172e+01 1.500000e+01 1.181552e+01
    endloop
  endfacet
  facet normal 0.000000e+00 1.000000e+00 0.000000e+00
    outer loop
      vertex   1.261172e+01 1.500000e+01 1.181552e+01
      vertex   7.570572e+00 1.500000e+01 1.154666e+01
      vertex   7.177986e+00 1.500000e+01 1.206310e+01
    endloop
  endfacet
  facet normal 0.000000e+00 1.000000e+00 -0.000000e+00
    outer loop
      vertex   1.261172e+01 1.500000e+01 1.181552e+01
      vertex   7.177986e+00 1.500000e+01 1.206310e+01
      vertex   1.305784e+01 1.500000e+01 1.228649e+01
    endloop
  endfacet
  facet normal 0.000000e+00 1.000000e+00 0.000000e+00
    outer loop
      vertex   1.305784e+01 1.500000e+01 1.228649e+01
      vertex   7.177986e+00 1.500000e+01 1.206310e+01
      vertex   6.683561e+00 1.500000e+01 1.248307e+01
    endloop
  endfacet
  facet normal 0.000000e+00 1.000000e+00 -0.000000e+00
    outer loop
      vertex   1.305784e+01 1.500000e+01 1.228649e+01
      vertex   6.683561e+00 1.500000e+01 1.248307e+01
      vertex   1.359477e+01 1.500000e+01 1.265054e+01
    endloop
  endfacet
  facet normal 0.000000e+00 1.000000e+00 0.000000e+00
    outer loop
      vertex   1.359477e+01 1.500000e+01 1.265054e+01
      vertex   6.683561e+00 1.500000e+01 1.248307e+01
      vertex   6.110414e+00 1.500000e+01 1.278693e+01
    endloop
  endfacet
  facet normal 0.000000e+00 1.000000e+00 -0.000000e+00
    outer loop
      vertex   1.359477e+01 1.500000e+01 1.265054e+01
      vertex   6.110414e+00 1.500000e+01 1.278693e+01
      vertex   1.419741e+01 1.500000e+01 1.289065e+01
    endloop
  endfacet
  facet normal 0.000000e+00 1.000000e+00 0.000000e+00
    outer loop
      vertex   1.419741e+01 1.500000e+01 1.289065e+01
      vertex   6.110414e+00 1.500000e+01 1.278693e+01
      vertex   5.485346e+00 1.500000e+01 1.296048e+01
    endloop
  endfacet
  facet normal 0.000000e+00 1.000000e+00 -0.000000e+00
    outer loop
      vertex   1.419741e+01 1.500000e+01 1.289065e+01
      vertex   5.485346e+00 1.500000e+01 1.296048e+01
      vertex   1.419741e+01 1.500000e+01 1.710935e+01
    endloop
  endfacet
  facet normal 0.000000e+00 1.000000e+00 0.000000e+00
    outer loop
      vertex   1.419741e+01 1.500000e+01 1.710935e+01
      vertex   5.485346e+00 1.500000e+01 1.296048e+01
      vertex   5.485346e+00 1.500000e+01 1.703952e+01
    endloop
  endfacet
  facet normal 0.000000e+00 1.000000e+00 0.000000e+00
    outer loop
      vertex   1.419741e+01 1.500000e+01 1.710935e+01
      vertex   5.485346e+00 1.500000e+01 1.703952e+01
      vertex   6.110414e+00 1.500000e+01 1.721307e+01
    endloop
  endfacet
  facet normal 0.000000e+00 1.000000e+00 0.000000e+00
    outer loop
      vertex   7.982414e+00 1.500000e+01 9.675643e+00
      vertex   1.207014e+01 1.500000e+01 9.355089e+00
      vertex   7.842960e+00 1.500000e+01 9.042095e+00
    endloop
  endfacet
  facet normal -0.000000e+00 1.000000e+00 0.000000e+00
    outer loop
      vertex   7.842960e+00 1.500000e+01 9.042095e+00
      vertex   1.207014e+01 1.500000e+01 9.355089e+00
      vertex   1.227727e+01 1.500000e+01 8.740333e+00
    endloop
  endfacet
  facet normal 0.000000e+00 1.000000e+00 0.000000e+00
    outer loop
      vertex   7.842960e+00 1.500000e+01 9.042095e+00
      vertex   1.227727e+01 1.500000e+01 8.740333e+00
      vertex   7.570572e+00 1.500000e+01 8.453338e+00
    endloop
  endfacet
  facet normal -0.000000e+00 1.000000e+00 0.000000e+00
    outer loop
      vertex   7.570572e+00 1.500000e+01 8.453338e+00
      vertex   1.227727e+01 1.500000e+01 8.740333e+00
      vertex   1.261172e+01 1.500000e+01 8.184477e+00
    endloop
  endfacet
  facet normal 0.000000e+00 1.000000e+00 0.000000e+00
    outer loop
      vertex   7.570572e+00 1.500000e+01 8.453338e+00
      vertex   1.261172e+01 1.500000e+01 8.184477e+00
      vertex   7.177986e+00 1.500000e+01 7.936902e+00
    endloop
  endfacet
  facet normal -0.000000e+00 1.000000e+00 0.000000e+00
    outer loop
      vertex   7.177986e+00 1.500000e+01 7.936902e+00
      vertex   1.261172e+01 1.500000e+01 8.184477e+00
      vertex   1.305784e+01 1.500000e+01 7.713514e+00
    endloop
  endfacet
  facet normal 0.000000e+00 1.000000e+00 0.000000e+00
    outer loop
      vertex   7.177986e+00 1.500000e+01 7.936902e+00
      vertex   1.305784e+01 1.500000e+01 7.713514e+00
      vertex   6.683561e+00 1.500000e+01 7.516933e+00
    endloop
  endfacet
  facet normal -0.000000e+00 1.000000e+00 0.000000e+00
    outer loop
      vertex   6.683561e+00 1.500000e+01 7.516933e+00
      vertex   1.305784e+01 1.500000e+01 7.713514e+00
      vertex   1.359477e+01 1.500000e+01 7.349464e+00
    endloop
  endfacet
  facet normal 0.000000e+00 1.000000e+00 0.000000e+00
    outer loop
      vertex   6.683561e+00 1.500000e+01 7.516933e+00
      vertex   1.359477e+01 1.500000e+01 7.349464e+00
      vertex   6.110414e+00 1.500000e+01 7.213070e+00
    endloop
  endfacet
  facet normal -0.000000e+00 1.000000e+00 0.000000e+00
    outer loop
      vertex   6.110414e+00 1.500000e+01 7.213070e+00
      vertex   1.359477e+01 1.500000e+01 7.349464e+00
      vertex   1.419741e+01 1.500000e+01 7.109350e+00
    endloop
  endfacet
  facet normal 0.000000e+00 1.000000e+00 0.000000e+00
    outer loop
      vertex   6.110414e+00 1.500000e+01 7.213070e+00
      vertex   1.419741e+01 1.500000e+01 7.109350e+00
      vertex   5.485346e+00 1.500000e+01 7.039520e+00
    endloop
  endfacet
  facet normal -0.000000e+00 1.000000e+00 0.000000e+00
    outer loop
      vertex   5.485346e+00 1.500000e+01 7.039520e+00
      vertex   1.419741e+01 1.500000e+01 7.109350e+00
      vertex   5.485346e+00 1.500000e+01 2.960480e+00
    endloop
  endfacet
  facet normal 0.000000e+00 1.000000e+00 0.000000e+00
    outer loop
      vertex   5.485346e+00 1.500000e+01 7.039520e+00
      vertex   5.485346e+00 1.500000e+01 2.960480e+00
      vertex   4.837583e+00 1.500000e+01 2.995600e+00
    endloop
  endfacet
  facet normal 0.000000e+00 1.000000e+00 0.000000e+00
    outer loop
      vertex   1.483758e+01 1.500000e+01 7.004400e+00
      vertex   1.483758e+01 1.500000e+01 2.995600e+00
      vertex   1.419741e+01 1.500000e+01 7.109350e+00
    endloop
  endfacet
  facet normal 0.000000e+00 1.000000e+00 0.000000e+00
    outer loop
      vertex   1.419741e+01 1.500000e+01 7.109350e+00
      vertex   1.483758e+01 1.500000e+01 2.995600e+00
      vertex   1.419741e+01 1.500000e+01 2.890650e+00
    endloop
  endfacet
  facet normal 0.000000e+00 1.000000e+00 0.000000e+00
    outer loop
      vertex   1.419741e+01 1.500000e+01 7.109350e+00
      vertex   1.419741e+01 1.500000e+01 2.890650e+00
      vertex   5.485346e+00 1.500000e+01 2.960480e+00
    endloop
  endfacet
  facet normal 0.000000e+00 1.000000e+00 0.000000e+00
    outer loop
      vertex   5.485346e+00 1.500000e+01 2.960480e+00
      vertex   1.419741e+01 1.500000e+01 2.890650e+00
      vertex   6.110414e+00 1.500000e+01 2.786930e+00
    endloop
  endfacet
  facet normal -0.000000e+00 1.000000e+00 0.000000e+00
    outer loop
      vertex   6.110414e+00 1.500000e+01 2.786930e+00
      vertex   1.419741e+01 1.500000e+01 2.890650e+00
      vertex   1.359477e+01 1.500000e+01 2.650536e+00
    endloop
  endfacet
  facet normal 0.000000e+00 1.000000e+00 0.000000e+00
    outer loop
      vertex   6.110414e+00 1.500000e+01 2.786930e+00
      vertex   1.359477e+01 1.500000e+01 2.650536e+00
      vertex   6.683561e+00 1.500000e+01 2.483067e+00
    endloop
  endfacet
  facet normal -0.000000e+00 1.000000e+00 0.000000e+00
    outer loop
      vertex   6.683561e+00 1.500000e+01 2.483067e+00
      vertex   1.359477e+01 1.500000e+01 2.650536e+00
      vertex   1.305784e+01 1.500000e+01 2.286486e+00
    endloop
  endfacet
  facet normal 0.000000e+00 1.000000e+00 0.000000e+00
    outer loop
      vertex   6.683561e+00 1.500000e+01 2.483067e+00
      vertex   1.305784e+01 1.500000e+01 2.286486e+00
      vertex   7.177986e+00 1.500000e+01 2.063098e+00
    endloop
  endfacet
  facet normal -0.000000e+00 1.000000e+00 0.000000e+00
    outer loop
      vertex   7.177986e+00 1.500000e+01 2.063098e+00
      vertex   1.305784e+01 1.500000e+01 2.286486e+00
      vertex   1.261172e+01 1.500000e+01 1.815523e+00
    endloop
  endfacet
  facet normal 0.000000e+00 1.000000e+00 0.000000e+00
    outer loop
      vertex   7.177986e+00 1.500000e+01 2.063098e+00
      vertex   1.261172e+01 1.500000e+01 1.815523e+00
      vertex   7.570572e+00 1.500000e+01 1.546662e+00
    endloop
  endfacet
  facet normal -0.000000e+00 1.000000e+00 0.000000e+00
    outer loop
      vertex   7.570572e+00 1.500000e+01 1.546662e+00
      vertex   1.261172e+01 1.500000e+01 1.815523e+00
      vertex   1.227727e+01 1.500000e+01 1.259667e+00
    endloop
  endfacet
  facet normal 0.000000e+00 1.000000e+00 0.000000e+00
    outer loop
      vertex   7.570572e+00 1.500000e+01 1.546662e+00
      vertex   1.227727e+01 1.500000e+01 1.259667e+00
      vertex   7.842960e+00 1.500000e+01 9.579046e-01
    endloop
  endfacet
  facet normal -0.000000e+00 1.000000e+00 0.000000e+00
    outer loop
      vertex   7.842960e+00 1.500000e+01 9.579046e-01
      vertex   1.227727e+01 1.500000e+01 1.259667e+00
      vertex   1.207014e+01 1.500000e+01 6.449113e-01
    endloop
  endfacet
  facet normal 0.000000e+00 1.000000e+00 0.000000e+00
    outer loop
      vertex   7.842960e+00 1.500000e+01 9.579046e-01
      vertex   1.207014e+01 1.500000e+01 6.449113e-01
      vertex   7.982414e+00 1.500000e+01 3.243571e-01
    endloop
  endfacet
  facet normal -0.000000e+00 1.000000e+00 0.000000e+00
    outer loop
      vertex   7.982414e+00 1.500000e+01 3.243571e-01
      vertex   1.207014e+01 1.500000e+01 6.449113e-01
      vertex   1.200000e+01 1.500000e+01 0.000000e+00
    endloop
  endfacet
  facet normal 0.000000e+00 1.000000e+00 0.000000e+00
    outer loop
      vertex   7.982414e+00 1.500000e+01 3.243571e-01
      vertex   1.200000e+01 1.500000e+01 0.000000e+00
      vertex   7.982414e+00 1.500000e+01 -3.243571e-01
    endloop
  endfacet
  facet normal -0.000000e+00 1.000000e+00 0.000000e+00
    outer loop
      vertex   7.982414e+00 1.500000e+01 -3.243571e-01
      vertex   1.200000e+01 1.500000e+01 0.000000e+00
      vertex   1.207014e+01 1.500000e+01 -6.449113e-01
    endloop
  endfacet
  facet normal 0.000000e+00 1.000000e+00 0.000000e+00
    outer loop
      vertex   7.982414e+00 1.500000e+01 -3.243571e-01
      vertex   1.207014e+01 1.500000e+01 -6.449113e-01
      vertex   7.842960e+00 1.500000e+01 -9.579046e-01
    endloop
  endfacet
  facet normal -0.000000e+00 1.000000e+00 0.000000e+00
    outer loop
      vertex   7.842960e+00 1.500000e+01 -9.579046e-01
      vertex   1.207014e+01 1.500000e+01 -6.449113e-01
      vertex   1.227727e+01 1.500000e+01 -1.259667e+00
    endloop
  endfacet
  facet normal 0.000000e+00 1.000000e+00 0.000000e+00
    outer loop
      vertex   7.842960e+00 1.500000e+01 -9.579046e-01
      vertex   1.227727e+01 1.500000e+01 -1.259667e+00
      vertex   7.570572e+00 1.500000e+01 -1.546662e+00
    endloop
  endfacet
  facet normal -0.000000e+00 1.000000e+00 0.000000e+00
    outer loop
      vertex   7.570572e+00 1.500000e+01 -1.546662e+00
      vertex   1.227727e+01 1.500000e+01 -1.259667e+00
      vertex   1.261172e+01 1.500000e+01 -1.815523e+00
    endloop
  endfacet
  facet normal 0.000000e+00 1.000000e+00 0.000000e+00
    outer loop
      vertex   7.570572e+00 1.500000e+01 -1.546662e+00
      vertex   1.261172e+01 1.500000e+01 -1.815523e+00
      vertex   7.177986e+00 1.500000e+01 -2.063098e+00
    endloop
  endfacet
  facet normal -0.000000e+00 1.000000e+00 0.000000e+00
    outer loop
      vertex   7.177986e+00 1.500000e+01 -2.063098e+00
      vertex   1.261172e+01 1.500000e+01 -1.815523e+00
      vertex   1.305784e+01 1.500000e+01 -2.286486e+00
    endloop
  endfacet
  facet normal 0.000000e+00 1.000000e+00 0.000000e+00
    outer loop
      vertex   7.177986e+00 1.500000e+01 -2.063098e+00
      vertex   1.305784e+01 1.500000e+01 -2.286486e+00
      vertex   6.683561e+00 1.500000e+01 -2.483067e+00
    endloop
  endfacet
  facet normal -0.000000e+00 1.000000e+00 0.000000e+00
    outer loop
      vertex   6.683561e+00 1.500000e+01 -2.483067e+00
      vertex   1.305784e+01 1.500000e+01 -2.286486e+00
      vertex   1.359477e+01 1.500000e+01 -2.650536e+00
    endloop
  endfacet
  facet normal 0.000000e+00 1.000000e+00 0.000000e+00
    outer loop
      vertex   6.683561e+00 1.500000e+01 -2.483067e+00
      vertex   1.359477e+01 1.500000e+01 -2.650536e+00
      vertex   6.110414e+00 1.500000e+01 -2.786930e+00
    endloop
  endfacet
  facet normal -0.000000e+00 1.000000e+00 0.000000e+00
    outer loop
      vertex   6.110414e+00 1.500000e+01 -2.786930e+00
      vertex   1.359477e+01 1.500000e+01 -2.650536e+00
      vertex   1.419741e+01 1.500000e+01 -2.890650e+00
    endloop
  endfacet
  facet normal 0.000000e+00 1.000000e+00 0.000000e+00
    outer loop
      vertex   6.110414e+00 1.500000e+01 -2.786930e+00
      vertex   1.419741e+01 1.500000e+01 -2.890650e+00
      vertex   5.485346e+00 1.500000e+01 -2.960480e+00
    endloop
  endfacet
  facet normal -0.000000e+00 1.000000e+00 0.000000e+00
    outer loop
      vertex   5.485346e+00 1.500000e+01 -2.960480e+00
      vertex   1.419741e+01 1.500000e+01 -2.890650e+00
      vertex   1.483758e+01 1.500000e+01 -2.995600e+00
    endloop
  endfacet
  facet normal 0.000000e+00 1.000000e+00 0.000000e+00
    outer loop
      vertex   5.485346e+00 1.500000e+01 -2.960480e+00
      vertex   1.483758e+01 1.500000e+01 -2.995600e+00
      vertex   4.837583e+00 1.500000e+01 -2.995600e+00
    endloop
  endfacet
  facet normal -0.000000e+00 1.000000e+00 0.000000e+00
    outer loop
      vertex   4.837583e+00 1.500000e+01 -2.995600e+00
      vertex   1.483758e+01 1.500000e+01 -2.995600e+00
      vertex   5.500000e+01 1.500000e+01 -1.000000e+01
    endloop
  endfacet
  facet normal 0.000000e+00 1.000000e+00 0.000000e+00
    outer loop
      vertex   4.837583e+00 1.500000e+01 -2.995600e+00
      vertex   5.500000e+01 1.500000e+01 -1.000000e+01
      vertex   -5.500000e+01 1.500000e+01 -1.000000e+01
    endloop
  endfacet
  facet normal -0.000000e+00 1.000000e+00 0.000000e+00
    outer loop
      vertex   1.483758e+01 1.500000e+01 7.004400e+00
      vertex   1.548535e+01 1.500000e+01 7.039520e+00
      vertex   1.483758e+01 1.500000e+01 2.995600e+00
    endloop
  endfacet
  facet normal 0.000000e+00 1.000000e+00 0.000000e+00
    outer loop
      vertex   1.419741e+01 1.500000e+01 1.289065e+01
      vertex   1.419741e+01 1.500000e+01 1.710935e+01
      vertex   1.483758e+01 1.500000e+01 1.299560e+01
    endloop
  endfacet
  facet normal 0.000000e+00 1.000000e+00 -0.000000e+00
    outer loop
      vertex   1.483758e+01 1.500000e+01 1.299560e+01
      vertex   1.419741e+01 1.500000e+01 1.710935e+01
      vertex   1.483758e+01 1.500000e+01 1.700440e+01
    endloop
  endfacet
  facet normal 0.000000e+00 1.000000e+00 0.000000e+00
    outer loop
      vertex   1.483758e+01 1.500000e+01 1.299560e+01
      vertex   1.483758e+01 1.500000e+01 1.700440e+01
      vertex   1.548535e+01 1.500000e+01 1.703952e+01
    endloop
  endfacet
  facet normal 0.000000e+00 1.000000e+00 0.000000e+00
    outer loop
      vertex   3.207014e+01 1.500000e+01 9.355089e+00
      vertex   2.798241e+01 1.500000e+01 9.675643e+00
      vertex   3.200000e+01 1.500000e+01 1.000000e+01
    endloop
  endfacet
  facet normal 0.000000e+00 1.000000e+00 0.000000e+00
    outer loop
      vertex   3.200000e+01 1.500000e+01 1.000000e+01
      vertex   2.798241e+01 1.500000e+01 9.675643e+00
      vertex   2.798241e+01 1.500000e+01 1.032436e+01
    endloop
  endfacet
  facet normal 0.000000e+00 1.000000e+00 -0.000000e+00
    outer loop
      vertex   3.200000e+01 1.500000e+01 1.000000e+01
      vertex   2.798241e+01 1.500000e+01 1.032436e+01
      vertex   3.207014e+01 1.500000e+01 1.064491e+01
    endloop
  endfacet
  facet normal 0.000000e+00 1.000000e+00 0.000000e+00
    outer loop
      vertex   3.207014e+01 1.500000e+01 1.064491e+01
      vertex   2.798241e+01 1.500000e+01 1.032436e+01
      vertex   2.784296e+01 1.500000e+01 1.095790e+01
    endloop
  endfacet
  facet normal 0.000000e+00 1.000000e+00 -0.000000e+00
    outer loop
      vertex   3.207014e+01 1.500000e+01 1.064491e+01
      vertex   2.784296e+01 1.500000e+01 1.095790e+01
      vertex   3.227727e+01 1.500000e+01 1.125967e+01
    endloop
  endfacet
  facet normal 0.000000e+00 1.000000e+00 0.000000e+00
    outer loop
      vertex   3.227727e+01 1.500000e+01 1.125967e+01
      vertex   2.784296e+01 1.500000e+01 1.095790e+01
      vertex   2.757057e+01 1.500000e+01 1.154666e+01
    endloop
  endfacet
  facet normal 0.000000e+00 1.000000e+00 -0.000000e+00
    outer loop
      vertex   3.227727e+01 1.500000e+01 1.125967e+01
      vertex   2.757057e+01 1.500000e+01 1.154666e+01
      vertex   3.261172e+01 1.500000e+01 1.181552e+01
    endloop
  endfacet
  facet normal 0.000000e+00 1.000000e+00 0.000000e+00
    outer loop
      vertex   3.261172e+01 1.500000e+01 1.181552e+01
      vertex   2.757057e+01 1.500000e+01 1.154666e+01
      vertex   2.717799e+01 1.500000e+01 1.206310e+01
    endloop
  endfacet
  facet normal 0.000000e+00 1.000000e+00 -0.000000e+00
    outer loop
      vertex   3.261172e+01 1.500000e+01 1.181552e+01
      vertex   2.717799e+01 1.500000e+01 1.206310e+01
      vertex   3.305784e+01 1.500000e+01 1.228649e+01
    endloop
  endfacet
  facet normal 0.000000e+00 1.000000e+00 0.000000e+00
    outer loop
      vertex   3.305784e+01 1.500000e+01 1.228649e+01
      vertex   2.717799e+01 1.500000e+01 1.206310e+01
      vertex   2.668356e+01 1.500000e+01 1.248307e+01
    endloop
  endfacet
  facet normal 0.000000e+00 1.000000e+00 -0.000000e+00
    outer loop
      vertex   3.305784e+01 1.500000e+01 1.228649e+01
      vertex   2.668356e+01 1.500000e+01 1.248307e+01
      vertex   3.359477e+01 1.500000e+01 1.265054e+01
    endloop
  endfacet
  facet normal 0.000000e+00 1.000000e+00 0.000000e+00
    outer loop
      vertex   3.359477e+01 1.500000e+01 1.265054e+01
      vertex   2.668356e+01 1.500000e+01 1.248307e+01
      vertex   2.611041e+01 1.500000e+01 1.278693e+01
    endloop
  endfacet
  facet normal 0.000000e+00 1.000000e+00 -0.000000e+00
    outer loop
      vertex   3.359477e+01 1.500000e+01 1.265054e+01
      vertex   2.611041e+01 1.500000e+01 1.278693e+01
      vertex   3.419741e+01 1.500000e+01 1.289065e+01
    endloop
  endfacet
  facet normal 0.000000e+00 1.000000e+00 0.000000e+00
    outer loop
      vertex   3.419741e+01 1.500000e+01 1.289065e+01
      vertex   2.611041e+01 1.500000e+01 1.278693e+01
      vertex   2.548535e+01 1.500000e+01 1.296048e+01
    endloop
  endfacet
  facet normal 0.000000e+00 1.000000e+00 0.000000e+00
    outer loop
      vertex   2.798241e+01 1.500000e+01 9.675643e+00
      vertex   3.207014e+01 1.500000e+01 9.355089e+00
      vertex   2.784296e+01 1.500000e+01 9.042095e+00
    endloop
  endfacet
  facet normal -0.000000e+00 1.000000e+00 0.000000e+00
    outer loop
      vertex   2.784296e+01 1.500000e+01 9.042095e+00
      vertex   3.207014e+01 1.500000e+01 9.355089e+00
      vertex   3.227727e+01 1.500000e+01 8.740333e+00
    endloop
  endfacet
  facet normal 0.000000e+00 1.000000e+00 0.000000e+00
    outer loop
      vertex   2.784296e+01 1.500000e+01 9.042095e+00
      vertex   3.227727e+01 1.500000e+01 8.740333e+00
      vertex   2.757057e+01 1.500000e+01 8.453338e+00
    endloop
  endfacet
  facet normal -0.000000e+00 1.000000e+00 0.000000e+00
    outer loop
      vertex   2.757057e+01 1.500000e+01 8.453338e+00
      vertex   3.227727e+01 1.500000e+01 8.740333e+00
      vertex   3.261172e+01 1.500000e+01 8.184477e+00
    endloop
  endfacet
  facet normal 0.000000e+00 1.000000e+00 0.000000e+00
    outer loop
      vertex   2.757057e+01 1.500000e+01 8.453338e+00
      vertex   3.261172e+01 1.500000e+01 8.184477e+00
      vertex   2.717799e+01 1.500000e+01 7.936902e+00
    endloop
  endfacet
  facet normal -0.000000e+00 1.000000e+00 0.000000e+00
    outer loop
      vertex   2.717799e+01 1.500000e+01 7.936902e+00
      vertex   3.261172e+01 1.500000e+01 8.184477e+00
      vertex   3.305784e+01 1.500000e+01 7.713514e+00
    endloop
  endfacet
  facet normal 0.000000e+00 1.000000e+00 0.000000e+00
    outer loop
      vertex   2.717799e+01 1.500000e+01 7.936902e+00
      vertex   3.305784e+01 1.500000e+01 7.713514e+00
      vertex   2.668356e+01 1.500000e+01 7.516933e+00
    endloop
  endfacet
  facet normal -0.000000e+00 1.000000e+00 0.000000e+00
    outer loop
      vertex   2.668356e+01 1.500000e+01 7.516933e+00
      vertex   3.305784e+01 1.500000e+01 7.713514e+00
      vertex   3.359477e+01 1.500000e+01 7.349464e+00
    endloop
  endfacet
  facet normal 0.000000e+00 1.000000e+00 0.000000e+00
    outer loop
      vertex   2.668356e+01 1.500000e+01 7.516933e+00
      vertex   3.359477e+01 1.500000e+01 7.349464e+00
      vertex   2.611041e+01 1.500000e+01 7.213070e+00
    endloop
  endfacet
  facet normal -0.000000e+00 1.000000e+00 0.000000e+00
    outer loop
      vertex   2.611041e+01 1.500000e+01 7.213070e+00
      vertex   3.359477e+01 1.500000e+01 7.349464e+00
      vertex   3.419741e+01 1.500000e+01 7.109350e+00
    endloop
  endfacet
  facet normal 0.000000e+00 1.000000e+00 0.000000e+00
    outer loop
      vertex   2.611041e+01 1.500000e+01 7.213070e+00
      vertex   3.419741e+01 1.500000e+01 7.109350e+00
      vertex   2.548535e+01 1.500000e+01 7.039520e+00
    endloop
  endfacet
  facet normal -0.000000e+00 1.000000e+00 0.000000e+00
    outer loop
      vertex   2.548535e+01 1.500000e+01 7.039520e+00
      vertex   3.419741e+01 1.500000e+01 7.109350e+00
      vertex   2.548535e+01 1.500000e+01 2.960480e+00
    endloop
  endfacet
  facet normal 0.000000e+00 1.000000e+00 0.000000e+00
    outer loop
      vertex   2.548535e+01 1.500000e+01 7.039520e+00
      vertex   2.548535e+01 1.500000e+01 2.960480e+00
      vertex   2.483758e+01 1.500000e+01 2.995600e+00
    endloop
  endfacet
  facet normal 0.000000e+00 1.000000e+00 0.000000e+00
    outer loop
      vertex   3.483758e+01 1.500000e+01 7.004400e+00
      vertex   3.483758e+01 1.500000e+01 2.995600e+00
      vertex   3.419741e+01 1.500000e+01 7.109350e+00
    endloop
  endfacet
  facet normal 0.000000e+00 1.000000e+00 0.000000e+00
    outer loop
      vertex   3.419741e+01 1.500000e+01 7.109350e+00
      vertex   3.483758e+01 1.500000e+01 2.995600e+00
      vertex   3.419741e+01 1.500000e+01 2.890650e+00
    endloop
  endfacet
  facet normal 0.000000e+00 1.000000e+00 0.000000e+00
    outer loop
      vertex   3.419741e+01 1.500000e+01 7.109350e+00
      vertex   3.419741e+01 1.500000e+01 2.890650e+00
      vertex   2.548535e+01 1.500000e+01 2.960480e+00
    endloop
  endfacet
  facet normal 0.000000e+00 1.000000e+00 0.000000e+00
    outer loop
      vertex   2.548535e+01 1.500000e+01 2.960480e+00
      vertex   3.419741e+01 1.500000e+01 2.890650e+00
      vertex   2.611041e+01 1.500000e+01 2.786930e+00
    endloop
  endfacet
  facet normal -0.000000e+00 1.000000e+00 0.000000e+00
    outer loop
      vertex   2.611041e+01 1.500000e+01 2.786930e+00
      vertex   3.419741e+01 1.500000e+01 2.890650e+00
      vertex   3.359477e+01 1.500000e+01 2.650536e+00
    endloop
  endfacet
  facet normal 0.000000e+00 1.000000e+00 0.000000e+00
    outer loop
      vertex   2.611041e+01 1.500000e+01 2.786930e+00
      vertex   3.359477e+01 1.500000e+01 2.650536e+00
      vertex   2.668356e+01 1.500000e+01 2.483067e+00
    endloop
  endfacet
  facet normal -0.000000e+00 1.000000e+00 0.000000e+00
    outer loop
      vertex   2.668356e+01 1.500000e+01 2.483067e+00
      vertex   3.359477e+01 1.500000e+01 2.650536e+00
      vertex   3.305784e+01 1.500000e+01 2.286486e+00
    endloop
  endfacet
  facet normal 0.000000e+00 1.000000e+00 0.000000e+00
    outer loop
      vertex   2.668356e+01 1.500000e+01 2.483067e+00
      vertex   3.305784e+01 1.500000e+01 2.286486e+00
      vertex   2.717799e+01 1.500000e+01 2.063098e+00
    endloop
  endfacet
  facet normal -0.000000e+00 1.000000e+00 0.000000e+00
    outer loop
      vertex   2.717799e+01 1.500000e+01 2.063098e+00
      vertex   3.305784e+01 1.500000e+01 2.286486e+00
      vertex   3.261172e+01 1.500000e+01 1.815523e+00
    endloop
  endfacet
  facet normal 0.000000e+00 1.000000e+00 0.000000e+00
    outer loop
      vertex   2.717799e+01 1.500000e+01 2.063098e+00
      vertex   3.261172e+01 1.500000e+01 1.815523e+00
      vertex   2.757057e+01 1.500000e+01 1.546662e+00
    endloop
  endfacet
  facet normal -0.000000e+00 1.000000e+00 0.000000e+00
    outer loop
      vertex   2.757057e+01 1.500000e+01 1.546662e+00
      vertex   3.261172e+01 1.500000e+01 1.815523e+00
      vertex   3.227727e+01 1.500000e+01 1.259667e+00
    endloop
  endfacet
  facet normal 0.000000e+00 1.000000e+00 0.000000e+00
    outer loop
      vertex   2.757057e+01 1.500000e+01 1.546662e+00
      vertex   3.227727e+01 1.500000e+01 1.259667e+00
      vertex   2.784296e+01 1.500000e+01 9.579046e-01
    endloop
  endfacet
  facet normal -0.000000e+00 1.000000e+00 0.000000e+00
    outer loop
      vertex   2.784296e+01 1.500000e+01 9.579046e-01
      vertex   3.227727e+01 1.500000e+01 1.259667e+00
      vertex   3.207014e+01 1.500000e+01 6.449113e-01
    endloop
  endfacet
  facet normal 0.000000e+00 1.000000e+00 0.000000e+00
    outer loop
      vertex   2.784296e+01 1.500000e+01 9.579046e-01
      vertex   3.207014e+01 1.500000e+01 6.449113e-01
      vertex   2.798241e+01 1.500000e+01 3.243571e-01
    endloop
  endfacet
  facet normal -0.000000e+00 1.000000e+00 0.000000e+00
    outer loop
      vertex   2.798241e+01 1.500000e+01 3.243571e-01
      vertex   3.207014e+01 1.500000e+01 6.449113e-01
      vertex   3.200000e+01 1.500000e+01 0.000000e+00
    endloop
  endfacet
  facet normal 0.000000e+00 1.000000e+00 0.000000e+00
    outer loop
      vertex   2.798241e+01 1.500000e+01 3.243571e-01
      vertex   3.200000e+01 1.500000e+01 0.000000e+00
      vertex   2.798241e+01 1.500000e+01 -3.243571e-01
    endloop
  endfacet
  facet normal -0.000000e+00 1.000000e+00 0.000000e+00
    outer loop
      vertex   2.798241e+01 1.500000e+01 -3.243571e-01
      vertex   3.200000e+01 1.500000e+01 0.000000e+00
      vertex   3.207014e+01 1.500000e+01 -6.449113e-01
    endloop
  endfacet
  facet normal 0.000000e+00 1.000000e+00 0.000000e+00
    outer loop
      vertex   2.798241e+01 1.500000e+01 -3.243571e-01
      vertex   3.207014e+01 1.500000e+01 -6.449113e-01
      vertex   2.784296e+01 1.500000e+01 -9.579046e-01
    endloop
  endfacet
  facet normal -0.000000e+00 1.000000e+00 0.000000e+00
    outer loop
      vertex   2.784296e+01 1.500000e+01 -9.579046e-01
      vertex   3.207014e+01 1.500000e+01 -6.449113e-01
      vertex   3.227727e+01 1.500000e+01 -1.259667e+00
    endloop
  endfacet
  facet normal 0.000000e+00 1.000000e+00 0.000000e+00
    outer loop
      vertex   2.784296e+01 1.500000e+01 -9.579046e-01
      vertex   3.227727e+01 1.500000e+01 -1.259667e+00
      vertex   2.757057e+01 1.500000e+01 -1.546662e+00
    endloop
  endfacet
  facet normal -0.000000e+00 1.000000e+00 0.000000e+00
    outer loop
      vertex   2.757057e+01 1.500000e+01 -1.546662e+00
      vertex   3.227727e+01 1.500000e+01 -1.259667e+00
      vertex   3.261172e+01 1.500000e+01 -1.815523e+00
    endloop
  endfacet
  facet normal 0.000000e+00 1.000000e+00 0.000000e+00
    outer loop
      vertex   2.757057e+01 1.500000e+01 -1.546662e+00
      vertex   3.261172e+01 1.500000e+01 -1.815523e+00
      vertex   2.717799e+01 1.500000e+01 -2.063098e+00
    endloop
  endfacet
  facet normal -0.000000e+00 1.000000e+00 0.000000e+00
    outer loop
      vertex   2.717799e+01 1.500000e+01 -2.063098e+00
      vertex   3.261172e+01 1.500000e+01 -1.815523e+00
      vertex   3.305784e+01 1.500000e+01 -2.286486e+00
    endloop
  endfacet
  facet normal 0.000000e+00 1.000000e+00 0.000000e+00
    outer loop
      vertex   2.717799e+01 1.500000e+01 -2.063098e+00
      vertex   3.305784e+01 1.500000e+01 -2.286486e+00
      vertex   2.668356e+01 1.500000e+01 -2.483067e+00
    endloop
  endfacet
  facet normal -0.000000e+00 1.000000e+00 0.000000e+00
    outer loop
      vertex   2.668356e+01 1.500000e+01 -2.483067e+00
      vertex   3.305784e+01 1.500000e+01 -2.286486e+00
      vertex   3.359477e+01 1.500000e+01 -2.650536e+00
    endloop
  endfacet
  facet normal 0.000000e+00 1.000000e+00 0.000000e+00
    outer loop
      vertex   2.668356e+01 1.500000e+01 -2.483067e+00
      vertex   3.359477e+01 1.500000e+01 -2.650536e+00
      vertex   2.611041e+01 1.500000e+01 -2.786930e+00
    endloop
  endfacet
  facet normal -0.000000e+00 1.000000e+00 0.000000e+00
    outer loop
      vertex   2.611041e+01 1.500000e+01 -2.786930e+00
      vertex   3.359477e+01 1.500000e+01 -2.650536e+00
      vertex   3.419741e+01 1.500000e+01 -2.890650e+00
    endloop
  endfacet
  facet normal 0.000000e+00 1.000000e+00 0.000000e+00
    outer loop
      vertex   2.611041e+01 1.500000e+01 -2.786930e+00
      vertex   3.419741e+01 1.500000e+01 -2.890650e+00
      vertex   2.548535e+01 1.500000e+01 -2.960480e+00
    endloop
  endfacet
  facet normal -0.000000e+00 1.000000e+00 0.000000e+00
    outer loop
      vertex   2.548535e+01 1.500000e+01 -2.960480e+00
      vertex   3.419741e+01 1.500000e+01 -2.890650e+00
      vertex   3.483758e+01 1.500000e+01 -2.995600e+00
    endloop
  endfacet
  facet normal 0.000000e+00 1.000000e+00 0.000000e+00
    outer loop
      vertex   2.548535e+01 1.500000e+01 -2.960480e+00
      vertex   3.483758e+01 1.500000e+01 -2.995600e+00
      vertex   5.500000e+01 1.500000e+01 -1.000000e+01
    endloop
  endfacet
  facet normal 0.000000e+00 1.000000e+00 0.000000e+00
    outer loop
      vertex   5.500000e+01 1.500000e+01 -1.000000e+01
      vertex   3.483758e+01 1.500000e+01 -2.995600e+00
      vertex   3.548535e+01 1.500000e+01 -2.960480e+00
    endloop
  endfacet
  facet normal 0.000000e+00 1.000000e+00 0.000000e+00
    outer loop
      vertex   5.500000e+01 1.500000e+01 -1.000000e+01
      vertex   3.548535e+01 1.500000e+01 -2.960480e+00
      vertex   4.483758e+01 1.500000e+01 -2.995600e+00
    endloop
  endfacet
  facet normal 0.000000e+00 1.000000e+00 0.000000e+00
    outer loop
      vertex   4.483758e+01 1.500000e+01 -2.995600e+00
      vertex   3.548535e+01 1.500000e+01 -2.960480e+00
      vertex   4.419741e+01 1.500000e+01 -2.890650e+00
    endloop
  endfacet
  facet normal 0.000000e+00 1.000000e+00 0.000000e+00
    outer loop
      vertex   4.419741e+01 1.500000e+01 -2.890650e+00
      vertex   3.548535e+01 1.500000e+01 -2.960480e+00
      vertex   3.611041e+01 1.500000e+01 -2.786930e+00
    endloop
  endfacet
  facet normal 0.000000e+00 1.000000e+00 0.000000e+00
    outer loop
      vertex   4.419741e+01 1.500000e+01 -2.890650e+00
      vertex   3.611041e+01 1.500000e+01 -2.786930e+00
      vertex   4.359477e+01 1.500000e+01 -2.650536e+00
    endloop
  endfacet
  facet normal 0.000000e+00 1.000000e+00 0.000000e+00
    outer loop
      vertex   4.359477e+01 1.500000e+01 -2.650536e+00
      vertex   3.611041e+01 1.500000e+01 -2.786930e+00
      vertex   3.668356e+01 1.500000e+01 -2.483067e+00
    endloop
  endfacet
  facet normal 0.000000e+00 1.000000e+00 0.000000e+00
    outer loop
      vertex   4.359477e+01 1.500000e+01 -2.650536e+00
      vertex   3.668356e+01 1.500000e+01 -2.483067e+00
      vertex   4.305784e+01 1.500000e+01 -2.286486e+00
    endloop
  endfacet
  facet normal 0.000000e+00 1.000000e+00 0.000000e+00
    outer loop
      vertex   4.305784e+01 1.500000e+01 -2.286486e+00
      vertex   3.668356e+01 1.500000e+01 -2.483067e+00
      vertex   3.717799e+01 1.500000e+01 -2.063098e+00
    endloop
  endfacet
  facet normal 0.000000e+00 1.000000e+00 0.000000e+00
    outer loop
      vertex   4.305784e+01 1.500000e+01 -2.286486e+00
      vertex   3.717799e+01 1.500000e+01 -2.063098e+00
      vertex   4.261172e+01 1.500000e+01 -1.815523e+00
    endloop
  endfacet
  facet normal 0.000000e+00 1.000000e+00 0.000000e+00
    outer loop
      vertex   4.261172e+01 1.500000e+01 -1.815523e+00
      vertex   3.717799e+01 1.500000e+01 -2.063098e+00
      vertex   3.757057e+01 1.500000e+01 -1.546662e+00
    endloop
  endfacet
  facet normal 0.000000e+00 1.000000e+00 0.000000e+00
    outer loop
      vertex   4.261172e+01 1.500000e+01 -1.815523e+00
      vertex   3.757057e+01 1.500000e+01 -1.546662e+00
      vertex   4.227727e+01 1.500000e+01 -1.259667e+00
    endloop
  endfacet
  facet normal 0.000000e+00 1.000000e+00 0.000000e+00
    outer loop
      vertex   4.227727e+01 1.500000e+01 -1.259667e+00
      vertex   3.757057e+01 1.500000e+01 -1.546662e+00
      vertex   3.784296e+01 1.500000e+01 -9.579046e-01
    endloop
  endfacet
  facet normal 0.000000e+00 1.000000e+00 0.000000e+00
    outer loop
      vertex   4.227727e+01 1.500000e+01 -1.259667e+00
      vertex   3.784296e+01 1.500000e+01 -9.579046e-01
      vertex   4.207014e+01 1.500000e+01 -6.449113e-01
    endloop
  endfacet
  facet normal 0.000000e+00 1.000000e+00 0.000000e+00
    outer loop
      vertex   4.207014e+01 1.500000e+01 -6.449113e-01
      vertex   3.784296e+01 1.500000e+01 -9.579046e-01
      vertex   3.798241e+01 1.500000e+01 -3.243571e-01
    endloop
  endfacet
  facet normal 0.000000e+00 1.000000e+00 0.000000e+00
    outer loop
      vertex   4.207014e+01 1.500000e+01 -6.449113e-01
      vertex   3.798241e+01 1.500000e+01 -3.243571e-01
      vertex   4.200000e+01 1.500000e+01 0.000000e+00
    endloop
  endfacet
  facet normal 0.000000e+00 1.000000e+00 0.000000e+00
    outer loop
      vertex   4.200000e+01 1.500000e+01 0.000000e+00
      vertex   3.798241e+01 1.500000e+01 -3.243571e-01
      vertex   3.798241e+01 1.500000e+01 3.243571e-01
    endloop
  endfacet
  facet normal 0.000000e+00 1.000000e+00 -0.000000e+00
    outer loop
      vertex   4.200000e+01 1.500000e+01 0.000000e+00
      vertex   3.798241e+01 1.500000e+01 3.243571e-01
      vertex   4.207014e+01 1.500000e+01 6.449113e-01
    endloop
  endfacet
  facet normal 0.000000e+00 1.000000e+00 0.000000e+00
    outer loop
      vertex   4.207014e+01 1.500000e+01 6.449113e-01
      vertex   3.798241e+01 1.500000e+01 3.243571e-01
      vertex   3.784296e+01 1.500000e+01 9.579046e-01
    endloop
  endfacet
  facet normal 0.000000e+00 1.000000e+00 -0.000000e+00
    outer loop
      vertex   4.207014e+01 1.500000e+01 6.449113e-01
      vertex   3.784296e+01 1.500000e+01 9.579046e-01
      vertex   4.227727e+01 1.500000e+01 1.259667e+00
    endloop
  endfacet
  facet normal 0.000000e+00 1.000000e+00 0.000000e+00
    outer loop
      vertex   4.227727e+01 1.500000e+01 1.259667e+00
      vertex   3.784296e+01 1.500000e+01 9.579046e-01
      vertex   3.757057e+01 1.500000e+01 1.546662e+00
    endloop
  endfacet
  facet normal 0.000000e+00 1.000000e+00 -0.000000e+00
    outer loop
      vertex   4.227727e+01 1.500000e+01 1.259667e+00
      vertex   3.757057e+01 1.500000e+01 1.546662e+00
      vertex   4.261172e+01 1.500000e+01 1.815523e+00
    endloop
  endfacet
  facet normal 0.000000e+00 1.000000e+00 0.000000e+00
    outer loop
      vertex   4.261172e+01 1.500000e+01 1.815523e+00
      vertex   3.757057e+01 1.500000e+01 1.546662e+00
      vertex   3.717799e+01 1.500000e+01 2.063098e+00
    endloop
  endfacet
  facet normal 0.000000e+00 1.000000e+00 -0.000000e+00
    outer loop
      vertex   4.261172e+01 1.500000e+01 1.815523e+00
      vertex   3.717799e+01 1.500000e+01 2.063098e+00
      vertex   4.305784e+01 1.500000e+01 2.286486e+00
    endloop
  endfacet
  facet normal 0.000000e+00 1.000000e+00 0.000000e+00
    outer loop
      vertex   4.305784e+01 1.500000e+01 2.286486e+00
      vertex   3.717799e+01 1.500000e+01 2.063098e+00
      vertex   3.668356e+01 1.500000e+01 2.483067e+00
    endloop
  endfacet
  facet normal 0.000000e+00 1.000000e+00 -0.000000e+00
    outer loop
      vertex   4.305784e+01 1.500000e+01 2.286486e+00
      vertex   3.668356e+01 1.500000e+01 2.483067e+00
      vertex   4.359477e+01 1.500000e+01 2.650536e+00
    endloop
  endfacet
  facet normal 0.000000e+00 1.000000e+00 0.000000e+00
    outer loop
      vertex   4.359477e+01 1.500000e+01 2.650536e+00
      vertex   3.668356e+01 1.500000e+01 2.483067e+00
      vertex   3.611041e+01 1.500000e+01 2.786930e+00
    endloop
  endfacet
  facet normal 0.000000e+00 1.000000e+00 -0.000000e+00
    outer loop
      vertex   4.359477e+01 1.500000e+01 2.650536e+00
      vertex   3.611041e+01 1.500000e+01 2.786930e+00
      vertex   4.419741e+01 1.500000e+01 2.890650e+00
    endloop
  endfacet
  facet normal 0.000000e+00 1.000000e+00 0.000000e+00
    outer loop
      vertex   4.419741e+01 1.500000e+01 2.890650e+00
      vertex   3.611041e+01 1.500000e+01 2.786930e+00
      vertex   3.548535e+01 1.500000e+01 2.960480e+00
    endloop
  endfacet
  facet normal 0.000000e+00 1.000000e+00 -0.000000e+00
    outer loop
      vertex   4.419741e+01 1.500000e+01 2.890650e+00
      vertex   3.548535e+01 1.500000e+01 2.960480e+00
      vertex   4.419741e+01 1.500000e+01 7.109350e+00
    endloop
  endfacet
  facet normal 0.000000e+00 1.000000e+00 0.000000e+00
    outer loop
      vertex   4.419741e+01 1.500000e+01 7.109350e+00
      vertex   3.548535e+01 1.500000e+01 2.960480e+00
      vertex   3.548535e+01 1.500000e+01 7.039520e+00
    endloop
  endfacet
  facet normal 0.000000e+00 1.000000e+00 0.000000e+00
    outer loop
      vertex   4.419741e+01 1.500000e+01 7.109350e+00
      vertex   3.548535e+01 1.500000e+01 7.039520e+00
      vertex   3.611041e+01 1.500000e+01 7.213070e+00
    endloop
  endfacet
  facet normal -0.000000e+00 1.000000e+00 0.000000e+00
    outer loop
      vertex   3.483758e+01 1.500000e+01 7.004400e+00
      vertex   3.548535e+01 1.500000e+01 7.039520e+00
      vertex   3.483758e+01 1.500000e+01 2.995600e+00
    endloop
  endfacet
  facet normal -0.000000e+00 1.000000e+00 0.000000e+00
    outer loop
      vertex   3.483758e+01 1.500000e+01 2.995600e+00
      vertex   3.548535e+01 1.500000e+01 7.039520e+00
      vertex   3.548535e+01 1.500000e+01 2.960480e+00
    endloop
  endfacet
  facet normal 0.000000e+00 1.000000e+00 0.000000e+00
    outer loop
      vertex   4.419741e+01 1.500000e+01 7.109350e+00
      vertex   3.611041e+01 1.500000e+01 7.213070e+00
      vertex   4.359477e+01 1.500000e+01 7.349464e+00
    endloop
  endfacet
  facet normal 0.000000e+00 1.000000e+00 0.000000e+00
    outer loop
      vertex   4.359477e+01 1.500000e+01 7.349464e+00
      vertex   3.611041e+01 1.500000e+01 7.213070e+00
      vertex   3.668356e+01 1.500000e+01 7.516933e+00
    endloop
  endfacet
  facet normal 0.000000e+00 1.000000e+00 0.000000e+00
    outer loop
      vertex   4.359477e+01 1.500000e+01 7.349464e+00
      vertex   3.668356e+01 1.500000e+01 7.516933e+00
      vertex   4.305784e+01 1.500000e+01 7.713514e+00
    endloop
  endfacet
  facet normal 0.000000e+00 1.000000e+00 0.000000e+00
    outer loop
      vertex   4.305784e+01 1.500000e+01 7.713514e+00
      vertex   3.668356e+01 1.500000e+01 7.516933e+00
      vertex   3.717799e+01 1.500000e+01 7.936902e+00
    endloop
  endfacet
  facet normal 0.000000e+00 1.000000e+00 0.000000e+00
    outer loop
      vertex   4.305784e+01 1.500000e+01 7.713514e+00
      vertex   3.717799e+01 1.500000e+01 7.936902e+00
      vertex   4.261172e+01 1.500000e+01 8.184477e+00
    endloop
  endfacet
  facet normal 0.000000e+00 1.000000e+00 0.000000e+00
    outer loop
      vertex   4.261172e+01 1.500000e+01 8.184477e+00
      vertex   3.717799e+01 1.500000e+01 7.936902e+00
      vertex   3.757057e+01 1.500000e+01 8.453338e+00
    endloop
  endfacet
  facet normal 0.000000e+00 1.000000e+00 0.000000e+00
    outer loop
      vertex   4.261172e+01 1.500000e+01 8.184477e+00
      vertex   3.757057e+01 1.500000e+01 8.453338e+00
      vertex   4.227727e+01 1.500000e+01 8.740333e+00
    endloop
  endfacet
  facet normal 0.000000e+00 1.000000e+00 0.000000e+00
    outer loop
      vertex   4.227727e+01 1.500000e+01 8.740333e+00
      vertex   3.757057e+01 1.500000e+01 8.453338e+00
      vertex   3.784296e+01 1.500000e+01 9.042095e+00
    endloop
  endfacet
  facet normal 0.000000e+00 1.000000e+00 0.000000e+00
    outer loop
      vertex   4.227727e+01 1.500000e+01 8.740333e+00
      vertex   3.784296e+01 1.500000e+01 9.042095e+00
      vertex   4.207014e+01 1.500000e+01 9.355089e+00
    endloop
  endfacet
  facet normal 0.000000e+00 1.000000e+00 0.000000e+00
    outer loop
      vertex   4.207014e+01 1.500000e+01 9.355089e+00
      vertex   3.784296e+01 1.500000e+01 9.042095e+00
      vertex   3.798241e+01 1.500000e+01 9.675643e+00
    endloop
  endfacet
  facet normal 0.000000e+00 1.000000e+00 0.000000e+00
    outer loop
      vertex   4.207014e+01 1.500000e+01 9.355089e+00
      vertex   3.798241e+01 1.500000e+01 9.675643e+00
      vertex   4.200000e+01 1.500000e+01 1.000000e+01
    endloop
  endfacet
  facet normal 0.000000e+00 1.000000e+00 0.000000e+00
    outer loop
      vertex   4.200000e+01 1.500000e+01 1.000000e+01
      vertex   3.798241e+01 1.500000e+01 9.675643e+00
      vertex   3.798241e+01 1.500000e+01 1.032436e+01
    endloop
  endfacet
  facet normal 0.000000e+00 1.000000e+00 -0.000000e+00
    outer loop
      vertex   4.200000e+01 1.500000e+01 1.000000e+01
      vertex   3.798241e+01 1.500000e+01 1.032436e+01
      vertex   4.207014e+01 1.500000e+01 1.064491e+01
    endloop
  endfacet
  facet normal 0.000000e+00 1.000000e+00 0.000000e+00
    outer loop
      vertex   4.207014e+01 1.500000e+01 1.064491e+01
      vertex   3.798241e+01 1.500000e+01 1.032436e+01
      vertex   3.784296e+01 1.500000e+01 1.095790e+01
    endloop
  endfacet
  facet normal 0.000000e+00 1.000000e+00 -0.000000e+00
    outer loop
      vertex   4.207014e+01 1.500000e+01 1.064491e+01
      vertex   3.784296e+01 1.500000e+01 1.095790e+01
      vertex   4.227727e+01 1.500000e+01 1.125967e+01
    endloop
  endfacet
  facet normal 0.000000e+00 1.000000e+00 0.000000e+00
    outer loop
      vertex   4.227727e+01 1.500000e+01 1.125967e+01
      vertex   3.784296e+01 1.500000e+01 1.095790e+01
      vertex   3.757057e+01 1.500000e+01 1.154666e+01
    endloop
  endfacet
  facet normal 0.000000e+00 1.000000e+00 -0.000000e+00
    outer loop
      vertex   4.227727e+01 1.500000e+01 1.125967e+01
      vertex   3.757057e+01 1.500000e+01 1.154666e+01
      vertex   4.261172e+01 1.500000e+01 1.181552e+01
    endloop
  endfacet
  facet normal 0.000000e+00 1.000000e+00 0.000000e+00
    outer loop
      vertex   4.261172e+01 1.500000e+01 1.181552e+01
      vertex   3.757057e+01 1.500000e+01 1.154666e+01
      vertex   3.717799e+01 1.500000e+01 1.206310e+01
    endloop
  endfacet
  facet normal 0.000000e+00 1.000000e+00 -0.000000e+00
    outer loop
      vertex   4.261172e+01 1.500000e+01 1.181552e+01
      vertex   3.717799e+01 1.500000e+01 1.206310e+01
      vertex   4.305784e+01 1.500000e+01 1.228649e+01
    endloop
  endfacet
  facet normal 0.000000e+00 1.000000e+00 0.000000e+00
    outer loop
      vertex   4.305784e+01 1.500000e+01 1.228649e+01
      vertex   3.717799e+01 1.500000e+01 1.206310e+01
      vertex   3.668356e+01 1.500000e+01 1.248307e+01
    endloop
  endfacet
  facet normal 0.000000e+00 1.000000e+00 -0.000000e+00
    outer loop
      vertex   4.305784e+01 1.500000e+01 1.228649e+01
      vertex   3.668356e+01 1.500000e+01 1.248307e+01
      vertex   4.359477e+01 1.500000e+01 1.265054e+01
    endloop
  endfacet
  facet normal 0.000000e+00 1.000000e+00 0.000000e+00
    outer loop
      vertex   4.359477e+01 1.500000e+01 1.265054e+01
      vertex   3.668356e+01 1.500000e+01 1.248307e+01
      vertex   3.611041e+01 1.500000e+01 1.278693e+01
    endloop
  endfacet
  facet normal 0.000000e+00 1.000000e+00 -0.000000e+00
    outer loop
      vertex   4.359477e+01 1.500000e+01 1.265054e+01
      vertex   3.611041e+01 1.500000e+01 1.278693e+01
      vertex   4.419741e+01 1.500000e+01 1.289065e+01
    endloop
  endfacet
  facet normal 0.000000e+00 1.000000e+00 0.000000e+00
    outer loop
      vertex   4.419741e+01 1.500000e+01 1.289065e+01
      vertex   3.611041e+01 1.500000e+01 1.278693e+01
      vertex   3.548535e+01 1.500000e+01 1.296048e+01
    endloop
  endfacet
  facet normal 0.000000e+00 1.000000e+00 -0.000000e+00
    outer loop
      vertex   4.419741e+01 1.500000e+01 1.289065e+01
      vertex   3.548535e+01 1.500000e+01 1.296048e+01
      vertex   4.419741e+01 1.500000e+01 1.710935e+01
    endloop
  endfacet
  facet normal 0.000000e+00 1.000000e+00 0.000000e+00
    outer loop
      vertex   4.419741e+01 1.500000e+01 1.710935e+01
      vertex   3.548535e+01 1.500000e+01 1.296048e+01
      vertex   3.548535e+01 1.500000e+01 1.703952e+01
    endloop
  endfacet
  facet normal 0.000000e+00 1.000000e+00 0.000000e+00
    outer loop
      vertex   4.419741e+01 1.500000e+01 1.710935e+01
      vertex   3.548535e+01 1.500000e+01 1.703952e+01
      vertex   3.611041e+01 1.500000e+01 1.721307e+01
    endloop
  endfacet
  facet normal 0.000000e+00 1.000000e+00 -0.000000e+00
    outer loop
      vertex   3.548535e+01 1.500000e+01 1.296048e+01
      vertex   3.483758e+01 1.500000e+01 1.299560e+01
      vertex   3.548535e+01 1.500000e+01 1.703952e+01
    endloop
  endfacet
  facet normal 0.000000e+00 1.000000e+00 0.000000e+00
    outer loop
      vertex   -2.792986e+01 1.500000e+01 9.355089e+00
      vertex   -3.201759e+01 1.500000e+01 9.675643e+00
      vertex   -2.800000e+01 1.500000e+01 1.000000e+01
    endloop
  endfacet
  facet normal 0.000000e+00 1.000000e+00 0.000000e+00
    outer loop
      vertex   -2.800000e+01 1.500000e+01 1.000000e+01
      vertex   -3.201759e+01 1.500000e+01 9.675643e+00
      vertex   -3.201759e+01 1.500000e+01 1.032436e+01
    endloop
  endfacet
  facet normal 0.000000e+00 1.000000e+00 -0.000000e+00
    outer loop
      vertex   -2.800000e+01 1.500000e+01 1.000000e+01
      vertex   -3.201759e+01 1.500000e+01 1.032436e+01
      vertex   -2.792986e+01 1.500000e+01 1.064491e+01
    endloop
  endfacet
  facet normal 0.000000e+00 1.000000e+00 0.000000e+00
    outer loop
      vertex   -2.792986e+01 1.500000e+01 1.064491e+01
      vertex   -3.201759e+01 1.500000e+01 1.032436e+01
      vertex   -3.215704e+01 1.500000e+01 1.095790e+01
    endloop
  endfacet
  facet normal 0.000000e+00 1.000000e+00 -0.000000e+00
    outer loop
      vertex   -2.792986e+01 1.500000e+01 1.064491e+01
      vertex   -3.215704e+01 1.500000e+01 1.095790e+01
      vertex   -2.772273e+01 1.500000e+01 1.125967e+01
    endloop
  endfacet
  facet normal 0.000000e+00 1.000000e+00 0.000000e+00
    outer loop
      vertex   -2.772273e+01 1.500000e+01 1.125967e+01
      vertex   -3.215704e+01 1.500000e+01 1.095790e+01
      vertex   -3.242943e+01 1.500000e+01 1.154666e+01
    endloop
  endfacet
  facet normal 0.000000e+00 1.000000e+00 -0.000000e+00
    outer loop
      vertex   -2.772273e+01 1.500000e+01 1.125967e+01
      vertex   -3.242943e+01 1.500000e+01 1.154666e+01
      vertex   -2.738828e+01 1.500000e+01 1.181552e+01
    endloop
  endfacet
  facet normal 0.000000e+00 1.000000e+00 0.000000e+00
    outer loop
      vertex   -2.738828e+01 1.500000e+01 1.181552e+01
      vertex   -3.242943e+01 1.500000e+01 1.154666e+01
      vertex   -3.282201e+01 1.500000e+01 1.206310e+01
    endloop
  endfacet
  facet normal 0.000000e+00 1.000000e+00 -0.000000e+00
    outer loop
      vertex   -2.738828e+01 1.500000e+01 1.181552e+01
      vertex   -3.282201e+01 1.500000e+01 1.206310e+01
      vertex   -2.694216e+01 1.500000e+01 1.228649e+01
    endloop
  endfacet
  facet normal 0.000000e+00 1.000000e+00 0.000000e+00
    outer loop
      vertex   -2.694216e+01 1.500000e+01 1.228649e+01
      vertex   -3.282201e+01 1.500000e+01 1.206310e+01
      vertex   -3.331644e+01 1.500000e+01 1.248307e+01
    endloop
  endfacet
  facet normal 0.000000e+00 1.000000e+00 -0.000000e+00
    outer loop
      vertex   -2.694216e+01 1.500000e+01 1.228649e+01
      vertex   -3.331644e+01 1.500000e+01 1.248307e+01
      vertex   -2.640523e+01 1.500000e+01 1.265054e+01
    endloop
  endfacet
  facet normal 0.000000e+00 1.000000e+00 0.000000e+00
    outer loop
      vertex   -2.640523e+01 1.500000e+01 1.265054e+01
      vertex   -3.331644e+01 1.500000e+01 1.248307e+01
      vertex   -3.388959e+01 1.500000e+01 1.278693e+01
    endloop
  endfacet
  facet normal 0.000000e+00 1.000000e+00 -0.000000e+00
    outer loop
      vertex   -2.640523e+01 1.500000e+01 1.265054e+01
      vertex   -3.388959e+01 1.500000e+01 1.278693e+01
      vertex   -2.580259e+01 1.500000e+01 1.289065e+01
    endloop
  endfacet
  facet normal 0.000000e+00 1.000000e+00 0.000000e+00
    outer loop
      vertex   -2.580259e+01 1.500000e+01 1.289065e+01
      vertex   -3.388959e+01 1.500000e+01 1.278693e+01
      vertex   -3.451465e+01 1.500000e+01 1.296048e+01
    endloop
  endfacet
  facet normal 0.000000e+00 1.000000e+00 -0.000000e+00
    outer loop
      vertex   -2.580259e+01 1.500000e+01 1.289065e+01
      vertex   -3.451465e+01 1.500000e+01 1.296048e+01
      vertex   -2.580259e+01 1.500000e+01 1.710935e+01
    endloop
  endfacet
  facet normal 0.000000e+00 1.000000e+00 0.000000e+00
    outer loop
      vertex   -3.201759e+01 1.500000e+01 9.675643e+00
      vertex   -2.792986e+01 1.500000e+01 9.355089e+00
      vertex   -3.215704e+01 1.500000e+01 9.042095e+00
    endloop
  endfacet
  facet normal -0.000000e+00 1.000000e+00 0.000000e+00
    outer loop
      vertex   -3.215704e+01 1.500000e+01 9.042095e+00
      vertex   -2.792986e+01 1.500000e+01 9.355089e+00
      vertex   -2.772273e+01 1.500000e+01 8.740333e+00
    endloop
  endfacet
  facet normal 0.000000e+00 1.000000e+00 0.000000e+00
    outer loop
      vertex   -3.215704e+01 1.500000e+01 9.042095e+00
      vertex   -2.772273e+01 1.500000e+01 8.740333e+00
      vertex   -3.242943e+01 1.500000e+01 8.453338e+00
    endloop
  endfacet
  facet normal -0.000000e+00 1.000000e+00 0.000000e+00
    outer loop
      vertex   -3.242943e+01 1.500000e+01 8.453338e+00
      vertex   -2.772273e+01 1.500000e+01 8.740333e+00
      vertex   -2.738828e+01 1.500000e+01 8.184477e+00
    endloop
  endfacet
  facet normal 0.000000e+00 1.000000e+00 0.000000e+00
    outer loop
      vertex   -3.242943e+01 1.500000e+01 8.453338e+00
      vertex   -2.738828e+01 1.500000e+01 8.184477e+00
      vertex   -3.282201e+01 1.500000e+01 7.936902e+00
    endloop
  endfacet
  facet normal -0.000000e+00 1.000000e+00 0.000000e+00
    outer loop
      vertex   -3.282201e+01 1.500000e+01 7.936902e+00
      vertex   -2.738828e+01 1.500000e+01 8.184477e+00
      vertex   -2.694216e+01 1.500000e+01 7.713514e+00
    endloop
  endfacet
  facet normal 0.000000e+00 1.000000e+00 0.000000e+00
    outer loop
      vertex   -3.282201e+01 1.500000e+01 7.936902e+00
      vertex   -2.694216e+01 1.500000e+01 7.713514e+00
      vertex   -3.331644e+01 1.500000e+01 7.516933e+00
    endloop
  endfacet
  facet normal -0.000000e+00 1.000000e+00 0.000000e+00
    outer loop
      vertex   -3.331644e+01 1.500000e+01 7.516933e+00
      vertex   -2.694216e+01 1.500000e+01 7.713514e+00
      vertex   -2.640523e+01 1.500000e+01 7.349464e+00
    endloop
  endfacet
  facet normal 0.000000e+00 1.000000e+00 0.000000e+00
    outer loop
      vertex   -3.331644e+01 1.500000e+01 7.516933e+00
      vertex   -2.640523e+01 1.500000e+01 7.349464e+00
      vertex   -3.388959e+01 1.500000e+01 7.213070e+00
    endloop
  endfacet
  facet normal -0.000000e+00 1.000000e+00 0.000000e+00
    outer loop
      vertex   -3.388959e+01 1.500000e+01 7.213070e+00
      vertex   -2.640523e+01 1.500000e+01 7.349464e+00
      vertex   -2.580259e+01 1.500000e+01 7.109350e+00
    endloop
  endfacet
  facet normal 0.000000e+00 1.000000e+00 0.000000e+00
    outer loop
      vertex   -3.388959e+01 1.500000e+01 7.213070e+00
      vertex   -2.580259e+01 1.500000e+01 7.109350e+00
      vertex   -3.451465e+01 1.500000e+01 7.039520e+00
    endloop
  endfacet
  facet normal -0.000000e+00 1.000000e+00 0.000000e+00
    outer loop
      vertex   -3.451465e+01 1.500000e+01 7.039520e+00
      vertex   -2.580259e+01 1.500000e+01 7.109350e+00
      vertex   -3.451465e+01 1.500000e+01 2.960480e+00
    endloop
  endfacet
  facet normal 0.000000e+00 1.000000e+00 0.000000e+00
    outer loop
      vertex   -3.451465e+01 1.500000e+01 7.039520e+00
      vertex   -3.451465e+01 1.500000e+01 2.960480e+00
      vertex   -3.516242e+01 1.500000e+01 2.995600e+00
    endloop
  endfacet
  facet normal 0.000000e+00 1.000000e+00 0.000000e+00
    outer loop
      vertex   -2.516242e+01 1.500000e+01 7.004400e+00
      vertex   -2.516242e+01 1.500000e+01 2.995600e+00
      vertex   -2.580259e+01 1.500000e+01 7.109350e+00
    endloop
  endfacet
  facet normal 0.000000e+00 1.000000e+00 0.000000e+00
    outer loop
      vertex   -2.580259e+01 1.500000e+01 7.109350e+00
      vertex   -2.516242e+01 1.500000e+01 2.995600e+00
      vertex   -2.580259e+01 1.500000e+01 2.890650e+00
    endloop
  endfacet
  facet normal 0.000000e+00 1.000000e+00 0.000000e+00
    outer loop
      vertex   -2.580259e+01 1.500000e+01 7.109350e+00
      vertex   -2.580259e+01 1.500000e+01 2.890650e+00
      vertex   -3.451465e+01 1.500000e+01 2.960480e+00
    endloop
  endfacet
  facet normal 0.000000e+00 1.000000e+00 0.000000e+00
    outer loop
      vertex   -3.451465e+01 1.500000e+01 2.960480e+00
      vertex   -2.580259e+01 1.500000e+01 2.890650e+00
      vertex   -3.388959e+01 1.500000e+01 2.786930e+00
    endloop
  endfacet
  facet normal -0.000000e+00 1.000000e+00 0.000000e+00
    outer loop
      vertex   -3.388959e+01 1.500000e+01 2.786930e+00
      vertex   -2.580259e+01 1.500000e+01 2.890650e+00
      vertex   -2.640523e+01 1.500000e+01 2.650536e+00
    endloop
  endfacet
  facet normal 0.000000e+00 1.000000e+00 0.000000e+00
    outer loop
      vertex   -3.388959e+01 1.500000e+01 2.786930e+00
      vertex   -2.640523e+01 1.500000e+01 2.650536e+00
      vertex   -3.331644e+01 1.500000e+01 2.483067e+00
    endloop
  endfacet
  facet normal -0.000000e+00 1.000000e+00 0.000000e+00
    outer loop
      vertex   -3.331644e+01 1.500000e+01 2.483067e+00
      vertex   -2.640523e+01 1.500000e+01 2.650536e+00
      vertex   -2.694216e+01 1.500000e+01 2.286486e+00
    endloop
  endfacet
  facet normal 0.000000e+00 1.000000e+00 0.000000e+00
    outer loop
      vertex   -3.331644e+01 1.500000e+01 2.483067e+00
      vertex   -2.694216e+01 1.500000e+01 2.286486e+00
      vertex   -3.282201e+01 1.500000e+01 2.063098e+00
    endloop
  endfacet
  facet normal -0.000000e+00 1.000000e+00 0.000000e+00
    outer loop
      vertex   -3.282201e+01 1.500000e+01 2.063098e+00
      vertex   -2.694216e+01 1.500000e+01 2.286486e+00
      vertex   -2.738828e+01 1.500000e+01 1.815523e+00
    endloop
  endfacet
  facet normal 0.000000e+00 1.000000e+00 0.000000e+00
    outer loop
      vertex   -3.282201e+01 1.500000e+01 2.063098e+00
      vertex   -2.738828e+01 1.500000e+01 1.815523e+00
      vertex   -3.242943e+01 1.500000e+01 1.546662e+00
    endloop
  endfacet
  facet normal -0.000000e+00 1.000000e+00 0.000000e+00
    outer loop
      vertex   -3.242943e+01 1.500000e+01 1.546662e+00
      vertex   -2.738828e+01 1.500000e+01 1.815523e+00
      vertex   -2.772273e+01 1.500000e+01 1.259667e+00
    endloop
  endfacet
  facet normal 0.000000e+00 1.000000e+00 0.000000e+00
    outer loop
      vertex   -3.242943e+01 1.500000e+01 1.546662e+00
      vertex   -2.772273e+01 1.500000e+01 1.259667e+00
      vertex   -3.215704e+01 1.500000e+01 9.579046e-01
    endloop
  endfacet
  facet normal -0.000000e+00 1.000000e+00 0.000000e+00
    outer loop
      vertex   -3.215704e+01 1.500000e+01 9.579046e-01
      vertex   -2.772273e+01 1.500000e+01 1.259667e+00
      vertex   -2.792986e+01 1.500000e+01 6.449113e-01
    endloop
  endfacet
  facet normal 0.000000e+00 1.000000e+00 0.000000e+00
    outer loop
      vertex   -3.215704e+01 1.500000e+01 9.579046e-01
      vertex   -2.792986e+01 1.500000e+01 6.449113e-01
      vertex   -3.201759e+01 1.500000e+01 3.243571e-01
    endloop
  endfacet
  facet normal -0.000000e+00 1.000000e+00 0.000000e+00
    outer loop
      vertex   -3.201759e+01 1.500000e+01 3.243571e-01
      vertex   -2.792986e+01 1.500000e+01 6.449113e-01
      vertex   -2.800000e+01 1.500000e+01 0.000000e+00
    endloop
  endfacet
  facet normal 0.000000e+00 1.000000e+00 0.000000e+00
    outer loop
      vertex   -3.201759e+01 1.500000e+01 3.243571e-01
      vertex   -2.800000e+01 1.500000e+01 0.000000e+00
      vertex   -3.201759e+01 1.500000e+01 -3.243571e-01
    endloop
  endfacet
  facet normal -0.000000e+00 1.000000e+00 0.000000e+00
    outer loop
      vertex   -3.201759e+01 1.500000e+01 -3.243571e-01
      vertex   -2.800000e+01 1.500000e+01 0.000000e+00
      vertex   -2.792986e+01 1.500000e+01 -6.449113e-01
    endloop
  endfacet
  facet normal 0.000000e+00 1.000000e+00 0.000000e+00
    outer loop
      vertex   -3.201759e+01 1.500000e+01 -3.243571e-01
      vertex   -2.792986e+01 1.500000e+01 -6.449113e-01
      vertex   -3.215704e+01 1.500000e+01 -9.579046e-01
    endloop
  endfacet
  facet normal -0.000000e+00 1.000000e+00 0.000000e+00
    outer loop
      vertex   -3.215704e+01 1.500000e+01 -9.579046e-01
      vertex   -2.792986e+01 1.500000e+01 -6.449113e-01
      vertex   -2.772273e+01 1.500000e+01 -1.259667e+00
    endloop
  endfacet
  facet normal 0.000000e+00 1.000000e+00 0.000000e+00
    outer loop
      vertex   -3.215704e+01 1.500000e+01 -9.579046e-01
      vertex   -2.772273e+01 1.500000e+01 -1.259667e+00
      vertex   -3.242943e+01 1.500000e+01 -1.546662e+00
    endloop
  endfacet
  facet normal -0.000000e+00 1.000000e+00 0.000000e+00
    outer loop
      vertex   -3.242943e+01 1.500000e+01 -1.546662e+00
      vertex   -2.772273e+01 1.500000e+01 -1.259667e+00
      vertex   -2.738828e+01 1.500000e+01 -1.815523e+00
    endloop
  endfacet
  facet normal 0.000000e+00 1.000000e+00 0.000000e+00
    outer loop
      vertex   -3.242943e+01 1.500000e+01 -1.546662e+00
      vertex   -2.738828e+01 1.500000e+01 -1.815523e+00
      vertex   -3.282201e+01 1.500000e+01 -2.063098e+00
    endloop
  endfacet
  facet normal -0.000000e+00 1.000000e+00 0.000000e+00
    outer loop
      vertex   -3.282201e+01 1.500000e+01 -2.063098e+00
      vertex   -2.738828e+01 1.500000e+01 -1.815523e+00
      vertex   -2.694216e+01 1.500000e+01 -2.286486e+00
    endloop
  endfacet
  facet normal 0.000000e+00 1.000000e+00 0.000000e+00
    outer loop
      vertex   -3.282201e+01 1.500000e+01 -2.063098e+00
      vertex   -2.694216e+01 1.500000e+01 -2.286486e+00
      vertex   -3.331644e+01 1.500000e+01 -2.483067e+00
    endloop
  endfacet
  facet normal -0.000000e+00 1.000000e+00 0.000000e+00
    outer loop
      vertex   -3.331644e+01 1.500000e+01 -2.483067e+00
      vertex   -2.694216e+01 1.500000e+01 -2.286486e+00
      vertex   -2.640523e+01 1.500000e+01 -2.650536e+00
    endloop
  endfacet
  facet normal 0.000000e+00 1.000000e+00 0.000000e+00
    outer loop
      vertex   -3.331644e+01 1.500000e+01 -2.483067e+00
      vertex   -2.640523e+01 1.500000e+01 -2.650536e+00
      vertex   -3.388959e+01 1.500000e+01 -2.786930e+00
    endloop
  endfacet
  facet normal -0.000000e+00 1.000000e+00 0.000000e+00
    outer loop
      vertex   -3.388959e+01 1.500000e+01 -2.786930e+00
      vertex   -2.640523e+01 1.500000e+01 -2.650536e+00
      vertex   -2.580259e+01 1.500000e+01 -2.890650e+00
    endloop
  endfacet
  facet normal 0.000000e+00 1.000000e+00 0.000000e+00
    outer loop
      vertex   -3.388959e+01 1.500000e+01 -2.786930e+00
      vertex   -2.580259e+01 1.500000e+01 -2.890650e+00
      vertex   -3.451465e+01 1.500000e+01 -2.960480e+00
    endloop
  endfacet
  facet normal -0.000000e+00 1.000000e+00 0.000000e+00
    outer loop
      vertex   -3.451465e+01 1.500000e+01 -2.960480e+00
      vertex   -2.580259e+01 1.500000e+01 -2.890650e+00
      vertex   -2.516242e+01 1.500000e+01 -2.995600e+00
    endloop
  endfacet
  facet normal 0.000000e+00 1.000000e+00 0.000000e+00
    outer loop
      vertex   -3.451465e+01 1.500000e+01 -2.960480e+00
      vertex   -2.516242e+01 1.500000e+01 -2.995600e+00
      vertex   -5.500000e+01 1.500000e+01 -1.000000e+01
    endloop
  endfacet
  facet normal 0.000000e+00 1.000000e+00 0.000000e+00
    outer loop
      vertex   -5.500000e+01 1.500000e+01 -1.000000e+01
      vertex   -2.516242e+01 1.500000e+01 -2.995600e+00
      vertex   -1.516242e+01 1.500000e+01 -2.995600e+00
    endloop
  endfacet
  facet normal 0.000000e+00 1.000000e+00 0.000000e+00
    outer loop
      vertex   -5.500000e+01 1.500000e+01 -1.000000e+01
      vertex   -1.516242e+01 1.500000e+01 -2.995600e+00
      vertex   -5.162417e+00 1.500000e+01 -2.995600e+00
    endloop
  endfacet
  facet normal 0.000000e+00 1.000000e+00 0.000000e+00
    outer loop
      vertex   -5.162417e+00 1.500000e+01 -2.995600e+00
      vertex   -1.516242e+01 1.500000e+01 -2.995600e+00
      vertex   -1.451465e+01 1.500000e+01 -2.960480e+00
    endloop
  endfacet
  facet normal 0.000000e+00 1.000000e+00 0.000000e+00
    outer loop
      vertex   -5.162417e+00 1.500000e+01 -2.995600e+00
      vertex   -1.451465e+01 1.500000e+01 -2.960480e+00
      vertex   -5.802585e+00 1.500000e+01 -2.890650e+00
    endloop
  endfacet
  facet normal 0.000000e+00 1.000000e+00 0.000000e+00
    outer loop
      vertex   -5.802585e+00 1.500000e+01 -2.890650e+00
      vertex   -1.451465e+01 1.500000e+01 -2.960480e+00
      vertex   -1.388959e+01 1.500000e+01 -2.786930e+00
    endloop
  endfacet
  facet normal 0.000000e+00 1.000000e+00 0.000000e+00
    outer loop
      vertex   -5.802585e+00 1.500000e+01 -2.890650e+00
      vertex   -1.388959e+01 1.500000e+01 -2.786930e+00
      vertex   -6.405225e+00 1.500000e+01 -2.650536e+00
    endloop
  endfacet
  facet normal 0.000000e+00 1.000000e+00 0.000000e+00
    outer loop
      vertex   -6.405225e+00 1.500000e+01 -2.650536e+00
      vertex   -1.388959e+01 1.500000e+01 -2.786930e+00
      vertex   -1.331644e+01 1.500000e+01 -2.483067e+00
    endloop
  endfacet
  facet normal 0.000000e+00 1.000000e+00 0.000000e+00
    outer loop
      vertex   -6.405225e+00 1.500000e+01 -2.650536e+00
      vertex   -1.331644e+01 1.500000e+01 -2.483067e+00
      vertex   -6.942159e+00 1.500000e+01 -2.286486e+00
    endloop
  endfacet
  facet normal 0.000000e+00 1.000000e+00 0.000000e+00
    outer loop
      vertex   -6.942159e+00 1.500000e+01 -2.286486e+00
      vertex   -1.331644e+01 1.500000e+01 -2.483067e+00
      vertex   -1.282201e+01 1.500000e+01 -2.063098e+00
    endloop
  endfacet
  facet normal 0.000000e+00 1.000000e+00 0.000000e+00
    outer loop
      vertex   -6.942159e+00 1.500000e+01 -2.286486e+00
      vertex   -1.282201e+01 1.500000e+01 -2.063098e+00
      vertex   -7.388279e+00 1.500000e+01 -1.815523e+00
    endloop
  endfacet
  facet normal 0.000000e+00 1.000000e+00 0.000000e+00
    outer loop
      vertex   -7.388279e+00 1.500000e+01 -1.815523e+00
      vertex   -1.282201e+01 1.500000e+01 -2.063098e+00
      vertex   -1.242943e+01 1.500000e+01 -1.546662e+00
    endloop
  endfacet
  facet normal 0.000000e+00 1.000000e+00 0.000000e+00
    outer loop
      vertex   -7.388279e+00 1.500000e+01 -1.815523e+00
      vertex   -1.242943e+01 1.500000e+01 -1.546662e+00
      vertex   -7.722726e+00 1.500000e+01 -1.259667e+00
    endloop
  endfacet
  facet normal 0.000000e+00 1.000000e+00 0.000000e+00
    outer loop
      vertex   -7.722726e+00 1.500000e+01 -1.259667e+00
      vertex   -1.242943e+01 1.500000e+01 -1.546662e+00
      vertex   -1.215704e+01 1.500000e+01 -9.579046e-01
    endloop
  endfacet
  facet normal 0.000000e+00 1.000000e+00 0.000000e+00
    outer loop
      vertex   -7.722726e+00 1.500000e+01 -1.259667e+00
      vertex   -1.215704e+01 1.500000e+01 -9.579046e-01
      vertex   -7.929862e+00 1.500000e+01 -6.449113e-01
    endloop
  endfacet
  facet normal 0.000000e+00 1.000000e+00 0.000000e+00
    outer loop
      vertex   -7.929862e+00 1.500000e+01 -6.449113e-01
      vertex   -1.215704e+01 1.500000e+01 -9.579046e-01
      vertex   -1.201759e+01 1.500000e+01 -3.243571e-01
    endloop
  endfacet
  facet normal 0.000000e+00 1.000000e+00 0.000000e+00
    outer loop
      vertex   -7.929862e+00 1.500000e+01 -6.449113e-01
      vertex   -1.201759e+01 1.500000e+01 -3.243571e-01
      vertex   -8.000000e+00 1.500000e+01 0.000000e+00
    endloop
  endfacet
  facet normal 0.000000e+00 1.000000e+00 0.000000e+00
    outer loop
      vertex   -8.000000e+00 1.500000e+01 0.000000e+00
      vertex   -1.201759e+01 1.500000e+01 -3.243571e-01
      vertex   -1.201759e+01 1.500000e+01 3.243571e-01
    endloop
  endfacet
  facet normal 0.000000e+00 1.000000e+00 -0.000000e+00
    outer loop
      vertex   -8.000000e+00 1.500000e+01 0.000000e+00
      vertex   -1.201759e+01 1.500000e+01 3.243571e-01
      vertex   -7.929862e+00 1.500000e+01 6.449113e-01
    endloop
  endfacet
  facet normal 0.000000e+00 1.000000e+00 0.000000e+00
    outer loop
      vertex   -7.929862e+00 1.500000e+01 6.449113e-01
      vertex   -1.201759e+01 1.500000e+01 3.243571e-01
      vertex   -1.215704e+01 1.500000e+01 9.579046e-01
    endloop
  endfacet
  facet normal 0.000000e+00 1.000000e+00 -0.000000e+00
    outer loop
      vertex   -7.929862e+00 1.500000e+01 6.449113e-01
      vertex   -1.215704e+01 1.500000e+01 9.579046e-01
      vertex   -7.722726e+00 1.500000e+01 1.259667e+00
    endloop
  endfacet
  facet normal 0.000000e+00 1.000000e+00 0.000000e+00
    outer loop
      vertex   -7.722726e+00 1.500000e+01 1.259667e+00
      vertex   -1.215704e+01 1.500000e+01 9.579046e-01
      vertex   -1.242943e+01 1.500000e+01 1.546662e+00
    endloop
  endfacet
  facet normal 0.000000e+00 1.000000e+00 -0.000000e+00
    outer loop
      vertex   -7.722726e+00 1.500000e+01 1.259667e+00
      vertex   -1.242943e+01 1.500000e+01 1.546662e+00
      vertex   -7.388279e+00 1.500000e+01 1.815523e+00
    endloop
  endfacet
  facet normal 0.000000e+00 1.000000e+00 0.000000e+00
    outer loop
      vertex   -7.388279e+00 1.500000e+01 1.815523e+00
      vertex   -1.242943e+01 1.500000e+01 1.546662e+00
      vertex   -1.282201e+01 1.500000e+01 2.063098e+00
    endloop
  endfacet
  facet normal 0.000000e+00 1.000000e+00 -0.000000e+00
    outer loop
      vertex   -7.388279e+00 1.500000e+01 1.815523e+00
      vertex   -1.282201e+01 1.500000e+01 2.063098e+00
      vertex   -6.942159e+00 1.500000e+01 2.286486e+00
    endloop
  endfacet
  facet normal 0.000000e+00 1.000000e+00 0.000000e+00
    outer loop
      vertex   -6.942159e+00 1.500000e+01 2.286486e+00
      vertex   -1.282201e+01 1.500000e+01 2.063098e+00
      vertex   -1.331644e+01 1.500000e+01 2.483067e+00
    endloop
  endfacet
  facet normal 0.000000e+00 1.000000e+00 -0.000000e+00
    outer loop
      vertex   -6.942159e+00 1.500000e+01 2.286486e+00
      vertex   -1.331644e+01 1.500000e+01 2.483067e+00
      vertex   -6.405225e+00 1.500000e+01 2.650536e+00
    endloop
  endfacet
  facet normal 0.000000e+00 1.000000e+00 0.000000e+00
    outer loop
      vertex   -6.405225e+00 1.500000e+01 2.650536e+00
      vertex   -1.331644e+01 1.500000e+01 2.483067e+00
      vertex   -1.388959e+01 1.500000e+01 2.786930e+00
    endloop
  endfacet
  facet normal 0.000000e+00 1.000000e+00 -0.000000e+00
    outer loop
      vertex   -6.405225e+00 1.500000e+01 2.650536e+00
      vertex   -1.388959e+01 1.500000e+01 2.786930e+00
      vertex   -5.802585e+00 1.500000e+01 2.890650e+00
    endloop
  endfacet
  facet normal 0.000000e+00 1.000000e+00 0.000000e+00
    outer loop
      vertex   -5.802585e+00 1.500000e+01 2.890650e+00
      vertex   -1.388959e+01 1.500000e+01 2.786930e+00
      vertex   -1.451465e+01 1.500000e+01 2.960480e+00
    endloop
  endfacet
  facet normal 0.000000e+00 1.000000e+00 -0.000000e+00
    outer loop
      vertex   -5.802585e+00 1.500000e+01 2.890650e+00
      vertex   -1.451465e+01 1.500000e+01 2.960480e+00
      vertex   -5.802585e+00 1.500000e+01 7.109350e+00
    endloop
  endfacet
  facet normal -0.000000e+00 1.000000e+00 0.000000e+00
    outer loop
      vertex   -2.516242e+01 1.500000e+01 7.004400e+00
      vertex   -2.451465e+01 1.500000e+01 7.039520e+00
      vertex   -2.516242e+01 1.500000e+01 2.995600e+00
    endloop
  endfacet
  facet normal 0.000000e+00 1.000000e+00 0.000000e+00
    outer loop
      vertex   -2.580259e+01 1.500000e+01 1.289065e+01
      vertex   -2.580259e+01 1.500000e+01 1.710935e+01
      vertex   -2.516242e+01 1.500000e+01 1.299560e+01
    endloop
  endfacet
  facet normal 0.000000e+00 1.000000e+00 -0.000000e+00
    outer loop
      vertex   -2.516242e+01 1.500000e+01 1.299560e+01
      vertex   -2.580259e+01 1.500000e+01 1.710935e+01
      vertex   -2.516242e+01 1.500000e+01 1.700440e+01
    endloop
  endfacet
  facet normal 0.000000e+00 1.000000e+00 0.000000e+00
    outer loop
      vertex   -2.516242e+01 1.500000e+01 1.299560e+01
      vertex   -2.516242e+01 1.500000e+01 1.700440e+01
      vertex   -2.451465e+01 1.500000e+01 1.703952e+01
    endloop
  endfacet
  facet normal 0.000000e+00 1.000000e+00 0.000000e+00
    outer loop
      vertex   2.070138e+00 1.500000e+01 9.355089e+00
      vertex   -2.017586e+00 1.500000e+01 9.675643e+00
      vertex   2.000000e+00 1.500000e+01 1.000000e+01
    endloop
  endfacet
  facet normal 0.000000e+00 1.000000e+00 0.000000e+00
    outer loop
      vertex   2.000000e+00 1.500000e+01 1.000000e+01
      vertex   -2.017586e+00 1.500000e+01 9.675643e+00
      vertex   -2.017586e+00 1.500000e+01 1.032436e+01
    endloop
  endfacet
  facet normal 0.000000e+00 1.000000e+00 -0.000000e+00
    outer loop
      vertex   2.000000e+00 1.500000e+01 1.000000e+01
      vertex   -2.017586e+00 1.500000e+01 1.032436e+01
      vertex   2.070138e+00 1.500000e+01 1.064491e+01
    endloop
  endfacet
  facet normal 0.000000e+00 1.000000e+00 0.000000e+00
    outer loop
      vertex   2.070138e+00 1.500000e+01 1.064491e+01
      vertex   -2.017586e+00 1.500000e+01 1.032436e+01
      vertex   -2.157040e+00 1.500000e+01 1.095790e+01
    endloop
  endfacet
  facet normal 0.000000e+00 1.000000e+00 -0.000000e+00
    outer loop
      vertex   2.070138e+00 1.500000e+01 1.064491e+01
      vertex   -2.157040e+00 1.500000e+01 1.095790e+01
      vertex   2.277274e+00 1.500000e+01 1.125967e+01
    endloop
  endfacet
  facet normal 0.000000e+00 1.000000e+00 0.000000e+00
    outer loop
      vertex   2.277274e+00 1.500000e+01 1.125967e+01
      vertex   -2.157040e+00 1.500000e+01 1.095790e+01
      vertex   -2.429428e+00 1.500000e+01 1.154666e+01
    endloop
  endfacet
  facet normal 0.000000e+00 1.000000e+00 -0.000000e+00
    outer loop
      vertex   2.277274e+00 1.500000e+01 1.125967e+01
      vertex   -2.429428e+00 1.500000e+01 1.154666e+01
      vertex   2.611721e+00 1.500000e+01 1.181552e+01
    endloop
  endfacet
  facet normal 0.000000e+00 1.000000e+00 0.000000e+00
    outer loop
      vertex   2.611721e+00 1.500000e+01 1.181552e+01
      vertex   -2.429428e+00 1.500000e+01 1.154666e+01
      vertex   -2.822014e+00 1.500000e+01 1.206310e+01
    endloop
  endfacet
  facet normal 0.000000e+00 1.000000e+00 -0.000000e+00
    outer loop
      vertex   2.611721e+00 1.500000e+01 1.181552e+01
      vertex   -2.822014e+00 1.500000e+01 1.206310e+01
      vertex   3.057841e+00 1.500000e+01 1.228649e+01
    endloop
  endfacet
  facet normal 0.000000e+00 1.000000e+00 0.000000e+00
    outer loop
      vertex   3.057841e+00 1.500000e+01 1.228649e+01
      vertex   -2.822014e+00 1.500000e+01 1.206310e+01
      vertex   -3.316439e+00 1.500000e+01 1.248307e+01
    endloop
  endfacet
  facet normal 0.000000e+00 1.000000e+00 -0.000000e+00
    outer loop
      vertex   3.057841e+00 1.500000e+01 1.228649e+01
      vertex   -3.316439e+00 1.500000e+01 1.248307e+01
      vertex   3.594775e+00 1.500000e+01 1.265054e+01
    endloop
  endfacet
  facet normal 0.000000e+00 1.000000e+00 0.000000e+00
    outer loop
      vertex   3.594775e+00 1.500000e+01 1.265054e+01
      vertex   -3.316439e+00 1.500000e+01 1.248307e+01
      vertex   -3.889586e+00 1.500000e+01 1.278693e+01
    endloop
  endfacet
  facet normal 0.000000e+00 1.000000e+00 -0.000000e+00
    outer loop
      vertex   3.594775e+00 1.500000e+01 1.265054e+01
      vertex   -3.889586e+00 1.500000e+01 1.278693e+01
      vertex   4.197415e+00 1.500000e+01 1.289065e+01
    endloop
  endfacet
  facet normal 0.000000e+00 1.000000e+00 0.000000e+00
    outer loop
      vertex   4.197415e+00 1.500000e+01 1.289065e+01
      vertex   -3.889586e+00 1.500000e+01 1.278693e+01
      vertex   -4.514654e+00 1.500000e+01 1.296048e+01
    endloop
  endfacet
  facet normal 0.000000e+00 1.000000e+00 0.000000e+00
    outer loop
      vertex   -2.017586e+00 1.500000e+01 9.675643e+00
      vertex   2.070138e+00 1.500000e+01 9.355089e+00
      vertex   -2.157040e+00 1.500000e+01 9.042095e+00
    endloop
  endfacet
  facet normal -0.000000e+00 1.000000e+00 0.000000e+00
    outer loop
      vertex   -2.157040e+00 1.500000e+01 9.042095e+00
      vertex   2.070138e+00 1.500000e+01 9.355089e+00
      vertex   2.277274e+00 1.500000e+01 8.740333e+00
    endloop
  endfacet
  facet normal 0.000000e+00 1.000000e+00 0.000000e+00
    outer loop
      vertex   -2.157040e+00 1.500000e+01 9.042095e+00
      vertex   2.277274e+00 1.500000e+01 8.740333e+00
      vertex   -2.429428e+00 1.500000e+01 8.453338e+00
    endloop
  endfacet
  facet normal -0.000000e+00 1.000000e+00 0.000000e+00
    outer loop
      vertex   -2.429428e+00 1.500000e+01 8.453338e+00
      vertex   2.277274e+00 1.500000e+01 8.740333e+00
      vertex   2.611721e+00 1.500000e+01 8.184477e+00
    endloop
  endfacet
  facet normal 0.000000e+00 1.000000e+00 0.000000e+00
    outer loop
      vertex   -2.429428e+00 1.500000e+01 8.453338e+00
      vertex   2.611721e+00 1.500000e+01 8.184477e+00
      vertex   -2.822014e+00 1.500000e+01 7.936902e+00
    endloop
  endfacet
  facet normal -0.000000e+00 1.000000e+00 0.000000e+00
    outer loop
      vertex   -2.822014e+00 1.500000e+01 7.936902e+00
      vertex   2.611721e+00 1.500000e+01 8.184477e+00
      vertex   3.057841e+00 1.500000e+01 7.713514e+00
    endloop
  endfacet
  facet normal 0.000000e+00 1.000000e+00 0.000000e+00
    outer loop
      vertex   -2.822014e+00 1.500000e+01 7.936902e+00
      vertex   3.057841e+00 1.500000e+01 7.713514e+00
      vertex   -3.316439e+00 1.500000e+01 7.516933e+00
    endloop
  endfacet
  facet normal -0.000000e+00 1.000000e+00 0.000000e+00
    outer loop
      vertex   -3.316439e+00 1.500000e+01 7.516933e+00
      vertex   3.057841e+00 1.500000e+01 7.713514e+00
      vertex   3.594775e+00 1.500000e+01 7.349464e+00
    endloop
  endfacet
  facet normal 0.000000e+00 1.000000e+00 0.000000e+00
    outer loop
      vertex   -3.316439e+00 1.500000e+01 7.516933e+00
      vertex   3.594775e+00 1.500000e+01 7.349464e+00
      vertex   -3.889586e+00 1.500000e+01 7.213070e+00
    endloop
  endfacet
  facet normal -0.000000e+00 1.000000e+00 0.000000e+00
    outer loop
      vertex   -3.889586e+00 1.500000e+01 7.213070e+00
      vertex   3.594775e+00 1.500000e+01 7.349464e+00
      vertex   4.197415e+00 1.500000e+01 7.109350e+00
    endloop
  endfacet
  facet normal 0.000000e+00 1.000000e+00 0.000000e+00
    outer loop
      vertex   -3.889586e+00 1.500000e+01 7.213070e+00
      vertex   4.197415e+00 1.500000e+01 7.109350e+00
      vertex   -4.514654e+00 1.500000e+01 7.039520e+00
    endloop
  endfacet
  facet normal -0.000000e+00 1.000000e+00 0.000000e+00
    outer loop
      vertex   -4.514654e+00 1.500000e+01 7.039520e+00
      vertex   4.197415e+00 1.500000e+01 7.109350e+00
      vertex   -4.514654e+00 1.500000e+01 2.960480e+00
    endloop
  endfacet
  facet normal 0.000000e+00 1.000000e+00 0.000000e+00
    outer loop
      vertex   -4.514654e+00 1.500000e+01 7.039520e+00
      vertex   -4.514654e+00 1.500000e+01 2.960480e+00
      vertex   -5.162417e+00 1.500000e+01 2.995600e+00
    endloop
  endfacet
  facet normal 0.000000e+00 1.000000e+00 0.000000e+00
    outer loop
      vertex   4.837583e+00 1.500000e+01 7.004400e+00
      vertex   4.837583e+00 1.500000e+01 2.995600e+00
      vertex   4.197415e+00 1.500000e+01 7.109350e+00
    endloop
  endfacet
  facet normal 0.000000e+00 1.000000e+00 0.000000e+00
    outer loop
      vertex   4.197415e+00 1.500000e+01 7.109350e+00
      vertex   4.837583e+00 1.500000e+01 2.995600e+00
      vertex   4.197415e+00 1.500000e+01 2.890650e+00
    endloop
  endfacet
  facet normal 0.000000e+00 1.000000e+00 0.000000e+00
    outer loop
      vertex   4.197415e+00 1.500000e+01 7.109350e+00
      vertex   4.197415e+00 1.500000e+01 2.890650e+00
      vertex   -4.514654e+00 1.500000e+01 2.960480e+00
    endloop
  endfacet
  facet normal 0.000000e+00 1.000000e+00 0.000000e+00
    outer loop
      vertex   -4.514654e+00 1.500000e+01 2.960480e+00
      vertex   4.197415e+00 1.500000e+01 2.890650e+00
      vertex   -3.889586e+00 1.500000e+01 2.786930e+00
    endloop
  endfacet
  facet normal -0.000000e+00 1.000000e+00 0.000000e+00
    outer loop
      vertex   -3.889586e+00 1.500000e+01 2.786930e+00
      vertex   4.197415e+00 1.500000e+01 2.890650e+00
      vertex   3.594775e+00 1.500000e+01 2.650536e+00
    endloop
  endfacet
  facet normal 0.000000e+00 1.000000e+00 0.000000e+00
    outer loop
      vertex   -3.889586e+00 1.500000e+01 2.786930e+00
      vertex   3.594775e+00 1.500000e+01 2.650536e+00
      vertex   -3.316439e+00 1.500000e+01 2.483067e+00
    endloop
  endfacet
  facet normal -0.000000e+00 1.000000e+00 0.000000e+00
    outer loop
      vertex   -3.316439e+00 1.500000e+01 2.483067e+00
      vertex   3.594775e+00 1.500000e+01 2.650536e+00
      vertex   3.057841e+00 1.500000e+01 2.286486e+00
    endloop
  endfacet
  facet normal 0.000000e+00 1.000000e+00 0.000000e+00
    outer loop
      vertex   -3.316439e+00 1.500000e+01 2.483067e+00
      vertex   3.057841e+00 1.500000e+01 2.286486e+00
      vertex   -2.822014e+00 1.500000e+01 2.063098e+00
    endloop
  endfacet
  facet normal -0.000000e+00 1.000000e+00 0.000000e+00
    outer loop
      vertex   -2.822014e+00 1.500000e+01 2.063098e+00
      vertex   3.057841e+00 1.500000e+01 2.286486e+00
      vertex   2.611721e+00 1.500000e+01 1.815523e+00
    endloop
  endfacet
  facet normal 0.000000e+00 1.000000e+00 0.000000e+00
    outer loop
      vertex   -2.822014e+00 1.500000e+01 2.063098e+00
      vertex   2.611721e+00 1.500000e+01 1.815523e+00
      vertex   -2.429428e+00 1.500000e+01 1.546662e+00
    endloop
  endfacet
  facet normal -0.000000e+00 1.000000e+00 0.000000e+00
    outer loop
      vertex   -2.429428e+00 1.500000e+01 1.546662e+00
      vertex   2.611721e+00 1.500000e+01 1.815523e+00
      vertex   2.277274e+00 1.500000e+01 1.259667e+00
    endloop
  endfacet
  facet normal 0.000000e+00 1.000000e+00 0.000000e+00
    outer loop
      vertex   -2.429428e+00 1.500000e+01 1.546662e+00
      vertex   2.277274e+00 1.500000e+01 1.259667e+00
      vertex   -2.157040e+00 1.500000e+01 9.579046e-01
    endloop
  endfacet
  facet normal -0.000000e+00 1.000000e+00 0.000000e+00
    outer loop
      vertex   -2.157040e+00 1.500000e+01 9.579046e-01
      vertex   2.277274e+00 1.500000e+01 1.259667e+00
      vertex   2.070138e+00 1.500000e+01 6.449113e-01
    endloop
  endfacet
  facet normal 0.000000e+00 1.000000e+00 0.000000e+00
    outer loop
      vertex   -2.157040e+00 1.500000e+01 9.579046e-01
      vertex   2.070138e+00 1.500000e+01 6.449113e-01
      vertex   -2.017586e+00 1.500000e+01 3.243571e-01
    endloop
  endfacet
  facet normal -0.000000e+00 1.000000e+00 0.000000e+00
    outer loop
      vertex   -2.017586e+00 1.500000e+01 3.243571e-01
      vertex   2.070138e+00 1.500000e+01 6.449113e-01
      vertex   2.000000e+00 1.500000e+01 0.000000e+00
    endloop
  endfacet
  facet normal 0.000000e+00 1.000000e+00 0.000000e+00
    outer loop
      vertex   -2.017586e+00 1.500000e+01 3.243571e-01
      vertex   2.000000e+00 1.500000e+01 0.000000e+00
      vertex   -2.017586e+00 1.500000e+01 -3.243571e-01
    endloop
  endfacet
  facet normal -0.000000e+00 1.000000e+00 0.000000e+00
    outer loop
      vertex   -2.017586e+00 1.500000e+01 -3.243571e-01
      vertex   2.000000e+00 1.500000e+01 0.000000e+00
      vertex   2.070138e+00 1.500000e+01 -6.449113e-01
    endloop
  endfacet
  facet normal 0.000000e+00 1.000000e+00 0.000000e+00
    outer loop
      vertex   -2.017586e+00 1.500000e+01 -3.243571e-01
      vertex   2.070138e+00 1.500000e+01 -6.449113e-01
      vertex   -2.157040e+00 1.500000e+01 -9.579046e-01
    endloop
  endfacet
  facet normal -0.000000e+00 1.000000e+00 0.000000e+00
    outer loop
      vertex   -2.157040e+00 1.500000e+01 -9.579046e-01
      vertex   2.070138e+00 1.500000e+01 -6.449113e-01
      vertex   2.277274e+00 1.500000e+01 -1.259667e+00
    endloop
  endfacet
  facet normal 0.000000e+00 1.000000e+00 0.000000e+00
    outer loop
      vertex   -2.157040e+00 1.500000e+01 -9.579046e-01
      vertex   2.277274e+00 1.500000e+01 -1.259667e+00
      vertex   -2.429428e+00 1.500000e+01 -1.546662e+00
    endloop
  endfacet
  facet normal -0.000000e+00 1.000000e+00 0.000000e+00
    outer loop
      vertex   -2.429428e+00 1.500000e+01 -1.546662e+00
      vertex   2.277274e+00 1.500000e+01 -1.259667e+00
      vertex   2.611721e+00 1.500000e+01 -1.815523e+00
    endloop
  endfacet
  facet normal 0.000000e+00 1.000000e+00 0.000000e+00
    outer loop
      vertex   -2.429428e+00 1.500000e+01 -1.546662e+00
      vertex   2.611721e+00 1.500000e+01 -1.815523e+00
      vertex   -2.822014e+00 1.500000e+01 -2.063098e+00
    endloop
  endfacet
  facet normal -0.000000e+00 1.000000e+00 0.000000e+00
    outer loop
      vertex   -2.822014e+00 1.500000e+01 -2.063098e+00
      vertex   2.611721e+00 1.500000e+01 -1.815523e+00
      vertex   3.057841e+00 1.500000e+01 -2.286486e+00
    endloop
  endfacet
  facet normal 0.000000e+00 1.000000e+00 0.000000e+00
    outer loop
      vertex   -2.822014e+00 1.500000e+01 -2.063098e+00
      vertex   3.057841e+00 1.500000e+01 -2.286486e+00
      vertex   -3.316439e+00 1.500000e+01 -2.483067e+00
    endloop
  endfacet
  facet normal -0.000000e+00 1.000000e+00 0.000000e+00
    outer loop
      vertex   -3.316439e+00 1.500000e+01 -2.483067e+00
      vertex   3.057841e+00 1.500000e+01 -2.286486e+00
      vertex   3.594775e+00 1.500000e+01 -2.650536e+00
    endloop
  endfacet
  facet normal 0.000000e+00 1.000000e+00 0.000000e+00
    outer loop
      vertex   -3.316439e+00 1.500000e+01 -2.483067e+00
      vertex   3.594775e+00 1.500000e+01 -2.650536e+00
      vertex   -3.889586e+00 1.500000e+01 -2.786930e+00
    endloop
  endfacet
  facet normal -0.000000e+00 1.000000e+00 0.000000e+00
    outer loop
      vertex   -3.889586e+00 1.500000e+01 -2.786930e+00
      vertex   3.594775e+00 1.500000e+01 -2.650536e+00
      vertex   4.197415e+00 1.500000e+01 -2.890650e+00
    endloop
  endfacet
  facet normal 0.000000e+00 1.000000e+00 0.000000e+00
    outer loop
      vertex   -3.889586e+00 1.500000e+01 -2.786930e+00
      vertex   4.197415e+00 1.500000e+01 -2.890650e+00
      vertex   -4.514654e+00 1.500000e+01 -2.960480e+00
    endloop
  endfacet
  facet normal -0.000000e+00 1.000000e+00 0.000000e+00
    outer loop
      vertex   -4.514654e+00 1.500000e+01 -2.960480e+00
      vertex   4.197415e+00 1.500000e+01 -2.890650e+00
      vertex   4.837583e+00 1.500000e+01 -2.995600e+00
    endloop
  endfacet
  facet normal 0.000000e+00 1.000000e+00 0.000000e+00
    outer loop
      vertex   -4.514654e+00 1.500000e+01 -2.960480e+00
      vertex   4.837583e+00 1.500000e+01 -2.995600e+00
      vertex   -5.162417e+00 1.500000e+01 -2.995600e+00
    endloop
  endfacet
  facet normal -0.000000e+00 1.000000e+00 0.000000e+00
    outer loop
      vertex   -5.162417e+00 1.500000e+01 -2.995600e+00
      vertex   4.837583e+00 1.500000e+01 -2.995600e+00
      vertex   -5.500000e+01 1.500000e+01 -1.000000e+01
    endloop
  endfacet
  facet normal -0.000000e+00 1.000000e+00 0.000000e+00
    outer loop
      vertex   4.837583e+00 1.500000e+01 7.004400e+00
      vertex   5.485346e+00 1.500000e+01 7.039520e+00
      vertex   4.837583e+00 1.500000e+01 2.995600e+00
    endloop
  endfacet
  facet normal 0.000000e+00 1.000000e+00 -0.000000e+00
    outer loop
      vertex   5.485346e+00 1.500000e+01 1.296048e+01
      vertex   4.837583e+00 1.500000e+01 1.299560e+01
      vertex   5.485346e+00 1.500000e+01 1.703952e+01
    endloop
  endfacet
  facet normal 0.000000e+00 1.000000e+00 0.000000e+00
    outer loop
      vertex   -1.792986e+01 1.500000e+01 -6.449113e-01
      vertex   -2.201759e+01 1.500000e+01 -3.243571e-01
      vertex   -1.800000e+01 1.500000e+01 0.000000e+00
    endloop
  endfacet
  facet normal 0.000000e+00 1.000000e+00 0.000000e+00
    outer loop
      vertex   -1.800000e+01 1.500000e+01 0.000000e+00
      vertex   -2.201759e+01 1.500000e+01 -3.243571e-01
      vertex   -2.201759e+01 1.500000e+01 3.243571e-01
    endloop
  endfacet
  facet normal 0.000000e+00 1.000000e+00 -0.000000e+00
    outer loop
      vertex   -1.800000e+01 1.500000e+01 0.000000e+00
      vertex   -2.201759e+01 1.500000e+01 3.243571e-01
      vertex   -1.792986e+01 1.500000e+01 6.449113e-01
    endloop
  endfacet
  facet normal 0.000000e+00 1.000000e+00 0.000000e+00
    outer loop
      vertex   -1.792986e+01 1.500000e+01 6.449113e-01
      vertex   -2.201759e+01 1.500000e+01 3.243571e-01
      vertex   -2.215704e+01 1.500000e+01 9.579046e-01
    endloop
  endfacet
  facet normal 0.000000e+00 1.000000e+00 -0.000000e+00
    outer loop
      vertex   -1.792986e+01 1.500000e+01 6.449113e-01
      vertex   -2.215704e+01 1.500000e+01 9.579046e-01
      vertex   -1.772273e+01 1.500000e+01 1.259667e+00
    endloop
  endfacet
  facet normal 0.000000e+00 1.000000e+00 0.000000e+00
    outer loop
      vertex   -1.772273e+01 1.500000e+01 1.259667e+00
      vertex   -2.215704e+01 1.500000e+01 9.579046e-01
      vertex   -2.242943e+01 1.500000e+01 1.546662e+00
    endloop
  endfacet
  facet normal 0.000000e+00 1.000000e+00 -0.000000e+00
    outer loop
      vertex   -1.772273e+01 1.500000e+01 1.259667e+00
      vertex   -2.242943e+01 1.500000e+01 1.546662e+00
      vertex   -1.738828e+01 1.500000e+01 1.815523e+00
    endloop
  endfacet
  facet normal 0.000000e+00 1.000000e+00 0.000000e+00
    outer loop
      vertex   -1.738828e+01 1.500000e+01 1.815523e+00
      vertex   -2.242943e+01 1.500000e+01 1.546662e+00
      vertex   -2.282201e+01 1.500000e+01 2.063098e+00
    endloop
  endfacet
  facet normal 0.000000e+00 1.000000e+00 -0.000000e+00
    outer loop
      vertex   -1.738828e+01 1.500000e+01 1.815523e+00
      vertex   -2.282201e+01 1.500000e+01 2.063098e+00
      vertex   -1.694216e+01 1.500000e+01 2.286486e+00
    endloop
  endfacet
  facet normal 0.000000e+00 1.000000e+00 0.000000e+00
    outer loop
      vertex   -1.694216e+01 1.500000e+01 2.286486e+00
      vertex   -2.282201e+01 1.500000e+01 2.063098e+00
      vertex   -2.331644e+01 1.500000e+01 2.483067e+00
    endloop
  endfacet
  facet normal 0.000000e+00 1.000000e+00 -0.000000e+00
    outer loop
      vertex   -1.694216e+01 1.500000e+01 2.286486e+00
      vertex   -2.331644e+01 1.500000e+01 2.483067e+00
      vertex   -1.640523e+01 1.500000e+01 2.650536e+00
    endloop
  endfacet
  facet normal 0.000000e+00 1.000000e+00 0.000000e+00
    outer loop
      vertex   -1.640523e+01 1.500000e+01 2.650536e+00
      vertex   -2.331644e+01 1.500000e+01 2.483067e+00
      vertex   -2.388959e+01 1.500000e+01 2.786930e+00
    endloop
  endfacet
  facet normal 0.000000e+00 1.000000e+00 -0.000000e+00
    outer loop
      vertex   -1.640523e+01 1.500000e+01 2.650536e+00
      vertex   -2.388959e+01 1.500000e+01 2.786930e+00
      vertex   -1.580259e+01 1.500000e+01 2.890650e+00
    endloop
  endfacet
  facet normal 0.000000e+00 1.000000e+00 0.000000e+00
    outer loop
      vertex   -1.580259e+01 1.500000e+01 2.890650e+00
      vertex   -2.388959e+01 1.500000e+01 2.786930e+00
      vertex   -2.451465e+01 1.500000e+01 2.960480e+00
    endloop
  endfacet
  facet normal 0.000000e+00 1.000000e+00 -0.000000e+00
    outer loop
      vertex   -1.580259e+01 1.500000e+01 2.890650e+00
      vertex   -2.451465e+01 1.500000e+01 2.960480e+00
      vertex   -1.580259e+01 1.500000e+01 7.109350e+00
    endloop
  endfacet
  facet normal 0.000000e+00 1.000000e+00 0.000000e+00
    outer loop
      vertex   -2.201759e+01 1.500000e+01 -3.243571e-01
      vertex   -1.792986e+01 1.500000e+01 -6.449113e-01
      vertex   -2.215704e+01 1.500000e+01 -9.579046e-01
    endloop
  endfacet
  facet normal -0.000000e+00 1.000000e+00 0.000000e+00
    outer loop
      vertex   -2.215704e+01 1.500000e+01 -9.579046e-01
      vertex   -1.792986e+01 1.500000e+01 -6.449113e-01
      vertex   -1.772273e+01 1.500000e+01 -1.259667e+00
    endloop
  endfacet
  facet normal 0.000000e+00 1.000000e+00 0.000000e+00
    outer loop
      vertex   -2.215704e+01 1.500000e+01 -9.579046e-01
      vertex   -1.772273e+01 1.500000e+01 -1.259667e+00
      vertex   -2.242943e+01 1.500000e+01 -1.546662e+00
    endloop
  endfacet
  facet normal -0.000000e+00 1.000000e+00 0.000000e+00
    outer loop
      vertex   -2.242943e+01 1.500000e+01 -1.546662e+00
      vertex   -1.772273e+01 1.500000e+01 -1.259667e+00
      vertex   -1.738828e+01 1.500000e+01 -1.815523e+00
    endloop
  endfacet
  facet normal 0.000000e+00 1.000000e+00 0.000000e+00
    outer loop
      vertex   -2.242943e+01 1.500000e+01 -1.546662e+00
      vertex   -1.738828e+01 1.500000e+01 -1.815523e+00
      vertex   -2.282201e+01 1.500000e+01 -2.063098e+00
    endloop
  endfacet
  facet normal -0.000000e+00 1.000000e+00 0.000000e+00
    outer loop
      vertex   -2.282201e+01 1.500000e+01 -2.063098e+00
      vertex   -1.738828e+01 1.500000e+01 -1.815523e+00
      vertex   -1.694216e+01 1.500000e+01 -2.286486e+00
    endloop
  endfacet
  facet normal 0.000000e+00 1.000000e+00 0.000000e+00
    outer loop
      vertex   -2.282201e+01 1.500000e+01 -2.063098e+00
      vertex   -1.694216e+01 1.500000e+01 -2.286486e+00
      vertex   -2.331644e+01 1.500000e+01 -2.483067e+00
    endloop
  endfacet
  facet normal -0.000000e+00 1.000000e+00 0.000000e+00
    outer loop
      vertex   -2.331644e+01 1.500000e+01 -2.483067e+00
      vertex   -1.694216e+01 1.500000e+01 -2.286486e+00
      vertex   -1.640523e+01 1.500000e+01 -2.650536e+00
    endloop
  endfacet
  facet normal 0.000000e+00 1.000000e+00 0.000000e+00
    outer loop
      vertex   -2.331644e+01 1.500000e+01 -2.483067e+00
      vertex   -1.640523e+01 1.500000e+01 -2.650536e+00
      vertex   -2.388959e+01 1.500000e+01 -2.786930e+00
    endloop
  endfacet
  facet normal -0.000000e+00 1.000000e+00 0.000000e+00
    outer loop
      vertex   -2.388959e+01 1.500000e+01 -2.786930e+00
      vertex   -1.640523e+01 1.500000e+01 -2.650536e+00
      vertex   -1.580259e+01 1.500000e+01 -2.890650e+00
    endloop
  endfacet
  facet normal 0.000000e+00 1.000000e+00 0.000000e+00
    outer loop
      vertex   -2.388959e+01 1.500000e+01 -2.786930e+00
      vertex   -1.580259e+01 1.500000e+01 -2.890650e+00
      vertex   -2.451465e+01 1.500000e+01 -2.960480e+00
    endloop
  endfacet
  facet normal -0.000000e+00 1.000000e+00 0.000000e+00
    outer loop
      vertex   -2.451465e+01 1.500000e+01 -2.960480e+00
      vertex   -1.580259e+01 1.500000e+01 -2.890650e+00
      vertex   -1.516242e+01 1.500000e+01 -2.995600e+00
    endloop
  endfacet
  facet normal 0.000000e+00 1.000000e+00 0.000000e+00
    outer loop
      vertex   -2.451465e+01 1.500000e+01 -2.960480e+00
      vertex   -1.516242e+01 1.500000e+01 -2.995600e+00
      vertex   -2.516242e+01 1.500000e+01 -2.995600e+00
    endloop
  endfacet
  facet normal 0.000000e+00 1.000000e+00 0.000000e+00
    outer loop
      vertex   -1.580259e+01 1.500000e+01 2.890650e+00
      vertex   -1.580259e+01 1.500000e+01 7.109350e+00
      vertex   -1.516242e+01 1.500000e+01 2.995600e+00
    endloop
  endfacet
  facet normal 0.000000e+00 1.000000e+00 -0.000000e+00
    outer loop
      vertex   -1.516242e+01 1.500000e+01 2.995600e+00
      vertex   -1.580259e+01 1.500000e+01 7.109350e+00
      vertex   -1.516242e+01 1.500000e+01 7.004400e+00
    endloop
  endfacet
  facet normal 0.000000e+00 1.000000e+00 0.000000e+00
    outer loop
      vertex   -1.516242e+01 1.500000e+01 2.995600e+00
      vertex   -1.516242e+01 1.500000e+01 7.004400e+00
      vertex   -1.451465e+01 1.500000e+01 7.039520e+00
    endloop
  endfacet
  facet normal 0.000000e+00 1.000000e+00 0.000000e+00
    outer loop
      vertex   1.207014e+01 1.500000e+01 1.935509e+01
      vertex   7.982414e+00 1.500000e+01 1.967564e+01
      vertex   1.200000e+01 1.500000e+01 2.000000e+01
    endloop
  endfacet
  facet normal 0.000000e+00 1.000000e+00 0.000000e+00
    outer loop
      vertex   1.200000e+01 1.500000e+01 2.000000e+01
      vertex   7.982414e+00 1.500000e+01 1.967564e+01
      vertex   7.982414e+00 1.500000e+01 2.032436e+01
    endloop
  endfacet
  facet normal 0.000000e+00 1.000000e+00 -0.000000e+00
    outer loop
      vertex   1.200000e+01 1.500000e+01 2.000000e+01
      vertex   7.982414e+00 1.500000e+01 2.032436e+01
      vertex   1.207014e+01 1.500000e+01 2.064491e+01
    endloop
  endfacet
  facet normal 0.000000e+00 1.000000e+00 0.000000e+00
    outer loop
      vertex   1.207014e+01 1.500000e+01 2.064491e+01
      vertex   7.982414e+00 1.500000e+01 2.032436e+01
      vertex   7.842960e+00 1.500000e+01 2.095790e+01
    endloop
  endfacet
  facet normal 0.000000e+00 1.000000e+00 -0.000000e+00
    outer loop
      vertex   1.207014e+01 1.500000e+01 2.064491e+01
      vertex   7.842960e+00 1.500000e+01 2.095790e+01
      vertex   1.227727e+01 1.500000e+01 2.125967e+01
    endloop
  endfacet
  facet normal 0.000000e+00 1.000000e+00 0.000000e+00
    outer loop
      vertex   1.227727e+01 1.500000e+01 2.125967e+01
      vertex   7.842960e+00 1.500000e+01 2.095790e+01
      vertex   7.570572e+00 1.500000e+01 2.154666e+01
    endloop
  endfacet
  facet normal 0.000000e+00 1.000000e+00 -0.000000e+00
    outer loop
      vertex   1.227727e+01 1.500000e+01 2.125967e+01
      vertex   7.570572e+00 1.500000e+01 2.154666e+01
      vertex   1.261172e+01 1.500000e+01 2.181552e+01
    endloop
  endfacet
  facet normal 0.000000e+00 1.000000e+00 0.000000e+00
    outer loop
      vertex   1.261172e+01 1.500000e+01 2.181552e+01
      vertex   7.570572e+00 1.500000e+01 2.154666e+01
      vertex   7.177986e+00 1.500000e+01 2.206310e+01
    endloop
  endfacet
  facet normal 0.000000e+00 1.000000e+00 -0.000000e+00
    outer loop
      vertex   1.261172e+01 1.500000e+01 2.181552e+01
      vertex   7.177986e+00 1.500000e+01 2.206310e+01
      vertex   1.305784e+01 1.500000e+01 2.228649e+01
    endloop
  endfacet
  facet normal 0.000000e+00 1.000000e+00 0.000000e+00
    outer loop
      vertex   1.305784e+01 1.500000e+01 2.228649e+01
      vertex   7.177986e+00 1.500000e+01 2.206310e+01
      vertex   6.683561e+00 1.500000e+01 2.248307e+01
    endloop
  endfacet
  facet normal 0.000000e+00 1.000000e+00 -0.000000e+00
    outer loop
      vertex   1.305784e+01 1.500000e+01 2.228649e+01
      vertex   6.683561e+00 1.500000e+01 2.248307e+01
      vertex   1.359477e+01 1.500000e+01 2.265054e+01
    endloop
  endfacet
  facet normal 0.000000e+00 1.000000e+00 0.000000e+00
    outer loop
      vertex   1.359477e+01 1.500000e+01 2.265054e+01
      vertex   6.683561e+00 1.500000e+01 2.248307e+01
      vertex   6.110414e+00 1.500000e+01 2.278693e+01
    endloop
  endfacet
  facet normal 0.000000e+00 1.000000e+00 -0.000000e+00
    outer loop
      vertex   1.359477e+01 1.500000e+01 2.265054e+01
      vertex   6.110414e+00 1.500000e+01 2.278693e+01
      vertex   1.419741e+01 1.500000e+01 2.289065e+01
    endloop
  endfacet
  facet normal 0.000000e+00 1.000000e+00 0.000000e+00
    outer loop
      vertex   1.419741e+01 1.500000e+01 2.289065e+01
      vertex   6.110414e+00 1.500000e+01 2.278693e+01
      vertex   5.485346e+00 1.500000e+01 2.296048e+01
    endloop
  endfacet
  facet normal 0.000000e+00 1.000000e+00 -0.000000e+00
    outer loop
      vertex   1.419741e+01 1.500000e+01 2.289065e+01
      vertex   5.485346e+00 1.500000e+01 2.296048e+01
      vertex   1.483758e+01 1.500000e+01 2.299560e+01
    endloop
  endfacet
  facet normal 0.000000e+00 1.000000e+00 0.000000e+00
    outer loop
      vertex   1.483758e+01 1.500000e+01 2.299560e+01
      vertex   5.485346e+00 1.500000e+01 2.296048e+01
      vertex   4.837583e+00 1.500000e+01 2.299560e+01
    endloop
  endfacet
  facet normal 0.000000e+00 1.000000e+00 0.000000e+00
    outer loop
      vertex   7.982414e+00 1.500000e+01 1.967564e+01
      vertex   1.207014e+01 1.500000e+01 1.935509e+01
      vertex   7.842960e+00 1.500000e+01 1.904210e+01
    endloop
  endfacet
  facet normal -0.000000e+00 1.000000e+00 0.000000e+00
    outer loop
      vertex   7.842960e+00 1.500000e+01 1.904210e+01
      vertex   1.207014e+01 1.500000e+01 1.935509e+01
      vertex   1.227727e+01 1.500000e+01 1.874033e+01
    endloop
  endfacet
  facet normal 0.000000e+00 1.000000e+00 0.000000e+00
    outer loop
      vertex   7.842960e+00 1.500000e+01 1.904210e+01
      vertex   1.227727e+01 1.500000e+01 1.874033e+01
      vertex   7.570572e+00 1.500000e+01 1.845334e+01
    endloop
  endfacet
  facet normal -0.000000e+00 1.000000e+00 0.000000e+00
    outer loop
      vertex   7.570572e+00 1.500000e+01 1.845334e+01
      vertex   1.227727e+01 1.500000e+01 1.874033e+01
      vertex   1.261172e+01 1.500000e+01 1.818448e+01
    endloop
  endfacet
  facet normal 0.000000e+00 1.000000e+00 0.000000e+00
    outer loop
      vertex   7.570572e+00 1.500000e+01 1.845334e+01
      vertex   1.261172e+01 1.500000e+01 1.818448e+01
      vertex   7.177986e+00 1.500000e+01 1.793690e+01
    endloop
  endfacet
  facet normal -0.000000e+00 1.000000e+00 0.000000e+00
    outer loop
      vertex   7.177986e+00 1.500000e+01 1.793690e+01
      vertex   1.261172e+01 1.500000e+01 1.818448e+01
      vertex   1.305784e+01 1.500000e+01 1.771351e+01
    endloop
  endfacet
  facet normal 0.000000e+00 1.000000e+00 0.000000e+00
    outer loop
      vertex   7.177986e+00 1.500000e+01 1.793690e+01
      vertex   1.305784e+01 1.500000e+01 1.771351e+01
      vertex   6.683561e+00 1.500000e+01 1.751693e+01
    endloop
  endfacet
  facet normal -0.000000e+00 1.000000e+00 0.000000e+00
    outer loop
      vertex   6.683561e+00 1.500000e+01 1.751693e+01
      vertex   1.305784e+01 1.500000e+01 1.771351e+01
      vertex   1.359477e+01 1.500000e+01 1.734946e+01
    endloop
  endfacet
  facet normal 0.000000e+00 1.000000e+00 0.000000e+00
    outer loop
      vertex   6.683561e+00 1.500000e+01 1.751693e+01
      vertex   1.359477e+01 1.500000e+01 1.734946e+01
      vertex   6.110414e+00 1.500000e+01 1.721307e+01
    endloop
  endfacet
  facet normal -0.000000e+00 1.000000e+00 0.000000e+00
    outer loop
      vertex   6.110414e+00 1.500000e+01 1.721307e+01
      vertex   1.359477e+01 1.500000e+01 1.734946e+01
      vertex   1.419741e+01 1.500000e+01 1.710935e+01
    endloop
  endfacet
  facet normal 0.000000e+00 1.000000e+00 0.000000e+00
    outer loop
      vertex   -3.792986e+01 1.500000e+01 9.355089e+00
      vertex   -4.201759e+01 1.500000e+01 9.675643e+00
      vertex   -3.800000e+01 1.500000e+01 1.000000e+01
    endloop
  endfacet
  facet normal 0.000000e+00 1.000000e+00 0.000000e+00
    outer loop
      vertex   -3.800000e+01 1.500000e+01 1.000000e+01
      vertex   -4.201759e+01 1.500000e+01 9.675643e+00
      vertex   -4.201759e+01 1.500000e+01 1.032436e+01
    endloop
  endfacet
  facet normal 0.000000e+00 1.000000e+00 -0.000000e+00
    outer loop
      vertex   -3.800000e+01 1.500000e+01 1.000000e+01
      vertex   -4.201759e+01 1.500000e+01 1.032436e+01
      vertex   -3.792986e+01 1.500000e+01 1.064491e+01
    endloop
  endfacet
  facet normal 0.000000e+00 1.000000e+00 0.000000e+00
    outer loop
      vertex   -3.792986e+01 1.500000e+01 1.064491e+01
      vertex   -4.201759e+01 1.500000e+01 1.032436e+01
      vertex   -4.215704e+01 1.500000e+01 1.095790e+01
    endloop
  endfacet
  facet normal 0.000000e+00 1.000000e+00 -0.000000e+00
    outer loop
      vertex   -3.792986e+01 1.500000e+01 1.064491e+01
      vertex   -4.215704e+01 1.500000e+01 1.095790e+01
      vertex   -3.772273e+01 1.500000e+01 1.125967e+01
    endloop
  endfacet
  facet normal 0.000000e+00 1.000000e+00 0.000000e+00
    outer loop
      vertex   -3.772273e+01 1.500000e+01 1.125967e+01
      vertex   -4.215704e+01 1.500000e+01 1.095790e+01
      vertex   -4.242943e+01 1.500000e+01 1.154666e+01
    endloop
  endfacet
  facet normal 0.000000e+00 1.000000e+00 -0.000000e+00
    outer loop
      vertex   -3.772273e+01 1.500000e+01 1.125967e+01
      vertex   -4.242943e+01 1.500000e+01 1.154666e+01
      vertex   -3.738828e+01 1.500000e+01 1.181552e+01
    endloop
  endfacet
  facet normal 0.000000e+00 1.000000e+00 0.000000e+00
    outer loop
      vertex   -3.738828e+01 1.500000e+01 1.181552e+01
      vertex   -4.242943e+01 1.500000e+01 1.154666e+01
      vertex   -4.282201e+01 1.500000e+01 1.206310e+01
    endloop
  endfacet
  facet normal 0.000000e+00 1.000000e+00 -0.000000e+00
    outer loop
      vertex   -3.738828e+01 1.500000e+01 1.181552e+01
      vertex   -4.282201e+01 1.500000e+01 1.206310e+01
      vertex   -3.694216e+01 1.500000e+01 1.228649e+01
    endloop
  endfacet
  facet normal 0.000000e+00 1.000000e+00 0.000000e+00
    outer loop
      vertex   -3.694216e+01 1.500000e+01 1.228649e+01
      vertex   -4.282201e+01 1.500000e+01 1.206310e+01
      vertex   -4.331644e+01 1.500000e+01 1.248307e+01
    endloop
  endfacet
  facet normal 0.000000e+00 1.000000e+00 -0.000000e+00
    outer loop
      vertex   -3.694216e+01 1.500000e+01 1.228649e+01
      vertex   -4.331644e+01 1.500000e+01 1.248307e+01
      vertex   -3.640523e+01 1.500000e+01 1.265054e+01
    endloop
  endfacet
  facet normal 0.000000e+00 1.000000e+00 0.000000e+00
    outer loop
      vertex   -3.640523e+01 1.500000e+01 1.265054e+01
      vertex   -4.331644e+01 1.500000e+01 1.248307e+01
      vertex   -4.388959e+01 1.500000e+01 1.278693e+01
    endloop
  endfacet
  facet normal 0.000000e+00 1.000000e+00 -0.000000e+00
    outer loop
      vertex   -3.640523e+01 1.500000e+01 1.265054e+01
      vertex   -4.388959e+01 1.500000e+01 1.278693e+01
      vertex   -3.580259e+01 1.500000e+01 1.289065e+01
    endloop
  endfacet
  facet normal 0.000000e+00 1.000000e+00 0.000000e+00
    outer loop
      vertex   -3.580259e+01 1.500000e+01 1.289065e+01
      vertex   -4.388959e+01 1.500000e+01 1.278693e+01
      vertex   -4.451465e+01 1.500000e+01 1.296048e+01
    endloop
  endfacet
  facet normal 0.000000e+00 1.000000e+00 -0.000000e+00
    outer loop
      vertex   -3.580259e+01 1.500000e+01 1.289065e+01
      vertex   -4.451465e+01 1.500000e+01 1.296048e+01
      vertex   -3.580259e+01 1.500000e+01 1.710935e+01
    endloop
  endfacet
  facet normal 0.000000e+00 1.000000e+00 0.000000e+00
    outer loop
      vertex   -3.580259e+01 1.500000e+01 1.710935e+01
      vertex   -4.451465e+01 1.500000e+01 1.296048e+01
      vertex   -4.451465e+01 1.500000e+01 1.703952e+01
    endloop
  endfacet
  facet normal 0.000000e+00 1.000000e+00 0.000000e+00
    outer loop
      vertex   -3.580259e+01 1.500000e+01 1.710935e+01
      vertex   -4.451465e+01 1.500000e+01 1.703952e+01
      vertex   -4.388959e+01 1.500000e+01 1.721307e+01
    endloop
  endfacet
  facet normal 0.000000e+00 1.000000e+00 0.000000e+00
    outer loop
      vertex   -4.201759e+01 1.500000e+01 9.675643e+00
      vertex   -3.792986e+01 1.500000e+01 9.355089e+00
      vertex   -4.215704e+01 1.500000e+01 9.042095e+00
    endloop
  endfacet
  facet normal -0.000000e+00 1.000000e+00 0.000000e+00
    outer loop
      vertex   -4.215704e+01 1.500000e+01 9.042095e+00
      vertex   -3.792986e+01 1.500000e+01 9.355089e+00
      vertex   -3.772273e+01 1.500000e+01 8.740333e+00
    endloop
  endfacet
  facet normal 0.000000e+00 1.000000e+00 0.000000e+00
    outer loop
      vertex   -4.215704e+01 1.500000e+01 9.042095e+00
      vertex   -3.772273e+01 1.500000e+01 8.740333e+00
      vertex   -4.242943e+01 1.500000e+01 8.453338e+00
    endloop
  endfacet
  facet normal -0.000000e+00 1.000000e+00 0.000000e+00
    outer loop
      vertex   -4.242943e+01 1.500000e+01 8.453338e+00
      vertex   -3.772273e+01 1.500000e+01 8.740333e+00
      vertex   -3.738828e+01 1.500000e+01 8.184477e+00
    endloop
  endfacet
  facet normal 0.000000e+00 1.000000e+00 0.000000e+00
    outer loop
      vertex   -4.242943e+01 1.500000e+01 8.453338e+00
      vertex   -3.738828e+01 1.500000e+01 8.184477e+00
      vertex   -4.282201e+01 1.500000e+01 7.936902e+00
    endloop
  endfacet
  facet normal -0.000000e+00 1.000000e+00 0.000000e+00
    outer loop
      vertex   -4.282201e+01 1.500000e+01 7.936902e+00
      vertex   -3.738828e+01 1.500000e+01 8.184477e+00
      vertex   -3.694216e+01 1.500000e+01 7.713514e+00
    endloop
  endfacet
  facet normal 0.000000e+00 1.000000e+00 0.000000e+00
    outer loop
      vertex   -4.282201e+01 1.500000e+01 7.936902e+00
      vertex   -3.694216e+01 1.500000e+01 7.713514e+00
      vertex   -4.331644e+01 1.500000e+01 7.516933e+00
    endloop
  endfacet
  facet normal -0.000000e+00 1.000000e+00 0.000000e+00
    outer loop
      vertex   -4.331644e+01 1.500000e+01 7.516933e+00
      vertex   -3.694216e+01 1.500000e+01 7.713514e+00
      vertex   -3.640523e+01 1.500000e+01 7.349464e+00
    endloop
  endfacet
  facet normal 0.000000e+00 1.000000e+00 0.000000e+00
    outer loop
      vertex   -4.331644e+01 1.500000e+01 7.516933e+00
      vertex   -3.640523e+01 1.500000e+01 7.349464e+00
      vertex   -4.388959e+01 1.500000e+01 7.213070e+00
    endloop
  endfacet
  facet normal -0.000000e+00 1.000000e+00 0.000000e+00
    outer loop
      vertex   -4.388959e+01 1.500000e+01 7.213070e+00
      vertex   -3.640523e+01 1.500000e+01 7.349464e+00
      vertex   -3.580259e+01 1.500000e+01 7.109350e+00
    endloop
  endfacet
  facet normal 0.000000e+00 1.000000e+00 0.000000e+00
    outer loop
      vertex   -4.388959e+01 1.500000e+01 7.213070e+00
      vertex   -3.580259e+01 1.500000e+01 7.109350e+00
      vertex   -4.451465e+01 1.500000e+01 7.039520e+00
    endloop
  endfacet
  facet normal -0.000000e+00 1.000000e+00 0.000000e+00
    outer loop
      vertex   -4.451465e+01 1.500000e+01 7.039520e+00
      vertex   -3.580259e+01 1.500000e+01 7.109350e+00
      vertex   -4.451465e+01 1.500000e+01 2.960480e+00
    endloop
  endfacet
  facet normal 0.000000e+00 1.000000e+00 0.000000e+00
    outer loop
      vertex   -4.451465e+01 1.500000e+01 7.039520e+00
      vertex   -4.451465e+01 1.500000e+01 2.960480e+00
      vertex   -4.516242e+01 1.500000e+01 2.995600e+00
    endloop
  endfacet
  facet normal 0.000000e+00 1.000000e+00 0.000000e+00
    outer loop
      vertex   -3.516242e+01 1.500000e+01 7.004400e+00
      vertex   -3.516242e+01 1.500000e+01 2.995600e+00
      vertex   -3.580259e+01 1.500000e+01 7.109350e+00
    endloop
  endfacet
  facet normal 0.000000e+00 1.000000e+00 0.000000e+00
    outer loop
      vertex   -3.580259e+01 1.500000e+01 7.109350e+00
      vertex   -3.516242e+01 1.500000e+01 2.995600e+00
      vertex   -3.580259e+01 1.500000e+01 2.890650e+00
    endloop
  endfacet
  facet normal 0.000000e+00 1.000000e+00 0.000000e+00
    outer loop
      vertex   -3.580259e+01 1.500000e+01 7.109350e+00
      vertex   -3.580259e+01 1.500000e+01 2.890650e+00
      vertex   -4.451465e+01 1.500000e+01 2.960480e+00
    endloop
  endfacet
  facet normal 0.000000e+00 1.000000e+00 0.000000e+00
    outer loop
      vertex   -4.451465e+01 1.500000e+01 2.960480e+00
      vertex   -3.580259e+01 1.500000e+01 2.890650e+00
      vertex   -4.388959e+01 1.500000e+01 2.786930e+00
    endloop
  endfacet
  facet normal -0.000000e+00 1.000000e+00 0.000000e+00
    outer loop
      vertex   -4.388959e+01 1.500000e+01 2.786930e+00
      vertex   -3.580259e+01 1.500000e+01 2.890650e+00
      vertex   -3.640523e+01 1.500000e+01 2.650536e+00
    endloop
  endfacet
  facet normal 0.000000e+00 1.000000e+00 0.000000e+00
    outer loop
      vertex   -4.388959e+01 1.500000e+01 2.786930e+00
      vertex   -3.640523e+01 1.500000e+01 2.650536e+00
      vertex   -4.331644e+01 1.500000e+01 2.483067e+00
    endloop
  endfacet
  facet normal -0.000000e+00 1.000000e+00 0.000000e+00
    outer loop
      vertex   -4.331644e+01 1.500000e+01 2.483067e+00
      vertex   -3.640523e+01 1.500000e+01 2.650536e+00
      vertex   -3.694216e+01 1.500000e+01 2.286486e+00
    endloop
  endfacet
  facet normal 0.000000e+00 1.000000e+00 0.000000e+00
    outer loop
      vertex   -4.331644e+01 1.500000e+01 2.483067e+00
      vertex   -3.694216e+01 1.500000e+01 2.286486e+00
      vertex   -4.282201e+01 1.500000e+01 2.063098e+00
    endloop
  endfacet
  facet normal -0.000000e+00 1.000000e+00 0.000000e+00
    outer loop
      vertex   -4.282201e+01 1.500000e+01 2.063098e+00
      vertex   -3.694216e+01 1.500000e+01 2.286486e+00
      vertex   -3.738828e+01 1.500000e+01 1.815523e+00
    endloop
  endfacet
  facet normal 0.000000e+00 1.000000e+00 0.000000e+00
    outer loop
      vertex   -4.282201e+01 1.500000e+01 2.063098e+00
      vertex   -3.738828e+01 1.500000e+01 1.815523e+00
      vertex   -4.242943e+01 1.500000e+01 1.546662e+00
    endloop
  endfacet
  facet normal -0.000000e+00 1.000000e+00 0.000000e+00
    outer loop
      vertex   -4.242943e+01 1.500000e+01 1.546662e+00
      vertex   -3.738828e+01 1.500000e+01 1.815523e+00
      vertex   -3.772273e+01 1.500000e+01 1.259667e+00
    endloop
  endfacet
  facet normal 0.000000e+00 1.000000e+00 0.000000e+00
    outer loop
      vertex   -4.242943e+01 1.500000e+01 1.546662e+00
      vertex   -3.772273e+01 1.500000e+01 1.259667e+00
      vertex   -4.215704e+01 1.500000e+01 9.579046e-01
    endloop
  endfacet
  facet normal -0.000000e+00 1.000000e+00 0.000000e+00
    outer loop
      vertex   -4.215704e+01 1.500000e+01 9.579046e-01
      vertex   -3.772273e+01 1.500000e+01 1.259667e+00
      vertex   -3.792986e+01 1.500000e+01 6.449113e-01
    endloop
  endfacet
  facet normal 0.000000e+00 1.000000e+00 0.000000e+00
    outer loop
      vertex   -4.215704e+01 1.500000e+01 9.579046e-01
      vertex   -3.792986e+01 1.500000e+01 6.449113e-01
      vertex   -4.201759e+01 1.500000e+01 3.243571e-01
    endloop
  endfacet
  facet normal -0.000000e+00 1.000000e+00 0.000000e+00
    outer loop
      vertex   -4.201759e+01 1.500000e+01 3.243571e-01
      vertex   -3.792986e+01 1.500000e+01 6.449113e-01
      vertex   -3.800000e+01 1.500000e+01 0.000000e+00
    endloop
  endfacet
  facet normal 0.000000e+00 1.000000e+00 0.000000e+00
    outer loop
      vertex   -4.201759e+01 1.500000e+01 3.243571e-01
      vertex   -3.800000e+01 1.500000e+01 0.000000e+00
      vertex   -4.201759e+01 1.500000e+01 -3.243571e-01
    endloop
  endfacet
  facet normal -0.000000e+00 1.000000e+00 0.000000e+00
    outer loop
      vertex   -4.201759e+01 1.500000e+01 -3.243571e-01
      vertex   -3.800000e+01 1.500000e+01 0.000000e+00
      vertex   -3.792986e+01 1.500000e+01 -6.449113e-01
    endloop
  endfacet
  facet normal 0.000000e+00 1.000000e+00 0.000000e+00
    outer loop
      vertex   -4.201759e+01 1.500000e+01 -3.243571e-01
      vertex   -3.792986e+01 1.500000e+01 -6.449113e-01
      vertex   -4.215704e+01 1.500000e+01 -9.579046e-01
    endloop
  endfacet
  facet normal -0.000000e+00 1.000000e+00 0.000000e+00
    outer loop
      vertex   -4.215704e+01 1.500000e+01 -9.579046e-01
      vertex   -3.792986e+01 1.500000e+01 -6.449113e-01
      vertex   -3.772273e+01 1.500000e+01 -1.259667e+00
    endloop
  endfacet
  facet normal 0.000000e+00 1.000000e+00 0.000000e+00
    outer loop
      vertex   -4.215704e+01 1.500000e+01 -9.579046e-01
      vertex   -3.772273e+01 1.500000e+01 -1.259667e+00
      vertex   -4.242943e+01 1.500000e+01 -1.546662e+00
    endloop
  endfacet
  facet normal -0.000000e+00 1.000000e+00 0.000000e+00
    outer loop
      vertex   -4.242943e+01 1.500000e+01 -1.546662e+00
      vertex   -3.772273e+01 1.500000e+01 -1.259667e+00
      vertex   -3.738828e+01 1.500000e+01 -1.815523e+00
    endloop
  endfacet
  facet normal 0.000000e+00 1.000000e+00 0.000000e+00
    outer loop
      vertex   -4.242943e+01 1.500000e+01 -1.546662e+00
      vertex   -3.738828e+01 1.500000e+01 -1.815523e+00
      vertex   -4.282201e+01 1.500000e+01 -2.063098e+00
    endloop
  endfacet
  facet normal -0.000000e+00 1.000000e+00 0.000000e+00
    outer loop
      vertex   -4.282201e+01 1.500000e+01 -2.063098e+00
      vertex   -3.738828e+01 1.500000e+01 -1.815523e+00
      vertex   -3.694216e+01 1.500000e+01 -2.286486e+00
    endloop
  endfacet
  facet normal 0.000000e+00 1.000000e+00 0.000000e+00
    outer loop
      vertex   -4.282201e+01 1.500000e+01 -2.063098e+00
      vertex   -3.694216e+01 1.500000e+01 -2.286486e+00
      vertex   -4.331644e+01 1.500000e+01 -2.483067e+00
    endloop
  endfacet
  facet normal -0.000000e+00 1.000000e+00 0.000000e+00
    outer loop
      vertex   -4.331644e+01 1.500000e+01 -2.483067e+00
      vertex   -3.694216e+01 1.500000e+01 -2.286486e+00
      vertex   -3.640523e+01 1.500000e+01 -2.650536e+00
    endloop
  endfacet
  facet normal 0.000000e+00 1.000000e+00 0.000000e+00
    outer loop
      vertex   -4.331644e+01 1.500000e+01 -2.483067e+00
      vertex   -3.640523e+01 1.500000e+01 -2.650536e+00
      vertex   -4.388959e+01 1.500000e+01 -2.786930e+00
    endloop
  endfacet
  facet normal -0.000000e+00 1.000000e+00 0.000000e+00
    outer loop
      vertex   -4.388959e+01 1.500000e+01 -2.786930e+00
      vertex   -3.640523e+01 1.500000e+01 -2.650536e+00
      vertex   -3.580259e+01 1.500000e+01 -2.890650e+00
    endloop
  endfacet
  facet normal 0.000000e+00 1.000000e+00 0.000000e+00
    outer loop
      vertex   -4.388959e+01 1.500000e+01 -2.786930e+00
      vertex   -3.580259e+01 1.500000e+01 -2.890650e+00
      vertex   -4.451465e+01 1.500000e+01 -2.960480e+00
    endloop
  endfacet
  facet normal -0.000000e+00 1.000000e+00 0.000000e+00
    outer loop
      vertex   -4.451465e+01 1.500000e+01 -2.960480e+00
      vertex   -3.580259e+01 1.500000e+01 -2.890650e+00
      vertex   -3.516242e+01 1.500000e+01 -2.995600e+00
    endloop
  endfacet
  facet normal 0.000000e+00 1.000000e+00 0.000000e+00
    outer loop
      vertex   -4.451465e+01 1.500000e+01 -2.960480e+00
      vertex   -3.516242e+01 1.500000e+01 -2.995600e+00
      vertex   -5.500000e+01 1.500000e+01 -1.000000e+01
    endloop
  endfacet
  facet normal 0.000000e+00 1.000000e+00 0.000000e+00
    outer loop
      vertex   -5.500000e+01 1.500000e+01 -1.000000e+01
      vertex   -3.516242e+01 1.500000e+01 -2.995600e+00
      vertex   -3.451465e+01 1.500000e+01 -2.960480e+00
    endloop
  endfacet
  facet normal -0.000000e+00 1.000000e+00 0.000000e+00
    outer loop
      vertex   -3.516242e+01 1.500000e+01 7.004400e+00
      vertex   -3.451465e+01 1.500000e+01 7.039520e+00
      vertex   -3.516242e+01 1.500000e+01 2.995600e+00
    endloop
  endfacet
  facet normal 0.000000e+00 1.000000e+00 0.000000e+00
    outer loop
      vertex   -3.580259e+01 1.500000e+01 1.289065e+01
      vertex   -3.580259e+01 1.500000e+01 1.710935e+01
      vertex   -3.516242e+01 1.500000e+01 1.299560e+01
    endloop
  endfacet
  facet normal 0.000000e+00 1.000000e+00 -0.000000e+00
    outer loop
      vertex   -3.516242e+01 1.500000e+01 1.299560e+01
      vertex   -3.580259e+01 1.500000e+01 1.710935e+01
      vertex   -3.516242e+01 1.500000e+01 1.700440e+01
    endloop
  endfacet
  facet normal 0.000000e+00 1.000000e+00 0.000000e+00
    outer loop
      vertex   -3.516242e+01 1.500000e+01 1.299560e+01
      vertex   -3.516242e+01 1.500000e+01 1.700440e+01
      vertex   -3.451465e+01 1.500000e+01 1.703952e+01
    endloop
  endfacet
  facet normal 0.000000e+00 1.000000e+00 0.000000e+00
    outer loop
      vertex   -4.792986e+01 1.500000e+01 9.355089e+00
      vertex   -5.500000e+01 1.500000e+01 -1.000000e+01
      vertex   -4.800000e+01 1.500000e+01 1.000000e+01
    endloop
  endfacet
  facet normal 0.000000e+00 1.000000e+00 0.000000e+00
    outer loop
      vertex   -4.800000e+01 1.500000e+01 1.000000e+01
      vertex   -5.500000e+01 1.500000e+01 -1.000000e+01
      vertex   -5.500000e+01 1.500000e+01 3.000000e+01
    endloop
  endfacet
  facet normal 0.000000e+00 1.000000e+00 -0.000000e+00
    outer loop
      vertex   -4.800000e+01 1.500000e+01 1.000000e+01
      vertex   -5.500000e+01 1.500000e+01 3.000000e+01
      vertex   -4.792986e+01 1.500000e+01 1.064491e+01
    endloop
  endfacet
  facet normal 0.000000e+00 1.000000e+00 0.000000e+00
    outer loop
      vertex   -4.792986e+01 1.500000e+01 1.064491e+01
      vertex   -5.500000e+01 1.500000e+01 3.000000e+01
      vertex   -4.792986e+01 1.500000e+01 1.935509e+01
    endloop
  endfacet
  facet normal 0.000000e+00 1.000000e+00 -0.000000e+00
    outer loop
      vertex   -4.792986e+01 1.500000e+01 1.064491e+01
      vertex   -4.792986e+01 1.500000e+01 1.935509e+01
      vertex   -4.772273e+01 1.500000e+01 1.874033e+01
    endloop
  endfacet
  facet normal 0.000000e+00 1.000000e+00 0.000000e+00
    outer loop
      vertex   -5.500000e+01 1.500000e+01 -1.000000e+01
      vertex   -4.792986e+01 1.500000e+01 9.355089e+00
      vertex   -4.792986e+01 1.500000e+01 6.449113e-01
    endloop
  endfacet
  facet normal 0.000000e+00 1.000000e+00 0.000000e+00
    outer loop
      vertex   -4.792986e+01 1.500000e+01 6.449113e-01
      vertex   -4.792986e+01 1.500000e+01 9.355089e+00
      vertex   -4.772273e+01 1.500000e+01 8.740333e+00
    endloop
  endfacet
  facet normal 0.000000e+00 1.000000e+00 0.000000e+00
    outer loop
      vertex   -4.792986e+01 1.500000e+01 6.449113e-01
      vertex   -4.772273e+01 1.500000e+01 8.740333e+00
      vertex   -4.772273e+01 1.500000e+01 1.259667e+00
    endloop
  endfacet
  facet normal 0.000000e+00 1.000000e+00 0.000000e+00
    outer loop
      vertex   -4.772273e+01 1.500000e+01 1.259667e+00
      vertex   -4.772273e+01 1.500000e+01 8.740333e+00
      vertex   -4.738828e+01 1.500000e+01 1.815523e+00
    endloop
  endfacet
  facet normal 0.000000e+00 1.000000e+00 -0.000000e+00
    outer loop
      vertex   -4.738828e+01 1.500000e+01 1.815523e+00
      vertex   -4.772273e+01 1.500000e+01 8.740333e+00
      vertex   -4.738828e+01 1.500000e+01 8.184477e+00
    endloop
  endfacet
  facet normal 0.000000e+00 1.000000e+00 0.000000e+00
    outer loop
      vertex   -4.738828e+01 1.500000e+01 1.815523e+00
      vertex   -4.738828e+01 1.500000e+01 8.184477e+00
      vertex   -4.694216e+01 1.500000e+01 2.286486e+00
    endloop
  endfacet
  facet normal 0.000000e+00 1.000000e+00 -0.000000e+00
    outer loop
      vertex   -4.694216e+01 1.500000e+01 2.286486e+00
      vertex   -4.738828e+01 1.500000e+01 8.184477e+00
      vertex   -4.694216e+01 1.500000e+01 7.713514e+00
    endloop
  endfacet
  facet normal 0.000000e+00 1.000000e+00 0.000000e+00
    outer loop
      vertex   -4.694216e+01 1.500000e+01 2.286486e+00
      vertex   -4.694216e+01 1.500000e+01 7.713514e+00
      vertex   -4.640523e+01 1.500000e+01 2.650536e+00
    endloop
  endfacet
  facet normal 0.000000e+00 1.000000e+00 -0.000000e+00
    outer loop
      vertex   -4.640523e+01 1.500000e+01 2.650536e+00
      vertex   -4.694216e+01 1.500000e+01 7.713514e+00
      vertex   -4.640523e+01 1.500000e+01 7.349464e+00
    endloop
  endfacet
  facet normal 0.000000e+00 1.000000e+00 0.000000e+00
    outer loop
      vertex   -4.640523e+01 1.500000e+01 2.650536e+00
      vertex   -4.640523e+01 1.500000e+01 7.349464e+00
      vertex   -4.580259e+01 1.500000e+01 2.890650e+00
    endloop
  endfacet
  facet normal 0.000000e+00 1.000000e+00 -0.000000e+00
    outer loop
      vertex   -4.580259e+01 1.500000e+01 2.890650e+00
      vertex   -4.640523e+01 1.500000e+01 7.349464e+00
      vertex   -4.580259e+01 1.500000e+01 7.109350e+00
    endloop
  endfacet
  facet normal 0.000000e+00 1.000000e+00 0.000000e+00
    outer loop
      vertex   -4.580259e+01 1.500000e+01 2.890650e+00
      vertex   -4.580259e+01 1.500000e+01 7.109350e+00
      vertex   -4.516242e+01 1.500000e+01 2.995600e+00
    endloop
  endfacet
  facet normal 0.000000e+00 1.000000e+00 -0.000000e+00
    outer loop
      vertex   -4.516242e+01 1.500000e+01 2.995600e+00
      vertex   -4.580259e+01 1.500000e+01 7.109350e+00
      vertex   -4.516242e+01 1.500000e+01 7.004400e+00
    endloop
  endfacet
  facet normal 0.000000e+00 1.000000e+00 0.000000e+00
    outer loop
      vertex   -4.516242e+01 1.500000e+01 2.995600e+00
      vertex   -4.516242e+01 1.500000e+01 7.004400e+00
      vertex   -4.451465e+01 1.500000e+01 7.039520e+00
    endloop
  endfacet
  facet normal 0.000000e+00 1.000000e+00 -0.000000e+00
    outer loop
      vertex   -4.451465e+01 1.500000e+01 1.296048e+01
      vertex   -4.516242e+01 1.500000e+01 1.299560e+01
      vertex   -4.451465e+01 1.500000e+01 1.703952e+01
    endloop
  endfacet
  facet normal 0.000000e+00 1.000000e+00 0.000000e+00
    outer loop
      vertex   -4.451465e+01 1.500000e+01 1.703952e+01
      vertex   -4.516242e+01 1.500000e+01 1.299560e+01
      vertex   -4.516242e+01 1.500000e+01 1.700440e+01
    endloop
  endfacet
  facet normal 0.000000e+00 1.000000e+00 0.000000e+00
    outer loop
      vertex   -4.516242e+01 1.500000e+01 1.700440e+01
      vertex   -4.516242e+01 1.500000e+01 1.299560e+01
      vertex   -4.580259e+01 1.500000e+01 1.710935e+01
    endloop
  endfacet
  facet normal 0.000000e+00 1.000000e+00 0.000000e+00
    outer loop
      vertex   -4.580259e+01 1.500000e+01 1.710935e+01
      vertex   -4.516242e+01 1.500000e+01 1.299560e+01
      vertex   -4.580259e+01 1.500000e+01 1.289065e+01
    endloop
  endfacet
  facet normal 0.000000e+00 1.000000e+00 0.000000e+00
    outer loop
      vertex   -4.580259e+01 1.500000e+01 1.710935e+01
      vertex   -4.580259e+01 1.500000e+01 1.289065e+01
      vertex   -4.640523e+01 1.500000e+01 1.734946e+01
    endloop
  endfacet
  facet normal 0.000000e+00 1.000000e+00 0.000000e+00
    outer loop
      vertex   -4.640523e+01 1.500000e+01 1.734946e+01
      vertex   -4.580259e+01 1.500000e+01 1.289065e+01
      vertex   -4.640523e+01 1.500000e+01 1.265054e+01
    endloop
  endfacet
  facet normal 0.000000e+00 1.000000e+00 0.000000e+00
    outer loop
      vertex   -4.640523e+01 1.500000e+01 1.734946e+01
      vertex   -4.640523e+01 1.500000e+01 1.265054e+01
      vertex   -4.694216e+01 1.500000e+01 1.771351e+01
    endloop
  endfacet
  facet normal 0.000000e+00 1.000000e+00 0.000000e+00
    outer loop
      vertex   -4.694216e+01 1.500000e+01 1.771351e+01
      vertex   -4.640523e+01 1.500000e+01 1.265054e+01
      vertex   -4.694216e+01 1.500000e+01 1.228649e+01
    endloop
  endfacet
  facet normal 0.000000e+00 1.000000e+00 0.000000e+00
    outer loop
      vertex   -4.694216e+01 1.500000e+01 1.771351e+01
      vertex   -4.694216e+01 1.500000e+01 1.228649e+01
      vertex   -4.738828e+01 1.500000e+01 1.818448e+01
    endloop
  endfacet
  facet normal 0.000000e+00 1.000000e+00 0.000000e+00
    outer loop
      vertex   -4.738828e+01 1.500000e+01 1.818448e+01
      vertex   -4.694216e+01 1.500000e+01 1.228649e+01
      vertex   -4.738828e+01 1.500000e+01 1.181552e+01
    endloop
  endfacet
  facet normal 0.000000e+00 1.000000e+00 0.000000e+00
    outer loop
      vertex   -4.738828e+01 1.500000e+01 1.818448e+01
      vertex   -4.738828e+01 1.500000e+01 1.181552e+01
      vertex   -4.772273e+01 1.500000e+01 1.125967e+01
    endloop
  endfacet
  facet normal 0.000000e+00 1.000000e+00 0.000000e+00
    outer loop
      vertex   -4.738828e+01 1.500000e+01 1.818448e+01
      vertex   -4.772273e+01 1.500000e+01 1.125967e+01
      vertex   -4.772273e+01 1.500000e+01 1.874033e+01
    endloop
  endfacet
  facet normal 0.000000e+00 1.000000e+00 0.000000e+00
    outer loop
      vertex   -4.772273e+01 1.500000e+01 1.874033e+01
      vertex   -4.772273e+01 1.500000e+01 1.125967e+01
      vertex   -4.792986e+01 1.500000e+01 1.064491e+01
    endloop
  endfacet
  facet normal 0.000000e+00 1.000000e+00 0.000000e+00
    outer loop
      vertex   4.419741e+01 1.500000e+01 1.710935e+01
      vertex   3.611041e+01 1.500000e+01 1.721307e+01
      vertex   4.359477e+01 1.500000e+01 1.734946e+01
    endloop
  endfacet
  facet normal 0.000000e+00 1.000000e+00 0.000000e+00
    outer loop
      vertex   4.359477e+01 1.500000e+01 1.734946e+01
      vertex   3.611041e+01 1.500000e+01 1.721307e+01
      vertex   3.668356e+01 1.500000e+01 1.751693e+01
    endloop
  endfacet
  facet normal 0.000000e+00 1.000000e+00 0.000000e+00
    outer loop
      vertex   4.359477e+01 1.500000e+01 1.734946e+01
      vertex   3.668356e+01 1.500000e+01 1.751693e+01
      vertex   4.305784e+01 1.500000e+01 1.771351e+01
    endloop
  endfacet
  facet normal 0.000000e+00 1.000000e+00 0.000000e+00
    outer loop
      vertex   4.305784e+01 1.500000e+01 1.771351e+01
      vertex   3.668356e+01 1.500000e+01 1.751693e+01
      vertex   3.717799e+01 1.500000e+01 1.793690e+01
    endloop
  endfacet
  facet normal 0.000000e+00 1.000000e+00 0.000000e+00
    outer loop
      vertex   4.305784e+01 1.500000e+01 1.771351e+01
      vertex   3.717799e+01 1.500000e+01 1.793690e+01
      vertex   4.261172e+01 1.500000e+01 1.818448e+01
    endloop
  endfacet
  facet normal 0.000000e+00 1.000000e+00 0.000000e+00
    outer loop
      vertex   4.261172e+01 1.500000e+01 1.818448e+01
      vertex   3.717799e+01 1.500000e+01 1.793690e+01
      vertex   3.757057e+01 1.500000e+01 1.845334e+01
    endloop
  endfacet
  facet normal 0.000000e+00 1.000000e+00 0.000000e+00
    outer loop
      vertex   4.261172e+01 1.500000e+01 1.818448e+01
      vertex   3.757057e+01 1.500000e+01 1.845334e+01
      vertex   4.227727e+01 1.500000e+01 1.874033e+01
    endloop
  endfacet
  facet normal 0.000000e+00 1.000000e+00 0.000000e+00
    outer loop
      vertex   4.227727e+01 1.500000e+01 1.874033e+01
      vertex   3.757057e+01 1.500000e+01 1.845334e+01
      vertex   3.784296e+01 1.500000e+01 1.904210e+01
    endloop
  endfacet
  facet normal 0.000000e+00 1.000000e+00 0.000000e+00
    outer loop
      vertex   4.227727e+01 1.500000e+01 1.874033e+01
      vertex   3.784296e+01 1.500000e+01 1.904210e+01
      vertex   4.207014e+01 1.500000e+01 1.935509e+01
    endloop
  endfacet
  facet normal 0.000000e+00 1.000000e+00 0.000000e+00
    outer loop
      vertex   4.207014e+01 1.500000e+01 1.935509e+01
      vertex   3.784296e+01 1.500000e+01 1.904210e+01
      vertex   3.798241e+01 1.500000e+01 1.967564e+01
    endloop
  endfacet
  facet normal 0.000000e+00 1.000000e+00 0.000000e+00
    outer loop
      vertex   4.207014e+01 1.500000e+01 1.935509e+01
      vertex   3.798241e+01 1.500000e+01 1.967564e+01
      vertex   4.200000e+01 1.500000e+01 2.000000e+01
    endloop
  endfacet
  facet normal 0.000000e+00 1.000000e+00 0.000000e+00
    outer loop
      vertex   4.200000e+01 1.500000e+01 2.000000e+01
      vertex   3.798241e+01 1.500000e+01 1.967564e+01
      vertex   3.798241e+01 1.500000e+01 2.032436e+01
    endloop
  endfacet
  facet normal 0.000000e+00 1.000000e+00 -0.000000e+00
    outer loop
      vertex   4.200000e+01 1.500000e+01 2.000000e+01
      vertex   3.798241e+01 1.500000e+01 2.032436e+01
      vertex   4.207014e+01 1.500000e+01 2.064491e+01
    endloop
  endfacet
  facet normal 0.000000e+00 1.000000e+00 0.000000e+00
    outer loop
      vertex   4.207014e+01 1.500000e+01 2.064491e+01
      vertex   3.798241e+01 1.500000e+01 2.032436e+01
      vertex   3.784296e+01 1.500000e+01 2.095790e+01
    endloop
  endfacet
  facet normal 0.000000e+00 1.000000e+00 -0.000000e+00
    outer loop
      vertex   4.207014e+01 1.500000e+01 2.064491e+01
      vertex   3.784296e+01 1.500000e+01 2.095790e+01
      vertex   4.227727e+01 1.500000e+01 2.125967e+01
    endloop
  endfacet
  facet normal 0.000000e+00 1.000000e+00 0.000000e+00
    outer loop
      vertex   4.227727e+01 1.500000e+01 2.125967e+01
      vertex   3.784296e+01 1.500000e+01 2.095790e+01
      vertex   3.757057e+01 1.500000e+01 2.154666e+01
    endloop
  endfacet
  facet normal 0.000000e+00 1.000000e+00 -0.000000e+00
    outer loop
      vertex   4.227727e+01 1.500000e+01 2.125967e+01
      vertex   3.757057e+01 1.500000e+01 2.154666e+01
      vertex   4.261172e+01 1.500000e+01 2.181552e+01
    endloop
  endfacet
  facet normal 0.000000e+00 1.000000e+00 0.000000e+00
    outer loop
      vertex   4.261172e+01 1.500000e+01 2.181552e+01
      vertex   3.757057e+01 1.500000e+01 2.154666e+01
      vertex   3.717799e+01 1.500000e+01 2.206310e+01
    endloop
  endfacet
  facet normal 0.000000e+00 1.000000e+00 -0.000000e+00
    outer loop
      vertex   4.261172e+01 1.500000e+01 2.181552e+01
      vertex   3.717799e+01 1.500000e+01 2.206310e+01
      vertex   4.305784e+01 1.500000e+01 2.228649e+01
    endloop
  endfacet
  facet normal 0.000000e+00 1.000000e+00 0.000000e+00
    outer loop
      vertex   4.305784e+01 1.500000e+01 2.228649e+01
      vertex   3.717799e+01 1.500000e+01 2.206310e+01
      vertex   3.668356e+01 1.500000e+01 2.248307e+01
    endloop
  endfacet
  facet normal 0.000000e+00 1.000000e+00 -0.000000e+00
    outer loop
      vertex   4.305784e+01 1.500000e+01 2.228649e+01
      vertex   3.668356e+01 1.500000e+01 2.248307e+01
      vertex   4.359477e+01 1.500000e+01 2.265054e+01
    endloop
  endfacet
  facet normal 0.000000e+00 1.000000e+00 0.000000e+00
    outer loop
      vertex   4.359477e+01 1.500000e+01 2.265054e+01
      vertex   3.668356e+01 1.500000e+01 2.248307e+01
      vertex   3.611041e+01 1.500000e+01 2.278693e+01
    endloop
  endfacet
  facet normal 0.000000e+00 1.000000e+00 -0.000000e+00
    outer loop
      vertex   4.359477e+01 1.500000e+01 2.265054e+01
      vertex   3.611041e+01 1.500000e+01 2.278693e+01
      vertex   4.419741e+01 1.500000e+01 2.289065e+01
    endloop
  endfacet
  facet normal 0.000000e+00 1.000000e+00 0.000000e+00
    outer loop
      vertex   4.419741e+01 1.500000e+01 2.289065e+01
      vertex   3.611041e+01 1.500000e+01 2.278693e+01
      vertex   3.548535e+01 1.500000e+01 2.296048e+01
    endloop
  endfacet
  facet normal 0.000000e+00 1.000000e+00 0.000000e+00
    outer loop
      vertex   -4.792986e+01 1.500000e+01 6.449113e-01
      vertex   -4.800000e+01 1.500000e+01 0.000000e+00
      vertex   -5.500000e+01 1.500000e+01 -1.000000e+01
    endloop
  endfacet
  facet normal 0.000000e+00 1.000000e+00 0.000000e+00
    outer loop
      vertex   -5.500000e+01 1.500000e+01 -1.000000e+01
      vertex   -4.800000e+01 1.500000e+01 0.000000e+00
      vertex   -4.792986e+01 1.500000e+01 -6.449113e-01
    endloop
  endfacet
  facet normal 0.000000e+00 1.000000e+00 0.000000e+00
    outer loop
      vertex   -5.500000e+01 1.500000e+01 -1.000000e+01
      vertex   -4.792986e+01 1.500000e+01 -6.449113e-01
      vertex   -4.772273e+01 1.500000e+01 -1.259667e+00
    endloop
  endfacet
  facet normal 0.000000e+00 1.000000e+00 0.000000e+00
    outer loop
      vertex   -4.772273e+01 1.500000e+01 -1.259667e+00
      vertex   -4.738828e+01 1.500000e+01 -1.815523e+00
      vertex   -5.500000e+01 1.500000e+01 -1.000000e+01
    endloop
  endfacet
  facet normal 0.000000e+00 1.000000e+00 0.000000e+00
    outer loop
      vertex   -5.500000e+01 1.500000e+01 -1.000000e+01
      vertex   -4.738828e+01 1.500000e+01 -1.815523e+00
      vertex   -4.694216e+01 1.500000e+01 -2.286486e+00
    endloop
  endfacet
  facet normal 0.000000e+00 1.000000e+00 0.000000e+00
    outer loop
      vertex   -5.500000e+01 1.500000e+01 -1.000000e+01
      vertex   -4.694216e+01 1.500000e+01 -2.286486e+00
      vertex   -4.640523e+01 1.500000e+01 -2.650536e+00
    endloop
  endfacet
  facet normal 0.000000e+00 1.000000e+00 0.000000e+00
    outer loop
      vertex   -4.640523e+01 1.500000e+01 -2.650536e+00
      vertex   -4.580259e+01 1.500000e+01 -2.890650e+00
      vertex   -5.500000e+01 1.500000e+01 -1.000000e+01
    endloop
  endfacet
  facet normal 0.000000e+00 1.000000e+00 0.000000e+00
    outer loop
      vertex   -5.500000e+01 1.500000e+01 -1.000000e+01
      vertex   -4.580259e+01 1.500000e+01 -2.890650e+00
      vertex   -4.516242e+01 1.500000e+01 -2.995600e+00
    endloop
  endfacet
  facet normal 0.000000e+00 1.000000e+00 0.000000e+00
    outer loop
      vertex   -5.500000e+01 1.500000e+01 -1.000000e+01
      vertex   -4.516242e+01 1.500000e+01 -2.995600e+00
      vertex   -4.451465e+01 1.500000e+01 -2.960480e+00
    endloop
  endfacet
  facet normal 0.000000e+00 1.000000e+00 0.000000e+00
    outer loop
      vertex   -5.802585e+00 1.500000e+01 2.890650e+00
      vertex   -5.802585e+00 1.500000e+01 7.109350e+00
      vertex   -5.162417e+00 1.500000e+01 2.995600e+00
    endloop
  endfacet
  facet normal 0.000000e+00 1.000000e+00 -0.000000e+00
    outer loop
      vertex   -5.162417e+00 1.500000e+01 2.995600e+00
      vertex   -5.802585e+00 1.500000e+01 7.109350e+00
      vertex   -5.162417e+00 1.500000e+01 7.004400e+00
    endloop
  endfacet
  facet normal 0.000000e+00 1.000000e+00 0.000000e+00
    outer loop
      vertex   -5.162417e+00 1.500000e+01 2.995600e+00
      vertex   -5.162417e+00 1.500000e+01 7.004400e+00
      vertex   -4.514654e+00 1.500000e+01 7.039520e+00
    endloop
  endfacet
  facet normal 0.000000e+00 1.000000e+00 0.000000e+00
    outer loop
      vertex   4.419741e+01 1.500000e+01 2.890650e+00
      vertex   4.419741e+01 1.500000e+01 7.109350e+00
      vertex   4.483758e+01 1.500000e+01 2.995600e+00
    endloop
  endfacet
  facet normal 0.000000e+00 1.000000e+00 -0.000000e+00
    outer loop
      vertex   4.483758e+01 1.500000e+01 2.995600e+00
      vertex   4.419741e+01 1.500000e+01 7.109350e+00
      vertex   4.483758e+01 1.500000e+01 7.004400e+00
    endloop
  endfacet
  facet normal 0.000000e+00 1.000000e+00 0.000000e+00
    outer loop
      vertex   4.483758e+01 1.500000e+01 2.995600e+00
      vertex   4.483758e+01 1.500000e+01 7.004400e+00
      vertex   4.548535e+01 1.500000e+01 7.039520e+00
    endloop
  endfacet
  facet normal -0.000000e+00 1.000000e+00 0.000000e+00
    outer loop
      vertex   4.483758e+01 1.500000e+01 2.995600e+00
      vertex   4.548535e+01 1.500000e+01 7.039520e+00
      vertex   4.548535e+01 1.500000e+01 2.960480e+00
    endloop
  endfacet
  facet normal 0.000000e+00 1.000000e+00 0.000000e+00
    outer loop
      vertex   4.548535e+01 1.500000e+01 2.960480e+00
      vertex   4.548535e+01 1.500000e+01 7.039520e+00
      vertex   4.611041e+01 1.500000e+01 7.213070e+00
    endloop
  endfacet
  facet normal -0.000000e+00 1.000000e+00 0.000000e+00
    outer loop
      vertex   4.548535e+01 1.500000e+01 2.960480e+00
      vertex   4.611041e+01 1.500000e+01 7.213070e+00
      vertex   4.611041e+01 1.500000e+01 2.786930e+00
    endloop
  endfacet
  facet normal 0.000000e+00 1.000000e+00 0.000000e+00
    outer loop
      vertex   4.611041e+01 1.500000e+01 2.786930e+00
      vertex   4.611041e+01 1.500000e+01 7.213070e+00
      vertex   4.668356e+01 1.500000e+01 7.516933e+00
    endloop
  endfacet
  facet normal -0.000000e+00 1.000000e+00 0.000000e+00
    outer loop
      vertex   4.611041e+01 1.500000e+01 2.786930e+00
      vertex   4.668356e+01 1.500000e+01 7.516933e+00
      vertex   4.668356e+01 1.500000e+01 2.483067e+00
    endloop
  endfacet
  facet normal 0.000000e+00 1.000000e+00 0.000000e+00
    outer loop
      vertex   4.668356e+01 1.500000e+01 2.483067e+00
      vertex   4.668356e+01 1.500000e+01 7.516933e+00
      vertex   4.717799e+01 1.500000e+01 7.936902e+00
    endloop
  endfacet
  facet normal -0.000000e+00 1.000000e+00 0.000000e+00
    outer loop
      vertex   4.668356e+01 1.500000e+01 2.483067e+00
      vertex   4.717799e+01 1.500000e+01 7.936902e+00
      vertex   4.717799e+01 1.500000e+01 2.063098e+00
    endloop
  endfacet
  facet normal 0.000000e+00 1.000000e+00 0.000000e+00
    outer loop
      vertex   4.717799e+01 1.500000e+01 2.063098e+00
      vertex   4.717799e+01 1.500000e+01 7.936902e+00
      vertex   4.757057e+01 1.500000e+01 8.453338e+00
    endloop
  endfacet
  facet normal -0.000000e+00 1.000000e+00 0.000000e+00
    outer loop
      vertex   4.717799e+01 1.500000e+01 2.063098e+00
      vertex   4.757057e+01 1.500000e+01 8.453338e+00
      vertex   4.757057e+01 1.500000e+01 1.546662e+00
    endloop
  endfacet
  facet normal 0.000000e+00 1.000000e+00 0.000000e+00
    outer loop
      vertex   4.757057e+01 1.500000e+01 1.546662e+00
      vertex   4.757057e+01 1.500000e+01 8.453338e+00
      vertex   4.784296e+01 1.500000e+01 9.042095e+00
    endloop
  endfacet
  facet normal -0.000000e+00 1.000000e+00 0.000000e+00
    outer loop
      vertex   4.757057e+01 1.500000e+01 1.546662e+00
      vertex   4.784296e+01 1.500000e+01 9.042095e+00
      vertex   4.784296e+01 1.500000e+01 9.579046e-01
    endloop
  endfacet
  facet normal -0.000000e+00 1.000000e+00 0.000000e+00
    outer loop
      vertex   4.784296e+01 1.500000e+01 9.579046e-01
      vertex   4.784296e+01 1.500000e+01 9.042095e+00
      vertex   5.500000e+01 1.500000e+01 -1.000000e+01
    endloop
  endfacet
  facet normal 0.000000e+00 1.000000e+00 0.000000e+00
    outer loop
      vertex   4.784296e+01 1.500000e+01 9.579046e-01
      vertex   5.500000e+01 1.500000e+01 -1.000000e+01
      vertex   4.798241e+01 1.500000e+01 3.243571e-01
    endloop
  endfacet
  facet normal 0.000000e+00 1.000000e+00 0.000000e+00
    outer loop
      vertex   4.798241e+01 1.500000e+01 3.243571e-01
      vertex   5.500000e+01 1.500000e+01 -1.000000e+01
      vertex   4.798241e+01 1.500000e+01 -3.243571e-01
    endloop
  endfacet
  facet normal 0.000000e+00 1.000000e+00 0.000000e+00
    outer loop
      vertex   4.798241e+01 1.500000e+01 -3.243571e-01
      vertex   5.500000e+01 1.500000e+01 -1.000000e+01
      vertex   4.784296e+01 1.500000e+01 -9.579046e-01
    endloop
  endfacet
  facet normal 0.000000e+00 1.000000e+00 0.000000e+00
    outer loop
      vertex   4.784296e+01 1.500000e+01 -9.579046e-01
      vertex   5.500000e+01 1.500000e+01 -1.000000e+01
      vertex   4.757057e+01 1.500000e+01 -1.546662e+00
    endloop
  endfacet
  facet normal 0.000000e+00 1.000000e+00 0.000000e+00
    outer loop
      vertex   4.757057e+01 1.500000e+01 -1.546662e+00
      vertex   5.500000e+01 1.500000e+01 -1.000000e+01
      vertex   4.717799e+01 1.500000e+01 -2.063098e+00
    endloop
  endfacet
  facet normal 0.000000e+00 1.000000e+00 0.000000e+00
    outer loop
      vertex   4.717799e+01 1.500000e+01 -2.063098e+00
      vertex   5.500000e+01 1.500000e+01 -1.000000e+01
      vertex   4.668356e+01 1.500000e+01 -2.483067e+00
    endloop
  endfacet
  facet normal 0.000000e+00 1.000000e+00 0.000000e+00
    outer loop
      vertex   4.668356e+01 1.500000e+01 -2.483067e+00
      vertex   5.500000e+01 1.500000e+01 -1.000000e+01
      vertex   4.611041e+01 1.500000e+01 -2.786930e+00
    endloop
  endfacet
  facet normal 0.000000e+00 1.000000e+00 0.000000e+00
    outer loop
      vertex   4.611041e+01 1.500000e+01 -2.786930e+00
      vertex   5.500000e+01 1.500000e+01 -1.000000e+01
      vertex   4.548535e+01 1.500000e+01 -2.960480e+00
    endloop
  endfacet
  facet normal 0.000000e+00 1.000000e+00 0.000000e+00
    outer loop
      vertex   4.548535e+01 1.500000e+01 -2.960480e+00
      vertex   5.500000e+01 1.500000e+01 -1.000000e+01
      vertex   4.483758e+01 1.500000e+01 -2.995600e+00
    endloop
  endfacet
  facet normal -0.000000e+00 1.000000e+00 0.000000e+00
    outer loop
      vertex   4.784296e+01 1.500000e+01 9.042095e+00
      vertex   4.798241e+01 1.500000e+01 9.675643e+00
      vertex   5.500000e+01 1.500000e+01 -1.000000e+01
    endloop
  endfacet
  facet normal 0.000000e+00 1.000000e+00 -0.000000e+00
    outer loop
      vertex   5.500000e+01 1.500000e+01 -1.000000e+01
      vertex   4.798241e+01 1.500000e+01 9.675643e+00
      vertex   5.500000e+01 1.500000e+01 3.000000e+01
    endloop
  endfacet
  facet normal 0.000000e+00 1.000000e+00 0.000000e+00
    outer loop
      vertex   5.500000e+01 1.500000e+01 3.000000e+01
      vertex   4.798241e+01 1.500000e+01 9.675643e+00
      vertex   4.798241e+01 1.500000e+01 1.032436e+01
    endloop
  endfacet
  facet normal 0.000000e+00 1.000000e+00 0.000000e+00
    outer loop
      vertex   5.500000e+01 1.500000e+01 3.000000e+01
      vertex   4.798241e+01 1.500000e+01 1.032436e+01
      vertex   4.784296e+01 1.500000e+01 1.095790e+01
    endloop
  endfacet
  facet normal -0.000000e+00 1.000000e+00 0.000000e+00
    outer loop
      vertex   4.757057e+01 1.500000e+01 1.154666e+01
      vertex   4.757057e+01 1.500000e+01 1.845334e+01
      vertex   4.784296e+01 1.500000e+01 1.095790e+01
    endloop
  endfacet
  facet normal 0.000000e+00 1.000000e+00 -0.000000e+00
    outer loop
      vertex   4.784296e+01 1.500000e+01 1.095790e+01
      vertex   4.757057e+01 1.500000e+01 1.845334e+01
      vertex   4.784296e+01 1.500000e+01 1.904210e+01
    endloop
  endfacet
  facet normal 0.000000e+00 1.000000e+00 0.000000e+00
    outer loop
      vertex   4.784296e+01 1.500000e+01 1.095790e+01
      vertex   4.784296e+01 1.500000e+01 1.904210e+01
      vertex   5.500000e+01 1.500000e+01 3.000000e+01
    endloop
  endfacet
  facet normal 0.000000e+00 1.000000e+00 0.000000e+00
    outer loop
      vertex   5.500000e+01 1.500000e+01 3.000000e+01
      vertex   4.784296e+01 1.500000e+01 1.904210e+01
      vertex   4.798241e+01 1.500000e+01 1.967564e+01
    endloop
  endfacet
  facet normal 0.000000e+00 1.000000e+00 0.000000e+00
    outer loop
      vertex   5.500000e+01 1.500000e+01 3.000000e+01
      vertex   4.798241e+01 1.500000e+01 1.967564e+01
      vertex   4.798241e+01 1.500000e+01 2.032436e+01
    endloop
  endfacet
  facet normal 0.000000e+00 1.000000e+00 -0.000000e+00
    outer loop
      vertex   4.757057e+01 1.500000e+01 1.154666e+01
      vertex   4.717799e+01 1.500000e+01 1.206310e+01
      vertex   4.757057e+01 1.500000e+01 1.845334e+01
    endloop
  endfacet
  facet normal 0.000000e+00 1.000000e+00 0.000000e+00
    outer loop
      vertex   4.757057e+01 1.500000e+01 1.845334e+01
      vertex   4.717799e+01 1.500000e+01 1.206310e+01
      vertex   4.717799e+01 1.500000e+01 1.793690e+01
    endloop
  endfacet
  facet normal 0.000000e+00 1.000000e+00 0.000000e+00
    outer loop
      vertex   4.717799e+01 1.500000e+01 1.793690e+01
      vertex   4.717799e+01 1.500000e+01 1.206310e+01
      vertex   4.668356e+01 1.500000e+01 1.248307e+01
    endloop
  endfacet
  facet normal 0.000000e+00 1.000000e+00 0.000000e+00
    outer loop
      vertex   4.717799e+01 1.500000e+01 1.793690e+01
      vertex   4.668356e+01 1.500000e+01 1.248307e+01
      vertex   4.668356e+01 1.500000e+01 1.751693e+01
    endloop
  endfacet
  facet normal 0.000000e+00 1.000000e+00 0.000000e+00
    outer loop
      vertex   4.668356e+01 1.500000e+01 1.751693e+01
      vertex   4.668356e+01 1.500000e+01 1.248307e+01
      vertex   4.611041e+01 1.500000e+01 1.278693e+01
    endloop
  endfacet
  facet normal 0.000000e+00 1.000000e+00 0.000000e+00
    outer loop
      vertex   4.668356e+01 1.500000e+01 1.751693e+01
      vertex   4.611041e+01 1.500000e+01 1.278693e+01
      vertex   4.611041e+01 1.500000e+01 1.721307e+01
    endloop
  endfacet
  facet normal 0.000000e+00 1.000000e+00 0.000000e+00
    outer loop
      vertex   4.611041e+01 1.500000e+01 1.721307e+01
      vertex   4.611041e+01 1.500000e+01 1.278693e+01
      vertex   4.548535e+01 1.500000e+01 1.296048e+01
    endloop
  endfacet
  facet normal 0.000000e+00 1.000000e+00 0.000000e+00
    outer loop
      vertex   4.611041e+01 1.500000e+01 1.721307e+01
      vertex   4.548535e+01 1.500000e+01 1.296048e+01
      vertex   4.548535e+01 1.500000e+01 1.703952e+01
    endloop
  endfacet
  facet normal 0.000000e+00 1.000000e+00 0.000000e+00
    outer loop
      vertex   4.548535e+01 1.500000e+01 1.703952e+01
      vertex   4.548535e+01 1.500000e+01 1.296048e+01
      vertex   4.483758e+01 1.500000e+01 1.299560e+01
    endloop
  endfacet
  facet normal 0.000000e+00 1.000000e+00 0.000000e+00
    outer loop
      vertex   4.548535e+01 1.500000e+01 1.703952e+01
      vertex   4.483758e+01 1.500000e+01 1.299560e+01
      vertex   4.483758e+01 1.500000e+01 1.700440e+01
    endloop
  endfacet
  facet normal 0.000000e+00 1.000000e+00 0.000000e+00
    outer loop
      vertex   4.483758e+01 1.500000e+01 1.700440e+01
      vertex   4.483758e+01 1.500000e+01 1.299560e+01
      vertex   4.419741e+01 1.500000e+01 1.710935e+01
    endloop
  endfacet
  facet normal 0.000000e+00 1.000000e+00 0.000000e+00
    outer loop
      vertex   4.419741e+01 1.500000e+01 1.710935e+01
      vertex   4.483758e+01 1.500000e+01 1.299560e+01
      vertex   4.419741e+01 1.500000e+01 1.289065e+01
    endloop
  endfacet
  facet normal 0.000000e+00 1.000000e+00 0.000000e+00
    outer loop
      vertex   -3.792986e+01 1.500000e+01 1.935509e+01
      vertex   -4.201759e+01 1.500000e+01 1.967564e+01
      vertex   -3.800000e+01 1.500000e+01 2.000000e+01
    endloop
  endfacet
  facet normal 0.000000e+00 1.000000e+00 0.000000e+00
    outer loop
      vertex   -3.800000e+01 1.500000e+01 2.000000e+01
      vertex   -4.201759e+01 1.500000e+01 1.967564e+01
      vertex   -4.201759e+01 1.500000e+01 2.032436e+01
    endloop
  endfacet
  facet normal 0.000000e+00 1.000000e+00 -0.000000e+00
    outer loop
      vertex   -3.800000e+01 1.500000e+01 2.000000e+01
      vertex   -4.201759e+01 1.500000e+01 2.032436e+01
      vertex   -3.792986e+01 1.500000e+01 2.064491e+01
    endloop
  endfacet
  facet normal 0.000000e+00 1.000000e+00 0.000000e+00
    outer loop
      vertex   -3.792986e+01 1.500000e+01 2.064491e+01
      vertex   -4.201759e+01 1.500000e+01 2.032436e+01
      vertex   -4.215704e+01 1.500000e+01 2.095790e+01
    endloop
  endfacet
  facet normal 0.000000e+00 1.000000e+00 -0.000000e+00
    outer loop
      vertex   -3.792986e+01 1.500000e+01 2.064491e+01
      vertex   -4.215704e+01 1.500000e+01 2.095790e+01
      vertex   -3.772273e+01 1.500000e+01 2.125967e+01
    endloop
  endfacet
  facet normal 0.000000e+00 1.000000e+00 0.000000e+00
    outer loop
      vertex   -3.772273e+01 1.500000e+01 2.125967e+01
      vertex   -4.215704e+01 1.500000e+01 2.095790e+01
      vertex   -4.242943e+01 1.500000e+01 2.154666e+01
    endloop
  endfacet
  facet normal 0.000000e+00 1.000000e+00 -0.000000e+00
    outer loop
      vertex   -3.772273e+01 1.500000e+01 2.125967e+01
      vertex   -4.242943e+01 1.500000e+01 2.154666e+01
      vertex   -3.738828e+01 1.500000e+01 2.181552e+01
    endloop
  endfacet
  facet normal 0.000000e+00 1.000000e+00 0.000000e+00
    outer loop
      vertex   -3.738828e+01 1.500000e+01 2.181552e+01
      vertex   -4.242943e+01 1.500000e+01 2.154666e+01
      vertex   -4.282201e+01 1.500000e+01 2.206310e+01
    endloop
  endfacet
  facet normal 0.000000e+00 1.000000e+00 -0.000000e+00
    outer loop
      vertex   -3.738828e+01 1.500000e+01 2.181552e+01
      vertex   -4.282201e+01 1.500000e+01 2.206310e+01
      vertex   -3.694216e+01 1.500000e+01 2.228649e+01
    endloop
  endfacet
  facet normal 0.000000e+00 1.000000e+00 0.000000e+00
    outer loop
      vertex   -3.694216e+01 1.500000e+01 2.228649e+01
      vertex   -4.282201e+01 1.500000e+01 2.206310e+01
      vertex   -4.331644e+01 1.500000e+01 2.248307e+01
    endloop
  endfacet
  facet normal 0.000000e+00 1.000000e+00 -0.000000e+00
    outer loop
      vertex   -3.694216e+01 1.500000e+01 2.228649e+01
      vertex   -4.331644e+01 1.500000e+01 2.248307e+01
      vertex   -3.640523e+01 1.500000e+01 2.265054e+01
    endloop
  endfacet
  facet normal 0.000000e+00 1.000000e+00 0.000000e+00
    outer loop
      vertex   -3.640523e+01 1.500000e+01 2.265054e+01
      vertex   -4.331644e+01 1.500000e+01 2.248307e+01
      vertex   -4.388959e+01 1.500000e+01 2.278693e+01
    endloop
  endfacet
  facet normal 0.000000e+00 1.000000e+00 -0.000000e+00
    outer loop
      vertex   -3.640523e+01 1.500000e+01 2.265054e+01
      vertex   -4.388959e+01 1.500000e+01 2.278693e+01
      vertex   -3.580259e+01 1.500000e+01 2.289065e+01
    endloop
  endfacet
  facet normal 0.000000e+00 1.000000e+00 0.000000e+00
    outer loop
      vertex   -3.580259e+01 1.500000e+01 2.289065e+01
      vertex   -4.388959e+01 1.500000e+01 2.278693e+01
      vertex   -4.451465e+01 1.500000e+01 2.296048e+01
    endloop
  endfacet
  facet normal 0.000000e+00 1.000000e+00 -0.000000e+00
    outer loop
      vertex   -3.580259e+01 1.500000e+01 2.289065e+01
      vertex   -4.451465e+01 1.500000e+01 2.296048e+01
      vertex   -3.516242e+01 1.500000e+01 2.299560e+01
    endloop
  endfacet
  facet normal 0.000000e+00 1.000000e+00 0.000000e+00
    outer loop
      vertex   -3.516242e+01 1.500000e+01 2.299560e+01
      vertex   -4.451465e+01 1.500000e+01 2.296048e+01
      vertex   -5.500000e+01 1.500000e+01 3.000000e+01
    endloop
  endfacet
  facet normal -0.000000e+00 1.000000e+00 -0.000000e+00
    outer loop
      vertex   -3.516242e+01 1.500000e+01 2.299560e+01
      vertex   -5.500000e+01 1.500000e+01 3.000000e+01
      vertex   -3.451465e+01 1.500000e+01 2.296048e+01
    endloop
  endfacet
  facet normal 0.000000e+00 1.000000e+00 0.000000e+00
    outer loop
      vertex   -4.201759e+01 1.500000e+01 1.967564e+01
      vertex   -3.792986e+01 1.500000e+01 1.935509e+01
      vertex   -4.215704e+01 1.500000e+01 1.904210e+01
    endloop
  endfacet
  facet normal -0.000000e+00 1.000000e+00 0.000000e+00
    outer loop
      vertex   -4.215704e+01 1.500000e+01 1.904210e+01
      vertex   -3.792986e+01 1.500000e+01 1.935509e+01
      vertex   -3.772273e+01 1.500000e+01 1.874033e+01
    endloop
  endfacet
  facet normal 0.000000e+00 1.000000e+00 0.000000e+00
    outer loop
      vertex   -4.215704e+01 1.500000e+01 1.904210e+01
      vertex   -3.772273e+01 1.500000e+01 1.874033e+01
      vertex   -4.242943e+01 1.500000e+01 1.845334e+01
    endloop
  endfacet
  facet normal -0.000000e+00 1.000000e+00 0.000000e+00
    outer loop
      vertex   -4.242943e+01 1.500000e+01 1.845334e+01
      vertex   -3.772273e+01 1.500000e+01 1.874033e+01
      vertex   -3.738828e+01 1.500000e+01 1.818448e+01
    endloop
  endfacet
  facet normal 0.000000e+00 1.000000e+00 0.000000e+00
    outer loop
      vertex   -4.242943e+01 1.500000e+01 1.845334e+01
      vertex   -3.738828e+01 1.500000e+01 1.818448e+01
      vertex   -4.282201e+01 1.500000e+01 1.793690e+01
    endloop
  endfacet
  facet normal -0.000000e+00 1.000000e+00 0.000000e+00
    outer loop
      vertex   -4.282201e+01 1.500000e+01 1.793690e+01
      vertex   -3.738828e+01 1.500000e+01 1.818448e+01
      vertex   -3.694216e+01 1.500000e+01 1.771351e+01
    endloop
  endfacet
  facet normal 0.000000e+00 1.000000e+00 0.000000e+00
    outer loop
      vertex   -4.282201e+01 1.500000e+01 1.793690e+01
      vertex   -3.694216e+01 1.500000e+01 1.771351e+01
      vertex   -4.331644e+01 1.500000e+01 1.751693e+01
    endloop
  endfacet
  facet normal -0.000000e+00 1.000000e+00 0.000000e+00
    outer loop
      vertex   -4.331644e+01 1.500000e+01 1.751693e+01
      vertex   -3.694216e+01 1.500000e+01 1.771351e+01
      vertex   -3.640523e+01 1.500000e+01 1.734946e+01
    endloop
  endfacet
  facet normal 0.000000e+00 1.000000e+00 0.000000e+00
    outer loop
      vertex   -4.331644e+01 1.500000e+01 1.751693e+01
      vertex   -3.640523e+01 1.500000e+01 1.734946e+01
      vertex   -4.388959e+01 1.500000e+01 1.721307e+01
    endloop
  endfacet
  facet normal -0.000000e+00 1.000000e+00 0.000000e+00
    outer loop
      vertex   -4.388959e+01 1.500000e+01 1.721307e+01
      vertex   -3.640523e+01 1.500000e+01 1.734946e+01
      vertex   -3.580259e+01 1.500000e+01 1.710935e+01
    endloop
  endfacet
  facet normal 0.000000e+00 1.000000e+00 0.000000e+00
    outer loop
      vertex   2.483758e+01 1.500000e+01 7.004400e+00
      vertex   2.483758e+01 1.500000e+01 2.995600e+00
      vertex   2.419741e+01 1.500000e+01 7.109350e+00
    endloop
  endfacet
  facet normal 0.000000e+00 1.000000e+00 0.000000e+00
    outer loop
      vertex   2.419741e+01 1.500000e+01 7.109350e+00
      vertex   2.483758e+01 1.500000e+01 2.995600e+00
      vertex   2.419741e+01 1.500000e+01 2.890650e+00
    endloop
  endfacet
  facet normal 0.000000e+00 1.000000e+00 0.000000e+00
    outer loop
      vertex   2.419741e+01 1.500000e+01 7.109350e+00
      vertex   2.419741e+01 1.500000e+01 2.890650e+00
      vertex   1.548535e+01 1.500000e+01 2.960480e+00
    endloop
  endfacet
  facet normal 0.000000e+00 1.000000e+00 0.000000e+00
    outer loop
      vertex   1.548535e+01 1.500000e+01 2.960480e+00
      vertex   2.419741e+01 1.500000e+01 2.890650e+00
      vertex   1.611041e+01 1.500000e+01 2.786930e+00
    endloop
  endfacet
  facet normal -0.000000e+00 1.000000e+00 0.000000e+00
    outer loop
      vertex   1.611041e+01 1.500000e+01 2.786930e+00
      vertex   2.419741e+01 1.500000e+01 2.890650e+00
      vertex   2.359477e+01 1.500000e+01 2.650536e+00
    endloop
  endfacet
  facet normal 0.000000e+00 1.000000e+00 0.000000e+00
    outer loop
      vertex   1.611041e+01 1.500000e+01 2.786930e+00
      vertex   2.359477e+01 1.500000e+01 2.650536e+00
      vertex   1.668356e+01 1.500000e+01 2.483067e+00
    endloop
  endfacet
  facet normal -0.000000e+00 1.000000e+00 0.000000e+00
    outer loop
      vertex   1.668356e+01 1.500000e+01 2.483067e+00
      vertex   2.359477e+01 1.500000e+01 2.650536e+00
      vertex   2.305784e+01 1.500000e+01 2.286486e+00
    endloop
  endfacet
  facet normal 0.000000e+00 1.000000e+00 0.000000e+00
    outer loop
      vertex   1.668356e+01 1.500000e+01 2.483067e+00
      vertex   2.305784e+01 1.500000e+01 2.286486e+00
      vertex   1.717799e+01 1.500000e+01 2.063098e+00
    endloop
  endfacet
  facet normal -0.000000e+00 1.000000e+00 0.000000e+00
    outer loop
      vertex   1.717799e+01 1.500000e+01 2.063098e+00
      vertex   2.305784e+01 1.500000e+01 2.286486e+00
      vertex   2.261172e+01 1.500000e+01 1.815523e+00
    endloop
  endfacet
  facet normal 0.000000e+00 1.000000e+00 0.000000e+00
    outer loop
      vertex   1.717799e+01 1.500000e+01 2.063098e+00
      vertex   2.261172e+01 1.500000e+01 1.815523e+00
      vertex   1.757057e+01 1.500000e+01 1.546662e+00
    endloop
  endfacet
  facet normal -0.000000e+00 1.000000e+00 0.000000e+00
    outer loop
      vertex   1.757057e+01 1.500000e+01 1.546662e+00
      vertex   2.261172e+01 1.500000e+01 1.815523e+00
      vertex   2.227727e+01 1.500000e+01 1.259667e+00
    endloop
  endfacet
  facet normal 0.000000e+00 1.000000e+00 0.000000e+00
    outer loop
      vertex   1.757057e+01 1.500000e+01 1.546662e+00
      vertex   2.227727e+01 1.500000e+01 1.259667e+00
      vertex   1.784296e+01 1.500000e+01 9.579046e-01
    endloop
  endfacet
  facet normal -0.000000e+00 1.000000e+00 0.000000e+00
    outer loop
      vertex   1.784296e+01 1.500000e+01 9.579046e-01
      vertex   2.227727e+01 1.500000e+01 1.259667e+00
      vertex   2.207014e+01 1.500000e+01 6.449113e-01
    endloop
  endfacet
  facet normal 0.000000e+00 1.000000e+00 0.000000e+00
    outer loop
      vertex   1.784296e+01 1.500000e+01 9.579046e-01
      vertex   2.207014e+01 1.500000e+01 6.449113e-01
      vertex   1.798241e+01 1.500000e+01 3.243571e-01
    endloop
  endfacet
  facet normal -0.000000e+00 1.000000e+00 0.000000e+00
    outer loop
      vertex   1.798241e+01 1.500000e+01 3.243571e-01
      vertex   2.207014e+01 1.500000e+01 6.449113e-01
      vertex   2.200000e+01 1.500000e+01 0.000000e+00
    endloop
  endfacet
  facet normal 0.000000e+00 1.000000e+00 0.000000e+00
    outer loop
      vertex   1.798241e+01 1.500000e+01 3.243571e-01
      vertex   2.200000e+01 1.500000e+01 0.000000e+00
      vertex   1.798241e+01 1.500000e+01 -3.243571e-01
    endloop
  endfacet
  facet normal -0.000000e+00 1.000000e+00 0.000000e+00
    outer loop
      vertex   1.798241e+01 1.500000e+01 -3.243571e-01
      vertex   2.200000e+01 1.500000e+01 0.000000e+00
      vertex   2.207014e+01 1.500000e+01 -6.449113e-01
    endloop
  endfacet
  facet normal 0.000000e+00 1.000000e+00 0.000000e+00
    outer loop
      vertex   1.798241e+01 1.500000e+01 -3.243571e-01
      vertex   2.207014e+01 1.500000e+01 -6.449113e-01
      vertex   1.784296e+01 1.500000e+01 -9.579046e-01
    endloop
  endfacet
  facet normal -0.000000e+00 1.000000e+00 0.000000e+00
    outer loop
      vertex   1.784296e+01 1.500000e+01 -9.579046e-01
      vertex   2.207014e+01 1.500000e+01 -6.449113e-01
      vertex   2.227727e+01 1.500000e+01 -1.259667e+00
    endloop
  endfacet
  facet normal 0.000000e+00 1.000000e+00 0.000000e+00
    outer loop
      vertex   1.784296e+01 1.500000e+01 -9.579046e-01
      vertex   2.227727e+01 1.500000e+01 -1.259667e+00
      vertex   1.757057e+01 1.500000e+01 -1.546662e+00
    endloop
  endfacet
  facet normal -0.000000e+00 1.000000e+00 0.000000e+00
    outer loop
      vertex   1.757057e+01 1.500000e+01 -1.546662e+00
      vertex   2.227727e+01 1.500000e+01 -1.259667e+00
      vertex   2.261172e+01 1.500000e+01 -1.815523e+00
    endloop
  endfacet
  facet normal 0.000000e+00 1.000000e+00 0.000000e+00
    outer loop
      vertex   1.757057e+01 1.500000e+01 -1.546662e+00
      vertex   2.261172e+01 1.500000e+01 -1.815523e+00
      vertex   1.717799e+01 1.500000e+01 -2.063098e+00
    endloop
  endfacet
  facet normal -0.000000e+00 1.000000e+00 0.000000e+00
    outer loop
      vertex   1.717799e+01 1.500000e+01 -2.063098e+00
      vertex   2.261172e+01 1.500000e+01 -1.815523e+00
      vertex   2.305784e+01 1.500000e+01 -2.286486e+00
    endloop
  endfacet
  facet normal 0.000000e+00 1.000000e+00 0.000000e+00
    outer loop
      vertex   1.717799e+01 1.500000e+01 -2.063098e+00
      vertex   2.305784e+01 1.500000e+01 -2.286486e+00
      vertex   1.668356e+01 1.500000e+01 -2.483067e+00
    endloop
  endfacet
  facet normal -0.000000e+00 1.000000e+00 0.000000e+00
    outer loop
      vertex   1.668356e+01 1.500000e+01 -2.483067e+00
      vertex   2.305784e+01 1.500000e+01 -2.286486e+00
      vertex   2.359477e+01 1.500000e+01 -2.650536e+00
    endloop
  endfacet
  facet normal 0.000000e+00 1.000000e+00 0.000000e+00
    outer loop
      vertex   1.668356e+01 1.500000e+01 -2.483067e+00
      vertex   2.359477e+01 1.500000e+01 -2.650536e+00
      vertex   1.611041e+01 1.500000e+01 -2.786930e+00
    endloop
  endfacet
  facet normal -0.000000e+00 1.000000e+00 0.000000e+00
    outer loop
      vertex   1.611041e+01 1.500000e+01 -2.786930e+00
      vertex   2.359477e+01 1.500000e+01 -2.650536e+00
      vertex   2.419741e+01 1.500000e+01 -2.890650e+00
    endloop
  endfacet
  facet normal 0.000000e+00 1.000000e+00 0.000000e+00
    outer loop
      vertex   1.611041e+01 1.500000e+01 -2.786930e+00
      vertex   2.419741e+01 1.500000e+01 -2.890650e+00
      vertex   1.548535e+01 1.500000e+01 -2.960480e+00
    endloop
  endfacet
  facet normal -0.000000e+00 1.000000e+00 0.000000e+00
    outer loop
      vertex   1.548535e+01 1.500000e+01 -2.960480e+00
      vertex   2.419741e+01 1.500000e+01 -2.890650e+00
      vertex   2.483758e+01 1.500000e+01 -2.995600e+00
    endloop
  endfacet
  facet normal 0.000000e+00 1.000000e+00 0.000000e+00
    outer loop
      vertex   1.548535e+01 1.500000e+01 -2.960480e+00
      vertex   2.483758e+01 1.500000e+01 -2.995600e+00
      vertex   1.483758e+01 1.500000e+01 -2.995600e+00
    endloop
  endfacet
  facet normal 0.000000e+00 1.000000e+00 0.000000e+00
    outer loop
      vertex   1.483758e+01 1.500000e+01 -2.995600e+00
      vertex   2.483758e+01 1.500000e+01 -2.995600e+00
      vertex   5.500000e+01 1.500000e+01 -1.000000e+01
    endloop
  endfacet
  facet normal -0.000000e+00 1.000000e+00 0.000000e+00
    outer loop
      vertex   2.483758e+01 1.500000e+01 7.004400e+00
      vertex   2.548535e+01 1.500000e+01 7.039520e+00
      vertex   2.483758e+01 1.500000e+01 2.995600e+00
    endloop
  endfacet
  facet normal 0.000000e+00 1.000000e+00 0.000000e+00
    outer loop
      vertex   -4.792986e+01 1.500000e+01 2.064491e+01
      vertex   -4.800000e+01 1.500000e+01 2.000000e+01
      vertex   -5.500000e+01 1.500000e+01 3.000000e+01
    endloop
  endfacet
  facet normal 0.000000e+00 1.000000e+00 0.000000e+00
    outer loop
      vertex   -5.500000e+01 1.500000e+01 3.000000e+01
      vertex   -4.800000e+01 1.500000e+01 2.000000e+01
      vertex   -4.792986e+01 1.500000e+01 1.935509e+01
    endloop
  endfacet
  facet normal 0.000000e+00 1.000000e+00 0.000000e+00
    outer loop
      vertex   -4.451465e+01 1.500000e+01 2.296048e+01
      vertex   -4.516242e+01 1.500000e+01 2.299560e+01
      vertex   -5.500000e+01 1.500000e+01 3.000000e+01
    endloop
  endfacet
  facet normal 0.000000e+00 1.000000e+00 0.000000e+00
    outer loop
      vertex   -5.500000e+01 1.500000e+01 3.000000e+01
      vertex   -4.516242e+01 1.500000e+01 2.299560e+01
      vertex   -4.580259e+01 1.500000e+01 2.289065e+01
    endloop
  endfacet
  facet normal 0.000000e+00 1.000000e+00 0.000000e+00
    outer loop
      vertex   -5.500000e+01 1.500000e+01 3.000000e+01
      vertex   -4.580259e+01 1.500000e+01 2.289065e+01
      vertex   -4.640523e+01 1.500000e+01 2.265054e+01
    endloop
  endfacet
  facet normal 0.000000e+00 1.000000e+00 0.000000e+00
    outer loop
      vertex   -4.640523e+01 1.500000e+01 2.265054e+01
      vertex   -4.694216e+01 1.500000e+01 2.228649e+01
      vertex   -5.500000e+01 1.500000e+01 3.000000e+01
    endloop
  endfacet
  facet normal 0.000000e+00 1.000000e+00 0.000000e+00
    outer loop
      vertex   -5.500000e+01 1.500000e+01 3.000000e+01
      vertex   -4.694216e+01 1.500000e+01 2.228649e+01
      vertex   -4.738828e+01 1.500000e+01 2.181552e+01
    endloop
  endfacet
  facet normal 0.000000e+00 1.000000e+00 0.000000e+00
    outer loop
      vertex   -5.500000e+01 1.500000e+01 3.000000e+01
      vertex   -4.738828e+01 1.500000e+01 2.181552e+01
      vertex   -4.772273e+01 1.500000e+01 2.125967e+01
    endloop
  endfacet
  facet normal 0.000000e+00 1.000000e+00 0.000000e+00
    outer loop
      vertex   -4.772273e+01 1.500000e+01 2.125967e+01
      vertex   -4.792986e+01 1.500000e+01 2.064491e+01
      vertex   -5.500000e+01 1.500000e+01 3.000000e+01
    endloop
  endfacet
  facet normal 0.000000e+00 1.000000e+00 -0.000000e+00
    outer loop
      vertex   4.798241e+01 1.500000e+01 2.032436e+01
      vertex   4.784296e+01 1.500000e+01 2.095790e+01
      vertex   5.500000e+01 1.500000e+01 3.000000e+01
    endloop
  endfacet
  facet normal 0.000000e+00 1.000000e+00 0.000000e+00
    outer loop
      vertex   5.500000e+01 1.500000e+01 3.000000e+01
      vertex   4.784296e+01 1.500000e+01 2.095790e+01
      vertex   4.757057e+01 1.500000e+01 2.154666e+01
    endloop
  endfacet
  facet normal 0.000000e+00 1.000000e+00 0.000000e+00
    outer loop
      vertex   5.500000e+01 1.500000e+01 3.000000e+01
      vertex   4.757057e+01 1.500000e+01 2.154666e+01
      vertex   4.717799e+01 1.500000e+01 2.206310e+01
    endloop
  endfacet
  facet normal 0.000000e+00 1.000000e+00 -0.000000e+00
    outer loop
      vertex   4.717799e+01 1.500000e+01 2.206310e+01
      vertex   4.668356e+01 1.500000e+01 2.248307e+01
      vertex   5.500000e+01 1.500000e+01 3.000000e+01
    endloop
  endfacet
  facet normal 0.000000e+00 1.000000e+00 0.000000e+00
    outer loop
      vertex   5.500000e+01 1.500000e+01 3.000000e+01
      vertex   4.668356e+01 1.500000e+01 2.248307e+01
      vertex   4.611041e+01 1.500000e+01 2.278693e+01
    endloop
  endfacet
  facet normal 0.000000e+00 1.000000e+00 0.000000e+00
    outer loop
      vertex   5.500000e+01 1.500000e+01 3.000000e+01
      vertex   4.611041e+01 1.500000e+01 2.278693e+01
      vertex   4.548535e+01 1.500000e+01 2.296048e+01
    endloop
  endfacet
  facet normal 0.000000e+00 1.000000e+00 -0.000000e+00
    outer loop
      vertex   4.548535e+01 1.500000e+01 2.296048e+01
      vertex   4.483758e+01 1.500000e+01 2.299560e+01
      vertex   5.500000e+01 1.500000e+01 3.000000e+01
    endloop
  endfacet
  facet normal -0.000000e+00 1.000000e+00 0.000000e+00
    outer loop
      vertex   2.483758e+01 1.500000e+01 -2.995600e+00
      vertex   2.548535e+01 1.500000e+01 -2.960480e+00
      vertex   5.500000e+01 1.500000e+01 -1.000000e+01
    endloop
  endfacet
  facet normal 0.000000e+00 -1.000000e+00 0.000000e+00
    outer loop
      vertex   -7.929862e+00 0.000000e+00 2.064491e+01
      vertex   -1.201759e+01 0.000000e+00 2.032436e+01
      vertex   -8.000000e+00 0.000000e+00 2.000000e+01
    endloop
  endfacet
  facet normal -0.000000e+00 -1.000000e+00 0.000000e+00
    outer loop
      vertex   -8.000000e+00 0.000000e+00 2.000000e+01
      vertex   -1.201759e+01 0.000000e+00 2.032436e+01
      vertex   -1.201759e+01 0.000000e+00 1.967564e+01
    endloop
  endfacet
  facet normal 0.000000e+00 -1.000000e+00 -0.000000e+00
    outer loop
      vertex   -8.000000e+00 0.000000e+00 2.000000e+01
      vertex   -1.201759e+01 0.000000e+00 1.967564e+01
      vertex   -7.929862e+00 0.000000e+00 1.935509e+01
    endloop
  endfacet
  facet normal -0.000000e+00 -1.000000e+00 0.000000e+00
    outer loop
      vertex   -7.929862e+00 0.000000e+00 1.935509e+01
      vertex   -1.201759e+01 0.000000e+00 1.967564e+01
      vertex   -1.215704e+01 0.000000e+00 1.904210e+01
    endloop
  endfacet
  facet normal 0.000000e+00 -1.000000e+00 -0.000000e+00
    outer loop
      vertex   -7.929862e+00 0.000000e+00 1.935509e+01
      vertex   -1.215704e+01 0.000000e+00 1.904210e+01
      vertex   -7.722726e+00 0.000000e+00 1.874033e+01
    endloop
  endfacet
  facet normal -0.000000e+00 -1.000000e+00 0.000000e+00
    outer loop
      vertex   -7.722726e+00 0.000000e+00 1.874033e+01
      vertex   -1.215704e+01 0.000000e+00 1.904210e+01
      vertex   -1.242943e+01 0.000000e+00 1.845334e+01
    endloop
  endfacet
  facet normal 0.000000e+00 -1.000000e+00 -0.000000e+00
    outer loop
      vertex   -7.722726e+00 0.000000e+00 1.874033e+01
      vertex   -1.242943e+01 0.000000e+00 1.845334e+01
      vertex   -7.388279e+00 0.000000e+00 1.818448e+01
    endloop
  endfacet
  facet normal -0.000000e+00 -1.000000e+00 0.000000e+00
    outer loop
      vertex   -7.388279e+00 0.000000e+00 1.818448e+01
      vertex   -1.242943e+01 0.000000e+00 1.845334e+01
      vertex   -1.282201e+01 0.000000e+00 1.793690e+01
    endloop
  endfacet
  facet normal 0.000000e+00 -1.000000e+00 -0.000000e+00
    outer loop
      vertex   -7.388279e+00 0.000000e+00 1.818448e+01
      vertex   -1.282201e+01 0.000000e+00 1.793690e+01
      vertex   -6.942159e+00 0.000000e+00 1.771351e+01
    endloop
  endfacet
  facet normal -0.000000e+00 -1.000000e+00 0.000000e+00
    outer loop
      vertex   -6.942159e+00 0.000000e+00 1.771351e+01
      vertex   -1.282201e+01 0.000000e+00 1.793690e+01
      vertex   -1.331644e+01 0.000000e+00 1.751693e+01
    endloop
  endfacet
  facet normal 0.000000e+00 -1.000000e+00 -0.000000e+00
    outer loop
      vertex   -6.942159e+00 0.000000e+00 1.771351e+01
      vertex   -1.331644e+01 0.000000e+00 1.751693e+01
      vertex   -6.405225e+00 0.000000e+00 1.734946e+01
    endloop
  endfacet
  facet normal -0.000000e+00 -1.000000e+00 0.000000e+00
    outer loop
      vertex   -6.405225e+00 0.000000e+00 1.734946e+01
      vertex   -1.331644e+01 0.000000e+00 1.751693e+01
      vertex   -1.388959e+01 0.000000e+00 1.721307e+01
    endloop
  endfacet
  facet normal 0.000000e+00 -1.000000e+00 -0.000000e+00
    outer loop
      vertex   -6.405225e+00 0.000000e+00 1.734946e+01
      vertex   -1.388959e+01 0.000000e+00 1.721307e+01
      vertex   -5.802585e+00 0.000000e+00 1.710935e+01
    endloop
  endfacet
  facet normal -0.000000e+00 -1.000000e+00 0.000000e+00
    outer loop
      vertex   -5.802585e+00 0.000000e+00 1.710935e+01
      vertex   -1.388959e+01 0.000000e+00 1.721307e+01
      vertex   -1.451465e+01 0.000000e+00 1.703952e+01
    endloop
  endfacet
  facet normal 0.000000e+00 -1.000000e+00 0.000000e+00
    outer loop
      vertex   -5.802585e+00 0.000000e+00 1.710935e+01
      vertex   -1.451465e+01 0.000000e+00 1.703952e+01
      vertex   -5.802585e+00 0.000000e+00 1.289065e+01
    endloop
  endfacet
  facet normal 0.000000e+00 -1.000000e+00 0.000000e+00
    outer loop
      vertex   -5.802585e+00 0.000000e+00 1.289065e+01
      vertex   -1.451465e+01 0.000000e+00 1.703952e+01
      vertex   -1.451465e+01 0.000000e+00 1.296048e+01
    endloop
  endfacet
  facet normal -0.000000e+00 -1.000000e+00 0.000000e+00
    outer loop
      vertex   -5.802585e+00 0.000000e+00 1.289065e+01
      vertex   -1.451465e+01 0.000000e+00 1.296048e+01
      vertex   -1.388959e+01 0.000000e+00 1.278693e+01
    endloop
  endfacet
  facet normal 0.000000e+00 -1.000000e+00 0.000000e+00
    outer loop
      vertex   -1.201759e+01 0.000000e+00 2.032436e+01
      vertex   -7.929862e+00 0.000000e+00 2.064491e+01
      vertex   -1.215704e+01 0.000000e+00 2.095790e+01
    endloop
  endfacet
  facet normal 0.000000e+00 -1.000000e+00 0.000000e+00
    outer loop
      vertex   -1.215704e+01 0.000000e+00 2.095790e+01
      vertex   -7.929862e+00 0.000000e+00 2.064491e+01
      vertex   -7.722726e+00 0.000000e+00 2.125967e+01
    endloop
  endfacet
  facet normal 0.000000e+00 -1.000000e+00 0.000000e+00
    outer loop
      vertex   -1.215704e+01 0.000000e+00 2.095790e+01
      vertex   -7.722726e+00 0.000000e+00 2.125967e+01
      vertex   -1.242943e+01 0.000000e+00 2.154666e+01
    endloop
  endfacet
  facet normal 0.000000e+00 -1.000000e+00 0.000000e+00
    outer loop
      vertex   -1.242943e+01 0.000000e+00 2.154666e+01
      vertex   -7.722726e+00 0.000000e+00 2.125967e+01
      vertex   -7.388279e+00 0.000000e+00 2.181552e+01
    endloop
  endfacet
  facet normal 0.000000e+00 -1.000000e+00 0.000000e+00
    outer loop
      vertex   -1.242943e+01 0.000000e+00 2.154666e+01
      vertex   -7.388279e+00 0.000000e+00 2.181552e+01
      vertex   -1.282201e+01 0.000000e+00 2.206310e+01
    endloop
  endfacet
  facet normal 0.000000e+00 -1.000000e+00 0.000000e+00
    outer loop
      vertex   -1.282201e+01 0.000000e+00 2.206310e+01
      vertex   -7.388279e+00 0.000000e+00 2.181552e+01
      vertex   -6.942159e+00 0.000000e+00 2.228649e+01
    endloop
  endfacet
  facet normal 0.000000e+00 -1.000000e+00 0.000000e+00
    outer loop
      vertex   -1.282201e+01 0.000000e+00 2.206310e+01
      vertex   -6.942159e+00 0.000000e+00 2.228649e+01
      vertex   -1.331644e+01 0.000000e+00 2.248307e+01
    endloop
  endfacet
  facet normal 0.000000e+00 -1.000000e+00 0.000000e+00
    outer loop
      vertex   -1.331644e+01 0.000000e+00 2.248307e+01
      vertex   -6.942159e+00 0.000000e+00 2.228649e+01
      vertex   -6.405225e+00 0.000000e+00 2.265054e+01
    endloop
  endfacet
  facet normal 0.000000e+00 -1.000000e+00 0.000000e+00
    outer loop
      vertex   -1.331644e+01 0.000000e+00 2.248307e+01
      vertex   -6.405225e+00 0.000000e+00 2.265054e+01
      vertex   -1.388959e+01 0.000000e+00 2.278693e+01
    endloop
  endfacet
  facet normal 0.000000e+00 -1.000000e+00 0.000000e+00
    outer loop
      vertex   -1.388959e+01 0.000000e+00 2.278693e+01
      vertex   -6.405225e+00 0.000000e+00 2.265054e+01
      vertex   -5.802585e+00 0.000000e+00 2.289065e+01
    endloop
  endfacet
  facet normal 0.000000e+00 -1.000000e+00 0.000000e+00
    outer loop
      vertex   -1.388959e+01 0.000000e+00 2.278693e+01
      vertex   -5.802585e+00 0.000000e+00 2.289065e+01
      vertex   -1.451465e+01 0.000000e+00 2.296048e+01
    endloop
  endfacet
  facet normal 0.000000e+00 -1.000000e+00 0.000000e+00
    outer loop
      vertex   -1.451465e+01 0.000000e+00 2.296048e+01
      vertex   -5.802585e+00 0.000000e+00 2.289065e+01
      vertex   -5.162417e+00 0.000000e+00 2.299560e+01
    endloop
  endfacet
  facet normal 0.000000e+00 -1.000000e+00 0.000000e+00
    outer loop
      vertex   -1.451465e+01 0.000000e+00 2.296048e+01
      vertex   -5.162417e+00 0.000000e+00 2.299560e+01
      vertex   -1.516242e+01 0.000000e+00 2.299560e+01
    endloop
  endfacet
  facet normal 0.000000e+00 -1.000000e+00 0.000000e+00
    outer loop
      vertex   -1.516242e+01 0.000000e+00 2.299560e+01
      vertex   -5.162417e+00 0.000000e+00 2.299560e+01
      vertex   -5.500000e+01 0.000000e+00 3.000000e+01
    endloop
  endfacet
  facet normal 0.000000e+00 -1.000000e+00 0.000000e+00
    outer loop
      vertex   -1.516242e+01 0.000000e+00 2.299560e+01
      vertex   -5.500000e+01 0.000000e+00 3.000000e+01
      vertex   -2.516242e+01 0.000000e+00 2.299560e+01
    endloop
  endfacet
  facet normal -0.000000e+00 -1.000000e+00 0.000000e+00
    outer loop
      vertex   -2.516242e+01 0.000000e+00 2.299560e+01
      vertex   -5.500000e+01 0.000000e+00 3.000000e+01
      vertex   -3.451465e+01 0.000000e+00 2.296048e+01
    endloop
  endfacet
  facet normal 0.000000e+00 -1.000000e+00 0.000000e+00
    outer loop
      vertex   -2.516242e+01 0.000000e+00 2.299560e+01
      vertex   -3.451465e+01 0.000000e+00 2.296048e+01
      vertex   -2.580259e+01 0.000000e+00 2.289065e+01
    endloop
  endfacet
  facet normal -0.000000e+00 -1.000000e+00 0.000000e+00
    outer loop
      vertex   -2.580259e+01 0.000000e+00 2.289065e+01
      vertex   -3.451465e+01 0.000000e+00 2.296048e+01
      vertex   -3.388959e+01 0.000000e+00 2.278693e+01
    endloop
  endfacet
  facet normal 0.000000e+00 -1.000000e+00 0.000000e+00
    outer loop
      vertex   -2.580259e+01 0.000000e+00 2.289065e+01
      vertex   -3.388959e+01 0.000000e+00 2.278693e+01
      vertex   -2.640523e+01 0.000000e+00 2.265054e+01
    endloop
  endfacet
  facet normal -0.000000e+00 -1.000000e+00 0.000000e+00
    outer loop
      vertex   -2.640523e+01 0.000000e+00 2.265054e+01
      vertex   -3.388959e+01 0.000000e+00 2.278693e+01
      vertex   -3.331644e+01 0.000000e+00 2.248307e+01
    endloop
  endfacet
  facet normal 0.000000e+00 -1.000000e+00 0.000000e+00
    outer loop
      vertex   -2.640523e+01 0.000000e+00 2.265054e+01
      vertex   -3.331644e+01 0.000000e+00 2.248307e+01
      vertex   -2.694216e+01 0.000000e+00 2.228649e+01
    endloop
  endfacet
  facet normal -0.000000e+00 -1.000000e+00 0.000000e+00
    outer loop
      vertex   -2.694216e+01 0.000000e+00 2.228649e+01
      vertex   -3.331644e+01 0.000000e+00 2.248307e+01
      vertex   -3.282201e+01 0.000000e+00 2.206310e+01
    endloop
  endfacet
  facet normal 0.000000e+00 -1.000000e+00 0.000000e+00
    outer loop
      vertex   -2.694216e+01 0.000000e+00 2.228649e+01
      vertex   -3.282201e+01 0.000000e+00 2.206310e+01
      vertex   -2.738828e+01 0.000000e+00 2.181552e+01
    endloop
  endfacet
  facet normal -0.000000e+00 -1.000000e+00 0.000000e+00
    outer loop
      vertex   -2.738828e+01 0.000000e+00 2.181552e+01
      vertex   -3.282201e+01 0.000000e+00 2.206310e+01
      vertex   -3.242943e+01 0.000000e+00 2.154666e+01
    endloop
  endfacet
  facet normal 0.000000e+00 -1.000000e+00 0.000000e+00
    outer loop
      vertex   -2.738828e+01 0.000000e+00 2.181552e+01
      vertex   -3.242943e+01 0.000000e+00 2.154666e+01
      vertex   -2.772273e+01 0.000000e+00 2.125967e+01
    endloop
  endfacet
  facet normal -0.000000e+00 -1.000000e+00 0.000000e+00
    outer loop
      vertex   -2.772273e+01 0.000000e+00 2.125967e+01
      vertex   -3.242943e+01 0.000000e+00 2.154666e+01
      vertex   -3.215704e+01 0.000000e+00 2.095790e+01
    endloop
  endfacet
  facet normal 0.000000e+00 -1.000000e+00 0.000000e+00
    outer loop
      vertex   -2.772273e+01 0.000000e+00 2.125967e+01
      vertex   -3.215704e+01 0.000000e+00 2.095790e+01
      vertex   -2.792986e+01 0.000000e+00 2.064491e+01
    endloop
  endfacet
  facet normal -0.000000e+00 -1.000000e+00 0.000000e+00
    outer loop
      vertex   -2.792986e+01 0.000000e+00 2.064491e+01
      vertex   -3.215704e+01 0.000000e+00 2.095790e+01
      vertex   -3.201759e+01 0.000000e+00 2.032436e+01
    endloop
  endfacet
  facet normal 0.000000e+00 -1.000000e+00 0.000000e+00
    outer loop
      vertex   -2.792986e+01 0.000000e+00 2.064491e+01
      vertex   -3.201759e+01 0.000000e+00 2.032436e+01
      vertex   -2.800000e+01 0.000000e+00 2.000000e+01
    endloop
  endfacet
  facet normal -0.000000e+00 -1.000000e+00 0.000000e+00
    outer loop
      vertex   -2.800000e+01 0.000000e+00 2.000000e+01
      vertex   -3.201759e+01 0.000000e+00 2.032436e+01
      vertex   -3.201759e+01 0.000000e+00 1.967564e+01
    endloop
  endfacet
  facet normal 0.000000e+00 -1.000000e+00 -0.000000e+00
    outer loop
      vertex   -2.800000e+01 0.000000e+00 2.000000e+01
      vertex   -3.201759e+01 0.000000e+00 1.967564e+01
      vertex   -2.792986e+01 0.000000e+00 1.935509e+01
    endloop
  endfacet
  facet normal -0.000000e+00 -1.000000e+00 0.000000e+00
    outer loop
      vertex   -2.792986e+01 0.000000e+00 1.935509e+01
      vertex   -3.201759e+01 0.000000e+00 1.967564e+01
      vertex   -3.215704e+01 0.000000e+00 1.904210e+01
    endloop
  endfacet
  facet normal 0.000000e+00 -1.000000e+00 -0.000000e+00
    outer loop
      vertex   -2.792986e+01 0.000000e+00 1.935509e+01
      vertex   -3.215704e+01 0.000000e+00 1.904210e+01
      vertex   -2.772273e+01 0.000000e+00 1.874033e+01
    endloop
  endfacet
  facet normal -0.000000e+00 -1.000000e+00 0.000000e+00
    outer loop
      vertex   -2.772273e+01 0.000000e+00 1.874033e+01
      vertex   -3.215704e+01 0.000000e+00 1.904210e+01
      vertex   -3.242943e+01 0.000000e+00 1.845334e+01
    endloop
  endfacet
  facet normal 0.000000e+00 -1.000000e+00 -0.000000e+00
    outer loop
      vertex   -2.772273e+01 0.000000e+00 1.874033e+01
      vertex   -3.242943e+01 0.000000e+00 1.845334e+01
      vertex   -2.738828e+01 0.000000e+00 1.818448e+01
    endloop
  endfacet
  facet normal -0.000000e+00 -1.000000e+00 0.000000e+00
    outer loop
      vertex   -2.738828e+01 0.000000e+00 1.818448e+01
      vertex   -3.242943e+01 0.000000e+00 1.845334e+01
      vertex   -3.282201e+01 0.000000e+00 1.793690e+01
    endloop
  endfacet
  facet normal 0.000000e+00 -1.000000e+00 -0.000000e+00
    outer loop
      vertex   -2.738828e+01 0.000000e+00 1.818448e+01
      vertex   -3.282201e+01 0.000000e+00 1.793690e+01
      vertex   -2.694216e+01 0.000000e+00 1.771351e+01
    endloop
  endfacet
  facet normal -0.000000e+00 -1.000000e+00 0.000000e+00
    outer loop
      vertex   -2.694216e+01 0.000000e+00 1.771351e+01
      vertex   -3.282201e+01 0.000000e+00 1.793690e+01
      vertex   -3.331644e+01 0.000000e+00 1.751693e+01
    endloop
  endfacet
  facet normal 0.000000e+00 -1.000000e+00 -0.000000e+00
    outer loop
      vertex   -2.694216e+01 0.000000e+00 1.771351e+01
      vertex   -3.331644e+01 0.000000e+00 1.751693e+01
      vertex   -2.640523e+01 0.000000e+00 1.734946e+01
    endloop
  endfacet
  facet normal -0.000000e+00 -1.000000e+00 0.000000e+00
    outer loop
      vertex   -2.640523e+01 0.000000e+00 1.734946e+01
      vertex   -3.331644e+01 0.000000e+00 1.751693e+01
      vertex   -3.388959e+01 0.000000e+00 1.721307e+01
    endloop
  endfacet
  facet normal 0.000000e+00 -1.000000e+00 -0.000000e+00
    outer loop
      vertex   -2.640523e+01 0.000000e+00 1.734946e+01
      vertex   -3.388959e+01 0.000000e+00 1.721307e+01
      vertex   -2.580259e+01 0.000000e+00 1.710935e+01
    endloop
  endfacet
  facet normal -0.000000e+00 -1.000000e+00 0.000000e+00
    outer loop
      vertex   -2.580259e+01 0.000000e+00 1.710935e+01
      vertex   -3.388959e+01 0.000000e+00 1.721307e+01
      vertex   -3.451465e+01 0.000000e+00 1.703952e+01
    endloop
  endfacet
  facet normal 0.000000e+00 -1.000000e+00 -0.000000e+00
    outer loop
      vertex   -2.580259e+01 0.000000e+00 1.710935e+01
      vertex   -3.451465e+01 0.000000e+00 1.703952e+01
      vertex   -2.580259e+01 0.000000e+00 1.289065e+01
    endloop
  endfacet
  facet normal 0.000000e+00 -1.000000e+00 0.000000e+00
    outer loop
      vertex   -2.580259e+01 0.000000e+00 1.289065e+01
      vertex   -3.451465e+01 0.000000e+00 1.703952e+01
      vertex   -3.451465e+01 0.000000e+00 1.296048e+01
    endloop
  endfacet
  facet normal -0.000000e+00 -1.000000e+00 0.000000e+00
    outer loop
      vertex   -2.580259e+01 0.000000e+00 1.289065e+01
      vertex   -3.451465e+01 0.000000e+00 1.296048e+01
      vertex   -3.388959e+01 0.000000e+00 1.278693e+01
    endloop
  endfacet
  facet normal 0.000000e+00 -1.000000e+00 0.000000e+00
    outer loop
      vertex   -5.500000e+01 0.000000e+00 3.000000e+01
      vertex   -5.162417e+00 0.000000e+00 2.299560e+01
      vertex   4.837583e+00 0.000000e+00 2.299560e+01
    endloop
  endfacet
  facet normal -0.000000e+00 -1.000000e+00 0.000000e+00
    outer loop
      vertex   4.837583e+00 0.000000e+00 2.299560e+01
      vertex   -5.162417e+00 0.000000e+00 2.299560e+01
      vertex   -4.514654e+00 0.000000e+00 2.296048e+01
    endloop
  endfacet
  facet normal 0.000000e+00 -1.000000e+00 0.000000e+00
    outer loop
      vertex   4.837583e+00 0.000000e+00 2.299560e+01
      vertex   -4.514654e+00 0.000000e+00 2.296048e+01
      vertex   4.197415e+00 0.000000e+00 2.289065e+01
    endloop
  endfacet
  facet normal -0.000000e+00 -1.000000e+00 0.000000e+00
    outer loop
      vertex   4.197415e+00 0.000000e+00 2.289065e+01
      vertex   -4.514654e+00 0.000000e+00 2.296048e+01
      vertex   -3.889586e+00 0.000000e+00 2.278693e+01
    endloop
  endfacet
  facet normal 0.000000e+00 -1.000000e+00 0.000000e+00
    outer loop
      vertex   4.197415e+00 0.000000e+00 2.289065e+01
      vertex   -3.889586e+00 0.000000e+00 2.278693e+01
      vertex   3.594775e+00 0.000000e+00 2.265054e+01
    endloop
  endfacet
  facet normal -0.000000e+00 -1.000000e+00 0.000000e+00
    outer loop
      vertex   3.594775e+00 0.000000e+00 2.265054e+01
      vertex   -3.889586e+00 0.000000e+00 2.278693e+01
      vertex   -3.316439e+00 0.000000e+00 2.248307e+01
    endloop
  endfacet
  facet normal 0.000000e+00 -1.000000e+00 0.000000e+00
    outer loop
      vertex   3.594775e+00 0.000000e+00 2.265054e+01
      vertex   -3.316439e+00 0.000000e+00 2.248307e+01
      vertex   3.057841e+00 0.000000e+00 2.228649e+01
    endloop
  endfacet
  facet normal -0.000000e+00 -1.000000e+00 0.000000e+00
    outer loop
      vertex   3.057841e+00 0.000000e+00 2.228649e+01
      vertex   -3.316439e+00 0.000000e+00 2.248307e+01
      vertex   -2.822014e+00 0.000000e+00 2.206310e+01
    endloop
  endfacet
  facet normal 0.000000e+00 -1.000000e+00 0.000000e+00
    outer loop
      vertex   3.057841e+00 0.000000e+00 2.228649e+01
      vertex   -2.822014e+00 0.000000e+00 2.206310e+01
      vertex   2.611721e+00 0.000000e+00 2.181552e+01
    endloop
  endfacet
  facet normal -0.000000e+00 -1.000000e+00 0.000000e+00
    outer loop
      vertex   2.611721e+00 0.000000e+00 2.181552e+01
      vertex   -2.822014e+00 0.000000e+00 2.206310e+01
      vertex   -2.429428e+00 0.000000e+00 2.154666e+01
    endloop
  endfacet
  facet normal 0.000000e+00 -1.000000e+00 0.000000e+00
    outer loop
      vertex   2.611721e+00 0.000000e+00 2.181552e+01
      vertex   -2.429428e+00 0.000000e+00 2.154666e+01
      vertex   2.277274e+00 0.000000e+00 2.125967e+01
    endloop
  endfacet
  facet normal -0.000000e+00 -1.000000e+00 0.000000e+00
    outer loop
      vertex   2.277274e+00 0.000000e+00 2.125967e+01
      vertex   -2.429428e+00 0.000000e+00 2.154666e+01
      vertex   -2.157040e+00 0.000000e+00 2.095790e+01
    endloop
  endfacet
  facet normal 0.000000e+00 -1.000000e+00 0.000000e+00
    outer loop
      vertex   2.277274e+00 0.000000e+00 2.125967e+01
      vertex   -2.157040e+00 0.000000e+00 2.095790e+01
      vertex   2.070138e+00 0.000000e+00 2.064491e+01
    endloop
  endfacet
  facet normal -0.000000e+00 -1.000000e+00 0.000000e+00
    outer loop
      vertex   2.070138e+00 0.000000e+00 2.064491e+01
      vertex   -2.157040e+00 0.000000e+00 2.095790e+01
      vertex   -2.017586e+00 0.000000e+00 2.032436e+01
    endloop
  endfacet
  facet normal 0.000000e+00 -1.000000e+00 0.000000e+00
    outer loop
      vertex   2.070138e+00 0.000000e+00 2.064491e+01
      vertex   -2.017586e+00 0.000000e+00 2.032436e+01
      vertex   2.000000e+00 0.000000e+00 2.000000e+01
    endloop
  endfacet
  facet normal -0.000000e+00 -1.000000e+00 0.000000e+00
    outer loop
      vertex   2.000000e+00 0.000000e+00 2.000000e+01
      vertex   -2.017586e+00 0.000000e+00 2.032436e+01
      vertex   -2.017586e+00 0.000000e+00 1.967564e+01
    endloop
  endfacet
  facet normal 0.000000e+00 -1.000000e+00 -0.000000e+00
    outer loop
      vertex   2.000000e+00 0.000000e+00 2.000000e+01
      vertex   -2.017586e+00 0.000000e+00 1.967564e+01
      vertex   2.070138e+00 0.000000e+00 1.935509e+01
    endloop
  endfacet
  facet normal -0.000000e+00 -1.000000e+00 0.000000e+00
    outer loop
      vertex   2.070138e+00 0.000000e+00 1.935509e+01
      vertex   -2.017586e+00 0.000000e+00 1.967564e+01
      vertex   -2.157040e+00 0.000000e+00 1.904210e+01
    endloop
  endfacet
  facet normal 0.000000e+00 -1.000000e+00 -0.000000e+00
    outer loop
      vertex   2.070138e+00 0.000000e+00 1.935509e+01
      vertex   -2.157040e+00 0.000000e+00 1.904210e+01
      vertex   2.277274e+00 0.000000e+00 1.874033e+01
    endloop
  endfacet
  facet normal -0.000000e+00 -1.000000e+00 0.000000e+00
    outer loop
      vertex   2.277274e+00 0.000000e+00 1.874033e+01
      vertex   -2.157040e+00 0.000000e+00 1.904210e+01
      vertex   -2.429428e+00 0.000000e+00 1.845334e+01
    endloop
  endfacet
  facet normal 0.000000e+00 -1.000000e+00 -0.000000e+00
    outer loop
      vertex   2.277274e+00 0.000000e+00 1.874033e+01
      vertex   -2.429428e+00 0.000000e+00 1.845334e+01
      vertex   2.611721e+00 0.000000e+00 1.818448e+01
    endloop
  endfacet
  facet normal -0.000000e+00 -1.000000e+00 0.000000e+00
    outer loop
      vertex   2.611721e+00 0.000000e+00 1.818448e+01
      vertex   -2.429428e+00 0.000000e+00 1.845334e+01
      vertex   -2.822014e+00 0.000000e+00 1.793690e+01
    endloop
  endfacet
  facet normal 0.000000e+00 -1.000000e+00 -0.000000e+00
    outer loop
      vertex   2.611721e+00 0.000000e+00 1.818448e+01
      vertex   -2.822014e+00 0.000000e+00 1.793690e+01
      vertex   3.057841e+00 0.000000e+00 1.771351e+01
    endloop
  endfacet
  facet normal -0.000000e+00 -1.000000e+00 0.000000e+00
    outer loop
      vertex   3.057841e+00 0.000000e+00 1.771351e+01
      vertex   -2.822014e+00 0.000000e+00 1.793690e+01
      vertex   -3.316439e+00 0.000000e+00 1.751693e+01
    endloop
  endfacet
  facet normal 0.000000e+00 -1.000000e+00 -0.000000e+00
    outer loop
      vertex   3.057841e+00 0.000000e+00 1.771351e+01
      vertex   -3.316439e+00 0.000000e+00 1.751693e+01
      vertex   3.594775e+00 0.000000e+00 1.734946e+01
    endloop
  endfacet
  facet normal -0.000000e+00 -1.000000e+00 0.000000e+00
    outer loop
      vertex   3.594775e+00 0.000000e+00 1.734946e+01
      vertex   -3.316439e+00 0.000000e+00 1.751693e+01
      vertex   -3.889586e+00 0.000000e+00 1.721307e+01
    endloop
  endfacet
  facet normal 0.000000e+00 -1.000000e+00 -0.000000e+00
    outer loop
      vertex   3.594775e+00 0.000000e+00 1.734946e+01
      vertex   -3.889586e+00 0.000000e+00 1.721307e+01
      vertex   4.197415e+00 0.000000e+00 1.710935e+01
    endloop
  endfacet
  facet normal -0.000000e+00 -1.000000e+00 0.000000e+00
    outer loop
      vertex   4.197415e+00 0.000000e+00 1.710935e+01
      vertex   -3.889586e+00 0.000000e+00 1.721307e+01
      vertex   -4.514654e+00 0.000000e+00 1.703952e+01
    endloop
  endfacet
  facet normal 0.000000e+00 -1.000000e+00 0.000000e+00
    outer loop
      vertex   4.197415e+00 0.000000e+00 1.710935e+01
      vertex   -4.514654e+00 0.000000e+00 1.703952e+01
      vertex   4.197415e+00 0.000000e+00 1.289065e+01
    endloop
  endfacet
  facet normal 0.000000e+00 -1.000000e+00 0.000000e+00
    outer loop
      vertex   4.197415e+00 0.000000e+00 1.289065e+01
      vertex   -4.514654e+00 0.000000e+00 1.703952e+01
      vertex   -4.514654e+00 0.000000e+00 1.296048e+01
    endloop
  endfacet
  facet normal -0.000000e+00 -1.000000e+00 0.000000e+00
    outer loop
      vertex   4.197415e+00 0.000000e+00 1.289065e+01
      vertex   -4.514654e+00 0.000000e+00 1.296048e+01
      vertex   -3.889586e+00 0.000000e+00 1.278693e+01
    endloop
  endfacet
  facet normal 0.000000e+00 -1.000000e+00 0.000000e+00
    outer loop
      vertex   -4.514654e+00 0.000000e+00 1.296048e+01
      vertex   -4.514654e+00 0.000000e+00 1.703952e+01
      vertex   -5.162417e+00 0.000000e+00 1.299560e+01
    endloop
  endfacet
  facet normal 0.000000e+00 -1.000000e+00 0.000000e+00
    outer loop
      vertex   -5.162417e+00 0.000000e+00 1.299560e+01
      vertex   -4.514654e+00 0.000000e+00 1.703952e+01
      vertex   -5.162417e+00 0.000000e+00 1.700440e+01
    endloop
  endfacet
  facet normal 0.000000e+00 -1.000000e+00 0.000000e+00
    outer loop
      vertex   -5.162417e+00 0.000000e+00 1.299560e+01
      vertex   -5.162417e+00 0.000000e+00 1.700440e+01
      vertex   -5.802585e+00 0.000000e+00 1.710935e+01
    endloop
  endfacet
  facet normal 0.000000e+00 -1.000000e+00 0.000000e+00
    outer loop
      vertex   -1.792986e+01 0.000000e+00 2.064491e+01
      vertex   -2.201759e+01 0.000000e+00 2.032436e+01
      vertex   -1.800000e+01 0.000000e+00 2.000000e+01
    endloop
  endfacet
  facet normal -0.000000e+00 -1.000000e+00 0.000000e+00
    outer loop
      vertex   -1.800000e+01 0.000000e+00 2.000000e+01
      vertex   -2.201759e+01 0.000000e+00 2.032436e+01
      vertex   -2.201759e+01 0.000000e+00 1.967564e+01
    endloop
  endfacet
  facet normal 0.000000e+00 -1.000000e+00 -0.000000e+00
    outer loop
      vertex   -1.800000e+01 0.000000e+00 2.000000e+01
      vertex   -2.201759e+01 0.000000e+00 1.967564e+01
      vertex   -1.792986e+01 0.000000e+00 1.935509e+01
    endloop
  endfacet
  facet normal -0.000000e+00 -1.000000e+00 0.000000e+00
    outer loop
      vertex   -1.792986e+01 0.000000e+00 1.935509e+01
      vertex   -2.201759e+01 0.000000e+00 1.967564e+01
      vertex   -2.215704e+01 0.000000e+00 1.904210e+01
    endloop
  endfacet
  facet normal 0.000000e+00 -1.000000e+00 -0.000000e+00
    outer loop
      vertex   -1.792986e+01 0.000000e+00 1.935509e+01
      vertex   -2.215704e+01 0.000000e+00 1.904210e+01
      vertex   -1.772273e+01 0.000000e+00 1.874033e+01
    endloop
  endfacet
  facet normal -0.000000e+00 -1.000000e+00 0.000000e+00
    outer loop
      vertex   -1.772273e+01 0.000000e+00 1.874033e+01
      vertex   -2.215704e+01 0.000000e+00 1.904210e+01
      vertex   -2.242943e+01 0.000000e+00 1.845334e+01
    endloop
  endfacet
  facet normal 0.000000e+00 -1.000000e+00 -0.000000e+00
    outer loop
      vertex   -1.772273e+01 0.000000e+00 1.874033e+01
      vertex   -2.242943e+01 0.000000e+00 1.845334e+01
      vertex   -1.738828e+01 0.000000e+00 1.818448e+01
    endloop
  endfacet
  facet normal -0.000000e+00 -1.000000e+00 0.000000e+00
    outer loop
      vertex   -1.738828e+01 0.000000e+00 1.818448e+01
      vertex   -2.242943e+01 0.000000e+00 1.845334e+01
      vertex   -2.282201e+01 0.000000e+00 1.793690e+01
    endloop
  endfacet
  facet normal 0.000000e+00 -1.000000e+00 -0.000000e+00
    outer loop
      vertex   -1.738828e+01 0.000000e+00 1.818448e+01
      vertex   -2.282201e+01 0.000000e+00 1.793690e+01
      vertex   -1.694216e+01 0.000000e+00 1.771351e+01
    endloop
  endfacet
  facet normal -0.000000e+00 -1.000000e+00 0.000000e+00
    outer loop
      vertex   -1.694216e+01 0.000000e+00 1.771351e+01
      vertex   -2.282201e+01 0.000000e+00 1.793690e+01
      vertex   -2.331644e+01 0.000000e+00 1.751693e+01
    endloop
  endfacet
  facet normal 0.000000e+00 -1.000000e+00 -0.000000e+00
    outer loop
      vertex   -1.694216e+01 0.000000e+00 1.771351e+01
      vertex   -2.331644e+01 0.000000e+00 1.751693e+01
      vertex   -1.640523e+01 0.000000e+00 1.734946e+01
    endloop
  endfacet
  facet normal -0.000000e+00 -1.000000e+00 0.000000e+00
    outer loop
      vertex   -1.640523e+01 0.000000e+00 1.734946e+01
      vertex   -2.331644e+01 0.000000e+00 1.751693e+01
      vertex   -2.388959e+01 0.000000e+00 1.721307e+01
    endloop
  endfacet
  facet normal 0.000000e+00 -1.000000e+00 -0.000000e+00
    outer loop
      vertex   -1.640523e+01 0.000000e+00 1.734946e+01
      vertex   -2.388959e+01 0.000000e+00 1.721307e+01
      vertex   -1.580259e+01 0.000000e+00 1.710935e+01
    endloop
  endfacet
  facet normal -0.000000e+00 -1.000000e+00 0.000000e+00
    outer loop
      vertex   -1.580259e+01 0.000000e+00 1.710935e+01
      vertex   -2.388959e+01 0.000000e+00 1.721307e+01
      vertex   -2.451465e+01 0.000000e+00 1.703952e+01
    endloop
  endfacet
  facet normal 0.000000e+00 -1.000000e+00 -0.000000e+00
    outer loop
      vertex   -1.580259e+01 0.000000e+00 1.710935e+01
      vertex   -2.451465e+01 0.000000e+00 1.703952e+01
      vertex   -1.580259e+01 0.000000e+00 1.289065e+01
    endloop
  endfacet
  facet normal 0.000000e+00 -1.000000e+00 0.000000e+00
    outer loop
      vertex   -1.580259e+01 0.000000e+00 1.289065e+01
      vertex   -2.451465e+01 0.000000e+00 1.703952e+01
      vertex   -2.451465e+01 0.000000e+00 1.296048e+01
    endloop
  endfacet
  facet normal -0.000000e+00 -1.000000e+00 0.000000e+00
    outer loop
      vertex   -1.580259e+01 0.000000e+00 1.289065e+01
      vertex   -2.451465e+01 0.000000e+00 1.296048e+01
      vertex   -2.388959e+01 0.000000e+00 1.278693e+01
    endloop
  endfacet
  facet normal 0.000000e+00 -1.000000e+00 0.000000e+00
    outer loop
      vertex   -2.201759e+01 0.000000e+00 2.032436e+01
      vertex   -1.792986e+01 0.000000e+00 2.064491e+01
      vertex   -2.215704e+01 0.000000e+00 2.095790e+01
    endloop
  endfacet
  facet normal 0.000000e+00 -1.000000e+00 0.000000e+00
    outer loop
      vertex   -2.215704e+01 0.000000e+00 2.095790e+01
      vertex   -1.792986e+01 0.000000e+00 2.064491e+01
      vertex   -1.772273e+01 0.000000e+00 2.125967e+01
    endloop
  endfacet
  facet normal 0.000000e+00 -1.000000e+00 0.000000e+00
    outer loop
      vertex   -2.215704e+01 0.000000e+00 2.095790e+01
      vertex   -1.772273e+01 0.000000e+00 2.125967e+01
      vertex   -2.242943e+01 0.000000e+00 2.154666e+01
    endloop
  endfacet
  facet normal 0.000000e+00 -1.000000e+00 0.000000e+00
    outer loop
      vertex   -2.242943e+01 0.000000e+00 2.154666e+01
      vertex   -1.772273e+01 0.000000e+00 2.125967e+01
      vertex   -1.738828e+01 0.000000e+00 2.181552e+01
    endloop
  endfacet
  facet normal 0.000000e+00 -1.000000e+00 0.000000e+00
    outer loop
      vertex   -2.242943e+01 0.000000e+00 2.154666e+01
      vertex   -1.738828e+01 0.000000e+00 2.181552e+01
      vertex   -2.282201e+01 0.000000e+00 2.206310e+01
    endloop
  endfacet
  facet normal 0.000000e+00 -1.000000e+00 0.000000e+00
    outer loop
      vertex   -2.282201e+01 0.000000e+00 2.206310e+01
      vertex   -1.738828e+01 0.000000e+00 2.181552e+01
      vertex   -1.694216e+01 0.000000e+00 2.228649e+01
    endloop
  endfacet
  facet normal 0.000000e+00 -1.000000e+00 0.000000e+00
    outer loop
      vertex   -2.282201e+01 0.000000e+00 2.206310e+01
      vertex   -1.694216e+01 0.000000e+00 2.228649e+01
      vertex   -2.331644e+01 0.000000e+00 2.248307e+01
    endloop
  endfacet
  facet normal 0.000000e+00 -1.000000e+00 0.000000e+00
    outer loop
      vertex   -2.331644e+01 0.000000e+00 2.248307e+01
      vertex   -1.694216e+01 0.000000e+00 2.228649e+01
      vertex   -1.640523e+01 0.000000e+00 2.265054e+01
    endloop
  endfacet
  facet normal 0.000000e+00 -1.000000e+00 0.000000e+00
    outer loop
      vertex   -2.331644e+01 0.000000e+00 2.248307e+01
      vertex   -1.640523e+01 0.000000e+00 2.265054e+01
      vertex   -2.388959e+01 0.000000e+00 2.278693e+01
    endloop
  endfacet
  facet normal 0.000000e+00 -1.000000e+00 0.000000e+00
    outer loop
      vertex   -2.388959e+01 0.000000e+00 2.278693e+01
      vertex   -1.640523e+01 0.000000e+00 2.265054e+01
      vertex   -1.580259e+01 0.000000e+00 2.289065e+01
    endloop
  endfacet
  facet normal 0.000000e+00 -1.000000e+00 0.000000e+00
    outer loop
      vertex   -2.388959e+01 0.000000e+00 2.278693e+01
      vertex   -1.580259e+01 0.000000e+00 2.289065e+01
      vertex   -2.451465e+01 0.000000e+00 2.296048e+01
    endloop
  endfacet
  facet normal 0.000000e+00 -1.000000e+00 0.000000e+00
    outer loop
      vertex   -2.451465e+01 0.000000e+00 2.296048e+01
      vertex   -1.580259e+01 0.000000e+00 2.289065e+01
      vertex   -1.516242e+01 0.000000e+00 2.299560e+01
    endloop
  endfacet
  facet normal 0.000000e+00 -1.000000e+00 0.000000e+00
    outer loop
      vertex   -2.451465e+01 0.000000e+00 2.296048e+01
      vertex   -1.516242e+01 0.000000e+00 2.299560e+01
      vertex   -2.516242e+01 0.000000e+00 2.299560e+01
    endloop
  endfacet
  facet normal 0.000000e+00 -1.000000e+00 0.000000e+00
    outer loop
      vertex   -1.451465e+01 0.000000e+00 1.296048e+01
      vertex   -1.451465e+01 0.000000e+00 1.703952e+01
      vertex   -1.516242e+01 0.000000e+00 1.299560e+01
    endloop
  endfacet
  facet normal 0.000000e+00 -1.000000e+00 0.000000e+00
    outer loop
      vertex   -1.516242e+01 0.000000e+00 1.299560e+01
      vertex   -1.451465e+01 0.000000e+00 1.703952e+01
      vertex   -1.516242e+01 0.000000e+00 1.700440e+01
    endloop
  endfacet
  facet normal 0.000000e+00 -1.000000e+00 0.000000e+00
    outer loop
      vertex   -1.516242e+01 0.000000e+00 1.299560e+01
      vertex   -1.516242e+01 0.000000e+00 1.700440e+01
      vertex   -1.580259e+01 0.000000e+00 1.710935e+01
    endloop
  endfacet
  facet normal 0.000000e+00 -1.000000e+00 0.000000e+00
    outer loop
      vertex   2.207014e+01 0.000000e+00 2.064491e+01
      vertex   1.798241e+01 0.000000e+00 2.032436e+01
      vertex   2.200000e+01 0.000000e+00 2.000000e+01
    endloop
  endfacet
  facet normal -0.000000e+00 -1.000000e+00 0.000000e+00
    outer loop
      vertex   2.200000e+01 0.000000e+00 2.000000e+01
      vertex   1.798241e+01 0.000000e+00 2.032436e+01
      vertex   1.798241e+01 0.000000e+00 1.967564e+01
    endloop
  endfacet
  facet normal 0.000000e+00 -1.000000e+00 -0.000000e+00
    outer loop
      vertex   2.200000e+01 0.000000e+00 2.000000e+01
      vertex   1.798241e+01 0.000000e+00 1.967564e+01
      vertex   2.207014e+01 0.000000e+00 1.935509e+01
    endloop
  endfacet
  facet normal -0.000000e+00 -1.000000e+00 0.000000e+00
    outer loop
      vertex   2.207014e+01 0.000000e+00 1.935509e+01
      vertex   1.798241e+01 0.000000e+00 1.967564e+01
      vertex   1.784296e+01 0.000000e+00 1.904210e+01
    endloop
  endfacet
  facet normal 0.000000e+00 -1.000000e+00 -0.000000e+00
    outer loop
      vertex   2.207014e+01 0.000000e+00 1.935509e+01
      vertex   1.784296e+01 0.000000e+00 1.904210e+01
      vertex   2.227727e+01 0.000000e+00 1.874033e+01
    endloop
  endfacet
  facet normal -0.000000e+00 -1.000000e+00 0.000000e+00
    outer loop
      vertex   2.227727e+01 0.000000e+00 1.874033e+01
      vertex   1.784296e+01 0.000000e+00 1.904210e+01
      vertex   1.757057e+01 0.000000e+00 1.845334e+01
    endloop
  endfacet
  facet normal 0.000000e+00 -1.000000e+00 -0.000000e+00
    outer loop
      vertex   2.227727e+01 0.000000e+00 1.874033e+01
      vertex   1.757057e+01 0.000000e+00 1.845334e+01
      vertex   2.261172e+01 0.000000e+00 1.818448e+01
    endloop
  endfacet
  facet normal -0.000000e+00 -1.000000e+00 0.000000e+00
    outer loop
      vertex   2.261172e+01 0.000000e+00 1.818448e+01
      vertex   1.757057e+01 0.000000e+00 1.845334e+01
      vertex   1.717799e+01 0.000000e+00 1.793690e+01
    endloop
  endfacet
  facet normal 0.000000e+00 -1.000000e+00 -0.000000e+00
    outer loop
      vertex   2.261172e+01 0.000000e+00 1.818448e+01
      vertex   1.717799e+01 0.000000e+00 1.793690e+01
      vertex   2.305784e+01 0.000000e+00 1.771351e+01
    endloop
  endfacet
  facet normal -0.000000e+00 -1.000000e+00 0.000000e+00
    outer loop
      vertex   2.305784e+01 0.000000e+00 1.771351e+01
      vertex   1.717799e+01 0.000000e+00 1.793690e+01
      vertex   1.668356e+01 0.000000e+00 1.751693e+01
    endloop
  endfacet
  facet normal 0.000000e+00 -1.000000e+00 -0.000000e+00
    outer loop
      vertex   2.305784e+01 0.000000e+00 1.771351e+01
      vertex   1.668356e+01 0.000000e+00 1.751693e+01
      vertex   2.359477e+01 0.000000e+00 1.734946e+01
    endloop
  endfacet
  facet normal -0.000000e+00 -1.000000e+00 0.000000e+00
    outer loop
      vertex   2.359477e+01 0.000000e+00 1.734946e+01
      vertex   1.668356e+01 0.000000e+00 1.751693e+01
      vertex   1.611041e+01 0.000000e+00 1.721307e+01
    endloop
  endfacet
  facet normal 0.000000e+00 -1.000000e+00 -0.000000e+00
    outer loop
      vertex   2.359477e+01 0.000000e+00 1.734946e+01
      vertex   1.611041e+01 0.000000e+00 1.721307e+01
      vertex   2.419741e+01 0.000000e+00 1.710935e+01
    endloop
  endfacet
  facet normal -0.000000e+00 -1.000000e+00 0.000000e+00
    outer loop
      vertex   2.419741e+01 0.000000e+00 1.710935e+01
      vertex   1.611041e+01 0.000000e+00 1.721307e+01
      vertex   1.548535e+01 0.000000e+00 1.703952e+01
    endloop
  endfacet
  facet normal 0.000000e+00 -1.000000e+00 -0.000000e+00
    outer loop
      vertex   2.419741e+01 0.000000e+00 1.710935e+01
      vertex   1.548535e+01 0.000000e+00 1.703952e+01
      vertex   2.419741e+01 0.000000e+00 1.289065e+01
    endloop
  endfacet
  facet normal 0.000000e+00 -1.000000e+00 0.000000e+00
    outer loop
      vertex   2.419741e+01 0.000000e+00 1.289065e+01
      vertex   1.548535e+01 0.000000e+00 1.703952e+01
      vertex   1.548535e+01 0.000000e+00 1.296048e+01
    endloop
  endfacet
  facet normal -0.000000e+00 -1.000000e+00 0.000000e+00
    outer loop
      vertex   2.419741e+01 0.000000e+00 1.289065e+01
      vertex   1.548535e+01 0.000000e+00 1.296048e+01
      vertex   1.611041e+01 0.000000e+00 1.278693e+01
    endloop
  endfacet
  facet normal 0.000000e+00 -1.000000e+00 0.000000e+00
    outer loop
      vertex   1.798241e+01 0.000000e+00 2.032436e+01
      vertex   2.207014e+01 0.000000e+00 2.064491e+01
      vertex   1.784296e+01 0.000000e+00 2.095790e+01
    endloop
  endfacet
  facet normal 0.000000e+00 -1.000000e+00 0.000000e+00
    outer loop
      vertex   1.784296e+01 0.000000e+00 2.095790e+01
      vertex   2.207014e+01 0.000000e+00 2.064491e+01
      vertex   2.227727e+01 0.000000e+00 2.125967e+01
    endloop
  endfacet
  facet normal 0.000000e+00 -1.000000e+00 0.000000e+00
    outer loop
      vertex   1.784296e+01 0.000000e+00 2.095790e+01
      vertex   2.227727e+01 0.000000e+00 2.125967e+01
      vertex   1.757057e+01 0.000000e+00 2.154666e+01
    endloop
  endfacet
  facet normal 0.000000e+00 -1.000000e+00 0.000000e+00
    outer loop
      vertex   1.757057e+01 0.000000e+00 2.154666e+01
      vertex   2.227727e+01 0.000000e+00 2.125967e+01
      vertex   2.261172e+01 0.000000e+00 2.181552e+01
    endloop
  endfacet
  facet normal 0.000000e+00 -1.000000e+00 0.000000e+00
    outer loop
      vertex   1.757057e+01 0.000000e+00 2.154666e+01
      vertex   2.261172e+01 0.000000e+00 2.181552e+01
      vertex   1.717799e+01 0.000000e+00 2.206310e+01
    endloop
  endfacet
  facet normal 0.000000e+00 -1.000000e+00 0.000000e+00
    outer loop
      vertex   1.717799e+01 0.000000e+00 2.206310e+01
      vertex   2.261172e+01 0.000000e+00 2.181552e+01
      vertex   2.305784e+01 0.000000e+00 2.228649e+01
    endloop
  endfacet
  facet normal 0.000000e+00 -1.000000e+00 0.000000e+00
    outer loop
      vertex   1.717799e+01 0.000000e+00 2.206310e+01
      vertex   2.305784e+01 0.000000e+00 2.228649e+01
      vertex   1.668356e+01 0.000000e+00 2.248307e+01
    endloop
  endfacet
  facet normal 0.000000e+00 -1.000000e+00 0.000000e+00
    outer loop
      vertex   1.668356e+01 0.000000e+00 2.248307e+01
      vertex   2.305784e+01 0.000000e+00 2.228649e+01
      vertex   2.359477e+01 0.000000e+00 2.265054e+01
    endloop
  endfacet
  facet normal 0.000000e+00 -1.000000e+00 0.000000e+00
    outer loop
      vertex   1.668356e+01 0.000000e+00 2.248307e+01
      vertex   2.359477e+01 0.000000e+00 2.265054e+01
      vertex   1.611041e+01 0.000000e+00 2.278693e+01
    endloop
  endfacet
  facet normal 0.000000e+00 -1.000000e+00 0.000000e+00
    outer loop
      vertex   1.611041e+01 0.000000e+00 2.278693e+01
      vertex   2.359477e+01 0.000000e+00 2.265054e+01
      vertex   2.419741e+01 0.000000e+00 2.289065e+01
    endloop
  endfacet
  facet normal 0.000000e+00 -1.000000e+00 0.000000e+00
    outer loop
      vertex   1.611041e+01 0.000000e+00 2.278693e+01
      vertex   2.419741e+01 0.000000e+00 2.289065e+01
      vertex   1.548535e+01 0.000000e+00 2.296048e+01
    endloop
  endfacet
  facet normal 0.000000e+00 -1.000000e+00 0.000000e+00
    outer loop
      vertex   1.548535e+01 0.000000e+00 2.296048e+01
      vertex   2.419741e+01 0.000000e+00 2.289065e+01
      vertex   2.483758e+01 0.000000e+00 2.299560e+01
    endloop
  endfacet
  facet normal 0.000000e+00 -1.000000e+00 0.000000e+00
    outer loop
      vertex   1.548535e+01 0.000000e+00 2.296048e+01
      vertex   2.483758e+01 0.000000e+00 2.299560e+01
      vertex   1.483758e+01 0.000000e+00 2.299560e+01
    endloop
  endfacet
  facet normal 0.000000e+00 -1.000000e+00 0.000000e+00
    outer loop
      vertex   1.483758e+01 0.000000e+00 2.299560e+01
      vertex   2.483758e+01 0.000000e+00 2.299560e+01
      vertex   5.500000e+01 0.000000e+00 3.000000e+01
    endloop
  endfacet
  facet normal 0.000000e+00 -1.000000e+00 0.000000e+00
    outer loop
      vertex   1.483758e+01 0.000000e+00 2.299560e+01
      vertex   5.500000e+01 0.000000e+00 3.000000e+01
      vertex   4.837583e+00 0.000000e+00 2.299560e+01
    endloop
  endfacet
  facet normal 0.000000e+00 -1.000000e+00 0.000000e+00
    outer loop
      vertex   4.837583e+00 0.000000e+00 2.299560e+01
      vertex   5.500000e+01 0.000000e+00 3.000000e+01
      vertex   -5.500000e+01 0.000000e+00 3.000000e+01
    endloop
  endfacet
  facet normal 0.000000e+00 -1.000000e+00 0.000000e+00
    outer loop
      vertex   2.483758e+01 0.000000e+00 2.299560e+01
      vertex   2.548535e+01 0.000000e+00 2.296048e+01
      vertex   5.500000e+01 0.000000e+00 3.000000e+01
    endloop
  endfacet
  facet normal 0.000000e+00 -1.000000e+00 0.000000e+00
    outer loop
      vertex   5.500000e+01 0.000000e+00 3.000000e+01
      vertex   2.548535e+01 0.000000e+00 2.296048e+01
      vertex   3.483758e+01 0.000000e+00 2.299560e+01
    endloop
  endfacet
  facet normal 0.000000e+00 -1.000000e+00 0.000000e+00
    outer loop
      vertex   5.500000e+01 0.000000e+00 3.000000e+01
      vertex   3.483758e+01 0.000000e+00 2.299560e+01
      vertex   3.548535e+01 0.000000e+00 2.296048e+01
    endloop
  endfacet
  facet normal 0.000000e+00 -1.000000e+00 0.000000e+00
    outer loop
      vertex   3.483758e+01 0.000000e+00 2.299560e+01
      vertex   2.548535e+01 0.000000e+00 2.296048e+01
      vertex   3.419741e+01 0.000000e+00 2.289065e+01
    endloop
  endfacet
  facet normal -0.000000e+00 -1.000000e+00 0.000000e+00
    outer loop
      vertex   3.419741e+01 0.000000e+00 2.289065e+01
      vertex   2.548535e+01 0.000000e+00 2.296048e+01
      vertex   2.611041e+01 0.000000e+00 2.278693e+01
    endloop
  endfacet
  facet normal 0.000000e+00 -1.000000e+00 0.000000e+00
    outer loop
      vertex   3.419741e+01 0.000000e+00 2.289065e+01
      vertex   2.611041e+01 0.000000e+00 2.278693e+01
      vertex   3.359477e+01 0.000000e+00 2.265054e+01
    endloop
  endfacet
  facet normal -0.000000e+00 -1.000000e+00 0.000000e+00
    outer loop
      vertex   3.359477e+01 0.000000e+00 2.265054e+01
      vertex   2.611041e+01 0.000000e+00 2.278693e+01
      vertex   2.668356e+01 0.000000e+00 2.248307e+01
    endloop
  endfacet
  facet normal 0.000000e+00 -1.000000e+00 0.000000e+00
    outer loop
      vertex   3.359477e+01 0.000000e+00 2.265054e+01
      vertex   2.668356e+01 0.000000e+00 2.248307e+01
      vertex   3.305784e+01 0.000000e+00 2.228649e+01
    endloop
  endfacet
  facet normal -0.000000e+00 -1.000000e+00 0.000000e+00
    outer loop
      vertex   3.305784e+01 0.000000e+00 2.228649e+01
      vertex   2.668356e+01 0.000000e+00 2.248307e+01
      vertex   2.717799e+01 0.000000e+00 2.206310e+01
    endloop
  endfacet
  facet normal 0.000000e+00 -1.000000e+00 0.000000e+00
    outer loop
      vertex   3.305784e+01 0.000000e+00 2.228649e+01
      vertex   2.717799e+01 0.000000e+00 2.206310e+01
      vertex   3.261172e+01 0.000000e+00 2.181552e+01
    endloop
  endfacet
  facet normal -0.000000e+00 -1.000000e+00 0.000000e+00
    outer loop
      vertex   3.261172e+01 0.000000e+00 2.181552e+01
      vertex   2.717799e+01 0.000000e+00 2.206310e+01
      vertex   2.757057e+01 0.000000e+00 2.154666e+01
    endloop
  endfacet
  facet normal 0.000000e+00 -1.000000e+00 0.000000e+00
    outer loop
      vertex   3.261172e+01 0.000000e+00 2.181552e+01
      vertex   2.757057e+01 0.000000e+00 2.154666e+01
      vertex   3.227727e+01 0.000000e+00 2.125967e+01
    endloop
  endfacet
  facet normal -0.000000e+00 -1.000000e+00 0.000000e+00
    outer loop
      vertex   3.227727e+01 0.000000e+00 2.125967e+01
      vertex   2.757057e+01 0.000000e+00 2.154666e+01
      vertex   2.784296e+01 0.000000e+00 2.095790e+01
    endloop
  endfacet
  facet normal 0.000000e+00 -1.000000e+00 0.000000e+00
    outer loop
      vertex   3.227727e+01 0.000000e+00 2.125967e+01
      vertex   2.784296e+01 0.000000e+00 2.095790e+01
      vertex   3.207014e+01 0.000000e+00 2.064491e+01
    endloop
  endfacet
  facet normal -0.000000e+00 -1.000000e+00 0.000000e+00
    outer loop
      vertex   3.207014e+01 0.000000e+00 2.064491e+01
      vertex   2.784296e+01 0.000000e+00 2.095790e+01
      vertex   2.798241e+01 0.000000e+00 2.032436e+01
    endloop
  endfacet
  facet normal 0.000000e+00 -1.000000e+00 0.000000e+00
    outer loop
      vertex   3.207014e+01 0.000000e+00 2.064491e+01
      vertex   2.798241e+01 0.000000e+00 2.032436e+01
      vertex   3.200000e+01 0.000000e+00 2.000000e+01
    endloop
  endfacet
  facet normal -0.000000e+00 -1.000000e+00 0.000000e+00
    outer loop
      vertex   3.200000e+01 0.000000e+00 2.000000e+01
      vertex   2.798241e+01 0.000000e+00 2.032436e+01
      vertex   2.798241e+01 0.000000e+00 1.967564e+01
    endloop
  endfacet
  facet normal 0.000000e+00 -1.000000e+00 -0.000000e+00
    outer loop
      vertex   3.200000e+01 0.000000e+00 2.000000e+01
      vertex   2.798241e+01 0.000000e+00 1.967564e+01
      vertex   3.207014e+01 0.000000e+00 1.935509e+01
    endloop
  endfacet
  facet normal -0.000000e+00 -1.000000e+00 0.000000e+00
    outer loop
      vertex   3.207014e+01 0.000000e+00 1.935509e+01
      vertex   2.798241e+01 0.000000e+00 1.967564e+01
      vertex   2.784296e+01 0.000000e+00 1.904210e+01
    endloop
  endfacet
  facet normal 0.000000e+00 -1.000000e+00 -0.000000e+00
    outer loop
      vertex   3.207014e+01 0.000000e+00 1.935509e+01
      vertex   2.784296e+01 0.000000e+00 1.904210e+01
      vertex   3.227727e+01 0.000000e+00 1.874033e+01
    endloop
  endfacet
  facet normal -0.000000e+00 -1.000000e+00 0.000000e+00
    outer loop
      vertex   3.227727e+01 0.000000e+00 1.874033e+01
      vertex   2.784296e+01 0.000000e+00 1.904210e+01
      vertex   2.757057e+01 0.000000e+00 1.845334e+01
    endloop
  endfacet
  facet normal 0.000000e+00 -1.000000e+00 -0.000000e+00
    outer loop
      vertex   3.227727e+01 0.000000e+00 1.874033e+01
      vertex   2.757057e+01 0.000000e+00 1.845334e+01
      vertex   3.261172e+01 0.000000e+00 1.818448e+01
    endloop
  endfacet
  facet normal -0.000000e+00 -1.000000e+00 0.000000e+00
    outer loop
      vertex   3.261172e+01 0.000000e+00 1.818448e+01
      vertex   2.757057e+01 0.000000e+00 1.845334e+01
      vertex   2.717799e+01 0.000000e+00 1.793690e+01
    endloop
  endfacet
  facet normal 0.000000e+00 -1.000000e+00 -0.000000e+00
    outer loop
      vertex   3.261172e+01 0.000000e+00 1.818448e+01
      vertex   2.717799e+01 0.000000e+00 1.793690e+01
      vertex   3.305784e+01 0.000000e+00 1.771351e+01
    endloop
  endfacet
  facet normal -0.000000e+00 -1.000000e+00 0.000000e+00
    outer loop
      vertex   3.305784e+01 0.000000e+00 1.771351e+01
      vertex   2.717799e+01 0.000000e+00 1.793690e+01
      vertex   2.668356e+01 0.000000e+00 1.751693e+01
    endloop
  endfacet
  facet normal 0.000000e+00 -1.000000e+00 -0.000000e+00
    outer loop
      vertex   3.305784e+01 0.000000e+00 1.771351e+01
      vertex   2.668356e+01 0.000000e+00 1.751693e+01
      vertex   3.359477e+01 0.000000e+00 1.734946e+01
    endloop
  endfacet
  facet normal -0.000000e+00 -1.000000e+00 0.000000e+00
    outer loop
      vertex   3.359477e+01 0.000000e+00 1.734946e+01
      vertex   2.668356e+01 0.000000e+00 1.751693e+01
      vertex   2.611041e+01 0.000000e+00 1.721307e+01
    endloop
  endfacet
  facet normal 0.000000e+00 -1.000000e+00 -0.000000e+00
    outer loop
      vertex   3.359477e+01 0.000000e+00 1.734946e+01
      vertex   2.611041e+01 0.000000e+00 1.721307e+01
      vertex   3.419741e+01 0.000000e+00 1.710935e+01
    endloop
  endfacet
  facet normal -0.000000e+00 -1.000000e+00 0.000000e+00
    outer loop
      vertex   3.419741e+01 0.000000e+00 1.710935e+01
      vertex   2.611041e+01 0.000000e+00 1.721307e+01
      vertex   2.548535e+01 0.000000e+00 1.703952e+01
    endloop
  endfacet
  facet normal 0.000000e+00 -1.000000e+00 -0.000000e+00
    outer loop
      vertex   3.419741e+01 0.000000e+00 1.710935e+01
      vertex   2.548535e+01 0.000000e+00 1.703952e+01
      vertex   3.419741e+01 0.000000e+00 1.289065e+01
    endloop
  endfacet
  facet normal 0.000000e+00 -1.000000e+00 0.000000e+00
    outer loop
      vertex   3.419741e+01 0.000000e+00 1.289065e+01
      vertex   2.548535e+01 0.000000e+00 1.703952e+01
      vertex   2.548535e+01 0.000000e+00 1.296048e+01
    endloop
  endfacet
  facet normal -0.000000e+00 -1.000000e+00 0.000000e+00
    outer loop
      vertex   3.419741e+01 0.000000e+00 1.289065e+01
      vertex   2.548535e+01 0.000000e+00 1.296048e+01
      vertex   2.611041e+01 0.000000e+00 1.278693e+01
    endloop
  endfacet
  facet normal 0.000000e+00 -1.000000e+00 0.000000e+00
    outer loop
      vertex   2.548535e+01 0.000000e+00 1.296048e+01
      vertex   2.548535e+01 0.000000e+00 1.703952e+01
      vertex   2.483758e+01 0.000000e+00 1.299560e+01
    endloop
  endfacet
  facet normal 0.000000e+00 -1.000000e+00 0.000000e+00
    outer loop
      vertex   2.483758e+01 0.000000e+00 1.299560e+01
      vertex   2.548535e+01 0.000000e+00 1.703952e+01
      vertex   2.483758e+01 0.000000e+00 1.700440e+01
    endloop
  endfacet
  facet normal 0.000000e+00 -1.000000e+00 0.000000e+00
    outer loop
      vertex   2.483758e+01 0.000000e+00 1.299560e+01
      vertex   2.483758e+01 0.000000e+00 1.700440e+01
      vertex   2.419741e+01 0.000000e+00 1.710935e+01
    endloop
  endfacet
  facet normal 0.000000e+00 -1.000000e+00 0.000000e+00
    outer loop
      vertex   1.207014e+01 0.000000e+00 1.064491e+01
      vertex   7.982414e+00 0.000000e+00 1.032436e+01
      vertex   1.200000e+01 0.000000e+00 1.000000e+01
    endloop
  endfacet
  facet normal -0.000000e+00 -1.000000e+00 0.000000e+00
    outer loop
      vertex   1.200000e+01 0.000000e+00 1.000000e+01
      vertex   7.982414e+00 0.000000e+00 1.032436e+01
      vertex   7.982414e+00 0.000000e+00 9.675643e+00
    endloop
  endfacet
  facet normal 0.000000e+00 -1.000000e+00 -0.000000e+00
    outer loop
      vertex   1.200000e+01 0.000000e+00 1.000000e+01
      vertex   7.982414e+00 0.000000e+00 9.675643e+00
      vertex   1.207014e+01 0.000000e+00 9.355089e+00
    endloop
  endfacet
  facet normal -0.000000e+00 -1.000000e+00 0.000000e+00
    outer loop
      vertex   1.207014e+01 0.000000e+00 9.355089e+00
      vertex   7.982414e+00 0.000000e+00 9.675643e+00
      vertex   7.842960e+00 0.000000e+00 9.042095e+00
    endloop
  endfacet
  facet normal 0.000000e+00 -1.000000e+00 -0.000000e+00
    outer loop
      vertex   1.207014e+01 0.000000e+00 9.355089e+00
      vertex   7.842960e+00 0.000000e+00 9.042095e+00
      vertex   1.227727e+01 0.000000e+00 8.740333e+00
    endloop
  endfacet
  facet normal -0.000000e+00 -1.000000e+00 0.000000e+00
    outer loop
      vertex   1.227727e+01 0.000000e+00 8.740333e+00
      vertex   7.842960e+00 0.000000e+00 9.042095e+00
      vertex   7.570572e+00 0.000000e+00 8.453338e+00
    endloop
  endfacet
  facet normal 0.000000e+00 -1.000000e+00 -0.000000e+00
    outer loop
      vertex   1.227727e+01 0.000000e+00 8.740333e+00
      vertex   7.570572e+00 0.000000e+00 8.453338e+00
      vertex   1.261172e+01 0.000000e+00 8.184477e+00
    endloop
  endfacet
  facet normal -0.000000e+00 -1.000000e+00 0.000000e+00
    outer loop
      vertex   1.261172e+01 0.000000e+00 8.184477e+00
      vertex   7.570572e+00 0.000000e+00 8.453338e+00
      vertex   7.177986e+00 0.000000e+00 7.936902e+00
    endloop
  endfacet
  facet normal 0.000000e+00 -1.000000e+00 -0.000000e+00
    outer loop
      vertex   1.261172e+01 0.000000e+00 8.184477e+00
      vertex   7.177986e+00 0.000000e+00 7.936902e+00
      vertex   1.305784e+01 0.000000e+00 7.713514e+00
    endloop
  endfacet
  facet normal -0.000000e+00 -1.000000e+00 0.000000e+00
    outer loop
      vertex   1.305784e+01 0.000000e+00 7.713514e+00
      vertex   7.177986e+00 0.000000e+00 7.936902e+00
      vertex   6.683561e+00 0.000000e+00 7.516933e+00
    endloop
  endfacet
  facet normal 0.000000e+00 -1.000000e+00 -0.000000e+00
    outer loop
      vertex   1.305784e+01 0.000000e+00 7.713514e+00
      vertex   6.683561e+00 0.000000e+00 7.516933e+00
      vertex   1.359477e+01 0.000000e+00 7.349464e+00
    endloop
  endfacet
  facet normal -0.000000e+00 -1.000000e+00 0.000000e+00
    outer loop
      vertex   1.359477e+01 0.000000e+00 7.349464e+00
      vertex   6.683561e+00 0.000000e+00 7.516933e+00
      vertex   6.110414e+00 0.000000e+00 7.213070e+00
    endloop
  endfacet
  facet normal 0.000000e+00 -1.000000e+00 -0.000000e+00
    outer loop
      vertex   1.359477e+01 0.000000e+00 7.349464e+00
      vertex   6.110414e+00 0.000000e+00 7.213070e+00
      vertex   1.419741e+01 0.000000e+00 7.109350e+00
    endloop
  endfacet
  facet normal -0.000000e+00 -1.000000e+00 0.000000e+00
    outer loop
      vertex   1.419741e+01 0.000000e+00 7.109350e+00
      vertex   6.110414e+00 0.000000e+00 7.213070e+00
      vertex   5.485346e+00 0.000000e+00 7.039520e+00
    endloop
  endfacet
  facet normal 0.000000e+00 -1.000000e+00 -0.000000e+00
    outer loop
      vertex   1.419741e+01 0.000000e+00 7.109350e+00
      vertex   5.485346e+00 0.000000e+00 7.039520e+00
      vertex   1.419741e+01 0.000000e+00 2.890650e+00
    endloop
  endfacet
  facet normal 0.000000e+00 -1.000000e+00 0.000000e+00
    outer loop
      vertex   1.419741e+01 0.000000e+00 2.890650e+00
      vertex   5.485346e+00 0.000000e+00 7.039520e+00
      vertex   5.485346e+00 0.000000e+00 2.960480e+00
    endloop
  endfacet
  facet normal -0.000000e+00 -1.000000e+00 0.000000e+00
    outer loop
      vertex   1.419741e+01 0.000000e+00 2.890650e+00
      vertex   5.485346e+00 0.000000e+00 2.960480e+00
      vertex   6.110414e+00 0.000000e+00 2.786930e+00
    endloop
  endfacet
  facet normal 0.000000e+00 -1.000000e+00 0.000000e+00
    outer loop
      vertex   7.982414e+00 0.000000e+00 1.032436e+01
      vertex   1.207014e+01 0.000000e+00 1.064491e+01
      vertex   7.842960e+00 0.000000e+00 1.095790e+01
    endloop
  endfacet
  facet normal 0.000000e+00 -1.000000e+00 0.000000e+00
    outer loop
      vertex   7.842960e+00 0.000000e+00 1.095790e+01
      vertex   1.207014e+01 0.000000e+00 1.064491e+01
      vertex   1.227727e+01 0.000000e+00 1.125967e+01
    endloop
  endfacet
  facet normal 0.000000e+00 -1.000000e+00 0.000000e+00
    outer loop
      vertex   7.842960e+00 0.000000e+00 1.095790e+01
      vertex   1.227727e+01 0.000000e+00 1.125967e+01
      vertex   7.570572e+00 0.000000e+00 1.154666e+01
    endloop
  endfacet
  facet normal 0.000000e+00 -1.000000e+00 0.000000e+00
    outer loop
      vertex   7.570572e+00 0.000000e+00 1.154666e+01
      vertex   1.227727e+01 0.000000e+00 1.125967e+01
      vertex   1.261172e+01 0.000000e+00 1.181552e+01
    endloop
  endfacet
  facet normal 0.000000e+00 -1.000000e+00 0.000000e+00
    outer loop
      vertex   7.570572e+00 0.000000e+00 1.154666e+01
      vertex   1.261172e+01 0.000000e+00 1.181552e+01
      vertex   7.177986e+00 0.000000e+00 1.206310e+01
    endloop
  endfacet
  facet normal 0.000000e+00 -1.000000e+00 0.000000e+00
    outer loop
      vertex   7.177986e+00 0.000000e+00 1.206310e+01
      vertex   1.261172e+01 0.000000e+00 1.181552e+01
      vertex   1.305784e+01 0.000000e+00 1.228649e+01
    endloop
  endfacet
  facet normal 0.000000e+00 -1.000000e+00 0.000000e+00
    outer loop
      vertex   7.177986e+00 0.000000e+00 1.206310e+01
      vertex   1.305784e+01 0.000000e+00 1.228649e+01
      vertex   6.683561e+00 0.000000e+00 1.248307e+01
    endloop
  endfacet
  facet normal 0.000000e+00 -1.000000e+00 0.000000e+00
    outer loop
      vertex   6.683561e+00 0.000000e+00 1.248307e+01
      vertex   1.305784e+01 0.000000e+00 1.228649e+01
      vertex   1.359477e+01 0.000000e+00 1.265054e+01
    endloop
  endfacet
  facet normal 0.000000e+00 -1.000000e+00 0.000000e+00
    outer loop
      vertex   6.683561e+00 0.000000e+00 1.248307e+01
      vertex   1.359477e+01 0.000000e+00 1.265054e+01
      vertex   6.110414e+00 0.000000e+00 1.278693e+01
    endloop
  endfacet
  facet normal 0.000000e+00 -1.000000e+00 0.000000e+00
    outer loop
      vertex   6.110414e+00 0.000000e+00 1.278693e+01
      vertex   1.359477e+01 0.000000e+00 1.265054e+01
      vertex   1.419741e+01 0.000000e+00 1.289065e+01
    endloop
  endfacet
  facet normal 0.000000e+00 -1.000000e+00 0.000000e+00
    outer loop
      vertex   6.110414e+00 0.000000e+00 1.278693e+01
      vertex   1.419741e+01 0.000000e+00 1.289065e+01
      vertex   5.485346e+00 0.000000e+00 1.296048e+01
    endloop
  endfacet
  facet normal 0.000000e+00 -1.000000e+00 0.000000e+00
    outer loop
      vertex   5.485346e+00 0.000000e+00 1.296048e+01
      vertex   1.419741e+01 0.000000e+00 1.289065e+01
      vertex   5.485346e+00 0.000000e+00 1.703952e+01
    endloop
  endfacet
  facet normal 0.000000e+00 -1.000000e+00 0.000000e+00
    outer loop
      vertex   5.485346e+00 0.000000e+00 1.296048e+01
      vertex   5.485346e+00 0.000000e+00 1.703952e+01
      vertex   4.837583e+00 0.000000e+00 1.299560e+01
    endloop
  endfacet
  facet normal 0.000000e+00 -1.000000e+00 0.000000e+00
    outer loop
      vertex   4.837583e+00 0.000000e+00 1.299560e+01
      vertex   5.485346e+00 0.000000e+00 1.703952e+01
      vertex   4.837583e+00 0.000000e+00 1.700440e+01
    endloop
  endfacet
  facet normal 0.000000e+00 -1.000000e+00 0.000000e+00
    outer loop
      vertex   4.837583e+00 0.000000e+00 1.299560e+01
      vertex   4.837583e+00 0.000000e+00 1.700440e+01
      vertex   4.197415e+00 0.000000e+00 1.710935e+01
    endloop
  endfacet
  facet normal 0.000000e+00 -1.000000e+00 0.000000e+00
    outer loop
      vertex   5.485346e+00 0.000000e+00 1.703952e+01
      vertex   1.419741e+01 0.000000e+00 1.289065e+01
      vertex   1.419741e+01 0.000000e+00 1.710935e+01
    endloop
  endfacet
  facet normal 0.000000e+00 -1.000000e+00 0.000000e+00
    outer loop
      vertex   1.419741e+01 0.000000e+00 1.710935e+01
      vertex   1.419741e+01 0.000000e+00 1.289065e+01
      vertex   1.483758e+01 0.000000e+00 1.299560e+01
    endloop
  endfacet
  facet normal 0.000000e+00 -1.000000e+00 0.000000e+00
    outer loop
      vertex   1.419741e+01 0.000000e+00 1.710935e+01
      vertex   1.483758e+01 0.000000e+00 1.299560e+01
      vertex   1.483758e+01 0.000000e+00 1.700440e+01
    endloop
  endfacet
  facet normal 0.000000e+00 -1.000000e+00 -0.000000e+00
    outer loop
      vertex   1.483758e+01 0.000000e+00 1.700440e+01
      vertex   1.483758e+01 0.000000e+00 1.299560e+01
      vertex   1.548535e+01 0.000000e+00 1.703952e+01
    endloop
  endfacet
  facet normal 0.000000e+00 -1.000000e+00 -0.000000e+00
    outer loop
      vertex   1.548535e+01 0.000000e+00 1.703952e+01
      vertex   1.483758e+01 0.000000e+00 1.299560e+01
      vertex   1.548535e+01 0.000000e+00 1.296048e+01
    endloop
  endfacet
  facet normal 0.000000e+00 -1.000000e+00 0.000000e+00
    outer loop
      vertex   2.419741e+01 0.000000e+00 1.289065e+01
      vertex   1.611041e+01 0.000000e+00 1.278693e+01
      vertex   2.359477e+01 0.000000e+00 1.265054e+01
    endloop
  endfacet
  facet normal -0.000000e+00 -1.000000e+00 0.000000e+00
    outer loop
      vertex   2.359477e+01 0.000000e+00 1.265054e+01
      vertex   1.611041e+01 0.000000e+00 1.278693e+01
      vertex   1.668356e+01 0.000000e+00 1.248307e+01
    endloop
  endfacet
  facet normal 0.000000e+00 -1.000000e+00 0.000000e+00
    outer loop
      vertex   2.359477e+01 0.000000e+00 1.265054e+01
      vertex   1.668356e+01 0.000000e+00 1.248307e+01
      vertex   2.305784e+01 0.000000e+00 1.228649e+01
    endloop
  endfacet
  facet normal -0.000000e+00 -1.000000e+00 0.000000e+00
    outer loop
      vertex   2.305784e+01 0.000000e+00 1.228649e+01
      vertex   1.668356e+01 0.000000e+00 1.248307e+01
      vertex   1.717799e+01 0.000000e+00 1.206310e+01
    endloop
  endfacet
  facet normal 0.000000e+00 -1.000000e+00 0.000000e+00
    outer loop
      vertex   2.305784e+01 0.000000e+00 1.228649e+01
      vertex   1.717799e+01 0.000000e+00 1.206310e+01
      vertex   2.261172e+01 0.000000e+00 1.181552e+01
    endloop
  endfacet
  facet normal -0.000000e+00 -1.000000e+00 0.000000e+00
    outer loop
      vertex   2.261172e+01 0.000000e+00 1.181552e+01
      vertex   1.717799e+01 0.000000e+00 1.206310e+01
      vertex   1.757057e+01 0.000000e+00 1.154666e+01
    endloop
  endfacet
  facet normal 0.000000e+00 -1.000000e+00 0.000000e+00
    outer loop
      vertex   2.261172e+01 0.000000e+00 1.181552e+01
      vertex   1.757057e+01 0.000000e+00 1.154666e+01
      vertex   2.227727e+01 0.000000e+00 1.125967e+01
    endloop
  endfacet
  facet normal -0.000000e+00 -1.000000e+00 0.000000e+00
    outer loop
      vertex   2.227727e+01 0.000000e+00 1.125967e+01
      vertex   1.757057e+01 0.000000e+00 1.154666e+01
      vertex   1.784296e+01 0.000000e+00 1.095790e+01
    endloop
  endfacet
  facet normal 0.000000e+00 -1.000000e+00 0.000000e+00
    outer loop
      vertex   2.227727e+01 0.000000e+00 1.125967e+01
      vertex   1.784296e+01 0.000000e+00 1.095790e+01
      vertex   2.207014e+01 0.000000e+00 1.064491e+01
    endloop
  endfacet
  facet normal -0.000000e+00 -1.000000e+00 0.000000e+00
    outer loop
      vertex   2.207014e+01 0.000000e+00 1.064491e+01
      vertex   1.784296e+01 0.000000e+00 1.095790e+01
      vertex   1.798241e+01 0.000000e+00 1.032436e+01
    endloop
  endfacet
  facet normal 0.000000e+00 -1.000000e+00 0.000000e+00
    outer loop
      vertex   2.207014e+01 0.000000e+00 1.064491e+01
      vertex   1.798241e+01 0.000000e+00 1.032436e+01
      vertex   2.200000e+01 0.000000e+00 1.000000e+01
    endloop
  endfacet
  facet normal -0.000000e+00 -1.000000e+00 0.000000e+00
    outer loop
      vertex   2.200000e+01 0.000000e+00 1.000000e+01
      vertex   1.798241e+01 0.000000e+00 1.032436e+01
      vertex   1.798241e+01 0.000000e+00 9.675643e+00
    endloop
  endfacet
  facet normal 0.000000e+00 -1.000000e+00 -0.000000e+00
    outer loop
      vertex   2.200000e+01 0.000000e+00 1.000000e+01
      vertex   1.798241e+01 0.000000e+00 9.675643e+00
      vertex   2.207014e+01 0.000000e+00 9.355089e+00
    endloop
  endfacet
  facet normal -0.000000e+00 -1.000000e+00 0.000000e+00
    outer loop
      vertex   2.207014e+01 0.000000e+00 9.355089e+00
      vertex   1.798241e+01 0.000000e+00 9.675643e+00
      vertex   1.784296e+01 0.000000e+00 9.042095e+00
    endloop
  endfacet
  facet normal 0.000000e+00 -1.000000e+00 -0.000000e+00
    outer loop
      vertex   2.207014e+01 0.000000e+00 9.355089e+00
      vertex   1.784296e+01 0.000000e+00 9.042095e+00
      vertex   2.227727e+01 0.000000e+00 8.740333e+00
    endloop
  endfacet
  facet normal -0.000000e+00 -1.000000e+00 0.000000e+00
    outer loop
      vertex   2.227727e+01 0.000000e+00 8.740333e+00
      vertex   1.784296e+01 0.000000e+00 9.042095e+00
      vertex   1.757057e+01 0.000000e+00 8.453338e+00
    endloop
  endfacet
  facet normal 0.000000e+00 -1.000000e+00 -0.000000e+00
    outer loop
      vertex   2.227727e+01 0.000000e+00 8.740333e+00
      vertex   1.757057e+01 0.000000e+00 8.453338e+00
      vertex   2.261172e+01 0.000000e+00 8.184477e+00
    endloop
  endfacet
  facet normal -0.000000e+00 -1.000000e+00 0.000000e+00
    outer loop
      vertex   2.261172e+01 0.000000e+00 8.184477e+00
      vertex   1.757057e+01 0.000000e+00 8.453338e+00
      vertex   1.717799e+01 0.000000e+00 7.936902e+00
    endloop
  endfacet
  facet normal 0.000000e+00 -1.000000e+00 -0.000000e+00
    outer loop
      vertex   2.261172e+01 0.000000e+00 8.184477e+00
      vertex   1.717799e+01 0.000000e+00 7.936902e+00
      vertex   2.305784e+01 0.000000e+00 7.713514e+00
    endloop
  endfacet
  facet normal -0.000000e+00 -1.000000e+00 0.000000e+00
    outer loop
      vertex   2.305784e+01 0.000000e+00 7.713514e+00
      vertex   1.717799e+01 0.000000e+00 7.936902e+00
      vertex   1.668356e+01 0.000000e+00 7.516933e+00
    endloop
  endfacet
  facet normal 0.000000e+00 -1.000000e+00 -0.000000e+00
    outer loop
      vertex   2.305784e+01 0.000000e+00 7.713514e+00
      vertex   1.668356e+01 0.000000e+00 7.516933e+00
      vertex   2.359477e+01 0.000000e+00 7.349464e+00
    endloop
  endfacet
  facet normal -0.000000e+00 -1.000000e+00 0.000000e+00
    outer loop
      vertex   2.359477e+01 0.000000e+00 7.349464e+00
      vertex   1.668356e+01 0.000000e+00 7.516933e+00
      vertex   1.611041e+01 0.000000e+00 7.213070e+00
    endloop
  endfacet
  facet normal 0.000000e+00 -1.000000e+00 -0.000000e+00
    outer loop
      vertex   2.359477e+01 0.000000e+00 7.349464e+00
      vertex   1.611041e+01 0.000000e+00 7.213070e+00
      vertex   2.419741e+01 0.000000e+00 7.109350e+00
    endloop
  endfacet
  facet normal -0.000000e+00 -1.000000e+00 0.000000e+00
    outer loop
      vertex   2.419741e+01 0.000000e+00 7.109350e+00
      vertex   1.611041e+01 0.000000e+00 7.213070e+00
      vertex   1.548535e+01 0.000000e+00 7.039520e+00
    endloop
  endfacet
  facet normal 0.000000e+00 -1.000000e+00 -0.000000e+00
    outer loop
      vertex   2.419741e+01 0.000000e+00 7.109350e+00
      vertex   1.548535e+01 0.000000e+00 7.039520e+00
      vertex   2.419741e+01 0.000000e+00 2.890650e+00
    endloop
  endfacet
  facet normal 0.000000e+00 -1.000000e+00 0.000000e+00
    outer loop
      vertex   2.419741e+01 0.000000e+00 2.890650e+00
      vertex   1.548535e+01 0.000000e+00 7.039520e+00
      vertex   1.548535e+01 0.000000e+00 2.960480e+00
    endloop
  endfacet
  facet normal -0.000000e+00 -1.000000e+00 0.000000e+00
    outer loop
      vertex   2.419741e+01 0.000000e+00 2.890650e+00
      vertex   1.548535e+01 0.000000e+00 2.960480e+00
      vertex   1.611041e+01 0.000000e+00 2.786930e+00
    endloop
  endfacet
  facet normal 0.000000e+00 -1.000000e+00 0.000000e+00
    outer loop
      vertex   1.548535e+01 0.000000e+00 2.960480e+00
      vertex   1.548535e+01 0.000000e+00 7.039520e+00
      vertex   1.483758e+01 0.000000e+00 2.995600e+00
    endloop
  endfacet
  facet normal 0.000000e+00 -1.000000e+00 0.000000e+00
    outer loop
      vertex   1.483758e+01 0.000000e+00 2.995600e+00
      vertex   1.548535e+01 0.000000e+00 7.039520e+00
      vertex   1.483758e+01 0.000000e+00 7.004400e+00
    endloop
  endfacet
  facet normal 0.000000e+00 -1.000000e+00 0.000000e+00
    outer loop
      vertex   1.483758e+01 0.000000e+00 2.995600e+00
      vertex   1.483758e+01 0.000000e+00 7.004400e+00
      vertex   1.419741e+01 0.000000e+00 7.109350e+00
    endloop
  endfacet
  facet normal 0.000000e+00 -1.000000e+00 0.000000e+00
    outer loop
      vertex   3.207014e+01 0.000000e+00 1.064491e+01
      vertex   2.798241e+01 0.000000e+00 1.032436e+01
      vertex   3.200000e+01 0.000000e+00 1.000000e+01
    endloop
  endfacet
  facet normal -0.000000e+00 -1.000000e+00 0.000000e+00
    outer loop
      vertex   3.200000e+01 0.000000e+00 1.000000e+01
      vertex   2.798241e+01 0.000000e+00 1.032436e+01
      vertex   2.798241e+01 0.000000e+00 9.675643e+00
    endloop
  endfacet
  facet normal 0.000000e+00 -1.000000e+00 -0.000000e+00
    outer loop
      vertex   3.200000e+01 0.000000e+00 1.000000e+01
      vertex   2.798241e+01 0.000000e+00 9.675643e+00
      vertex   3.207014e+01 0.000000e+00 9.355089e+00
    endloop
  endfacet
  facet normal -0.000000e+00 -1.000000e+00 0.000000e+00
    outer loop
      vertex   3.207014e+01 0.000000e+00 9.355089e+00
      vertex   2.798241e+01 0.000000e+00 9.675643e+00
      vertex   2.784296e+01 0.000000e+00 9.042095e+00
    endloop
  endfacet
  facet normal 0.000000e+00 -1.000000e+00 -0.000000e+00
    outer loop
      vertex   3.207014e+01 0.000000e+00 9.355089e+00
      vertex   2.784296e+01 0.000000e+00 9.042095e+00
      vertex   3.227727e+01 0.000000e+00 8.740333e+00
    endloop
  endfacet
  facet normal -0.000000e+00 -1.000000e+00 0.000000e+00
    outer loop
      vertex   3.227727e+01 0.000000e+00 8.740333e+00
      vertex   2.784296e+01 0.000000e+00 9.042095e+00
      vertex   2.757057e+01 0.000000e+00 8.453338e+00
    endloop
  endfacet
  facet normal 0.000000e+00 -1.000000e+00 -0.000000e+00
    outer loop
      vertex   3.227727e+01 0.000000e+00 8.740333e+00
      vertex   2.757057e+01 0.000000e+00 8.453338e+00
      vertex   3.261172e+01 0.000000e+00 8.184477e+00
    endloop
  endfacet
  facet normal -0.000000e+00 -1.000000e+00 0.000000e+00
    outer loop
      vertex   3.261172e+01 0.000000e+00 8.184477e+00
      vertex   2.757057e+01 0.000000e+00 8.453338e+00
      vertex   2.717799e+01 0.000000e+00 7.936902e+00
    endloop
  endfacet
  facet normal 0.000000e+00 -1.000000e+00 -0.000000e+00
    outer loop
      vertex   3.261172e+01 0.000000e+00 8.184477e+00
      vertex   2.717799e+01 0.000000e+00 7.936902e+00
      vertex   3.305784e+01 0.000000e+00 7.713514e+00
    endloop
  endfacet
  facet normal -0.000000e+00 -1.000000e+00 0.000000e+00
    outer loop
      vertex   3.305784e+01 0.000000e+00 7.713514e+00
      vertex   2.717799e+01 0.000000e+00 7.936902e+00
      vertex   2.668356e+01 0.000000e+00 7.516933e+00
    endloop
  endfacet
  facet normal 0.000000e+00 -1.000000e+00 -0.000000e+00
    outer loop
      vertex   3.305784e+01 0.000000e+00 7.713514e+00
      vertex   2.668356e+01 0.000000e+00 7.516933e+00
      vertex   3.359477e+01 0.000000e+00 7.349464e+00
    endloop
  endfacet
  facet normal -0.000000e+00 -1.000000e+00 0.000000e+00
    outer loop
      vertex   3.359477e+01 0.000000e+00 7.349464e+00
      vertex   2.668356e+01 0.000000e+00 7.516933e+00
      vertex   2.611041e+01 0.000000e+00 7.213070e+00
    endloop
  endfacet
  facet normal 0.000000e+00 -1.000000e+00 -0.000000e+00
    outer loop
      vertex   3.359477e+01 0.000000e+00 7.349464e+00
      vertex   2.611041e+01 0.000000e+00 7.213070e+00
      vertex   3.419741e+01 0.000000e+00 7.109350e+00
    endloop
  endfacet
  facet normal -0.000000e+00 -1.000000e+00 0.000000e+00
    outer loop
      vertex   3.419741e+01 0.000000e+00 7.109350e+00
      vertex   2.611041e+01 0.000000e+00 7.213070e+00
      vertex   2.548535e+01 0.000000e+00 7.039520e+00
    endloop
  endfacet
  facet normal 0.000000e+00 -1.000000e+00 -0.000000e+00
    outer loop
      vertex   3.419741e+01 0.000000e+00 7.109350e+00
      vertex   2.548535e+01 0.000000e+00 7.039520e+00
      vertex   3.419741e+01 0.000000e+00 2.890650e+00
    endloop
  endfacet
  facet normal 0.000000e+00 -1.000000e+00 0.000000e+00
    outer loop
      vertex   3.419741e+01 0.000000e+00 2.890650e+00
      vertex   2.548535e+01 0.000000e+00 7.039520e+00
      vertex   2.548535e+01 0.000000e+00 2.960480e+00
    endloop
  endfacet
  facet normal -0.000000e+00 -1.000000e+00 0.000000e+00
    outer loop
      vertex   3.419741e+01 0.000000e+00 2.890650e+00
      vertex   2.548535e+01 0.000000e+00 2.960480e+00
      vertex   2.611041e+01 0.000000e+00 2.786930e+00
    endloop
  endfacet
  facet normal 0.000000e+00 -1.000000e+00 0.000000e+00
    outer loop
      vertex   2.798241e+01 0.000000e+00 1.032436e+01
      vertex   3.207014e+01 0.000000e+00 1.064491e+01
      vertex   2.784296e+01 0.000000e+00 1.095790e+01
    endloop
  endfacet
  facet normal 0.000000e+00 -1.000000e+00 0.000000e+00
    outer loop
      vertex   2.784296e+01 0.000000e+00 1.095790e+01
      vertex   3.207014e+01 0.000000e+00 1.064491e+01
      vertex   3.227727e+01 0.000000e+00 1.125967e+01
    endloop
  endfacet
  facet normal 0.000000e+00 -1.000000e+00 0.000000e+00
    outer loop
      vertex   2.784296e+01 0.000000e+00 1.095790e+01
      vertex   3.227727e+01 0.000000e+00 1.125967e+01
      vertex   2.757057e+01 0.000000e+00 1.154666e+01
    endloop
  endfacet
  facet normal 0.000000e+00 -1.000000e+00 0.000000e+00
    outer loop
      vertex   2.757057e+01 0.000000e+00 1.154666e+01
      vertex   3.227727e+01 0.000000e+00 1.125967e+01
      vertex   3.261172e+01 0.000000e+00 1.181552e+01
    endloop
  endfacet
  facet normal 0.000000e+00 -1.000000e+00 0.000000e+00
    outer loop
      vertex   2.757057e+01 0.000000e+00 1.154666e+01
      vertex   3.261172e+01 0.000000e+00 1.181552e+01
      vertex   2.717799e+01 0.000000e+00 1.206310e+01
    endloop
  endfacet
  facet normal 0.000000e+00 -1.000000e+00 0.000000e+00
    outer loop
      vertex   2.717799e+01 0.000000e+00 1.206310e+01
      vertex   3.261172e+01 0.000000e+00 1.181552e+01
      vertex   3.305784e+01 0.000000e+00 1.228649e+01
    endloop
  endfacet
  facet normal 0.000000e+00 -1.000000e+00 0.000000e+00
    outer loop
      vertex   2.717799e+01 0.000000e+00 1.206310e+01
      vertex   3.305784e+01 0.000000e+00 1.228649e+01
      vertex   2.668356e+01 0.000000e+00 1.248307e+01
    endloop
  endfacet
  facet normal 0.000000e+00 -1.000000e+00 0.000000e+00
    outer loop
      vertex   2.668356e+01 0.000000e+00 1.248307e+01
      vertex   3.305784e+01 0.000000e+00 1.228649e+01
      vertex   3.359477e+01 0.000000e+00 1.265054e+01
    endloop
  endfacet
  facet normal 0.000000e+00 -1.000000e+00 0.000000e+00
    outer loop
      vertex   2.668356e+01 0.000000e+00 1.248307e+01
      vertex   3.359477e+01 0.000000e+00 1.265054e+01
      vertex   2.611041e+01 0.000000e+00 1.278693e+01
    endloop
  endfacet
  facet normal 0.000000e+00 -1.000000e+00 0.000000e+00
    outer loop
      vertex   2.611041e+01 0.000000e+00 1.278693e+01
      vertex   3.359477e+01 0.000000e+00 1.265054e+01
      vertex   3.419741e+01 0.000000e+00 1.289065e+01
    endloop
  endfacet
  facet normal 0.000000e+00 -1.000000e+00 0.000000e+00
    outer loop
      vertex   3.419741e+01 0.000000e+00 1.289065e+01
      vertex   3.483758e+01 0.000000e+00 1.299560e+01
      vertex   3.419741e+01 0.000000e+00 1.710935e+01
    endloop
  endfacet
  facet normal 0.000000e+00 -1.000000e+00 0.000000e+00
    outer loop
      vertex   3.419741e+01 0.000000e+00 1.710935e+01
      vertex   3.483758e+01 0.000000e+00 1.299560e+01
      vertex   3.483758e+01 0.000000e+00 1.700440e+01
    endloop
  endfacet
  facet normal 0.000000e+00 -1.000000e+00 0.000000e+00
    outer loop
      vertex   3.483758e+01 0.000000e+00 1.700440e+01
      vertex   3.483758e+01 0.000000e+00 1.299560e+01
      vertex   3.548535e+01 0.000000e+00 1.703952e+01
    endloop
  endfacet
  facet normal 0.000000e+00 -1.000000e+00 -0.000000e+00
    outer loop
      vertex   3.548535e+01 0.000000e+00 1.703952e+01
      vertex   3.483758e+01 0.000000e+00 1.299560e+01
      vertex   3.548535e+01 0.000000e+00 1.296048e+01
    endloop
  endfacet
  facet normal 0.000000e+00 -1.000000e+00 0.000000e+00
    outer loop
      vertex   3.548535e+01 0.000000e+00 1.703952e+01
      vertex   3.548535e+01 0.000000e+00 1.296048e+01
      vertex   4.419741e+01 0.000000e+00 1.289065e+01
    endloop
  endfacet
  facet normal -0.000000e+00 -1.000000e+00 0.000000e+00
    outer loop
      vertex   4.419741e+01 0.000000e+00 1.289065e+01
      vertex   3.548535e+01 0.000000e+00 1.296048e+01
      vertex   3.611041e+01 0.000000e+00 1.278693e+01
    endloop
  endfacet
  facet normal 0.000000e+00 -1.000000e+00 0.000000e+00
    outer loop
      vertex   4.419741e+01 0.000000e+00 1.289065e+01
      vertex   3.611041e+01 0.000000e+00 1.278693e+01
      vertex   4.359477e+01 0.000000e+00 1.265054e+01
    endloop
  endfacet
  facet normal -0.000000e+00 -1.000000e+00 0.000000e+00
    outer loop
      vertex   4.359477e+01 0.000000e+00 1.265054e+01
      vertex   3.611041e+01 0.000000e+00 1.278693e+01
      vertex   3.668356e+01 0.000000e+00 1.248307e+01
    endloop
  endfacet
  facet normal 0.000000e+00 -1.000000e+00 0.000000e+00
    outer loop
      vertex   4.359477e+01 0.000000e+00 1.265054e+01
      vertex   3.668356e+01 0.000000e+00 1.248307e+01
      vertex   4.305784e+01 0.000000e+00 1.228649e+01
    endloop
  endfacet
  facet normal -0.000000e+00 -1.000000e+00 0.000000e+00
    outer loop
      vertex   4.305784e+01 0.000000e+00 1.228649e+01
      vertex   3.668356e+01 0.000000e+00 1.248307e+01
      vertex   3.717799e+01 0.000000e+00 1.206310e+01
    endloop
  endfacet
  facet normal 0.000000e+00 -1.000000e+00 0.000000e+00
    outer loop
      vertex   4.305784e+01 0.000000e+00 1.228649e+01
      vertex   3.717799e+01 0.000000e+00 1.206310e+01
      vertex   4.261172e+01 0.000000e+00 1.181552e+01
    endloop
  endfacet
  facet normal -0.000000e+00 -1.000000e+00 0.000000e+00
    outer loop
      vertex   4.261172e+01 0.000000e+00 1.181552e+01
      vertex   3.717799e+01 0.000000e+00 1.206310e+01
      vertex   3.757057e+01 0.000000e+00 1.154666e+01
    endloop
  endfacet
  facet normal 0.000000e+00 -1.000000e+00 0.000000e+00
    outer loop
      vertex   4.261172e+01 0.000000e+00 1.181552e+01
      vertex   3.757057e+01 0.000000e+00 1.154666e+01
      vertex   4.227727e+01 0.000000e+00 1.125967e+01
    endloop
  endfacet
  facet normal -0.000000e+00 -1.000000e+00 0.000000e+00
    outer loop
      vertex   4.227727e+01 0.000000e+00 1.125967e+01
      vertex   3.757057e+01 0.000000e+00 1.154666e+01
      vertex   3.784296e+01 0.000000e+00 1.095790e+01
    endloop
  endfacet
  facet normal 0.000000e+00 -1.000000e+00 0.000000e+00
    outer loop
      vertex   4.227727e+01 0.000000e+00 1.125967e+01
      vertex   3.784296e+01 0.000000e+00 1.095790e+01
      vertex   4.207014e+01 0.000000e+00 1.064491e+01
    endloop
  endfacet
  facet normal -0.000000e+00 -1.000000e+00 0.000000e+00
    outer loop
      vertex   4.207014e+01 0.000000e+00 1.064491e+01
      vertex   3.784296e+01 0.000000e+00 1.095790e+01
      vertex   3.798241e+01 0.000000e+00 1.032436e+01
    endloop
  endfacet
  facet normal 0.000000e+00 -1.000000e+00 0.000000e+00
    outer loop
      vertex   4.207014e+01 0.000000e+00 1.064491e+01
      vertex   3.798241e+01 0.000000e+00 1.032436e+01
      vertex   4.200000e+01 0.000000e+00 1.000000e+01
    endloop
  endfacet
  facet normal -0.000000e+00 -1.000000e+00 0.000000e+00
    outer loop
      vertex   4.200000e+01 0.000000e+00 1.000000e+01
      vertex   3.798241e+01 0.000000e+00 1.032436e+01
      vertex   3.798241e+01 0.000000e+00 9.675643e+00
    endloop
  endfacet
  facet normal 0.000000e+00 -1.000000e+00 -0.000000e+00
    outer loop
      vertex   4.200000e+01 0.000000e+00 1.000000e+01
      vertex   3.798241e+01 0.000000e+00 9.675643e+00
      vertex   4.207014e+01 0.000000e+00 9.355089e+00
    endloop
  endfacet
  facet normal -0.000000e+00 -1.000000e+00 0.000000e+00
    outer loop
      vertex   4.207014e+01 0.000000e+00 9.355089e+00
      vertex   3.798241e+01 0.000000e+00 9.675643e+00
      vertex   3.784296e+01 0.000000e+00 9.042095e+00
    endloop
  endfacet
  facet normal 0.000000e+00 -1.000000e+00 -0.000000e+00
    outer loop
      vertex   4.207014e+01 0.000000e+00 9.355089e+00
      vertex   3.784296e+01 0.000000e+00 9.042095e+00
      vertex   4.227727e+01 0.000000e+00 8.740333e+00
    endloop
  endfacet
  facet normal -0.000000e+00 -1.000000e+00 0.000000e+00
    outer loop
      vertex   4.227727e+01 0.000000e+00 8.740333e+00
      vertex   3.784296e+01 0.000000e+00 9.042095e+00
      vertex   3.757057e+01 0.000000e+00 8.453338e+00
    endloop
  endfacet
  facet normal 0.000000e+00 -1.000000e+00 -0.000000e+00
    outer loop
      vertex   4.227727e+01 0.000000e+00 8.740333e+00
      vertex   3.757057e+01 0.000000e+00 8.453338e+00
      vertex   4.261172e+01 0.000000e+00 8.184477e+00
    endloop
  endfacet
  facet normal -0.000000e+00 -1.000000e+00 0.000000e+00
    outer loop
      vertex   4.261172e+01 0.000000e+00 8.184477e+00
      vertex   3.757057e+01 0.000000e+00 8.453338e+00
      vertex   3.717799e+01 0.000000e+00 7.936902e+00
    endloop
  endfacet
  facet normal 0.000000e+00 -1.000000e+00 -0.000000e+00
    outer loop
      vertex   4.261172e+01 0.000000e+00 8.184477e+00
      vertex   3.717799e+01 0.000000e+00 7.936902e+00
      vertex   4.305784e+01 0.000000e+00 7.713514e+00
    endloop
  endfacet
  facet normal -0.000000e+00 -1.000000e+00 0.000000e+00
    outer loop
      vertex   4.305784e+01 0.000000e+00 7.713514e+00
      vertex   3.717799e+01 0.000000e+00 7.936902e+00
      vertex   3.668356e+01 0.000000e+00 7.516933e+00
    endloop
  endfacet
  facet normal 0.000000e+00 -1.000000e+00 -0.000000e+00
    outer loop
      vertex   4.305784e+01 0.000000e+00 7.713514e+00
      vertex   3.668356e+01 0.000000e+00 7.516933e+00
      vertex   4.359477e+01 0.000000e+00 7.349464e+00
    endloop
  endfacet
  facet normal -0.000000e+00 -1.000000e+00 0.000000e+00
    outer loop
      vertex   4.359477e+01 0.000000e+00 7.349464e+00
      vertex   3.668356e+01 0.000000e+00 7.516933e+00
      vertex   3.611041e+01 0.000000e+00 7.213070e+00
    endloop
  endfacet
  facet normal 0.000000e+00 -1.000000e+00 -0.000000e+00
    outer loop
      vertex   4.359477e+01 0.000000e+00 7.349464e+00
      vertex   3.611041e+01 0.000000e+00 7.213070e+00
      vertex   4.419741e+01 0.000000e+00 7.109350e+00
    endloop
  endfacet
  facet normal -0.000000e+00 -1.000000e+00 0.000000e+00
    outer loop
      vertex   4.419741e+01 0.000000e+00 7.109350e+00
      vertex   3.611041e+01 0.000000e+00 7.213070e+00
      vertex   3.548535e+01 0.000000e+00 7.039520e+00
    endloop
  endfacet
  facet normal 0.000000e+00 -1.000000e+00 0.000000e+00
    outer loop
      vertex   4.419741e+01 0.000000e+00 7.109350e+00
      vertex   3.548535e+01 0.000000e+00 7.039520e+00
      vertex   4.419741e+01 0.000000e+00 2.890650e+00
    endloop
  endfacet
  facet normal 0.000000e+00 -1.000000e+00 0.000000e+00
    outer loop
      vertex   4.419741e+01 0.000000e+00 2.890650e+00
      vertex   3.548535e+01 0.000000e+00 7.039520e+00
      vertex   3.548535e+01 0.000000e+00 2.960480e+00
    endloop
  endfacet
  facet normal -0.000000e+00 -1.000000e+00 0.000000e+00
    outer loop
      vertex   4.419741e+01 0.000000e+00 2.890650e+00
      vertex   3.548535e+01 0.000000e+00 2.960480e+00
      vertex   3.611041e+01 0.000000e+00 2.786930e+00
    endloop
  endfacet
  facet normal 0.000000e+00 -1.000000e+00 0.000000e+00
    outer loop
      vertex   3.548535e+01 0.000000e+00 2.960480e+00
      vertex   3.548535e+01 0.000000e+00 7.039520e+00
      vertex   3.483758e+01 0.000000e+00 2.995600e+00
    endloop
  endfacet
  facet normal 0.000000e+00 -1.000000e+00 0.000000e+00
    outer loop
      vertex   3.483758e+01 0.000000e+00 2.995600e+00
      vertex   3.548535e+01 0.000000e+00 7.039520e+00
      vertex   3.483758e+01 0.000000e+00 7.004400e+00
    endloop
  endfacet
  facet normal 0.000000e+00 -1.000000e+00 0.000000e+00
    outer loop
      vertex   3.483758e+01 0.000000e+00 2.995600e+00
      vertex   3.483758e+01 0.000000e+00 7.004400e+00
      vertex   3.419741e+01 0.000000e+00 7.109350e+00
    endloop
  endfacet
  facet normal 0.000000e+00 -1.000000e+00 0.000000e+00
    outer loop
      vertex   -2.792986e+01 0.000000e+00 1.064491e+01
      vertex   -3.201759e+01 0.000000e+00 1.032436e+01
      vertex   -2.800000e+01 0.000000e+00 1.000000e+01
    endloop
  endfacet
  facet normal -0.000000e+00 -1.000000e+00 0.000000e+00
    outer loop
      vertex   -2.800000e+01 0.000000e+00 1.000000e+01
      vertex   -3.201759e+01 0.000000e+00 1.032436e+01
      vertex   -3.201759e+01 0.000000e+00 9.675643e+00
    endloop
  endfacet
  facet normal 0.000000e+00 -1.000000e+00 -0.000000e+00
    outer loop
      vertex   -2.800000e+01 0.000000e+00 1.000000e+01
      vertex   -3.201759e+01 0.000000e+00 9.675643e+00
      vertex   -2.792986e+01 0.000000e+00 9.355089e+00
    endloop
  endfacet
  facet normal -0.000000e+00 -1.000000e+00 0.000000e+00
    outer loop
      vertex   -2.792986e+01 0.000000e+00 9.355089e+00
      vertex   -3.201759e+01 0.000000e+00 9.675643e+00
      vertex   -3.215704e+01 0.000000e+00 9.042095e+00
    endloop
  endfacet
  facet normal 0.000000e+00 -1.000000e+00 -0.000000e+00
    outer loop
      vertex   -2.792986e+01 0.000000e+00 9.355089e+00
      vertex   -3.215704e+01 0.000000e+00 9.042095e+00
      vertex   -2.772273e+01 0.000000e+00 8.740333e+00
    endloop
  endfacet
  facet normal -0.000000e+00 -1.000000e+00 0.000000e+00
    outer loop
      vertex   -2.772273e+01 0.000000e+00 8.740333e+00
      vertex   -3.215704e+01 0.000000e+00 9.042095e+00
      vertex   -3.242943e+01 0.000000e+00 8.453338e+00
    endloop
  endfacet
  facet normal 0.000000e+00 -1.000000e+00 -0.000000e+00
    outer loop
      vertex   -2.772273e+01 0.000000e+00 8.740333e+00
      vertex   -3.242943e+01 0.000000e+00 8.453338e+00
      vertex   -2.738828e+01 0.000000e+00 8.184477e+00
    endloop
  endfacet
  facet normal -0.000000e+00 -1.000000e+00 0.000000e+00
    outer loop
      vertex   -2.738828e+01 0.000000e+00 8.184477e+00
      vertex   -3.242943e+01 0.000000e+00 8.453338e+00
      vertex   -3.282201e+01 0.000000e+00 7.936902e+00
    endloop
  endfacet
  facet normal 0.000000e+00 -1.000000e+00 -0.000000e+00
    outer loop
      vertex   -2.738828e+01 0.000000e+00 8.184477e+00
      vertex   -3.282201e+01 0.000000e+00 7.936902e+00
      vertex   -2.694216e+01 0.000000e+00 7.713514e+00
    endloop
  endfacet
  facet normal -0.000000e+00 -1.000000e+00 0.000000e+00
    outer loop
      vertex   -2.694216e+01 0.000000e+00 7.713514e+00
      vertex   -3.282201e+01 0.000000e+00 7.936902e+00
      vertex   -3.331644e+01 0.000000e+00 7.516933e+00
    endloop
  endfacet
  facet normal 0.000000e+00 -1.000000e+00 -0.000000e+00
    outer loop
      vertex   -2.694216e+01 0.000000e+00 7.713514e+00
      vertex   -3.331644e+01 0.000000e+00 7.516933e+00
      vertex   -2.640523e+01 0.000000e+00 7.349464e+00
    endloop
  endfacet
  facet normal -0.000000e+00 -1.000000e+00 0.000000e+00
    outer loop
      vertex   -2.640523e+01 0.000000e+00 7.349464e+00
      vertex   -3.331644e+01 0.000000e+00 7.516933e+00
      vertex   -3.388959e+01 0.000000e+00 7.213070e+00
    endloop
  endfacet
  facet normal 0.000000e+00 -1.000000e+00 -0.000000e+00
    outer loop
      vertex   -2.640523e+01 0.000000e+00 7.349464e+00
      vertex   -3.388959e+01 0.000000e+00 7.213070e+00
      vertex   -2.580259e+01 0.000000e+00 7.109350e+00
    endloop
  endfacet
  facet normal -0.000000e+00 -1.000000e+00 0.000000e+00
    outer loop
      vertex   -2.580259e+01 0.000000e+00 7.109350e+00
      vertex   -3.388959e+01 0.000000e+00 7.213070e+00
      vertex   -3.451465e+01 0.000000e+00 7.039520e+00
    endloop
  endfacet
  facet normal 0.000000e+00 -1.000000e+00 -0.000000e+00
    outer loop
      vertex   -2.580259e+01 0.000000e+00 7.109350e+00
      vertex   -3.451465e+01 0.000000e+00 7.039520e+00
      vertex   -2.580259e+01 0.000000e+00 2.890650e+00
    endloop
  endfacet
  facet normal 0.000000e+00 -1.000000e+00 0.000000e+00
    outer loop
      vertex   -2.580259e+01 0.000000e+00 2.890650e+00
      vertex   -3.451465e+01 0.000000e+00 7.039520e+00
      vertex   -3.451465e+01 0.000000e+00 2.960480e+00
    endloop
  endfacet
  facet normal -0.000000e+00 -1.000000e+00 0.000000e+00
    outer loop
      vertex   -2.580259e+01 0.000000e+00 2.890650e+00
      vertex   -3.451465e+01 0.000000e+00 2.960480e+00
      vertex   -3.388959e+01 0.000000e+00 2.786930e+00
    endloop
  endfacet
  facet normal 0.000000e+00 -1.000000e+00 0.000000e+00
    outer loop
      vertex   -3.201759e+01 0.000000e+00 1.032436e+01
      vertex   -2.792986e+01 0.000000e+00 1.064491e+01
      vertex   -3.215704e+01 0.000000e+00 1.095790e+01
    endloop
  endfacet
  facet normal 0.000000e+00 -1.000000e+00 0.000000e+00
    outer loop
      vertex   -3.215704e+01 0.000000e+00 1.095790e+01
      vertex   -2.792986e+01 0.000000e+00 1.064491e+01
      vertex   -2.772273e+01 0.000000e+00 1.125967e+01
    endloop
  endfacet
  facet normal 0.000000e+00 -1.000000e+00 0.000000e+00
    outer loop
      vertex   -3.215704e+01 0.000000e+00 1.095790e+01
      vertex   -2.772273e+01 0.000000e+00 1.125967e+01
      vertex   -3.242943e+01 0.000000e+00 1.154666e+01
    endloop
  endfacet
  facet normal 0.000000e+00 -1.000000e+00 0.000000e+00
    outer loop
      vertex   -3.242943e+01 0.000000e+00 1.154666e+01
      vertex   -2.772273e+01 0.000000e+00 1.125967e+01
      vertex   -2.738828e+01 0.000000e+00 1.181552e+01
    endloop
  endfacet
  facet normal 0.000000e+00 -1.000000e+00 0.000000e+00
    outer loop
      vertex   -3.242943e+01 0.000000e+00 1.154666e+01
      vertex   -2.738828e+01 0.000000e+00 1.181552e+01
      vertex   -3.282201e+01 0.000000e+00 1.206310e+01
    endloop
  endfacet
  facet normal 0.000000e+00 -1.000000e+00 0.000000e+00
    outer loop
      vertex   -3.282201e+01 0.000000e+00 1.206310e+01
      vertex   -2.738828e+01 0.000000e+00 1.181552e+01
      vertex   -2.694216e+01 0.000000e+00 1.228649e+01
    endloop
  endfacet
  facet normal 0.000000e+00 -1.000000e+00 0.000000e+00
    outer loop
      vertex   -3.282201e+01 0.000000e+00 1.206310e+01
      vertex   -2.694216e+01 0.000000e+00 1.228649e+01
      vertex   -3.331644e+01 0.000000e+00 1.248307e+01
    endloop
  endfacet
  facet normal 0.000000e+00 -1.000000e+00 0.000000e+00
    outer loop
      vertex   -3.331644e+01 0.000000e+00 1.248307e+01
      vertex   -2.694216e+01 0.000000e+00 1.228649e+01
      vertex   -2.640523e+01 0.000000e+00 1.265054e+01
    endloop
  endfacet
  facet normal 0.000000e+00 -1.000000e+00 0.000000e+00
    outer loop
      vertex   -3.331644e+01 0.000000e+00 1.248307e+01
      vertex   -2.640523e+01 0.000000e+00 1.265054e+01
      vertex   -3.388959e+01 0.000000e+00 1.278693e+01
    endloop
  endfacet
  facet normal 0.000000e+00 -1.000000e+00 0.000000e+00
    outer loop
      vertex   -3.388959e+01 0.000000e+00 1.278693e+01
      vertex   -2.640523e+01 0.000000e+00 1.265054e+01
      vertex   -2.580259e+01 0.000000e+00 1.289065e+01
    endloop
  endfacet
  facet normal 0.000000e+00 -1.000000e+00 0.000000e+00
    outer loop
      vertex   -2.580259e+01 0.000000e+00 1.289065e+01
      vertex   -2.516242e+01 0.000000e+00 1.299560e+01
      vertex   -2.580259e+01 0.000000e+00 1.710935e+01
    endloop
  endfacet
  facet normal 0.000000e+00 -1.000000e+00 0.000000e+00
    outer loop
      vertex   -2.580259e+01 0.000000e+00 1.710935e+01
      vertex   -2.516242e+01 0.000000e+00 1.299560e+01
      vertex   -2.516242e+01 0.000000e+00 1.700440e+01
    endloop
  endfacet
  facet normal 0.000000e+00 -1.000000e+00 0.000000e+00
    outer loop
      vertex   -2.516242e+01 0.000000e+00 1.700440e+01
      vertex   -2.516242e+01 0.000000e+00 1.299560e+01
      vertex   -2.451465e+01 0.000000e+00 1.703952e+01
    endloop
  endfacet
  facet normal 0.000000e+00 -1.000000e+00 -0.000000e+00
    outer loop
      vertex   -2.451465e+01 0.000000e+00 1.703952e+01
      vertex   -2.516242e+01 0.000000e+00 1.299560e+01
      vertex   -2.451465e+01 0.000000e+00 1.296048e+01
    endloop
  endfacet
  facet normal 0.000000e+00 -1.000000e+00 0.000000e+00
    outer loop
      vertex   -1.580259e+01 0.000000e+00 1.289065e+01
      vertex   -2.388959e+01 0.000000e+00 1.278693e+01
      vertex   -1.640523e+01 0.000000e+00 1.265054e+01
    endloop
  endfacet
  facet normal -0.000000e+00 -1.000000e+00 0.000000e+00
    outer loop
      vertex   -1.640523e+01 0.000000e+00 1.265054e+01
      vertex   -2.388959e+01 0.000000e+00 1.278693e+01
      vertex   -2.331644e+01 0.000000e+00 1.248307e+01
    endloop
  endfacet
  facet normal 0.000000e+00 -1.000000e+00 0.000000e+00
    outer loop
      vertex   -1.640523e+01 0.000000e+00 1.265054e+01
      vertex   -2.331644e+01 0.000000e+00 1.248307e+01
      vertex   -1.694216e+01 0.000000e+00 1.228649e+01
    endloop
  endfacet
  facet normal -0.000000e+00 -1.000000e+00 0.000000e+00
    outer loop
      vertex   -1.694216e+01 0.000000e+00 1.228649e+01
      vertex   -2.331644e+01 0.000000e+00 1.248307e+01
      vertex   -2.282201e+01 0.000000e+00 1.206310e+01
    endloop
  endfacet
  facet normal 0.000000e+00 -1.000000e+00 0.000000e+00
    outer loop
      vertex   -1.694216e+01 0.000000e+00 1.228649e+01
      vertex   -2.282201e+01 0.000000e+00 1.206310e+01
      vertex   -1.738828e+01 0.000000e+00 1.181552e+01
    endloop
  endfacet
  facet normal -0.000000e+00 -1.000000e+00 0.000000e+00
    outer loop
      vertex   -1.738828e+01 0.000000e+00 1.181552e+01
      vertex   -2.282201e+01 0.000000e+00 1.206310e+01
      vertex   -2.242943e+01 0.000000e+00 1.154666e+01
    endloop
  endfacet
  facet normal 0.000000e+00 -1.000000e+00 0.000000e+00
    outer loop
      vertex   -1.738828e+01 0.000000e+00 1.181552e+01
      vertex   -2.242943e+01 0.000000e+00 1.154666e+01
      vertex   -1.772273e+01 0.000000e+00 1.125967e+01
    endloop
  endfacet
  facet normal -0.000000e+00 -1.000000e+00 0.000000e+00
    outer loop
      vertex   -1.772273e+01 0.000000e+00 1.125967e+01
      vertex   -2.242943e+01 0.000000e+00 1.154666e+01
      vertex   -2.215704e+01 0.000000e+00 1.095790e+01
    endloop
  endfacet
  facet normal 0.000000e+00 -1.000000e+00 0.000000e+00
    outer loop
      vertex   -1.772273e+01 0.000000e+00 1.125967e+01
      vertex   -2.215704e+01 0.000000e+00 1.095790e+01
      vertex   -1.792986e+01 0.000000e+00 1.064491e+01
    endloop
  endfacet
  facet normal -0.000000e+00 -1.000000e+00 0.000000e+00
    outer loop
      vertex   -1.792986e+01 0.000000e+00 1.064491e+01
      vertex   -2.215704e+01 0.000000e+00 1.095790e+01
      vertex   -2.201759e+01 0.000000e+00 1.032436e+01
    endloop
  endfacet
  facet normal 0.000000e+00 -1.000000e+00 0.000000e+00
    outer loop
      vertex   -1.792986e+01 0.000000e+00 1.064491e+01
      vertex   -2.201759e+01 0.000000e+00 1.032436e+01
      vertex   -1.800000e+01 0.000000e+00 1.000000e+01
    endloop
  endfacet
  facet normal -0.000000e+00 -1.000000e+00 0.000000e+00
    outer loop
      vertex   -1.800000e+01 0.000000e+00 1.000000e+01
      vertex   -2.201759e+01 0.000000e+00 1.032436e+01
      vertex   -2.201759e+01 0.000000e+00 9.675643e+00
    endloop
  endfacet
  facet normal 0.000000e+00 -1.000000e+00 -0.000000e+00
    outer loop
      vertex   -1.800000e+01 0.000000e+00 1.000000e+01
      vertex   -2.201759e+01 0.000000e+00 9.675643e+00
      vertex   -1.792986e+01 0.000000e+00 9.355089e+00
    endloop
  endfacet
  facet normal -0.000000e+00 -1.000000e+00 0.000000e+00
    outer loop
      vertex   -1.792986e+01 0.000000e+00 9.355089e+00
      vertex   -2.201759e+01 0.000000e+00 9.675643e+00
      vertex   -2.215704e+01 0.000000e+00 9.042095e+00
    endloop
  endfacet
  facet normal 0.000000e+00 -1.000000e+00 -0.000000e+00
    outer loop
      vertex   -1.792986e+01 0.000000e+00 9.355089e+00
      vertex   -2.215704e+01 0.000000e+00 9.042095e+00
      vertex   -1.772273e+01 0.000000e+00 8.740333e+00
    endloop
  endfacet
  facet normal -0.000000e+00 -1.000000e+00 0.000000e+00
    outer loop
      vertex   -1.772273e+01 0.000000e+00 8.740333e+00
      vertex   -2.215704e+01 0.000000e+00 9.042095e+00
      vertex   -2.242943e+01 0.000000e+00 8.453338e+00
    endloop
  endfacet
  facet normal 0.000000e+00 -1.000000e+00 -0.000000e+00
    outer loop
      vertex   -1.772273e+01 0.000000e+00 8.740333e+00
      vertex   -2.242943e+01 0.000000e+00 8.453338e+00
      vertex   -1.738828e+01 0.000000e+00 8.184477e+00
    endloop
  endfacet
  facet normal -0.000000e+00 -1.000000e+00 0.000000e+00
    outer loop
      vertex   -1.738828e+01 0.000000e+00 8.184477e+00
      vertex   -2.242943e+01 0.000000e+00 8.453338e+00
      vertex   -2.282201e+01 0.000000e+00 7.936902e+00
    endloop
  endfacet
  facet normal 0.000000e+00 -1.000000e+00 -0.000000e+00
    outer loop
      vertex   -1.738828e+01 0.000000e+00 8.184477e+00
      vertex   -2.282201e+01 0.000000e+00 7.936902e+00
      vertex   -1.694216e+01 0.000000e+00 7.713514e+00
    endloop
  endfacet
  facet normal -0.000000e+00 -1.000000e+00 0.000000e+00
    outer loop
      vertex   -1.694216e+01 0.000000e+00 7.713514e+00
      vertex   -2.282201e+01 0.000000e+00 7.936902e+00
      vertex   -2.331644e+01 0.000000e+00 7.516933e+00
    endloop
  endfacet
  facet normal 0.000000e+00 -1.000000e+00 -0.000000e+00
    outer loop
      vertex   -1.694216e+01 0.000000e+00 7.713514e+00
      vertex   -2.331644e+01 0.000000e+00 7.516933e+00
      vertex   -1.640523e+01 0.000000e+00 7.349464e+00
    endloop
  endfacet
  facet normal -0.000000e+00 -1.000000e+00 0.000000e+00
    outer loop
      vertex   -1.640523e+01 0.000000e+00 7.349464e+00
      vertex   -2.331644e+01 0.000000e+00 7.516933e+00
      vertex   -2.388959e+01 0.000000e+00 7.213070e+00
    endloop
  endfacet
  facet normal 0.000000e+00 -1.000000e+00 -0.000000e+00
    outer loop
      vertex   -1.640523e+01 0.000000e+00 7.349464e+00
      vertex   -2.388959e+01 0.000000e+00 7.213070e+00
      vertex   -1.580259e+01 0.000000e+00 7.109350e+00
    endloop
  endfacet
  facet normal -0.000000e+00 -1.000000e+00 0.000000e+00
    outer loop
      vertex   -1.580259e+01 0.000000e+00 7.109350e+00
      vertex   -2.388959e+01 0.000000e+00 7.213070e+00
      vertex   -2.451465e+01 0.000000e+00 7.039520e+00
    endloop
  endfacet
  facet normal 0.000000e+00 -1.000000e+00 -0.000000e+00
    outer loop
      vertex   -1.580259e+01 0.000000e+00 7.109350e+00
      vertex   -2.451465e+01 0.000000e+00 7.039520e+00
      vertex   -1.580259e+01 0.000000e+00 2.890650e+00
    endloop
  endfacet
  facet normal 0.000000e+00 -1.000000e+00 0.000000e+00
    outer loop
      vertex   -1.580259e+01 0.000000e+00 2.890650e+00
      vertex   -2.451465e+01 0.000000e+00 7.039520e+00
      vertex   -2.451465e+01 0.000000e+00 2.960480e+00
    endloop
  endfacet
  facet normal -0.000000e+00 -1.000000e+00 0.000000e+00
    outer loop
      vertex   -1.580259e+01 0.000000e+00 2.890650e+00
      vertex   -2.451465e+01 0.000000e+00 2.960480e+00
      vertex   -2.388959e+01 0.000000e+00 2.786930e+00
    endloop
  endfacet
  facet normal 0.000000e+00 -1.000000e+00 0.000000e+00
    outer loop
      vertex   -2.451465e+01 0.000000e+00 2.960480e+00
      vertex   -2.451465e+01 0.000000e+00 7.039520e+00
      vertex   -2.516242e+01 0.000000e+00 2.995600e+00
    endloop
  endfacet
  facet normal 0.000000e+00 -1.000000e+00 0.000000e+00
    outer loop
      vertex   -2.516242e+01 0.000000e+00 2.995600e+00
      vertex   -2.451465e+01 0.000000e+00 7.039520e+00
      vertex   -2.516242e+01 0.000000e+00 7.004400e+00
    endloop
  endfacet
  facet normal 0.000000e+00 -1.000000e+00 0.000000e+00
    outer loop
      vertex   -2.516242e+01 0.000000e+00 2.995600e+00
      vertex   -2.516242e+01 0.000000e+00 7.004400e+00
      vertex   -2.580259e+01 0.000000e+00 7.109350e+00
    endloop
  endfacet
  facet normal 0.000000e+00 -1.000000e+00 0.000000e+00
    outer loop
      vertex   2.070138e+00 0.000000e+00 1.064491e+01
      vertex   -2.017586e+00 0.000000e+00 1.032436e+01
      vertex   2.000000e+00 0.000000e+00 1.000000e+01
    endloop
  endfacet
  facet normal -0.000000e+00 -1.000000e+00 0.000000e+00
    outer loop
      vertex   2.000000e+00 0.000000e+00 1.000000e+01
      vertex   -2.017586e+00 0.000000e+00 1.032436e+01
      vertex   -2.017586e+00 0.000000e+00 9.675643e+00
    endloop
  endfacet
  facet normal 0.000000e+00 -1.000000e+00 -0.000000e+00
    outer loop
      vertex   2.000000e+00 0.000000e+00 1.000000e+01
      vertex   -2.017586e+00 0.000000e+00 9.675643e+00
      vertex   2.070138e+00 0.000000e+00 9.355089e+00
    endloop
  endfacet
  facet normal -0.000000e+00 -1.000000e+00 0.000000e+00
    outer loop
      vertex   2.070138e+00 0.000000e+00 9.355089e+00
      vertex   -2.017586e+00 0.000000e+00 9.675643e+00
      vertex   -2.157040e+00 0.000000e+00 9.042095e+00
    endloop
  endfacet
  facet normal 0.000000e+00 -1.000000e+00 -0.000000e+00
    outer loop
      vertex   2.070138e+00 0.000000e+00 9.355089e+00
      vertex   -2.157040e+00 0.000000e+00 9.042095e+00
      vertex   2.277274e+00 0.000000e+00 8.740333e+00
    endloop
  endfacet
  facet normal -0.000000e+00 -1.000000e+00 0.000000e+00
    outer loop
      vertex   2.277274e+00 0.000000e+00 8.740333e+00
      vertex   -2.157040e+00 0.000000e+00 9.042095e+00
      vertex   -2.429428e+00 0.000000e+00 8.453338e+00
    endloop
  endfacet
  facet normal 0.000000e+00 -1.000000e+00 -0.000000e+00
    outer loop
      vertex   2.277274e+00 0.000000e+00 8.740333e+00
      vertex   -2.429428e+00 0.000000e+00 8.453338e+00
      vertex   2.611721e+00 0.000000e+00 8.184477e+00
    endloop
  endfacet
  facet normal -0.000000e+00 -1.000000e+00 0.000000e+00
    outer loop
      vertex   2.611721e+00 0.000000e+00 8.184477e+00
      vertex   -2.429428e+00 0.000000e+00 8.453338e+00
      vertex   -2.822014e+00 0.000000e+00 7.936902e+00
    endloop
  endfacet
  facet normal 0.000000e+00 -1.000000e+00 -0.000000e+00
    outer loop
      vertex   2.611721e+00 0.000000e+00 8.184477e+00
      vertex   -2.822014e+00 0.000000e+00 7.936902e+00
      vertex   3.057841e+00 0.000000e+00 7.713514e+00
    endloop
  endfacet
  facet normal -0.000000e+00 -1.000000e+00 0.000000e+00
    outer loop
      vertex   3.057841e+00 0.000000e+00 7.713514e+00
      vertex   -2.822014e+00 0.000000e+00 7.936902e+00
      vertex   -3.316439e+00 0.000000e+00 7.516933e+00
    endloop
  endfacet
  facet normal 0.000000e+00 -1.000000e+00 -0.000000e+00
    outer loop
      vertex   3.057841e+00 0.000000e+00 7.713514e+00
      vertex   -3.316439e+00 0.000000e+00 7.516933e+00
      vertex   3.594775e+00 0.000000e+00 7.349464e+00
    endloop
  endfacet
  facet normal -0.000000e+00 -1.000000e+00 0.000000e+00
    outer loop
      vertex   3.594775e+00 0.000000e+00 7.349464e+00
      vertex   -3.316439e+00 0.000000e+00 7.516933e+00
      vertex   -3.889586e+00 0.000000e+00 7.213070e+00
    endloop
  endfacet
  facet normal 0.000000e+00 -1.000000e+00 -0.000000e+00
    outer loop
      vertex   3.594775e+00 0.000000e+00 7.349464e+00
      vertex   -3.889586e+00 0.000000e+00 7.213070e+00
      vertex   4.197415e+00 0.000000e+00 7.109350e+00
    endloop
  endfacet
  facet normal -0.000000e+00 -1.000000e+00 0.000000e+00
    outer loop
      vertex   4.197415e+00 0.000000e+00 7.109350e+00
      vertex   -3.889586e+00 0.000000e+00 7.213070e+00
      vertex   -4.514654e+00 0.000000e+00 7.039520e+00
    endloop
  endfacet
  facet normal 0.000000e+00 -1.000000e+00 0.000000e+00
    outer loop
      vertex   4.197415e+00 0.000000e+00 7.109350e+00
      vertex   -4.514654e+00 0.000000e+00 7.039520e+00
      vertex   4.197415e+00 0.000000e+00 2.890650e+00
    endloop
  endfacet
  facet normal 0.000000e+00 -1.000000e+00 0.000000e+00
    outer loop
      vertex   4.197415e+00 0.000000e+00 2.890650e+00
      vertex   -4.514654e+00 0.000000e+00 7.039520e+00
      vertex   -4.514654e+00 0.000000e+00 2.960480e+00
    endloop
  endfacet
  facet normal -0.000000e+00 -1.000000e+00 0.000000e+00
    outer loop
      vertex   4.197415e+00 0.000000e+00 2.890650e+00
      vertex   -4.514654e+00 0.000000e+00 2.960480e+00
      vertex   -3.889586e+00 0.000000e+00 2.786930e+00
    endloop
  endfacet
  facet normal 0.000000e+00 -1.000000e+00 0.000000e+00
    outer loop
      vertex   -2.017586e+00 0.000000e+00 1.032436e+01
      vertex   2.070138e+00 0.000000e+00 1.064491e+01
      vertex   -2.157040e+00 0.000000e+00 1.095790e+01
    endloop
  endfacet
  facet normal 0.000000e+00 -1.000000e+00 0.000000e+00
    outer loop
      vertex   -2.157040e+00 0.000000e+00 1.095790e+01
      vertex   2.070138e+00 0.000000e+00 1.064491e+01
      vertex   2.277274e+00 0.000000e+00 1.125967e+01
    endloop
  endfacet
  facet normal 0.000000e+00 -1.000000e+00 0.000000e+00
    outer loop
      vertex   -2.157040e+00 0.000000e+00 1.095790e+01
      vertex   2.277274e+00 0.000000e+00 1.125967e+01
      vertex   -2.429428e+00 0.000000e+00 1.154666e+01
    endloop
  endfacet
  facet normal 0.000000e+00 -1.000000e+00 0.000000e+00
    outer loop
      vertex   -2.429428e+00 0.000000e+00 1.154666e+01
      vertex   2.277274e+00 0.000000e+00 1.125967e+01
      vertex   2.611721e+00 0.000000e+00 1.181552e+01
    endloop
  endfacet
  facet normal 0.000000e+00 -1.000000e+00 0.000000e+00
    outer loop
      vertex   -2.429428e+00 0.000000e+00 1.154666e+01
      vertex   2.611721e+00 0.000000e+00 1.181552e+01
      vertex   -2.822014e+00 0.000000e+00 1.206310e+01
    endloop
  endfacet
  facet normal 0.000000e+00 -1.000000e+00 0.000000e+00
    outer loop
      vertex   -2.822014e+00 0.000000e+00 1.206310e+01
      vertex   2.611721e+00 0.000000e+00 1.181552e+01
      vertex   3.057841e+00 0.000000e+00 1.228649e+01
    endloop
  endfacet
  facet normal 0.000000e+00 -1.000000e+00 0.000000e+00
    outer loop
      vertex   -2.822014e+00 0.000000e+00 1.206310e+01
      vertex   3.057841e+00 0.000000e+00 1.228649e+01
      vertex   -3.316439e+00 0.000000e+00 1.248307e+01
    endloop
  endfacet
  facet normal 0.000000e+00 -1.000000e+00 0.000000e+00
    outer loop
      vertex   -3.316439e+00 0.000000e+00 1.248307e+01
      vertex   3.057841e+00 0.000000e+00 1.228649e+01
      vertex   3.594775e+00 0.000000e+00 1.265054e+01
    endloop
  endfacet
  facet normal 0.000000e+00 -1.000000e+00 0.000000e+00
    outer loop
      vertex   -3.316439e+00 0.000000e+00 1.248307e+01
      vertex   3.594775e+00 0.000000e+00 1.265054e+01
      vertex   -3.889586e+00 0.000000e+00 1.278693e+01
    endloop
  endfacet
  facet normal 0.000000e+00 -1.000000e+00 0.000000e+00
    outer loop
      vertex   -3.889586e+00 0.000000e+00 1.278693e+01
      vertex   3.594775e+00 0.000000e+00 1.265054e+01
      vertex   4.197415e+00 0.000000e+00 1.289065e+01
    endloop
  endfacet
  facet normal 0.000000e+00 -1.000000e+00 0.000000e+00
    outer loop
      vertex   4.197415e+00 0.000000e+00 1.289065e+01
      vertex   4.837583e+00 0.000000e+00 1.299560e+01
      vertex   4.197415e+00 0.000000e+00 1.710935e+01
    endloop
  endfacet
  facet normal 0.000000e+00 -1.000000e+00 0.000000e+00
    outer loop
      vertex   5.485346e+00 0.000000e+00 2.960480e+00
      vertex   5.485346e+00 0.000000e+00 7.039520e+00
      vertex   4.837583e+00 0.000000e+00 2.995600e+00
    endloop
  endfacet
  facet normal 0.000000e+00 -1.000000e+00 0.000000e+00
    outer loop
      vertex   4.837583e+00 0.000000e+00 2.995600e+00
      vertex   5.485346e+00 0.000000e+00 7.039520e+00
      vertex   4.837583e+00 0.000000e+00 7.004400e+00
    endloop
  endfacet
  facet normal 0.000000e+00 -1.000000e+00 0.000000e+00
    outer loop
      vertex   4.837583e+00 0.000000e+00 2.995600e+00
      vertex   4.837583e+00 0.000000e+00 7.004400e+00
      vertex   4.197415e+00 0.000000e+00 7.109350e+00
    endloop
  endfacet
  facet normal 0.000000e+00 -1.000000e+00 0.000000e+00
    outer loop
      vertex   -1.792986e+01 0.000000e+00 6.449113e-01
      vertex   -2.201759e+01 0.000000e+00 3.243571e-01
      vertex   -1.800000e+01 0.000000e+00 3.673940e-16
    endloop
  endfacet
  facet normal -0.000000e+00 -1.000000e+00 0.000000e+00
    outer loop
      vertex   -1.800000e+01 0.000000e+00 3.673940e-16
      vertex   -2.201759e+01 0.000000e+00 3.243571e-01
      vertex   -2.201759e+01 0.000000e+00 -3.243571e-01
    endloop
  endfacet
  facet normal 0.000000e+00 -1.000000e+00 -0.000000e+00
    outer loop
      vertex   -1.800000e+01 0.000000e+00 3.673940e-16
      vertex   -2.201759e+01 0.000000e+00 -3.243571e-01
      vertex   -1.792986e+01 0.000000e+00 -6.449113e-01
    endloop
  endfacet
  facet normal -0.000000e+00 -1.000000e+00 0.000000e+00
    outer loop
      vertex   -1.792986e+01 0.000000e+00 -6.449113e-01
      vertex   -2.201759e+01 0.000000e+00 -3.243571e-01
      vertex   -2.215704e+01 0.000000e+00 -9.579046e-01
    endloop
  endfacet
  facet normal 0.000000e+00 -1.000000e+00 -0.000000e+00
    outer loop
      vertex   -1.792986e+01 0.000000e+00 -6.449113e-01
      vertex   -2.215704e+01 0.000000e+00 -9.579046e-01
      vertex   -1.772273e+01 0.000000e+00 -1.259667e+00
    endloop
  endfacet
  facet normal -0.000000e+00 -1.000000e+00 0.000000e+00
    outer loop
      vertex   -1.772273e+01 0.000000e+00 -1.259667e+00
      vertex   -2.215704e+01 0.000000e+00 -9.579046e-01
      vertex   -2.242943e+01 0.000000e+00 -1.546662e+00
    endloop
  endfacet
  facet normal 0.000000e+00 -1.000000e+00 -0.000000e+00
    outer loop
      vertex   -1.772273e+01 0.000000e+00 -1.259667e+00
      vertex   -2.242943e+01 0.000000e+00 -1.546662e+00
      vertex   -1.738828e+01 0.000000e+00 -1.815523e+00
    endloop
  endfacet
  facet normal -0.000000e+00 -1.000000e+00 0.000000e+00
    outer loop
      vertex   -1.738828e+01 0.000000e+00 -1.815523e+00
      vertex   -2.242943e+01 0.000000e+00 -1.546662e+00
      vertex   -2.282201e+01 0.000000e+00 -2.063098e+00
    endloop
  endfacet
  facet normal 0.000000e+00 -1.000000e+00 -0.000000e+00
    outer loop
      vertex   -1.738828e+01 0.000000e+00 -1.815523e+00
      vertex   -2.282201e+01 0.000000e+00 -2.063098e+00
      vertex   -1.694216e+01 0.000000e+00 -2.286486e+00
    endloop
  endfacet
  facet normal -0.000000e+00 -1.000000e+00 0.000000e+00
    outer loop
      vertex   -1.694216e+01 0.000000e+00 -2.286486e+00
      vertex   -2.282201e+01 0.000000e+00 -2.063098e+00
      vertex   -2.331644e+01 0.000000e+00 -2.483067e+00
    endloop
  endfacet
  facet normal 0.000000e+00 -1.000000e+00 -0.000000e+00
    outer loop
      vertex   -1.694216e+01 0.000000e+00 -2.286486e+00
      vertex   -2.331644e+01 0.000000e+00 -2.483067e+00
      vertex   -1.640523e+01 0.000000e+00 -2.650536e+00
    endloop
  endfacet
  facet normal -0.000000e+00 -1.000000e+00 0.000000e+00
    outer loop
      vertex   -1.640523e+01 0.000000e+00 -2.650536e+00
      vertex   -2.331644e+01 0.000000e+00 -2.483067e+00
      vertex   -2.388959e+01 0.000000e+00 -2.786930e+00
    endloop
  endfacet
  facet normal 0.000000e+00 -1.000000e+00 -0.000000e+00
    outer loop
      vertex   -1.640523e+01 0.000000e+00 -2.650536e+00
      vertex   -2.388959e+01 0.000000e+00 -2.786930e+00
      vertex   -1.580259e+01 0.000000e+00 -2.890650e+00
    endloop
  endfacet
  facet normal -0.000000e+00 -1.000000e+00 0.000000e+00
    outer loop
      vertex   -1.580259e+01 0.000000e+00 -2.890650e+00
      vertex   -2.388959e+01 0.000000e+00 -2.786930e+00
      vertex   -2.451465e+01 0.000000e+00 -2.960480e+00
    endloop
  endfacet
  facet normal 0.000000e+00 -1.000000e+00 -0.000000e+00
    outer loop
      vertex   -1.580259e+01 0.000000e+00 -2.890650e+00
      vertex   -2.451465e+01 0.000000e+00 -2.960480e+00
      vertex   -1.516242e+01 0.000000e+00 -2.995600e+00
    endloop
  endfacet
  facet normal 0.000000e+00 -1.000000e+00 0.000000e+00
    outer loop
      vertex   -1.516242e+01 0.000000e+00 -2.995600e+00
      vertex   -2.451465e+01 0.000000e+00 -2.960480e+00
      vertex   -2.516242e+01 0.000000e+00 -2.995600e+00
    endloop
  endfacet
  facet normal -0.000000e+00 -1.000000e+00 0.000000e+00
    outer loop
      vertex   -1.516242e+01 0.000000e+00 -2.995600e+00
      vertex   -2.516242e+01 0.000000e+00 -2.995600e+00
      vertex   -5.500000e+01 0.000000e+00 -1.000000e+01
    endloop
  endfacet
  facet normal 0.000000e+00 -1.000000e+00 0.000000e+00
    outer loop
      vertex   -5.500000e+01 0.000000e+00 -1.000000e+01
      vertex   -2.516242e+01 0.000000e+00 -2.995600e+00
      vertex   -3.451465e+01 0.000000e+00 -2.960480e+00
    endloop
  endfacet
  facet normal 0.000000e+00 -1.000000e+00 0.000000e+00
    outer loop
      vertex   -5.500000e+01 0.000000e+00 -1.000000e+01
      vertex   -3.451465e+01 0.000000e+00 -2.960480e+00
      vertex   -3.516242e+01 0.000000e+00 -2.995600e+00
    endloop
  endfacet
  facet normal 0.000000e+00 -1.000000e+00 0.000000e+00
    outer loop
      vertex   -2.201759e+01 0.000000e+00 3.243571e-01
      vertex   -1.792986e+01 0.000000e+00 6.449113e-01
      vertex   -2.215704e+01 0.000000e+00 9.579046e-01
    endloop
  endfacet
  facet normal 0.000000e+00 -1.000000e+00 0.000000e+00
    outer loop
      vertex   -2.215704e+01 0.000000e+00 9.579046e-01
      vertex   -1.792986e+01 0.000000e+00 6.449113e-01
      vertex   -1.772273e+01 0.000000e+00 1.259667e+00
    endloop
  endfacet
  facet normal 0.000000e+00 -1.000000e+00 0.000000e+00
    outer loop
      vertex   -2.215704e+01 0.000000e+00 9.579046e-01
      vertex   -1.772273e+01 0.000000e+00 1.259667e+00
      vertex   -2.242943e+01 0.000000e+00 1.546662e+00
    endloop
  endfacet
  facet normal 0.000000e+00 -1.000000e+00 0.000000e+00
    outer loop
      vertex   -2.242943e+01 0.000000e+00 1.546662e+00
      vertex   -1.772273e+01 0.000000e+00 1.259667e+00
      vertex   -1.738828e+01 0.000000e+00 1.815523e+00
    endloop
  endfacet
  facet normal 0.000000e+00 -1.000000e+00 0.000000e+00
    outer loop
      vertex   -2.242943e+01 0.000000e+00 1.546662e+00
      vertex   -1.738828e+01 0.000000e+00 1.815523e+00
      vertex   -2.282201e+01 0.000000e+00 2.063098e+00
    endloop
  endfacet
  facet normal 0.000000e+00 -1.000000e+00 0.000000e+00
    outer loop
      vertex   -2.282201e+01 0.000000e+00 2.063098e+00
      vertex   -1.738828e+01 0.000000e+00 1.815523e+00
      vertex   -1.694216e+01 0.000000e+00 2.286486e+00
    endloop
  endfacet
  facet normal 0.000000e+00 -1.000000e+00 0.000000e+00
    outer loop
      vertex   -2.282201e+01 0.000000e+00 2.063098e+00
      vertex   -1.694216e+01 0.000000e+00 2.286486e+00
      vertex   -2.331644e+01 0.000000e+00 2.483067e+00
    endloop
  endfacet
  facet normal 0.000000e+00 -1.000000e+00 0.000000e+00
    outer loop
      vertex   -2.331644e+01 0.000000e+00 2.483067e+00
      vertex   -1.694216e+01 0.000000e+00 2.286486e+00
      vertex   -1.640523e+01 0.000000e+00 2.650536e+00
    endloop
  endfacet
  facet normal 0.000000e+00 -1.000000e+00 0.000000e+00
    outer loop
      vertex   -2.331644e+01 0.000000e+00 2.483067e+00
      vertex   -1.640523e+01 0.000000e+00 2.650536e+00
      vertex   -2.388959e+01 0.000000e+00 2.786930e+00
    endloop
  endfacet
  facet normal 0.000000e+00 -1.000000e+00 0.000000e+00
    outer loop
      vertex   -2.388959e+01 0.000000e+00 2.786930e+00
      vertex   -1.640523e+01 0.000000e+00 2.650536e+00
      vertex   -1.580259e+01 0.000000e+00 2.890650e+00
    endloop
  endfacet
  facet normal 0.000000e+00 -1.000000e+00 0.000000e+00
    outer loop
      vertex   -1.580259e+01 0.000000e+00 2.890650e+00
      vertex   -1.516242e+01 0.000000e+00 2.995600e+00
      vertex   -1.580259e+01 0.000000e+00 7.109350e+00
    endloop
  endfacet
  facet normal 0.000000e+00 -1.000000e+00 0.000000e+00
    outer loop
      vertex   -1.580259e+01 0.000000e+00 7.109350e+00
      vertex   -1.516242e+01 0.000000e+00 2.995600e+00
      vertex   -1.516242e+01 0.000000e+00 7.004400e+00
    endloop
  endfacet
  facet normal 0.000000e+00 -1.000000e+00 -0.000000e+00
    outer loop
      vertex   -1.516242e+01 0.000000e+00 7.004400e+00
      vertex   -1.516242e+01 0.000000e+00 2.995600e+00
      vertex   -1.451465e+01 0.000000e+00 7.039520e+00
    endloop
  endfacet
  facet normal 0.000000e+00 -1.000000e+00 -0.000000e+00
    outer loop
      vertex   -1.451465e+01 0.000000e+00 7.039520e+00
      vertex   -1.516242e+01 0.000000e+00 2.995600e+00
      vertex   -1.451465e+01 0.000000e+00 2.960480e+00
    endloop
  endfacet
  facet normal 0.000000e+00 -1.000000e+00 0.000000e+00
    outer loop
      vertex   -1.451465e+01 0.000000e+00 7.039520e+00
      vertex   -1.451465e+01 0.000000e+00 2.960480e+00
      vertex   -5.802585e+00 0.000000e+00 2.890650e+00
    endloop
  endfacet
  facet normal -0.000000e+00 -1.000000e+00 0.000000e+00
    outer loop
      vertex   -5.802585e+00 0.000000e+00 2.890650e+00
      vertex   -1.451465e+01 0.000000e+00 2.960480e+00
      vertex   -1.388959e+01 0.000000e+00 2.786930e+00
    endloop
  endfacet
  facet normal 0.000000e+00 -1.000000e+00 0.000000e+00
    outer loop
      vertex   -5.802585e+00 0.000000e+00 2.890650e+00
      vertex   -1.388959e+01 0.000000e+00 2.786930e+00
      vertex   -6.405225e+00 0.000000e+00 2.650536e+00
    endloop
  endfacet
  facet normal -0.000000e+00 -1.000000e+00 0.000000e+00
    outer loop
      vertex   -6.405225e+00 0.000000e+00 2.650536e+00
      vertex   -1.388959e+01 0.000000e+00 2.786930e+00
      vertex   -1.331644e+01 0.000000e+00 2.483067e+00
    endloop
  endfacet
  facet normal 0.000000e+00 -1.000000e+00 0.000000e+00
    outer loop
      vertex   -6.405225e+00 0.000000e+00 2.650536e+00
      vertex   -1.331644e+01 0.000000e+00 2.483067e+00
      vertex   -6.942159e+00 0.000000e+00 2.286486e+00
    endloop
  endfacet
  facet normal -0.000000e+00 -1.000000e+00 0.000000e+00
    outer loop
      vertex   -6.942159e+00 0.000000e+00 2.286486e+00
      vertex   -1.331644e+01 0.000000e+00 2.483067e+00
      vertex   -1.282201e+01 0.000000e+00 2.063098e+00
    endloop
  endfacet
  facet normal 0.000000e+00 -1.000000e+00 0.000000e+00
    outer loop
      vertex   -6.942159e+00 0.000000e+00 2.286486e+00
      vertex   -1.282201e+01 0.000000e+00 2.063098e+00
      vertex   -7.388279e+00 0.000000e+00 1.815523e+00
    endloop
  endfacet
  facet normal -0.000000e+00 -1.000000e+00 0.000000e+00
    outer loop
      vertex   -7.388279e+00 0.000000e+00 1.815523e+00
      vertex   -1.282201e+01 0.000000e+00 2.063098e+00
      vertex   -1.242943e+01 0.000000e+00 1.546662e+00
    endloop
  endfacet
  facet normal 0.000000e+00 -1.000000e+00 0.000000e+00
    outer loop
      vertex   -7.388279e+00 0.000000e+00 1.815523e+00
      vertex   -1.242943e+01 0.000000e+00 1.546662e+00
      vertex   -7.722726e+00 0.000000e+00 1.259667e+00
    endloop
  endfacet
  facet normal -0.000000e+00 -1.000000e+00 0.000000e+00
    outer loop
      vertex   -7.722726e+00 0.000000e+00 1.259667e+00
      vertex   -1.242943e+01 0.000000e+00 1.546662e+00
      vertex   -1.215704e+01 0.000000e+00 9.579046e-01
    endloop
  endfacet
  facet normal 0.000000e+00 -1.000000e+00 0.000000e+00
    outer loop
      vertex   -7.722726e+00 0.000000e+00 1.259667e+00
      vertex   -1.215704e+01 0.000000e+00 9.579046e-01
      vertex   -7.929862e+00 0.000000e+00 6.449113e-01
    endloop
  endfacet
  facet normal -0.000000e+00 -1.000000e+00 0.000000e+00
    outer loop
      vertex   -7.929862e+00 0.000000e+00 6.449113e-01
      vertex   -1.215704e+01 0.000000e+00 9.579046e-01
      vertex   -1.201759e+01 0.000000e+00 3.243571e-01
    endloop
  endfacet
  facet normal 0.000000e+00 -1.000000e+00 0.000000e+00
    outer loop
      vertex   -7.929862e+00 0.000000e+00 6.449113e-01
      vertex   -1.201759e+01 0.000000e+00 3.243571e-01
      vertex   -8.000000e+00 0.000000e+00 3.673940e-16
    endloop
  endfacet
  facet normal -0.000000e+00 -1.000000e+00 0.000000e+00
    outer loop
      vertex   -8.000000e+00 0.000000e+00 3.673940e-16
      vertex   -1.201759e+01 0.000000e+00 3.243571e-01
      vertex   -1.201759e+01 0.000000e+00 -3.243571e-01
    endloop
  endfacet
  facet normal 0.000000e+00 -1.000000e+00 -0.000000e+00
    outer loop
      vertex   -8.000000e+00 0.000000e+00 3.673940e-16
      vertex   -1.201759e+01 0.000000e+00 -3.243571e-01
      vertex   -7.929862e+00 0.000000e+00 -6.449113e-01
    endloop
  endfacet
  facet normal -0.000000e+00 -1.000000e+00 0.000000e+00
    outer loop
      vertex   -7.929862e+00 0.000000e+00 -6.449113e-01
      vertex   -1.201759e+01 0.000000e+00 -3.243571e-01
      vertex   -1.215704e+01 0.000000e+00 -9.579046e-01
    endloop
  endfacet
  facet normal 0.000000e+00 -1.000000e+00 -0.000000e+00
    outer loop
      vertex   -7.929862e+00 0.000000e+00 -6.449113e-01
      vertex   -1.215704e+01 0.000000e+00 -9.579046e-01
      vertex   -7.722726e+00 0.000000e+00 -1.259667e+00
    endloop
  endfacet
  facet normal -0.000000e+00 -1.000000e+00 0.000000e+00
    outer loop
      vertex   -7.722726e+00 0.000000e+00 -1.259667e+00
      vertex   -1.215704e+01 0.000000e+00 -9.579046e-01
      vertex   -1.242943e+01 0.000000e+00 -1.546662e+00
    endloop
  endfacet
  facet normal 0.000000e+00 -1.000000e+00 -0.000000e+00
    outer loop
      vertex   -7.722726e+00 0.000000e+00 -1.259667e+00
      vertex   -1.242943e+01 0.000000e+00 -1.546662e+00
      vertex   -7.388279e+00 0.000000e+00 -1.815523e+00
    endloop
  endfacet
  facet normal -0.000000e+00 -1.000000e+00 0.000000e+00
    outer loop
      vertex   -7.388279e+00 0.000000e+00 -1.815523e+00
      vertex   -1.242943e+01 0.000000e+00 -1.546662e+00
      vertex   -1.282201e+01 0.000000e+00 -2.063098e+00
    endloop
  endfacet
  facet normal 0.000000e+00 -1.000000e+00 -0.000000e+00
    outer loop
      vertex   -7.388279e+00 0.000000e+00 -1.815523e+00
      vertex   -1.282201e+01 0.000000e+00 -2.063098e+00
      vertex   -6.942159e+00 0.000000e+00 -2.286486e+00
    endloop
  endfacet
  facet normal -0.000000e+00 -1.000000e+00 0.000000e+00
    outer loop
      vertex   -6.942159e+00 0.000000e+00 -2.286486e+00
      vertex   -1.282201e+01 0.000000e+00 -2.063098e+00
      vertex   -1.331644e+01 0.000000e+00 -2.483067e+00
    endloop
  endfacet
  facet normal 0.000000e+00 -1.000000e+00 -0.000000e+00
    outer loop
      vertex   -6.942159e+00 0.000000e+00 -2.286486e+00
      vertex   -1.331644e+01 0.000000e+00 -2.483067e+00
      vertex   -6.405225e+00 0.000000e+00 -2.650536e+00
    endloop
  endfacet
  facet normal -0.000000e+00 -1.000000e+00 0.000000e+00
    outer loop
      vertex   -6.405225e+00 0.000000e+00 -2.650536e+00
      vertex   -1.331644e+01 0.000000e+00 -2.483067e+00
      vertex   -1.388959e+01 0.000000e+00 -2.786930e+00
    endloop
  endfacet
  facet normal 0.000000e+00 -1.000000e+00 -0.000000e+00
    outer loop
      vertex   -6.405225e+00 0.000000e+00 -2.650536e+00
      vertex   -1.388959e+01 0.000000e+00 -2.786930e+00
      vertex   -5.802585e+00 0.000000e+00 -2.890650e+00
    endloop
  endfacet
  facet normal -0.000000e+00 -1.000000e+00 0.000000e+00
    outer loop
      vertex   -5.802585e+00 0.000000e+00 -2.890650e+00
      vertex   -1.388959e+01 0.000000e+00 -2.786930e+00
      vertex   -1.451465e+01 0.000000e+00 -2.960480e+00
    endloop
  endfacet
  facet normal 0.000000e+00 -1.000000e+00 -0.000000e+00
    outer loop
      vertex   -5.802585e+00 0.000000e+00 -2.890650e+00
      vertex   -1.451465e+01 0.000000e+00 -2.960480e+00
      vertex   -5.162417e+00 0.000000e+00 -2.995600e+00
    endloop
  endfacet
  facet normal 0.000000e+00 -1.000000e+00 0.000000e+00
    outer loop
      vertex   -5.162417e+00 0.000000e+00 -2.995600e+00
      vertex   -1.451465e+01 0.000000e+00 -2.960480e+00
      vertex   -1.516242e+01 0.000000e+00 -2.995600e+00
    endloop
  endfacet
  facet normal -0.000000e+00 -1.000000e+00 0.000000e+00
    outer loop
      vertex   -5.162417e+00 0.000000e+00 -2.995600e+00
      vertex   -1.516242e+01 0.000000e+00 -2.995600e+00
      vertex   -5.500000e+01 0.000000e+00 -1.000000e+01
    endloop
  endfacet
  facet normal 0.000000e+00 -1.000000e+00 0.000000e+00
    outer loop
      vertex   -1.580259e+01 0.000000e+00 1.289065e+01
      vertex   -1.516242e+01 0.000000e+00 1.299560e+01
      vertex   -1.580259e+01 0.000000e+00 1.710935e+01
    endloop
  endfacet
  facet normal 0.000000e+00 -1.000000e+00 0.000000e+00
    outer loop
      vertex   -5.802585e+00 0.000000e+00 1.289065e+01
      vertex   -1.388959e+01 0.000000e+00 1.278693e+01
      vertex   -6.405225e+00 0.000000e+00 1.265054e+01
    endloop
  endfacet
  facet normal -0.000000e+00 -1.000000e+00 0.000000e+00
    outer loop
      vertex   -6.405225e+00 0.000000e+00 1.265054e+01
      vertex   -1.388959e+01 0.000000e+00 1.278693e+01
      vertex   -1.331644e+01 0.000000e+00 1.248307e+01
    endloop
  endfacet
  facet normal 0.000000e+00 -1.000000e+00 0.000000e+00
    outer loop
      vertex   -6.405225e+00 0.000000e+00 1.265054e+01
      vertex   -1.331644e+01 0.000000e+00 1.248307e+01
      vertex   -6.942159e+00 0.000000e+00 1.228649e+01
    endloop
  endfacet
  facet normal -0.000000e+00 -1.000000e+00 0.000000e+00
    outer loop
      vertex   -6.942159e+00 0.000000e+00 1.228649e+01
      vertex   -1.331644e+01 0.000000e+00 1.248307e+01
      vertex   -1.282201e+01 0.000000e+00 1.206310e+01
    endloop
  endfacet
  facet normal 0.000000e+00 -1.000000e+00 0.000000e+00
    outer loop
      vertex   -6.942159e+00 0.000000e+00 1.228649e+01
      vertex   -1.282201e+01 0.000000e+00 1.206310e+01
      vertex   -7.388279e+00 0.000000e+00 1.181552e+01
    endloop
  endfacet
  facet normal -0.000000e+00 -1.000000e+00 0.000000e+00
    outer loop
      vertex   -7.388279e+00 0.000000e+00 1.181552e+01
      vertex   -1.282201e+01 0.000000e+00 1.206310e+01
      vertex   -1.242943e+01 0.000000e+00 1.154666e+01
    endloop
  endfacet
  facet normal 0.000000e+00 -1.000000e+00 0.000000e+00
    outer loop
      vertex   -7.388279e+00 0.000000e+00 1.181552e+01
      vertex   -1.242943e+01 0.000000e+00 1.154666e+01
      vertex   -7.722726e+00 0.000000e+00 1.125967e+01
    endloop
  endfacet
  facet normal -0.000000e+00 -1.000000e+00 0.000000e+00
    outer loop
      vertex   -7.722726e+00 0.000000e+00 1.125967e+01
      vertex   -1.242943e+01 0.000000e+00 1.154666e+01
      vertex   -1.215704e+01 0.000000e+00 1.095790e+01
    endloop
  endfacet
  facet normal 0.000000e+00 -1.000000e+00 0.000000e+00
    outer loop
      vertex   -7.722726e+00 0.000000e+00 1.125967e+01
      vertex   -1.215704e+01 0.000000e+00 1.095790e+01
      vertex   -7.929862e+00 0.000000e+00 1.064491e+01
    endloop
  endfacet
  facet normal -0.000000e+00 -1.000000e+00 0.000000e+00
    outer loop
      vertex   -7.929862e+00 0.000000e+00 1.064491e+01
      vertex   -1.215704e+01 0.000000e+00 1.095790e+01
      vertex   -1.201759e+01 0.000000e+00 1.032436e+01
    endloop
  endfacet
  facet normal 0.000000e+00 -1.000000e+00 0.000000e+00
    outer loop
      vertex   -7.929862e+00 0.000000e+00 1.064491e+01
      vertex   -1.201759e+01 0.000000e+00 1.032436e+01
      vertex   -8.000000e+00 0.000000e+00 1.000000e+01
    endloop
  endfacet
  facet normal -0.000000e+00 -1.000000e+00 0.000000e+00
    outer loop
      vertex   -8.000000e+00 0.000000e+00 1.000000e+01
      vertex   -1.201759e+01 0.000000e+00 1.032436e+01
      vertex   -1.201759e+01 0.000000e+00 9.675643e+00
    endloop
  endfacet
  facet normal 0.000000e+00 -1.000000e+00 -0.000000e+00
    outer loop
      vertex   -8.000000e+00 0.000000e+00 1.000000e+01
      vertex   -1.201759e+01 0.000000e+00 9.675643e+00
      vertex   -7.929862e+00 0.000000e+00 9.355089e+00
    endloop
  endfacet
  facet normal -0.000000e+00 -1.000000e+00 0.000000e+00
    outer loop
      vertex   -7.929862e+00 0.000000e+00 9.355089e+00
      vertex   -1.201759e+01 0.000000e+00 9.675643e+00
      vertex   -1.215704e+01 0.000000e+00 9.042095e+00
    endloop
  endfacet
  facet normal 0.000000e+00 -1.000000e+00 -0.000000e+00
    outer loop
      vertex   -7.929862e+00 0.000000e+00 9.355089e+00
      vertex   -1.215704e+01 0.000000e+00 9.042095e+00
      vertex   -7.722726e+00 0.000000e+00 8.740333e+00
    endloop
  endfacet
  facet normal -0.000000e+00 -1.000000e+00 0.000000e+00
    outer loop
      vertex   -7.722726e+00 0.000000e+00 8.740333e+00
      vertex   -1.215704e+01 0.000000e+00 9.042095e+00
      vertex   -1.242943e+01 0.000000e+00 8.453338e+00
    endloop
  endfacet
  facet normal 0.000000e+00 -1.000000e+00 -0.000000e+00
    outer loop
      vertex   -7.722726e+00 0.000000e+00 8.740333e+00
      vertex   -1.242943e+01 0.000000e+00 8.453338e+00
      vertex   -7.388279e+00 0.000000e+00 8.184477e+00
    endloop
  endfacet
  facet normal -0.000000e+00 -1.000000e+00 0.000000e+00
    outer loop
      vertex   -7.388279e+00 0.000000e+00 8.184477e+00
      vertex   -1.242943e+01 0.000000e+00 8.453338e+00
      vertex   -1.282201e+01 0.000000e+00 7.936902e+00
    endloop
  endfacet
  facet normal 0.000000e+00 -1.000000e+00 -0.000000e+00
    outer loop
      vertex   -7.388279e+00 0.000000e+00 8.184477e+00
      vertex   -1.282201e+01 0.000000e+00 7.936902e+00
      vertex   -6.942159e+00 0.000000e+00 7.713514e+00
    endloop
  endfacet
  facet normal -0.000000e+00 -1.000000e+00 0.000000e+00
    outer loop
      vertex   -6.942159e+00 0.000000e+00 7.713514e+00
      vertex   -1.282201e+01 0.000000e+00 7.936902e+00
      vertex   -1.331644e+01 0.000000e+00 7.516933e+00
    endloop
  endfacet
  facet normal 0.000000e+00 -1.000000e+00 -0.000000e+00
    outer loop
      vertex   -6.942159e+00 0.000000e+00 7.713514e+00
      vertex   -1.331644e+01 0.000000e+00 7.516933e+00
      vertex   -6.405225e+00 0.000000e+00 7.349464e+00
    endloop
  endfacet
  facet normal -0.000000e+00 -1.000000e+00 0.000000e+00
    outer loop
      vertex   -6.405225e+00 0.000000e+00 7.349464e+00
      vertex   -1.331644e+01 0.000000e+00 7.516933e+00
      vertex   -1.388959e+01 0.000000e+00 7.213070e+00
    endloop
  endfacet
  facet normal 0.000000e+00 -1.000000e+00 -0.000000e+00
    outer loop
      vertex   -6.405225e+00 0.000000e+00 7.349464e+00
      vertex   -1.388959e+01 0.000000e+00 7.213070e+00
      vertex   -5.802585e+00 0.000000e+00 7.109350e+00
    endloop
  endfacet
  facet normal -0.000000e+00 -1.000000e+00 0.000000e+00
    outer loop
      vertex   -5.802585e+00 0.000000e+00 7.109350e+00
      vertex   -1.388959e+01 0.000000e+00 7.213070e+00
      vertex   -1.451465e+01 0.000000e+00 7.039520e+00
    endloop
  endfacet
  facet normal 0.000000e+00 -1.000000e+00 0.000000e+00
    outer loop
      vertex   -5.802585e+00 0.000000e+00 7.109350e+00
      vertex   -1.451465e+01 0.000000e+00 7.039520e+00
      vertex   -5.802585e+00 0.000000e+00 2.890650e+00
    endloop
  endfacet
  facet normal 0.000000e+00 -1.000000e+00 0.000000e+00
    outer loop
      vertex   1.207014e+01 0.000000e+00 2.064491e+01
      vertex   7.982414e+00 0.000000e+00 2.032436e+01
      vertex   1.200000e+01 0.000000e+00 2.000000e+01
    endloop
  endfacet
  facet normal -0.000000e+00 -1.000000e+00 0.000000e+00
    outer loop
      vertex   1.200000e+01 0.000000e+00 2.000000e+01
      vertex   7.982414e+00 0.000000e+00 2.032436e+01
      vertex   7.982414e+00 0.000000e+00 1.967564e+01
    endloop
  endfacet
  facet normal 0.000000e+00 -1.000000e+00 -0.000000e+00
    outer loop
      vertex   1.200000e+01 0.000000e+00 2.000000e+01
      vertex   7.982414e+00 0.000000e+00 1.967564e+01
      vertex   1.207014e+01 0.000000e+00 1.935509e+01
    endloop
  endfacet
  facet normal -0.000000e+00 -1.000000e+00 0.000000e+00
    outer loop
      vertex   1.207014e+01 0.000000e+00 1.935509e+01
      vertex   7.982414e+00 0.000000e+00 1.967564e+01
      vertex   7.842960e+00 0.000000e+00 1.904210e+01
    endloop
  endfacet
  facet normal 0.000000e+00 -1.000000e+00 -0.000000e+00
    outer loop
      vertex   1.207014e+01 0.000000e+00 1.935509e+01
      vertex   7.842960e+00 0.000000e+00 1.904210e+01
      vertex   1.227727e+01 0.000000e+00 1.874033e+01
    endloop
  endfacet
  facet normal -0.000000e+00 -1.000000e+00 0.000000e+00
    outer loop
      vertex   1.227727e+01 0.000000e+00 1.874033e+01
      vertex   7.842960e+00 0.000000e+00 1.904210e+01
      vertex   7.570572e+00 0.000000e+00 1.845334e+01
    endloop
  endfacet
  facet normal 0.000000e+00 -1.000000e+00 -0.000000e+00
    outer loop
      vertex   1.227727e+01 0.000000e+00 1.874033e+01
      vertex   7.570572e+00 0.000000e+00 1.845334e+01
      vertex   1.261172e+01 0.000000e+00 1.818448e+01
    endloop
  endfacet
  facet normal -0.000000e+00 -1.000000e+00 0.000000e+00
    outer loop
      vertex   1.261172e+01 0.000000e+00 1.818448e+01
      vertex   7.570572e+00 0.000000e+00 1.845334e+01
      vertex   7.177986e+00 0.000000e+00 1.793690e+01
    endloop
  endfacet
  facet normal 0.000000e+00 -1.000000e+00 -0.000000e+00
    outer loop
      vertex   1.261172e+01 0.000000e+00 1.818448e+01
      vertex   7.177986e+00 0.000000e+00 1.793690e+01
      vertex   1.305784e+01 0.000000e+00 1.771351e+01
    endloop
  endfacet
  facet normal -0.000000e+00 -1.000000e+00 0.000000e+00
    outer loop
      vertex   1.305784e+01 0.000000e+00 1.771351e+01
      vertex   7.177986e+00 0.000000e+00 1.793690e+01
      vertex   6.683561e+00 0.000000e+00 1.751693e+01
    endloop
  endfacet
  facet normal 0.000000e+00 -1.000000e+00 -0.000000e+00
    outer loop
      vertex   1.305784e+01 0.000000e+00 1.771351e+01
      vertex   6.683561e+00 0.000000e+00 1.751693e+01
      vertex   1.359477e+01 0.000000e+00 1.734946e+01
    endloop
  endfacet
  facet normal -0.000000e+00 -1.000000e+00 0.000000e+00
    outer loop
      vertex   1.359477e+01 0.000000e+00 1.734946e+01
      vertex   6.683561e+00 0.000000e+00 1.751693e+01
      vertex   6.110414e+00 0.000000e+00 1.721307e+01
    endloop
  endfacet
  facet normal 0.000000e+00 -1.000000e+00 -0.000000e+00
    outer loop
      vertex   1.359477e+01 0.000000e+00 1.734946e+01
      vertex   6.110414e+00 0.000000e+00 1.721307e+01
      vertex   1.419741e+01 0.000000e+00 1.710935e+01
    endloop
  endfacet
  facet normal -0.000000e+00 -1.000000e+00 0.000000e+00
    outer loop
      vertex   1.419741e+01 0.000000e+00 1.710935e+01
      vertex   6.110414e+00 0.000000e+00 1.721307e+01
      vertex   5.485346e+00 0.000000e+00 1.703952e+01
    endloop
  endfacet
  facet normal 0.000000e+00 -1.000000e+00 0.000000e+00
    outer loop
      vertex   7.982414e+00 0.000000e+00 2.032436e+01
      vertex   1.207014e+01 0.000000e+00 2.064491e+01
      vertex   7.842960e+00 0.000000e+00 2.095790e+01
    endloop
  endfacet
  facet normal 0.000000e+00 -1.000000e+00 0.000000e+00
    outer loop
      vertex   7.842960e+00 0.000000e+00 2.095790e+01
      vertex   1.207014e+01 0.000000e+00 2.064491e+01
      vertex   1.227727e+01 0.000000e+00 2.125967e+01
    endloop
  endfacet
  facet normal 0.000000e+00 -1.000000e+00 0.000000e+00
    outer loop
      vertex   7.842960e+00 0.000000e+00 2.095790e+01
      vertex   1.227727e+01 0.000000e+00 2.125967e+01
      vertex   7.570572e+00 0.000000e+00 2.154666e+01
    endloop
  endfacet
  facet normal 0.000000e+00 -1.000000e+00 0.000000e+00
    outer loop
      vertex   7.570572e+00 0.000000e+00 2.154666e+01
      vertex   1.227727e+01 0.000000e+00 2.125967e+01
      vertex   1.261172e+01 0.000000e+00 2.181552e+01
    endloop
  endfacet
  facet normal 0.000000e+00 -1.000000e+00 0.000000e+00
    outer loop
      vertex   7.570572e+00 0.000000e+00 2.154666e+01
      vertex   1.261172e+01 0.000000e+00 2.181552e+01
      vertex   7.177986e+00 0.000000e+00 2.206310e+01
    endloop
  endfacet
  facet normal 0.000000e+00 -1.000000e+00 0.000000e+00
    outer loop
      vertex   7.177986e+00 0.000000e+00 2.206310e+01
      vertex   1.261172e+01 0.000000e+00 2.181552e+01
      vertex   1.305784e+01 0.000000e+00 2.228649e+01
    endloop
  endfacet
  facet normal 0.000000e+00 -1.000000e+00 0.000000e+00
    outer loop
      vertex   7.177986e+00 0.000000e+00 2.206310e+01
      vertex   1.305784e+01 0.000000e+00 2.228649e+01
      vertex   6.683561e+00 0.000000e+00 2.248307e+01
    endloop
  endfacet
  facet normal 0.000000e+00 -1.000000e+00 0.000000e+00
    outer loop
      vertex   6.683561e+00 0.000000e+00 2.248307e+01
      vertex   1.305784e+01 0.000000e+00 2.228649e+01
      vertex   1.359477e+01 0.000000e+00 2.265054e+01
    endloop
  endfacet
  facet normal 0.000000e+00 -1.000000e+00 0.000000e+00
    outer loop
      vertex   6.683561e+00 0.000000e+00 2.248307e+01
      vertex   1.359477e+01 0.000000e+00 2.265054e+01
      vertex   6.110414e+00 0.000000e+00 2.278693e+01
    endloop
  endfacet
  facet normal 0.000000e+00 -1.000000e+00 0.000000e+00
    outer loop
      vertex   6.110414e+00 0.000000e+00 2.278693e+01
      vertex   1.359477e+01 0.000000e+00 2.265054e+01
      vertex   1.419741e+01 0.000000e+00 2.289065e+01
    endloop
  endfacet
  facet normal 0.000000e+00 -1.000000e+00 0.000000e+00
    outer loop
      vertex   6.110414e+00 0.000000e+00 2.278693e+01
      vertex   1.419741e+01 0.000000e+00 2.289065e+01
      vertex   5.485346e+00 0.000000e+00 2.296048e+01
    endloop
  endfacet
  facet normal 0.000000e+00 -1.000000e+00 0.000000e+00
    outer loop
      vertex   5.485346e+00 0.000000e+00 2.296048e+01
      vertex   1.419741e+01 0.000000e+00 2.289065e+01
      vertex   1.483758e+01 0.000000e+00 2.299560e+01
    endloop
  endfacet
  facet normal 0.000000e+00 -1.000000e+00 0.000000e+00
    outer loop
      vertex   5.485346e+00 0.000000e+00 2.296048e+01
      vertex   1.483758e+01 0.000000e+00 2.299560e+01
      vertex   4.837583e+00 0.000000e+00 2.299560e+01
    endloop
  endfacet
  facet normal 0.000000e+00 -1.000000e+00 0.000000e+00
    outer loop
      vertex   -3.792986e+01 0.000000e+00 1.064491e+01
      vertex   -4.201759e+01 0.000000e+00 1.032436e+01
      vertex   -3.800000e+01 0.000000e+00 1.000000e+01
    endloop
  endfacet
  facet normal -0.000000e+00 -1.000000e+00 0.000000e+00
    outer loop
      vertex   -3.800000e+01 0.000000e+00 1.000000e+01
      vertex   -4.201759e+01 0.000000e+00 1.032436e+01
      vertex   -4.201759e+01 0.000000e+00 9.675643e+00
    endloop
  endfacet
  facet normal 0.000000e+00 -1.000000e+00 -0.000000e+00
    outer loop
      vertex   -3.800000e+01 0.000000e+00 1.000000e+01
      vertex   -4.201759e+01 0.000000e+00 9.675643e+00
      vertex   -3.792986e+01 0.000000e+00 9.355089e+00
    endloop
  endfacet
  facet normal -0.000000e+00 -1.000000e+00 0.000000e+00
    outer loop
      vertex   -3.792986e+01 0.000000e+00 9.355089e+00
      vertex   -4.201759e+01 0.000000e+00 9.675643e+00
      vertex   -4.215704e+01 0.000000e+00 9.042095e+00
    endloop
  endfacet
  facet normal 0.000000e+00 -1.000000e+00 -0.000000e+00
    outer loop
      vertex   -3.792986e+01 0.000000e+00 9.355089e+00
      vertex   -4.215704e+01 0.000000e+00 9.042095e+00
      vertex   -3.772273e+01 0.000000e+00 8.740333e+00
    endloop
  endfacet
  facet normal -0.000000e+00 -1.000000e+00 0.000000e+00
    outer loop
      vertex   -3.772273e+01 0.000000e+00 8.740333e+00
      vertex   -4.215704e+01 0.000000e+00 9.042095e+00
      vertex   -4.242943e+01 0.000000e+00 8.453338e+00
    endloop
  endfacet
  facet normal 0.000000e+00 -1.000000e+00 -0.000000e+00
    outer loop
      vertex   -3.772273e+01 0.000000e+00 8.740333e+00
      vertex   -4.242943e+01 0.000000e+00 8.453338e+00
      vertex   -3.738828e+01 0.000000e+00 8.184477e+00
    endloop
  endfacet
  facet normal -0.000000e+00 -1.000000e+00 0.000000e+00
    outer loop
      vertex   -3.738828e+01 0.000000e+00 8.184477e+00
      vertex   -4.242943e+01 0.000000e+00 8.453338e+00
      vertex   -4.282201e+01 0.000000e+00 7.936902e+00
    endloop
  endfacet
  facet normal 0.000000e+00 -1.000000e+00 -0.000000e+00
    outer loop
      vertex   -3.738828e+01 0.000000e+00 8.184477e+00
      vertex   -4.282201e+01 0.000000e+00 7.936902e+00
      vertex   -3.694216e+01 0.000000e+00 7.713514e+00
    endloop
  endfacet
  facet normal -0.000000e+00 -1.000000e+00 0.000000e+00
    outer loop
      vertex   -3.694216e+01 0.000000e+00 7.713514e+00
      vertex   -4.282201e+01 0.000000e+00 7.936902e+00
      vertex   -4.331644e+01 0.000000e+00 7.516933e+00
    endloop
  endfacet
  facet normal 0.000000e+00 -1.000000e+00 -0.000000e+00
    outer loop
      vertex   -3.694216e+01 0.000000e+00 7.713514e+00
      vertex   -4.331644e+01 0.000000e+00 7.516933e+00
      vertex   -3.640523e+01 0.000000e+00 7.349464e+00
    endloop
  endfacet
  facet normal -0.000000e+00 -1.000000e+00 0.000000e+00
    outer loop
      vertex   -3.640523e+01 0.000000e+00 7.349464e+00
      vertex   -4.331644e+01 0.000000e+00 7.516933e+00
      vertex   -4.388959e+01 0.000000e+00 7.213070e+00
    endloop
  endfacet
  facet normal 0.000000e+00 -1.000000e+00 -0.000000e+00
    outer loop
      vertex   -3.640523e+01 0.000000e+00 7.349464e+00
      vertex   -4.388959e+01 0.000000e+00 7.213070e+00
      vertex   -3.580259e+01 0.000000e+00 7.109350e+00
    endloop
  endfacet
  facet normal -0.000000e+00 -1.000000e+00 0.000000e+00
    outer loop
      vertex   -3.580259e+01 0.000000e+00 7.109350e+00
      vertex   -4.388959e+01 0.000000e+00 7.213070e+00
      vertex   -4.451465e+01 0.000000e+00 7.039520e+00
    endloop
  endfacet
  facet normal 0.000000e+00 -1.000000e+00 -0.000000e+00
    outer loop
      vertex   -3.580259e+01 0.000000e+00 7.109350e+00
      vertex   -4.451465e+01 0.000000e+00 7.039520e+00
      vertex   -3.580259e+01 0.000000e+00 2.890650e+00
    endloop
  endfacet
  facet normal 0.000000e+00 -1.000000e+00 0.000000e+00
    outer loop
      vertex   -3.580259e+01 0.000000e+00 2.890650e+00
      vertex   -4.451465e+01 0.000000e+00 7.039520e+00
      vertex   -4.451465e+01 0.000000e+00 2.960480e+00
    endloop
  endfacet
  facet normal -0.000000e+00 -1.000000e+00 0.000000e+00
    outer loop
      vertex   -3.580259e+01 0.000000e+00 2.890650e+00
      vertex   -4.451465e+01 0.000000e+00 2.960480e+00
      vertex   -4.388959e+01 0.000000e+00 2.786930e+00
    endloop
  endfacet
  facet normal 0.000000e+00 -1.000000e+00 0.000000e+00
    outer loop
      vertex   -4.201759e+01 0.000000e+00 1.032436e+01
      vertex   -3.792986e+01 0.000000e+00 1.064491e+01
      vertex   -4.215704e+01 0.000000e+00 1.095790e+01
    endloop
  endfacet
  facet normal 0.000000e+00 -1.000000e+00 0.000000e+00
    outer loop
      vertex   -4.215704e+01 0.000000e+00 1.095790e+01
      vertex   -3.792986e+01 0.000000e+00 1.064491e+01
      vertex   -3.772273e+01 0.000000e+00 1.125967e+01
    endloop
  endfacet
  facet normal 0.000000e+00 -1.000000e+00 0.000000e+00
    outer loop
      vertex   -4.215704e+01 0.000000e+00 1.095790e+01
      vertex   -3.772273e+01 0.000000e+00 1.125967e+01
      vertex   -4.242943e+01 0.000000e+00 1.154666e+01
    endloop
  endfacet
  facet normal 0.000000e+00 -1.000000e+00 0.000000e+00
    outer loop
      vertex   -4.242943e+01 0.000000e+00 1.154666e+01
      vertex   -3.772273e+01 0.000000e+00 1.125967e+01
      vertex   -3.738828e+01 0.000000e+00 1.181552e+01
    endloop
  endfacet
  facet normal 0.000000e+00 -1.000000e+00 0.000000e+00
    outer loop
      vertex   -4.242943e+01 0.000000e+00 1.154666e+01
      vertex   -3.738828e+01 0.000000e+00 1.181552e+01
      vertex   -4.282201e+01 0.000000e+00 1.206310e+01
    endloop
  endfacet
  facet normal 0.000000e+00 -1.000000e+00 0.000000e+00
    outer loop
      vertex   -4.282201e+01 0.000000e+00 1.206310e+01
      vertex   -3.738828e+01 0.000000e+00 1.181552e+01
      vertex   -3.694216e+01 0.000000e+00 1.228649e+01
    endloop
  endfacet
  facet normal 0.000000e+00 -1.000000e+00 0.000000e+00
    outer loop
      vertex   -4.282201e+01 0.000000e+00 1.206310e+01
      vertex   -3.694216e+01 0.000000e+00 1.228649e+01
      vertex   -4.331644e+01 0.000000e+00 1.248307e+01
    endloop
  endfacet
  facet normal 0.000000e+00 -1.000000e+00 0.000000e+00
    outer loop
      vertex   -4.331644e+01 0.000000e+00 1.248307e+01
      vertex   -3.694216e+01 0.000000e+00 1.228649e+01
      vertex   -3.640523e+01 0.000000e+00 1.265054e+01
    endloop
  endfacet
  facet normal 0.000000e+00 -1.000000e+00 0.000000e+00
    outer loop
      vertex   -4.331644e+01 0.000000e+00 1.248307e+01
      vertex   -3.640523e+01 0.000000e+00 1.265054e+01
      vertex   -4.388959e+01 0.000000e+00 1.278693e+01
    endloop
  endfacet
  facet normal 0.000000e+00 -1.000000e+00 0.000000e+00
    outer loop
      vertex   -4.388959e+01 0.000000e+00 1.278693e+01
      vertex   -3.640523e+01 0.000000e+00 1.265054e+01
      vertex   -3.580259e+01 0.000000e+00 1.289065e+01
    endloop
  endfacet
  facet normal 0.000000e+00 -1.000000e+00 0.000000e+00
    outer loop
      vertex   -4.388959e+01 0.000000e+00 1.278693e+01
      vertex   -3.580259e+01 0.000000e+00 1.289065e+01
      vertex   -4.451465e+01 0.000000e+00 1.296048e+01
    endloop
  endfacet
  facet normal 0.000000e+00 -1.000000e+00 0.000000e+00
    outer loop
      vertex   -4.451465e+01 0.000000e+00 1.296048e+01
      vertex   -3.580259e+01 0.000000e+00 1.289065e+01
      vertex   -4.451465e+01 0.000000e+00 1.703952e+01
    endloop
  endfacet
  facet normal 0.000000e+00 -1.000000e+00 0.000000e+00
    outer loop
      vertex   -4.451465e+01 0.000000e+00 1.296048e+01
      vertex   -4.451465e+01 0.000000e+00 1.703952e+01
      vertex   -4.516242e+01 0.000000e+00 1.299560e+01
    endloop
  endfacet
  facet normal 0.000000e+00 -1.000000e+00 0.000000e+00
    outer loop
      vertex   -4.516242e+01 0.000000e+00 1.299560e+01
      vertex   -4.451465e+01 0.000000e+00 1.703952e+01
      vertex   -4.516242e+01 0.000000e+00 1.700440e+01
    endloop
  endfacet
  facet normal 0.000000e+00 -1.000000e+00 0.000000e+00
    outer loop
      vertex   -4.516242e+01 0.000000e+00 1.299560e+01
      vertex   -4.516242e+01 0.000000e+00 1.700440e+01
      vertex   -4.580259e+01 0.000000e+00 1.710935e+01
    endloop
  endfacet
  facet normal 0.000000e+00 -1.000000e+00 0.000000e+00
    outer loop
      vertex   -4.451465e+01 0.000000e+00 1.703952e+01
      vertex   -3.580259e+01 0.000000e+00 1.289065e+01
      vertex   -3.580259e+01 0.000000e+00 1.710935e+01
    endloop
  endfacet
  facet normal 0.000000e+00 -1.000000e+00 0.000000e+00
    outer loop
      vertex   -3.580259e+01 0.000000e+00 1.710935e+01
      vertex   -3.580259e+01 0.000000e+00 1.289065e+01
      vertex   -3.516242e+01 0.000000e+00 1.299560e+01
    endloop
  endfacet
  facet normal 0.000000e+00 -1.000000e+00 0.000000e+00
    outer loop
      vertex   -3.580259e+01 0.000000e+00 1.710935e+01
      vertex   -3.516242e+01 0.000000e+00 1.299560e+01
      vertex   -3.516242e+01 0.000000e+00 1.700440e+01
    endloop
  endfacet
  facet normal 0.000000e+00 -1.000000e+00 0.000000e+00
    outer loop
      vertex   -3.516242e+01 0.000000e+00 1.700440e+01
      vertex   -3.516242e+01 0.000000e+00 1.299560e+01
      vertex   -3.451465e+01 0.000000e+00 1.703952e+01
    endloop
  endfacet
  facet normal 0.000000e+00 -1.000000e+00 -0.000000e+00
    outer loop
      vertex   -3.451465e+01 0.000000e+00 1.703952e+01
      vertex   -3.516242e+01 0.000000e+00 1.299560e+01
      vertex   -3.451465e+01 0.000000e+00 1.296048e+01
    endloop
  endfacet
  facet normal 0.000000e+00 -1.000000e+00 0.000000e+00
    outer loop
      vertex   -3.451465e+01 0.000000e+00 2.960480e+00
      vertex   -3.451465e+01 0.000000e+00 7.039520e+00
      vertex   -3.516242e+01 0.000000e+00 2.995600e+00
    endloop
  endfacet
  facet normal 0.000000e+00 -1.000000e+00 0.000000e+00
    outer loop
      vertex   -3.516242e+01 0.000000e+00 2.995600e+00
      vertex   -3.451465e+01 0.000000e+00 7.039520e+00
      vertex   -3.516242e+01 0.000000e+00 7.004400e+00
    endloop
  endfacet
  facet normal 0.000000e+00 -1.000000e+00 0.000000e+00
    outer loop
      vertex   -3.516242e+01 0.000000e+00 2.995600e+00
      vertex   -3.516242e+01 0.000000e+00 7.004400e+00
      vertex   -3.580259e+01 0.000000e+00 7.109350e+00
    endloop
  endfacet
  facet normal -0.000000e+00 -1.000000e+00 0.000000e+00
    outer loop
      vertex   -4.792986e+01 0.000000e+00 1.064491e+01
      vertex   -5.500000e+01 0.000000e+00 3.000000e+01
      vertex   -4.800000e+01 0.000000e+00 1.000000e+01
    endloop
  endfacet
  facet normal -0.000000e+00 -1.000000e+00 0.000000e+00
    outer loop
      vertex   -4.800000e+01 0.000000e+00 1.000000e+01
      vertex   -5.500000e+01 0.000000e+00 3.000000e+01
      vertex   -5.500000e+01 0.000000e+00 -1.000000e+01
    endloop
  endfacet
  facet normal 0.000000e+00 -1.000000e+00 -0.000000e+00
    outer loop
      vertex   -4.800000e+01 0.000000e+00 1.000000e+01
      vertex   -5.500000e+01 0.000000e+00 -1.000000e+01
      vertex   -4.792986e+01 0.000000e+00 9.355089e+00
    endloop
  endfacet
  facet normal 0.000000e+00 -1.000000e+00 -0.000000e+00
    outer loop
      vertex   -4.792986e+01 0.000000e+00 9.355089e+00
      vertex   -5.500000e+01 0.000000e+00 -1.000000e+01
      vertex   -4.792986e+01 0.000000e+00 6.449113e-01
    endloop
  endfacet
  facet normal 0.000000e+00 -1.000000e+00 0.000000e+00
    outer loop
      vertex   -4.792986e+01 0.000000e+00 9.355089e+00
      vertex   -4.792986e+01 0.000000e+00 6.449113e-01
      vertex   -4.772273e+01 0.000000e+00 8.740333e+00
    endloop
  endfacet
  facet normal 0.000000e+00 -1.000000e+00 -0.000000e+00
    outer loop
      vertex   -4.772273e+01 0.000000e+00 8.740333e+00
      vertex   -4.792986e+01 0.000000e+00 6.449113e-01
      vertex   -4.772273e+01 0.000000e+00 1.259667e+00
    endloop
  endfacet
  facet normal 0.000000e+00 -1.000000e+00 0.000000e+00
    outer loop
      vertex   -4.772273e+01 0.000000e+00 8.740333e+00
      vertex   -4.772273e+01 0.000000e+00 1.259667e+00
      vertex   -4.738828e+01 0.000000e+00 1.815523e+00
    endloop
  endfacet
  facet normal -0.000000e+00 -1.000000e+00 0.000000e+00
    outer loop
      vertex   -4.772273e+01 0.000000e+00 1.125967e+01
      vertex   -4.772273e+01 0.000000e+00 1.874033e+01
      vertex   -4.792986e+01 0.000000e+00 1.064491e+01
    endloop
  endfacet
  facet normal 0.000000e+00 -1.000000e+00 0.000000e+00
    outer loop
      vertex   -4.792986e+01 0.000000e+00 1.064491e+01
      vertex   -4.772273e+01 0.000000e+00 1.874033e+01
      vertex   -4.792986e+01 0.000000e+00 1.935509e+01
    endloop
  endfacet
  facet normal 0.000000e+00 -1.000000e+00 0.000000e+00
    outer loop
      vertex   -4.792986e+01 0.000000e+00 1.064491e+01
      vertex   -4.792986e+01 0.000000e+00 1.935509e+01
      vertex   -5.500000e+01 0.000000e+00 3.000000e+01
    endloop
  endfacet
  facet normal 0.000000e+00 -1.000000e+00 0.000000e+00
    outer loop
      vertex   -5.500000e+01 0.000000e+00 3.000000e+01
      vertex   -4.792986e+01 0.000000e+00 1.935509e+01
      vertex   -4.800000e+01 0.000000e+00 2.000000e+01
    endloop
  endfacet
  facet normal 0.000000e+00 -1.000000e+00 0.000000e+00
    outer loop
      vertex   -5.500000e+01 0.000000e+00 3.000000e+01
      vertex   -4.800000e+01 0.000000e+00 2.000000e+01
      vertex   -4.792986e+01 0.000000e+00 2.064491e+01
    endloop
  endfacet
  facet normal 0.000000e+00 -1.000000e+00 0.000000e+00
    outer loop
      vertex   -4.772273e+01 0.000000e+00 1.874033e+01
      vertex   -4.772273e+01 0.000000e+00 1.125967e+01
      vertex   -4.738828e+01 0.000000e+00 1.818448e+01
    endloop
  endfacet
  facet normal 0.000000e+00 -1.000000e+00 -0.000000e+00
    outer loop
      vertex   -4.738828e+01 0.000000e+00 1.818448e+01
      vertex   -4.772273e+01 0.000000e+00 1.125967e+01
      vertex   -4.738828e+01 0.000000e+00 1.181552e+01
    endloop
  endfacet
  facet normal 0.000000e+00 -1.000000e+00 0.000000e+00
    outer loop
      vertex   -4.738828e+01 0.000000e+00 1.818448e+01
      vertex   -4.738828e+01 0.000000e+00 1.181552e+01
      vertex   -4.694216e+01 0.000000e+00 1.228649e+01
    endloop
  endfacet
  facet normal 0.000000e+00 -1.000000e+00 0.000000e+00
    outer loop
      vertex   -4.738828e+01 0.000000e+00 1.818448e+01
      vertex   -4.694216e+01 0.000000e+00 1.228649e+01
      vertex   -4.694216e+01 0.000000e+00 1.771351e+01
    endloop
  endfacet
  facet normal 0.000000e+00 -1.000000e+00 0.000000e+00
    outer loop
      vertex   -4.694216e+01 0.000000e+00 1.771351e+01
      vertex   -4.694216e+01 0.000000e+00 1.228649e+01
      vertex   -4.640523e+01 0.000000e+00 1.265054e+01
    endloop
  endfacet
  facet normal 0.000000e+00 -1.000000e+00 0.000000e+00
    outer loop
      vertex   -4.694216e+01 0.000000e+00 1.771351e+01
      vertex   -4.640523e+01 0.000000e+00 1.265054e+01
      vertex   -4.640523e+01 0.000000e+00 1.734946e+01
    endloop
  endfacet
  facet normal 0.000000e+00 -1.000000e+00 0.000000e+00
    outer loop
      vertex   -4.640523e+01 0.000000e+00 1.734946e+01
      vertex   -4.640523e+01 0.000000e+00 1.265054e+01
      vertex   -4.580259e+01 0.000000e+00 1.289065e+01
    endloop
  endfacet
  facet normal 0.000000e+00 -1.000000e+00 0.000000e+00
    outer loop
      vertex   -4.640523e+01 0.000000e+00 1.734946e+01
      vertex   -4.580259e+01 0.000000e+00 1.289065e+01
      vertex   -4.580259e+01 0.000000e+00 1.710935e+01
    endloop
  endfacet
  facet normal 0.000000e+00 -1.000000e+00 0.000000e+00
    outer loop
      vertex   -4.580259e+01 0.000000e+00 1.710935e+01
      vertex   -4.580259e+01 0.000000e+00 1.289065e+01
      vertex   -4.516242e+01 0.000000e+00 1.299560e+01
    endloop
  endfacet
  facet normal 0.000000e+00 -1.000000e+00 0.000000e+00
    outer loop
      vertex   -4.451465e+01 0.000000e+00 2.960480e+00
      vertex   -4.451465e+01 0.000000e+00 7.039520e+00
      vertex   -4.516242e+01 0.000000e+00 2.995600e+00
    endloop
  endfacet
  facet normal 0.000000e+00 -1.000000e+00 0.000000e+00
    outer loop
      vertex   -4.516242e+01 0.000000e+00 2.995600e+00
      vertex   -4.451465e+01 0.000000e+00 7.039520e+00
      vertex   -4.516242e+01 0.000000e+00 7.004400e+00
    endloop
  endfacet
  facet normal 0.000000e+00 -1.000000e+00 0.000000e+00
    outer loop
      vertex   -4.516242e+01 0.000000e+00 2.995600e+00
      vertex   -4.516242e+01 0.000000e+00 7.004400e+00
      vertex   -4.580259e+01 0.000000e+00 7.109350e+00
    endloop
  endfacet
  facet normal -0.000000e+00 -1.000000e+00 0.000000e+00
    outer loop
      vertex   -4.516242e+01 0.000000e+00 2.995600e+00
      vertex   -4.580259e+01 0.000000e+00 7.109350e+00
      vertex   -4.580259e+01 0.000000e+00 2.890650e+00
    endloop
  endfacet
  facet normal 0.000000e+00 -1.000000e+00 0.000000e+00
    outer loop
      vertex   -4.580259e+01 0.000000e+00 2.890650e+00
      vertex   -4.580259e+01 0.000000e+00 7.109350e+00
      vertex   -4.640523e+01 0.000000e+00 7.349464e+00
    endloop
  endfacet
  facet normal -0.000000e+00 -1.000000e+00 0.000000e+00
    outer loop
      vertex   -4.580259e+01 0.000000e+00 2.890650e+00
      vertex   -4.640523e+01 0.000000e+00 7.349464e+00
      vertex   -4.640523e+01 0.000000e+00 2.650536e+00
    endloop
  endfacet
  facet normal 0.000000e+00 -1.000000e+00 0.000000e+00
    outer loop
      vertex   -4.640523e+01 0.000000e+00 2.650536e+00
      vertex   -4.640523e+01 0.000000e+00 7.349464e+00
      vertex   -4.694216e+01 0.000000e+00 7.713514e+00
    endloop
  endfacet
  facet normal -0.000000e+00 -1.000000e+00 0.000000e+00
    outer loop
      vertex   -4.640523e+01 0.000000e+00 2.650536e+00
      vertex   -4.694216e+01 0.000000e+00 7.713514e+00
      vertex   -4.694216e+01 0.000000e+00 2.286486e+00
    endloop
  endfacet
  facet normal 0.000000e+00 -1.000000e+00 0.000000e+00
    outer loop
      vertex   -4.694216e+01 0.000000e+00 2.286486e+00
      vertex   -4.694216e+01 0.000000e+00 7.713514e+00
      vertex   -4.738828e+01 0.000000e+00 8.184477e+00
    endloop
  endfacet
  facet normal -0.000000e+00 -1.000000e+00 0.000000e+00
    outer loop
      vertex   -4.694216e+01 0.000000e+00 2.286486e+00
      vertex   -4.738828e+01 0.000000e+00 8.184477e+00
      vertex   -4.738828e+01 0.000000e+00 1.815523e+00
    endloop
  endfacet
  facet normal 0.000000e+00 -1.000000e+00 0.000000e+00
    outer loop
      vertex   -4.738828e+01 0.000000e+00 1.815523e+00
      vertex   -4.738828e+01 0.000000e+00 8.184477e+00
      vertex   -4.772273e+01 0.000000e+00 8.740333e+00
    endloop
  endfacet
  facet normal 0.000000e+00 -1.000000e+00 0.000000e+00
    outer loop
      vertex   3.611041e+01 0.000000e+00 2.278693e+01
      vertex   4.419741e+01 0.000000e+00 2.289065e+01
      vertex   3.548535e+01 0.000000e+00 2.296048e+01
    endloop
  endfacet
  facet normal 0.000000e+00 -1.000000e+00 0.000000e+00
    outer loop
      vertex   3.548535e+01 0.000000e+00 2.296048e+01
      vertex   4.419741e+01 0.000000e+00 2.289065e+01
      vertex   4.483758e+01 0.000000e+00 2.299560e+01
    endloop
  endfacet
  facet normal 0.000000e+00 -1.000000e+00 0.000000e+00
    outer loop
      vertex   3.548535e+01 0.000000e+00 2.296048e+01
      vertex   4.483758e+01 0.000000e+00 2.299560e+01
      vertex   5.500000e+01 0.000000e+00 3.000000e+01
    endloop
  endfacet
  facet normal 0.000000e+00 -1.000000e+00 0.000000e+00
    outer loop
      vertex   5.500000e+01 0.000000e+00 3.000000e+01
      vertex   4.483758e+01 0.000000e+00 2.299560e+01
      vertex   4.548535e+01 0.000000e+00 2.296048e+01
    endloop
  endfacet
  facet normal 0.000000e+00 -1.000000e+00 0.000000e+00
    outer loop
      vertex   5.500000e+01 0.000000e+00 3.000000e+01
      vertex   4.548535e+01 0.000000e+00 2.296048e+01
      vertex   4.611041e+01 0.000000e+00 2.278693e+01
    endloop
  endfacet
  facet normal 0.000000e+00 -1.000000e+00 0.000000e+00
    outer loop
      vertex   4.419741e+01 0.000000e+00 2.289065e+01
      vertex   3.611041e+01 0.000000e+00 2.278693e+01
      vertex   4.359477e+01 0.000000e+00 2.265054e+01
    endloop
  endfacet
  facet normal -0.000000e+00 -1.000000e+00 0.000000e+00
    outer loop
      vertex   4.359477e+01 0.000000e+00 2.265054e+01
      vertex   3.611041e+01 0.000000e+00 2.278693e+01
      vertex   3.668356e+01 0.000000e+00 2.248307e+01
    endloop
  endfacet
  facet normal 0.000000e+00 -1.000000e+00 0.000000e+00
    outer loop
      vertex   4.359477e+01 0.000000e+00 2.265054e+01
      vertex   3.668356e+01 0.000000e+00 2.248307e+01
      vertex   4.305784e+01 0.000000e+00 2.228649e+01
    endloop
  endfacet
  facet normal -0.000000e+00 -1.000000e+00 0.000000e+00
    outer loop
      vertex   4.305784e+01 0.000000e+00 2.228649e+01
      vertex   3.668356e+01 0.000000e+00 2.248307e+01
      vertex   3.717799e+01 0.000000e+00 2.206310e+01
    endloop
  endfacet
  facet normal 0.000000e+00 -1.000000e+00 0.000000e+00
    outer loop
      vertex   4.305784e+01 0.000000e+00 2.228649e+01
      vertex   3.717799e+01 0.000000e+00 2.206310e+01
      vertex   4.261172e+01 0.000000e+00 2.181552e+01
    endloop
  endfacet
  facet normal -0.000000e+00 -1.000000e+00 0.000000e+00
    outer loop
      vertex   4.261172e+01 0.000000e+00 2.181552e+01
      vertex   3.717799e+01 0.000000e+00 2.206310e+01
      vertex   3.757057e+01 0.000000e+00 2.154666e+01
    endloop
  endfacet
  facet normal 0.000000e+00 -1.000000e+00 0.000000e+00
    outer loop
      vertex   4.261172e+01 0.000000e+00 2.181552e+01
      vertex   3.757057e+01 0.000000e+00 2.154666e+01
      vertex   4.227727e+01 0.000000e+00 2.125967e+01
    endloop
  endfacet
  facet normal -0.000000e+00 -1.000000e+00 0.000000e+00
    outer loop
      vertex   4.227727e+01 0.000000e+00 2.125967e+01
      vertex   3.757057e+01 0.000000e+00 2.154666e+01
      vertex   3.784296e+01 0.000000e+00 2.095790e+01
    endloop
  endfacet
  facet normal 0.000000e+00 -1.000000e+00 0.000000e+00
    outer loop
      vertex   4.227727e+01 0.000000e+00 2.125967e+01
      vertex   3.784296e+01 0.000000e+00 2.095790e+01
      vertex   4.207014e+01 0.000000e+00 2.064491e+01
    endloop
  endfacet
  facet normal -0.000000e+00 -1.000000e+00 0.000000e+00
    outer loop
      vertex   4.207014e+01 0.000000e+00 2.064491e+01
      vertex   3.784296e+01 0.000000e+00 2.095790e+01
      vertex   3.798241e+01 0.000000e+00 2.032436e+01
    endloop
  endfacet
  facet normal 0.000000e+00 -1.000000e+00 0.000000e+00
    outer loop
      vertex   4.207014e+01 0.000000e+00 2.064491e+01
      vertex   3.798241e+01 0.000000e+00 2.032436e+01
      vertex   4.200000e+01 0.000000e+00 2.000000e+01
    endloop
  endfacet
  facet normal -0.000000e+00 -1.000000e+00 0.000000e+00
    outer loop
      vertex   4.200000e+01 0.000000e+00 2.000000e+01
      vertex   3.798241e+01 0.000000e+00 2.032436e+01
      vertex   3.798241e+01 0.000000e+00 1.967564e+01
    endloop
  endfacet
  facet normal 0.000000e+00 -1.000000e+00 -0.000000e+00
    outer loop
      vertex   4.200000e+01 0.000000e+00 2.000000e+01
      vertex   3.798241e+01 0.000000e+00 1.967564e+01
      vertex   4.207014e+01 0.000000e+00 1.935509e+01
    endloop
  endfacet
  facet normal -0.000000e+00 -1.000000e+00 0.000000e+00
    outer loop
      vertex   4.207014e+01 0.000000e+00 1.935509e+01
      vertex   3.798241e+01 0.000000e+00 1.967564e+01
      vertex   3.784296e+01 0.000000e+00 1.904210e+01
    endloop
  endfacet
  facet normal 0.000000e+00 -1.000000e+00 -0.000000e+00
    outer loop
      vertex   4.207014e+01 0.000000e+00 1.935509e+01
      vertex   3.784296e+01 0.000000e+00 1.904210e+01
      vertex   4.227727e+01 0.000000e+00 1.874033e+01
    endloop
  endfacet
  facet normal -0.000000e+00 -1.000000e+00 0.000000e+00
    outer loop
      vertex   4.227727e+01 0.000000e+00 1.874033e+01
      vertex   3.784296e+01 0.000000e+00 1.904210e+01
      vertex   3.757057e+01 0.000000e+00 1.845334e+01
    endloop
  endfacet
  facet normal 0.000000e+00 -1.000000e+00 -0.000000e+00
    outer loop
      vertex   4.227727e+01 0.000000e+00 1.874033e+01
      vertex   3.757057e+01 0.000000e+00 1.845334e+01
      vertex   4.261172e+01 0.000000e+00 1.818448e+01
    endloop
  endfacet
  facet normal -0.000000e+00 -1.000000e+00 0.000000e+00
    outer loop
      vertex   4.261172e+01 0.000000e+00 1.818448e+01
      vertex   3.757057e+01 0.000000e+00 1.845334e+01
      vertex   3.717799e+01 0.000000e+00 1.793690e+01
    endloop
  endfacet
  facet normal 0.000000e+00 -1.000000e+00 -0.000000e+00
    outer loop
      vertex   4.261172e+01 0.000000e+00 1.818448e+01
      vertex   3.717799e+01 0.000000e+00 1.793690e+01
      vertex   4.305784e+01 0.000000e+00 1.771351e+01
    endloop
  endfacet
  facet normal -0.000000e+00 -1.000000e+00 0.000000e+00
    outer loop
      vertex   4.305784e+01 0.000000e+00 1.771351e+01
      vertex   3.717799e+01 0.000000e+00 1.793690e+01
      vertex   3.668356e+01 0.000000e+00 1.751693e+01
    endloop
  endfacet
  facet normal 0.000000e+00 -1.000000e+00 -0.000000e+00
    outer loop
      vertex   4.305784e+01 0.000000e+00 1.771351e+01
      vertex   3.668356e+01 0.000000e+00 1.751693e+01
      vertex   4.359477e+01 0.000000e+00 1.734946e+01
    endloop
  endfacet
  facet normal -0.000000e+00 -1.000000e+00 0.000000e+00
    outer loop
      vertex   4.359477e+01 0.000000e+00 1.734946e+01
      vertex   3.668356e+01 0.000000e+00 1.751693e+01
      vertex   3.611041e+01 0.000000e+00 1.721307e+01
    endloop
  endfacet
  facet normal 0.000000e+00 -1.000000e+00 -0.000000e+00
    outer loop
      vertex   4.359477e+01 0.000000e+00 1.734946e+01
      vertex   3.611041e+01 0.000000e+00 1.721307e+01
      vertex   4.419741e+01 0.000000e+00 1.710935e+01
    endloop
  endfacet
  facet normal -0.000000e+00 -1.000000e+00 0.000000e+00
    outer loop
      vertex   4.419741e+01 0.000000e+00 1.710935e+01
      vertex   3.611041e+01 0.000000e+00 1.721307e+01
      vertex   3.548535e+01 0.000000e+00 1.703952e+01
    endloop
  endfacet
  facet normal 0.000000e+00 -1.000000e+00 0.000000e+00
    outer loop
      vertex   4.419741e+01 0.000000e+00 1.710935e+01
      vertex   3.548535e+01 0.000000e+00 1.703952e+01
      vertex   4.419741e+01 0.000000e+00 1.289065e+01
    endloop
  endfacet
  facet normal -0.000000e+00 -1.000000e+00 0.000000e+00
    outer loop
      vertex   -4.792986e+01 0.000000e+00 -6.449113e-01
      vertex   -4.800000e+01 0.000000e+00 3.673940e-16
      vertex   -5.500000e+01 0.000000e+00 -1.000000e+01
    endloop
  endfacet
  facet normal 0.000000e+00 -1.000000e+00 0.000000e+00
    outer loop
      vertex   -5.500000e+01 0.000000e+00 -1.000000e+01
      vertex   -4.800000e+01 0.000000e+00 3.673940e-16
      vertex   -4.792986e+01 0.000000e+00 6.449113e-01
    endloop
  endfacet
  facet normal 0.000000e+00 -1.000000e+00 0.000000e+00
    outer loop
      vertex   -3.580259e+01 0.000000e+00 2.890650e+00
      vertex   -4.388959e+01 0.000000e+00 2.786930e+00
      vertex   -3.640523e+01 0.000000e+00 2.650536e+00
    endloop
  endfacet
  facet normal -0.000000e+00 -1.000000e+00 0.000000e+00
    outer loop
      vertex   -3.640523e+01 0.000000e+00 2.650536e+00
      vertex   -4.388959e+01 0.000000e+00 2.786930e+00
      vertex   -4.331644e+01 0.000000e+00 2.483067e+00
    endloop
  endfacet
  facet normal 0.000000e+00 -1.000000e+00 0.000000e+00
    outer loop
      vertex   -3.640523e+01 0.000000e+00 2.650536e+00
      vertex   -4.331644e+01 0.000000e+00 2.483067e+00
      vertex   -3.694216e+01 0.000000e+00 2.286486e+00
    endloop
  endfacet
  facet normal -0.000000e+00 -1.000000e+00 0.000000e+00
    outer loop
      vertex   -3.694216e+01 0.000000e+00 2.286486e+00
      vertex   -4.331644e+01 0.000000e+00 2.483067e+00
      vertex   -4.282201e+01 0.000000e+00 2.063098e+00
    endloop
  endfacet
  facet normal 0.000000e+00 -1.000000e+00 0.000000e+00
    outer loop
      vertex   -3.694216e+01 0.000000e+00 2.286486e+00
      vertex   -4.282201e+01 0.000000e+00 2.063098e+00
      vertex   -3.738828e+01 0.000000e+00 1.815523e+00
    endloop
  endfacet
  facet normal -0.000000e+00 -1.000000e+00 0.000000e+00
    outer loop
      vertex   -3.738828e+01 0.000000e+00 1.815523e+00
      vertex   -4.282201e+01 0.000000e+00 2.063098e+00
      vertex   -4.242943e+01 0.000000e+00 1.546662e+00
    endloop
  endfacet
  facet normal 0.000000e+00 -1.000000e+00 0.000000e+00
    outer loop
      vertex   -3.738828e+01 0.000000e+00 1.815523e+00
      vertex   -4.242943e+01 0.000000e+00 1.546662e+00
      vertex   -3.772273e+01 0.000000e+00 1.259667e+00
    endloop
  endfacet
  facet normal -0.000000e+00 -1.000000e+00 0.000000e+00
    outer loop
      vertex   -3.772273e+01 0.000000e+00 1.259667e+00
      vertex   -4.242943e+01 0.000000e+00 1.546662e+00
      vertex   -4.215704e+01 0.000000e+00 9.579046e-01
    endloop
  endfacet
  facet normal 0.000000e+00 -1.000000e+00 0.000000e+00
    outer loop
      vertex   -3.772273e+01 0.000000e+00 1.259667e+00
      vertex   -4.215704e+01 0.000000e+00 9.579046e-01
      vertex   -3.792986e+01 0.000000e+00 6.449113e-01
    endloop
  endfacet
  facet normal -0.000000e+00 -1.000000e+00 0.000000e+00
    outer loop
      vertex   -3.792986e+01 0.000000e+00 6.449113e-01
      vertex   -4.215704e+01 0.000000e+00 9.579046e-01
      vertex   -4.201759e+01 0.000000e+00 3.243571e-01
    endloop
  endfacet
  facet normal 0.000000e+00 -1.000000e+00 0.000000e+00
    outer loop
      vertex   -3.792986e+01 0.000000e+00 6.449113e-01
      vertex   -4.201759e+01 0.000000e+00 3.243571e-01
      vertex   -3.800000e+01 0.000000e+00 3.673940e-16
    endloop
  endfacet
  facet normal -0.000000e+00 -1.000000e+00 0.000000e+00
    outer loop
      vertex   -3.800000e+01 0.000000e+00 3.673940e-16
      vertex   -4.201759e+01 0.000000e+00 3.243571e-01
      vertex   -4.201759e+01 0.000000e+00 -3.243571e-01
    endloop
  endfacet
  facet normal 0.000000e+00 -1.000000e+00 -0.000000e+00
    outer loop
      vertex   -3.800000e+01 0.000000e+00 3.673940e-16
      vertex   -4.201759e+01 0.000000e+00 -3.243571e-01
      vertex   -3.792986e+01 0.000000e+00 -6.449113e-01
    endloop
  endfacet
  facet normal -0.000000e+00 -1.000000e+00 0.000000e+00
    outer loop
      vertex   -3.792986e+01 0.000000e+00 -6.449113e-01
      vertex   -4.201759e+01 0.000000e+00 -3.243571e-01
      vertex   -4.215704e+01 0.000000e+00 -9.579046e-01
    endloop
  endfacet
  facet normal 0.000000e+00 -1.000000e+00 -0.000000e+00
    outer loop
      vertex   -3.792986e+01 0.000000e+00 -6.449113e-01
      vertex   -4.215704e+01 0.000000e+00 -9.579046e-01
      vertex   -3.772273e+01 0.000000e+00 -1.259667e+00
    endloop
  endfacet
  facet normal -0.000000e+00 -1.000000e+00 0.000000e+00
    outer loop
      vertex   -3.772273e+01 0.000000e+00 -1.259667e+00
      vertex   -4.215704e+01 0.000000e+00 -9.579046e-01
      vertex   -4.242943e+01 0.000000e+00 -1.546662e+00
    endloop
  endfacet
  facet normal 0.000000e+00 -1.000000e+00 -0.000000e+00
    outer loop
      vertex   -3.772273e+01 0.000000e+00 -1.259667e+00
      vertex   -4.242943e+01 0.000000e+00 -1.546662e+00
      vertex   -3.738828e+01 0.000000e+00 -1.815523e+00
    endloop
  endfacet
  facet normal -0.000000e+00 -1.000000e+00 0.000000e+00
    outer loop
      vertex   -3.738828e+01 0.000000e+00 -1.815523e+00
      vertex   -4.242943e+01 0.000000e+00 -1.546662e+00
      vertex   -4.282201e+01 0.000000e+00 -2.063098e+00
    endloop
  endfacet
  facet normal 0.000000e+00 -1.000000e+00 -0.000000e+00
    outer loop
      vertex   -3.738828e+01 0.000000e+00 -1.815523e+00
      vertex   -4.282201e+01 0.000000e+00 -2.063098e+00
      vertex   -3.694216e+01 0.000000e+00 -2.286486e+00
    endloop
  endfacet
  facet normal -0.000000e+00 -1.000000e+00 0.000000e+00
    outer loop
      vertex   -3.694216e+01 0.000000e+00 -2.286486e+00
      vertex   -4.282201e+01 0.000000e+00 -2.063098e+00
      vertex   -4.331644e+01 0.000000e+00 -2.483067e+00
    endloop
  endfacet
  facet normal 0.000000e+00 -1.000000e+00 -0.000000e+00
    outer loop
      vertex   -3.694216e+01 0.000000e+00 -2.286486e+00
      vertex   -4.331644e+01 0.000000e+00 -2.483067e+00
      vertex   -3.640523e+01 0.000000e+00 -2.650536e+00
    endloop
  endfacet
  facet normal -0.000000e+00 -1.000000e+00 0.000000e+00
    outer loop
      vertex   -3.640523e+01 0.000000e+00 -2.650536e+00
      vertex   -4.331644e+01 0.000000e+00 -2.483067e+00
      vertex   -4.388959e+01 0.000000e+00 -2.786930e+00
    endloop
  endfacet
  facet normal 0.000000e+00 -1.000000e+00 -0.000000e+00
    outer loop
      vertex   -3.640523e+01 0.000000e+00 -2.650536e+00
      vertex   -4.388959e+01 0.000000e+00 -2.786930e+00
      vertex   -3.580259e+01 0.000000e+00 -2.890650e+00
    endloop
  endfacet
  facet normal -0.000000e+00 -1.000000e+00 0.000000e+00
    outer loop
      vertex   -3.580259e+01 0.000000e+00 -2.890650e+00
      vertex   -4.388959e+01 0.000000e+00 -2.786930e+00
      vertex   -4.451465e+01 0.000000e+00 -2.960480e+00
    endloop
  endfacet
  facet normal 0.000000e+00 -1.000000e+00 -0.000000e+00
    outer loop
      vertex   -3.580259e+01 0.000000e+00 -2.890650e+00
      vertex   -4.451465e+01 0.000000e+00 -2.960480e+00
      vertex   -3.516242e+01 0.000000e+00 -2.995600e+00
    endloop
  endfacet
  facet normal -0.000000e+00 -1.000000e+00 0.000000e+00
    outer loop
      vertex   -3.516242e+01 0.000000e+00 -2.995600e+00
      vertex   -4.451465e+01 0.000000e+00 -2.960480e+00
      vertex   -5.500000e+01 0.000000e+00 -1.000000e+01
    endloop
  endfacet
  facet normal 0.000000e+00 -1.000000e+00 0.000000e+00
    outer loop
      vertex   -4.451465e+01 0.000000e+00 -2.960480e+00
      vertex   -4.516242e+01 0.000000e+00 -2.995600e+00
      vertex   -5.500000e+01 0.000000e+00 -1.000000e+01
    endloop
  endfacet
  facet normal 0.000000e+00 -1.000000e+00 0.000000e+00
    outer loop
      vertex   -5.500000e+01 0.000000e+00 -1.000000e+01
      vertex   -4.516242e+01 0.000000e+00 -2.995600e+00
      vertex   -4.580259e+01 0.000000e+00 -2.890650e+00
    endloop
  endfacet
  facet normal 0.000000e+00 -1.000000e+00 0.000000e+00
    outer loop
      vertex   -5.500000e+01 0.000000e+00 -1.000000e+01
      vertex   -4.580259e+01 0.000000e+00 -2.890650e+00
      vertex   -4.640523e+01 0.000000e+00 -2.650536e+00
    endloop
  endfacet
  facet normal -0.000000e+00 -1.000000e+00 0.000000e+00
    outer loop
      vertex   -4.640523e+01 0.000000e+00 -2.650536e+00
      vertex   -4.694216e+01 0.000000e+00 -2.286486e+00
      vertex   -5.500000e+01 0.000000e+00 -1.000000e+01
    endloop
  endfacet
  facet normal 0.000000e+00 -1.000000e+00 0.000000e+00
    outer loop
      vertex   -5.500000e+01 0.000000e+00 -1.000000e+01
      vertex   -4.694216e+01 0.000000e+00 -2.286486e+00
      vertex   -4.738828e+01 0.000000e+00 -1.815523e+00
    endloop
  endfacet
  facet normal 0.000000e+00 -1.000000e+00 0.000000e+00
    outer loop
      vertex   -5.500000e+01 0.000000e+00 -1.000000e+01
      vertex   -4.738828e+01 0.000000e+00 -1.815523e+00
      vertex   -4.772273e+01 0.000000e+00 -1.259667e+00
    endloop
  endfacet
  facet normal -0.000000e+00 -1.000000e+00 0.000000e+00
    outer loop
      vertex   -4.772273e+01 0.000000e+00 -1.259667e+00
      vertex   -4.792986e+01 0.000000e+00 -6.449113e-01
      vertex   -5.500000e+01 0.000000e+00 -1.000000e+01
    endloop
  endfacet
  facet normal 0.000000e+00 -1.000000e+00 0.000000e+00
    outer loop
      vertex   2.070138e+00 0.000000e+00 6.449113e-01
      vertex   -2.017586e+00 0.000000e+00 3.243571e-01
      vertex   2.000000e+00 0.000000e+00 3.673940e-16
    endloop
  endfacet
  facet normal -0.000000e+00 -1.000000e+00 0.000000e+00
    outer loop
      vertex   2.000000e+00 0.000000e+00 3.673940e-16
      vertex   -2.017586e+00 0.000000e+00 3.243571e-01
      vertex   -2.017586e+00 0.000000e+00 -3.243571e-01
    endloop
  endfacet
  facet normal 0.000000e+00 -1.000000e+00 -0.000000e+00
    outer loop
      vertex   2.000000e+00 0.000000e+00 3.673940e-16
      vertex   -2.017586e+00 0.000000e+00 -3.243571e-01
      vertex   2.070138e+00 0.000000e+00 -6.449113e-01
    endloop
  endfacet
  facet normal -0.000000e+00 -1.000000e+00 0.000000e+00
    outer loop
      vertex   2.070138e+00 0.000000e+00 -6.449113e-01
      vertex   -2.017586e+00 0.000000e+00 -3.243571e-01
      vertex   -2.157040e+00 0.000000e+00 -9.579046e-01
    endloop
  endfacet
  facet normal 0.000000e+00 -1.000000e+00 -0.000000e+00
    outer loop
      vertex   2.070138e+00 0.000000e+00 -6.449113e-01
      vertex   -2.157040e+00 0.000000e+00 -9.579046e-01
      vertex   2.277274e+00 0.000000e+00 -1.259667e+00
    endloop
  endfacet
  facet normal -0.000000e+00 -1.000000e+00 0.000000e+00
    outer loop
      vertex   2.277274e+00 0.000000e+00 -1.259667e+00
      vertex   -2.157040e+00 0.000000e+00 -9.579046e-01
      vertex   -2.429428e+00 0.000000e+00 -1.546662e+00
    endloop
  endfacet
  facet normal 0.000000e+00 -1.000000e+00 -0.000000e+00
    outer loop
      vertex   2.277274e+00 0.000000e+00 -1.259667e+00
      vertex   -2.429428e+00 0.000000e+00 -1.546662e+00
      vertex   2.611721e+00 0.000000e+00 -1.815523e+00
    endloop
  endfacet
  facet normal -0.000000e+00 -1.000000e+00 0.000000e+00
    outer loop
      vertex   2.611721e+00 0.000000e+00 -1.815523e+00
      vertex   -2.429428e+00 0.000000e+00 -1.546662e+00
      vertex   -2.822014e+00 0.000000e+00 -2.063098e+00
    endloop
  endfacet
  facet normal 0.000000e+00 -1.000000e+00 -0.000000e+00
    outer loop
      vertex   2.611721e+00 0.000000e+00 -1.815523e+00
      vertex   -2.822014e+00 0.000000e+00 -2.063098e+00
      vertex   3.057841e+00 0.000000e+00 -2.286486e+00
    endloop
  endfacet
  facet normal -0.000000e+00 -1.000000e+00 0.000000e+00
    outer loop
      vertex   3.057841e+00 0.000000e+00 -2.286486e+00
      vertex   -2.822014e+00 0.000000e+00 -2.063098e+00
      vertex   -3.316439e+00 0.000000e+00 -2.483067e+00
    endloop
  endfacet
  facet normal 0.000000e+00 -1.000000e+00 -0.000000e+00
    outer loop
      vertex   3.057841e+00 0.000000e+00 -2.286486e+00
      vertex   -3.316439e+00 0.000000e+00 -2.483067e+00
      vertex   3.594775e+00 0.000000e+00 -2.650536e+00
    endloop
  endfacet
  facet normal -0.000000e+00 -1.000000e+00 0.000000e+00
    outer loop
      vertex   3.594775e+00 0.000000e+00 -2.650536e+00
      vertex   -3.316439e+00 0.000000e+00 -2.483067e+00
      vertex   -3.889586e+00 0.000000e+00 -2.786930e+00
    endloop
  endfacet
  facet normal 0.000000e+00 -1.000000e+00 -0.000000e+00
    outer loop
      vertex   3.594775e+00 0.000000e+00 -2.650536e+00
      vertex   -3.889586e+00 0.000000e+00 -2.786930e+00
      vertex   4.197415e+00 0.000000e+00 -2.890650e+00
    endloop
  endfacet
  facet normal -0.000000e+00 -1.000000e+00 0.000000e+00
    outer loop
      vertex   4.197415e+00 0.000000e+00 -2.890650e+00
      vertex   -3.889586e+00 0.000000e+00 -2.786930e+00
      vertex   -4.514654e+00 0.000000e+00 -2.960480e+00
    endloop
  endfacet
  facet normal 0.000000e+00 -1.000000e+00 -0.000000e+00
    outer loop
      vertex   4.197415e+00 0.000000e+00 -2.890650e+00
      vertex   -4.514654e+00 0.000000e+00 -2.960480e+00
      vertex   4.837583e+00 0.000000e+00 -2.995600e+00
    endloop
  endfacet
  facet normal -0.000000e+00 -1.000000e+00 0.000000e+00
    outer loop
      vertex   4.837583e+00 0.000000e+00 -2.995600e+00
      vertex   -4.514654e+00 0.000000e+00 -2.960480e+00
      vertex   -5.162417e+00 0.000000e+00 -2.995600e+00
    endloop
  endfacet
  facet normal 0.000000e+00 -1.000000e+00 0.000000e+00
    outer loop
      vertex   4.837583e+00 0.000000e+00 -2.995600e+00
      vertex   -5.162417e+00 0.000000e+00 -2.995600e+00
      vertex   -5.500000e+01 0.000000e+00 -1.000000e+01
    endloop
  endfacet
  facet normal 0.000000e+00 -1.000000e+00 0.000000e+00
    outer loop
      vertex   -2.017586e+00 0.000000e+00 3.243571e-01
      vertex   2.070138e+00 0.000000e+00 6.449113e-01
      vertex   -2.157040e+00 0.000000e+00 9.579046e-01
    endloop
  endfacet
  facet normal 0.000000e+00 -1.000000e+00 0.000000e+00
    outer loop
      vertex   -2.157040e+00 0.000000e+00 9.579046e-01
      vertex   2.070138e+00 0.000000e+00 6.449113e-01
      vertex   2.277274e+00 0.000000e+00 1.259667e+00
    endloop
  endfacet
  facet normal 0.000000e+00 -1.000000e+00 0.000000e+00
    outer loop
      vertex   -2.157040e+00 0.000000e+00 9.579046e-01
      vertex   2.277274e+00 0.000000e+00 1.259667e+00
      vertex   -2.429428e+00 0.000000e+00 1.546662e+00
    endloop
  endfacet
  facet normal 0.000000e+00 -1.000000e+00 0.000000e+00
    outer loop
      vertex   -2.429428e+00 0.000000e+00 1.546662e+00
      vertex   2.277274e+00 0.000000e+00 1.259667e+00
      vertex   2.611721e+00 0.000000e+00 1.815523e+00
    endloop
  endfacet
  facet normal 0.000000e+00 -1.000000e+00 0.000000e+00
    outer loop
      vertex   -2.429428e+00 0.000000e+00 1.546662e+00
      vertex   2.611721e+00 0.000000e+00 1.815523e+00
      vertex   -2.822014e+00 0.000000e+00 2.063098e+00
    endloop
  endfacet
  facet normal 0.000000e+00 -1.000000e+00 0.000000e+00
    outer loop
      vertex   -2.822014e+00 0.000000e+00 2.063098e+00
      vertex   2.611721e+00 0.000000e+00 1.815523e+00
      vertex   3.057841e+00 0.000000e+00 2.286486e+00
    endloop
  endfacet
  facet normal 0.000000e+00 -1.000000e+00 0.000000e+00
    outer loop
      vertex   -2.822014e+00 0.000000e+00 2.063098e+00
      vertex   3.057841e+00 0.000000e+00 2.286486e+00
      vertex   -3.316439e+00 0.000000e+00 2.483067e+00
    endloop
  endfacet
  facet normal 0.000000e+00 -1.000000e+00 0.000000e+00
    outer loop
      vertex   -3.316439e+00 0.000000e+00 2.483067e+00
      vertex   3.057841e+00 0.000000e+00 2.286486e+00
      vertex   3.594775e+00 0.000000e+00 2.650536e+00
    endloop
  endfacet
  facet normal 0.000000e+00 -1.000000e+00 0.000000e+00
    outer loop
      vertex   -3.316439e+00 0.000000e+00 2.483067e+00
      vertex   3.594775e+00 0.000000e+00 2.650536e+00
      vertex   -3.889586e+00 0.000000e+00 2.786930e+00
    endloop
  endfacet
  facet normal 0.000000e+00 -1.000000e+00 0.000000e+00
    outer loop
      vertex   -3.889586e+00 0.000000e+00 2.786930e+00
      vertex   3.594775e+00 0.000000e+00 2.650536e+00
      vertex   4.197415e+00 0.000000e+00 2.890650e+00
    endloop
  endfacet
  facet normal 0.000000e+00 -1.000000e+00 0.000000e+00
    outer loop
      vertex   4.197415e+00 0.000000e+00 2.890650e+00
      vertex   4.837583e+00 0.000000e+00 2.995600e+00
      vertex   4.197415e+00 0.000000e+00 7.109350e+00
    endloop
  endfacet
  facet normal 0.000000e+00 -1.000000e+00 0.000000e+00
    outer loop
      vertex   1.419741e+01 0.000000e+00 2.890650e+00
      vertex   6.110414e+00 0.000000e+00 2.786930e+00
      vertex   1.359477e+01 0.000000e+00 2.650536e+00
    endloop
  endfacet
  facet normal -0.000000e+00 -1.000000e+00 0.000000e+00
    outer loop
      vertex   1.359477e+01 0.000000e+00 2.650536e+00
      vertex   6.110414e+00 0.000000e+00 2.786930e+00
      vertex   6.683561e+00 0.000000e+00 2.483067e+00
    endloop
  endfacet
  facet normal 0.000000e+00 -1.000000e+00 0.000000e+00
    outer loop
      vertex   1.359477e+01 0.000000e+00 2.650536e+00
      vertex   6.683561e+00 0.000000e+00 2.483067e+00
      vertex   1.305784e+01 0.000000e+00 2.286486e+00
    endloop
  endfacet
  facet normal -0.000000e+00 -1.000000e+00 0.000000e+00
    outer loop
      vertex   1.305784e+01 0.000000e+00 2.286486e+00
      vertex   6.683561e+00 0.000000e+00 2.483067e+00
      vertex   7.177986e+00 0.000000e+00 2.063098e+00
    endloop
  endfacet
  facet normal 0.000000e+00 -1.000000e+00 0.000000e+00
    outer loop
      vertex   1.305784e+01 0.000000e+00 2.286486e+00
      vertex   7.177986e+00 0.000000e+00 2.063098e+00
      vertex   1.261172e+01 0.000000e+00 1.815523e+00
    endloop
  endfacet
  facet normal -0.000000e+00 -1.000000e+00 0.000000e+00
    outer loop
      vertex   1.261172e+01 0.000000e+00 1.815523e+00
      vertex   7.177986e+00 0.000000e+00 2.063098e+00
      vertex   7.570572e+00 0.000000e+00 1.546662e+00
    endloop
  endfacet
  facet normal 0.000000e+00 -1.000000e+00 0.000000e+00
    outer loop
      vertex   1.261172e+01 0.000000e+00 1.815523e+00
      vertex   7.570572e+00 0.000000e+00 1.546662e+00
      vertex   1.227727e+01 0.000000e+00 1.259667e+00
    endloop
  endfacet
  facet normal -0.000000e+00 -1.000000e+00 0.000000e+00
    outer loop
      vertex   1.227727e+01 0.000000e+00 1.259667e+00
      vertex   7.570572e+00 0.000000e+00 1.546662e+00
      vertex   7.842960e+00 0.000000e+00 9.579046e-01
    endloop
  endfacet
  facet normal 0.000000e+00 -1.000000e+00 0.000000e+00
    outer loop
      vertex   1.227727e+01 0.000000e+00 1.259667e+00
      vertex   7.842960e+00 0.000000e+00 9.579046e-01
      vertex   1.207014e+01 0.000000e+00 6.449113e-01
    endloop
  endfacet
  facet normal -0.000000e+00 -1.000000e+00 0.000000e+00
    outer loop
      vertex   1.207014e+01 0.000000e+00 6.449113e-01
      vertex   7.842960e+00 0.000000e+00 9.579046e-01
      vertex   7.982414e+00 0.000000e+00 3.243571e-01
    endloop
  endfacet
  facet normal 0.000000e+00 -1.000000e+00 0.000000e+00
    outer loop
      vertex   1.207014e+01 0.000000e+00 6.449113e-01
      vertex   7.982414e+00 0.000000e+00 3.243571e-01
      vertex   1.200000e+01 0.000000e+00 3.673940e-16
    endloop
  endfacet
  facet normal -0.000000e+00 -1.000000e+00 0.000000e+00
    outer loop
      vertex   1.200000e+01 0.000000e+00 3.673940e-16
      vertex   7.982414e+00 0.000000e+00 3.243571e-01
      vertex   7.982414e+00 0.000000e+00 -3.243571e-01
    endloop
  endfacet
  facet normal 0.000000e+00 -1.000000e+00 -0.000000e+00
    outer loop
      vertex   1.200000e+01 0.000000e+00 3.673940e-16
      vertex   7.982414e+00 0.000000e+00 -3.243571e-01
      vertex   1.207014e+01 0.000000e+00 -6.449113e-01
    endloop
  endfacet
  facet normal -0.000000e+00 -1.000000e+00 0.000000e+00
    outer loop
      vertex   1.207014e+01 0.000000e+00 -6.449113e-01
      vertex   7.982414e+00 0.000000e+00 -3.243571e-01
      vertex   7.842960e+00 0.000000e+00 -9.579046e-01
    endloop
  endfacet
  facet normal 0.000000e+00 -1.000000e+00 -0.000000e+00
    outer loop
      vertex   1.207014e+01 0.000000e+00 -6.449113e-01
      vertex   7.842960e+00 0.000000e+00 -9.579046e-01
      vertex   1.227727e+01 0.000000e+00 -1.259667e+00
    endloop
  endfacet
  facet normal -0.000000e+00 -1.000000e+00 0.000000e+00
    outer loop
      vertex   1.227727e+01 0.000000e+00 -1.259667e+00
      vertex   7.842960e+00 0.000000e+00 -9.579046e-01
      vertex   7.570572e+00 0.000000e+00 -1.546662e+00
    endloop
  endfacet
  facet normal 0.000000e+00 -1.000000e+00 -0.000000e+00
    outer loop
      vertex   1.227727e+01 0.000000e+00 -1.259667e+00
      vertex   7.570572e+00 0.000000e+00 -1.546662e+00
      vertex   1.261172e+01 0.000000e+00 -1.815523e+00
    endloop
  endfacet
  facet normal -0.000000e+00 -1.000000e+00 0.000000e+00
    outer loop
      vertex   1.261172e+01 0.000000e+00 -1.815523e+00
      vertex   7.570572e+00 0.000000e+00 -1.546662e+00
      vertex   7.177986e+00 0.000000e+00 -2.063098e+00
    endloop
  endfacet
  facet normal 0.000000e+00 -1.000000e+00 -0.000000e+00
    outer loop
      vertex   1.261172e+01 0.000000e+00 -1.815523e+00
      vertex   7.177986e+00 0.000000e+00 -2.063098e+00
      vertex   1.305784e+01 0.000000e+00 -2.286486e+00
    endloop
  endfacet
  facet normal -0.000000e+00 -1.000000e+00 0.000000e+00
    outer loop
      vertex   1.305784e+01 0.000000e+00 -2.286486e+00
      vertex   7.177986e+00 0.000000e+00 -2.063098e+00
      vertex   6.683561e+00 0.000000e+00 -2.483067e+00
    endloop
  endfacet
  facet normal 0.000000e+00 -1.000000e+00 -0.000000e+00
    outer loop
      vertex   1.305784e+01 0.000000e+00 -2.286486e+00
      vertex   6.683561e+00 0.000000e+00 -2.483067e+00
      vertex   1.359477e+01 0.000000e+00 -2.650536e+00
    endloop
  endfacet
  facet normal -0.000000e+00 -1.000000e+00 0.000000e+00
    outer loop
      vertex   1.359477e+01 0.000000e+00 -2.650536e+00
      vertex   6.683561e+00 0.000000e+00 -2.483067e+00
      vertex   6.110414e+00 0.000000e+00 -2.786930e+00
    endloop
  endfacet
  facet normal 0.000000e+00 -1.000000e+00 -0.000000e+00
    outer loop
      vertex   1.359477e+01 0.000000e+00 -2.650536e+00
      vertex   6.110414e+00 0.000000e+00 -2.786930e+00
      vertex   1.419741e+01 0.000000e+00 -2.890650e+00
    endloop
  endfacet
  facet normal -0.000000e+00 -1.000000e+00 0.000000e+00
    outer loop
      vertex   1.419741e+01 0.000000e+00 -2.890650e+00
      vertex   6.110414e+00 0.000000e+00 -2.786930e+00
      vertex   5.485346e+00 0.000000e+00 -2.960480e+00
    endloop
  endfacet
  facet normal 0.000000e+00 -1.000000e+00 -0.000000e+00
    outer loop
      vertex   1.419741e+01 0.000000e+00 -2.890650e+00
      vertex   5.485346e+00 0.000000e+00 -2.960480e+00
      vertex   1.483758e+01 0.000000e+00 -2.995600e+00
    endloop
  endfacet
  facet normal 0.000000e+00 -1.000000e+00 0.000000e+00
    outer loop
      vertex   1.483758e+01 0.000000e+00 -2.995600e+00
      vertex   5.485346e+00 0.000000e+00 -2.960480e+00
      vertex   4.837583e+00 0.000000e+00 -2.995600e+00
    endloop
  endfacet
  facet normal -0.000000e+00 -1.000000e+00 -0.000000e+00
    outer loop
      vertex   1.483758e+01 0.000000e+00 -2.995600e+00
      vertex   4.837583e+00 0.000000e+00 -2.995600e+00
      vertex   5.500000e+01 0.000000e+00 -1.000000e+01
    endloop
  endfacet
  facet normal 0.000000e+00 -1.000000e+00 0.000000e+00
    outer loop
      vertex   5.500000e+01 0.000000e+00 -1.000000e+01
      vertex   4.837583e+00 0.000000e+00 -2.995600e+00
      vertex   -5.500000e+01 0.000000e+00 -1.000000e+01
    endloop
  endfacet
  facet normal 0.000000e+00 -1.000000e+00 0.000000e+00
    outer loop
      vertex   -5.802585e+00 0.000000e+00 2.890650e+00
      vertex   -5.162417e+00 0.000000e+00 2.995600e+00
      vertex   -5.802585e+00 0.000000e+00 7.109350e+00
    endloop
  endfacet
  facet normal 0.000000e+00 -1.000000e+00 0.000000e+00
    outer loop
      vertex   -5.802585e+00 0.000000e+00 7.109350e+00
      vertex   -5.162417e+00 0.000000e+00 2.995600e+00
      vertex   -5.162417e+00 0.000000e+00 7.004400e+00
    endloop
  endfacet
  facet normal 0.000000e+00 -1.000000e+00 -0.000000e+00
    outer loop
      vertex   -5.162417e+00 0.000000e+00 7.004400e+00
      vertex   -5.162417e+00 0.000000e+00 2.995600e+00
      vertex   -4.514654e+00 0.000000e+00 7.039520e+00
    endloop
  endfacet
  facet normal 0.000000e+00 -1.000000e+00 0.000000e+00
    outer loop
      vertex   -4.514654e+00 0.000000e+00 7.039520e+00
      vertex   -5.162417e+00 0.000000e+00 2.995600e+00
      vertex   -4.514654e+00 0.000000e+00 2.960480e+00
    endloop
  endfacet
  facet normal 0.000000e+00 -1.000000e+00 0.000000e+00
    outer loop
      vertex   4.419741e+01 0.000000e+00 1.289065e+01
      vertex   4.483758e+01 0.000000e+00 1.299560e+01
      vertex   4.419741e+01 0.000000e+00 1.710935e+01
    endloop
  endfacet
  facet normal 0.000000e+00 -1.000000e+00 0.000000e+00
    outer loop
      vertex   4.419741e+01 0.000000e+00 1.710935e+01
      vertex   4.483758e+01 0.000000e+00 1.299560e+01
      vertex   4.483758e+01 0.000000e+00 1.700440e+01
    endloop
  endfacet
  facet normal 0.000000e+00 -1.000000e+00 0.000000e+00
    outer loop
      vertex   4.483758e+01 0.000000e+00 1.700440e+01
      vertex   4.483758e+01 0.000000e+00 1.299560e+01
      vertex   4.548535e+01 0.000000e+00 1.703952e+01
    endloop
  endfacet
  facet normal 0.000000e+00 -1.000000e+00 -0.000000e+00
    outer loop
      vertex   4.548535e+01 0.000000e+00 1.703952e+01
      vertex   4.483758e+01 0.000000e+00 1.299560e+01
      vertex   4.548535e+01 0.000000e+00 1.296048e+01
    endloop
  endfacet
  facet normal 0.000000e+00 -1.000000e+00 0.000000e+00
    outer loop
      vertex   4.548535e+01 0.000000e+00 1.703952e+01
      vertex   4.548535e+01 0.000000e+00 1.296048e+01
      vertex   4.611041e+01 0.000000e+00 1.721307e+01
    endloop
  endfacet
  facet normal 0.000000e+00 -1.000000e+00 -0.000000e+00
    outer loop
      vertex   4.611041e+01 0.000000e+00 1.721307e+01
      vertex   4.548535e+01 0.000000e+00 1.296048e+01
      vertex   4.611041e+01 0.000000e+00 1.278693e+01
    endloop
  endfacet
  facet normal 0.000000e+00 -1.000000e+00 0.000000e+00
    outer loop
      vertex   4.611041e+01 0.000000e+00 1.721307e+01
      vertex   4.611041e+01 0.000000e+00 1.278693e+01
      vertex   4.668356e+01 0.000000e+00 1.751693e+01
    endloop
  endfacet
  facet normal 0.000000e+00 -1.000000e+00 -0.000000e+00
    outer loop
      vertex   4.668356e+01 0.000000e+00 1.751693e+01
      vertex   4.611041e+01 0.000000e+00 1.278693e+01
      vertex   4.668356e+01 0.000000e+00 1.248307e+01
    endloop
  endfacet
  facet normal 0.000000e+00 -1.000000e+00 0.000000e+00
    outer loop
      vertex   4.668356e+01 0.000000e+00 1.751693e+01
      vertex   4.668356e+01 0.000000e+00 1.248307e+01
      vertex   4.717799e+01 0.000000e+00 1.793690e+01
    endloop
  endfacet
  facet normal 0.000000e+00 -1.000000e+00 -0.000000e+00
    outer loop
      vertex   4.717799e+01 0.000000e+00 1.793690e+01
      vertex   4.668356e+01 0.000000e+00 1.248307e+01
      vertex   4.717799e+01 0.000000e+00 1.206310e+01
    endloop
  endfacet
  facet normal 0.000000e+00 -1.000000e+00 0.000000e+00
    outer loop
      vertex   4.717799e+01 0.000000e+00 1.793690e+01
      vertex   4.717799e+01 0.000000e+00 1.206310e+01
      vertex   4.757057e+01 0.000000e+00 1.845334e+01
    endloop
  endfacet
  facet normal 0.000000e+00 -1.000000e+00 -0.000000e+00
    outer loop
      vertex   4.757057e+01 0.000000e+00 1.845334e+01
      vertex   4.717799e+01 0.000000e+00 1.206310e+01
      vertex   4.757057e+01 0.000000e+00 1.154666e+01
    endloop
  endfacet
  facet normal 0.000000e+00 -1.000000e+00 0.000000e+00
    outer loop
      vertex   4.757057e+01 0.000000e+00 1.845334e+01
      vertex   4.757057e+01 0.000000e+00 1.154666e+01
      vertex   4.784296e+01 0.000000e+00 1.095790e+01
    endloop
  endfacet
  facet normal 0.000000e+00 -1.000000e+00 0.000000e+00
    outer loop
      vertex   4.798241e+01 0.000000e+00 1.032436e+01
      vertex   5.500000e+01 0.000000e+00 3.000000e+01
      vertex   4.784296e+01 0.000000e+00 1.095790e+01
    endloop
  endfacet
  facet normal 0.000000e+00 -1.000000e+00 0.000000e+00
    outer loop
      vertex   4.784296e+01 0.000000e+00 1.095790e+01
      vertex   5.500000e+01 0.000000e+00 3.000000e+01
      vertex   4.784296e+01 0.000000e+00 1.904210e+01
    endloop
  endfacet
  facet normal 0.000000e+00 -1.000000e+00 0.000000e+00
    outer loop
      vertex   4.784296e+01 0.000000e+00 1.095790e+01
      vertex   4.784296e+01 0.000000e+00 1.904210e+01
      vertex   4.757057e+01 0.000000e+00 1.845334e+01
    endloop
  endfacet
  facet normal 0.000000e+00 -1.000000e+00 0.000000e+00
    outer loop
      vertex   4.798241e+01 0.000000e+00 1.032436e+01
      vertex   4.798241e+01 0.000000e+00 9.675643e+00
      vertex   5.500000e+01 0.000000e+00 3.000000e+01
    endloop
  endfacet
  facet normal 0.000000e+00 -1.000000e+00 -0.000000e+00
    outer loop
      vertex   5.500000e+01 0.000000e+00 3.000000e+01
      vertex   4.798241e+01 0.000000e+00 9.675643e+00
      vertex   5.500000e+01 0.000000e+00 -1.000000e+01
    endloop
  endfacet
  facet normal 0.000000e+00 -1.000000e+00 0.000000e+00
    outer loop
      vertex   5.500000e+01 0.000000e+00 -1.000000e+01
      vertex   4.798241e+01 0.000000e+00 9.675643e+00
      vertex   4.784296e+01 0.000000e+00 9.042095e+00
    endloop
  endfacet
  facet normal 0.000000e+00 -1.000000e+00 0.000000e+00
    outer loop
      vertex   5.500000e+01 0.000000e+00 -1.000000e+01
      vertex   4.784296e+01 0.000000e+00 9.042095e+00
      vertex   4.784296e+01 0.000000e+00 9.579046e-01
    endloop
  endfacet
  facet normal 0.000000e+00 -1.000000e+00 0.000000e+00
    outer loop
      vertex   4.784296e+01 0.000000e+00 9.579046e-01
      vertex   4.784296e+01 0.000000e+00 9.042095e+00
      vertex   4.757057e+01 0.000000e+00 1.546662e+00
    endloop
  endfacet
  facet normal 0.000000e+00 -1.000000e+00 0.000000e+00
    outer loop
      vertex   4.757057e+01 0.000000e+00 1.546662e+00
      vertex   4.784296e+01 0.000000e+00 9.042095e+00
      vertex   4.757057e+01 0.000000e+00 8.453338e+00
    endloop
  endfacet
  facet normal 0.000000e+00 -1.000000e+00 0.000000e+00
    outer loop
      vertex   4.757057e+01 0.000000e+00 1.546662e+00
      vertex   4.757057e+01 0.000000e+00 8.453338e+00
      vertex   4.717799e+01 0.000000e+00 2.063098e+00
    endloop
  endfacet
  facet normal 0.000000e+00 -1.000000e+00 0.000000e+00
    outer loop
      vertex   4.717799e+01 0.000000e+00 2.063098e+00
      vertex   4.757057e+01 0.000000e+00 8.453338e+00
      vertex   4.717799e+01 0.000000e+00 7.936902e+00
    endloop
  endfacet
  facet normal 0.000000e+00 -1.000000e+00 0.000000e+00
    outer loop
      vertex   4.717799e+01 0.000000e+00 2.063098e+00
      vertex   4.717799e+01 0.000000e+00 7.936902e+00
      vertex   4.668356e+01 0.000000e+00 2.483067e+00
    endloop
  endfacet
  facet normal 0.000000e+00 -1.000000e+00 0.000000e+00
    outer loop
      vertex   4.668356e+01 0.000000e+00 2.483067e+00
      vertex   4.717799e+01 0.000000e+00 7.936902e+00
      vertex   4.668356e+01 0.000000e+00 7.516933e+00
    endloop
  endfacet
  facet normal 0.000000e+00 -1.000000e+00 0.000000e+00
    outer loop
      vertex   4.668356e+01 0.000000e+00 2.483067e+00
      vertex   4.668356e+01 0.000000e+00 7.516933e+00
      vertex   4.611041e+01 0.000000e+00 2.786930e+00
    endloop
  endfacet
  facet normal 0.000000e+00 -1.000000e+00 0.000000e+00
    outer loop
      vertex   4.611041e+01 0.000000e+00 2.786930e+00
      vertex   4.668356e+01 0.000000e+00 7.516933e+00
      vertex   4.611041e+01 0.000000e+00 7.213070e+00
    endloop
  endfacet
  facet normal 0.000000e+00 -1.000000e+00 0.000000e+00
    outer loop
      vertex   4.611041e+01 0.000000e+00 2.786930e+00
      vertex   4.611041e+01 0.000000e+00 7.213070e+00
      vertex   4.548535e+01 0.000000e+00 2.960480e+00
    endloop
  endfacet
  facet normal 0.000000e+00 -1.000000e+00 0.000000e+00
    outer loop
      vertex   4.548535e+01 0.000000e+00 2.960480e+00
      vertex   4.611041e+01 0.000000e+00 7.213070e+00
      vertex   4.548535e+01 0.000000e+00 7.039520e+00
    endloop
  endfacet
  facet normal 0.000000e+00 -1.000000e+00 0.000000e+00
    outer loop
      vertex   4.548535e+01 0.000000e+00 2.960480e+00
      vertex   4.548535e+01 0.000000e+00 7.039520e+00
      vertex   4.483758e+01 0.000000e+00 2.995600e+00
    endloop
  endfacet
  facet normal 0.000000e+00 -1.000000e+00 0.000000e+00
    outer loop
      vertex   4.483758e+01 0.000000e+00 2.995600e+00
      vertex   4.548535e+01 0.000000e+00 7.039520e+00
      vertex   4.483758e+01 0.000000e+00 7.004400e+00
    endloop
  endfacet
  facet normal 0.000000e+00 -1.000000e+00 0.000000e+00
    outer loop
      vertex   4.483758e+01 0.000000e+00 2.995600e+00
      vertex   4.483758e+01 0.000000e+00 7.004400e+00
      vertex   4.419741e+01 0.000000e+00 7.109350e+00
    endloop
  endfacet
  facet normal 0.000000e+00 -1.000000e+00 0.000000e+00
    outer loop
      vertex   4.207014e+01 0.000000e+00 6.449113e-01
      vertex   3.798241e+01 0.000000e+00 3.243571e-01
      vertex   4.200000e+01 0.000000e+00 3.673940e-16
    endloop
  endfacet
  facet normal -0.000000e+00 -1.000000e+00 0.000000e+00
    outer loop
      vertex   4.200000e+01 0.000000e+00 3.673940e-16
      vertex   3.798241e+01 0.000000e+00 3.243571e-01
      vertex   3.798241e+01 0.000000e+00 -3.243571e-01
    endloop
  endfacet
  facet normal 0.000000e+00 -1.000000e+00 -0.000000e+00
    outer loop
      vertex   4.200000e+01 0.000000e+00 3.673940e-16
      vertex   3.798241e+01 0.000000e+00 -3.243571e-01
      vertex   4.207014e+01 0.000000e+00 -6.449113e-01
    endloop
  endfacet
  facet normal -0.000000e+00 -1.000000e+00 0.000000e+00
    outer loop
      vertex   4.207014e+01 0.000000e+00 -6.449113e-01
      vertex   3.798241e+01 0.000000e+00 -3.243571e-01
      vertex   3.784296e+01 0.000000e+00 -9.579046e-01
    endloop
  endfacet
  facet normal 0.000000e+00 -1.000000e+00 -0.000000e+00
    outer loop
      vertex   4.207014e+01 0.000000e+00 -6.449113e-01
      vertex   3.784296e+01 0.000000e+00 -9.579046e-01
      vertex   4.227727e+01 0.000000e+00 -1.259667e+00
    endloop
  endfacet
  facet normal -0.000000e+00 -1.000000e+00 0.000000e+00
    outer loop
      vertex   4.227727e+01 0.000000e+00 -1.259667e+00
      vertex   3.784296e+01 0.000000e+00 -9.579046e-01
      vertex   3.757057e+01 0.000000e+00 -1.546662e+00
    endloop
  endfacet
  facet normal 0.000000e+00 -1.000000e+00 -0.000000e+00
    outer loop
      vertex   4.227727e+01 0.000000e+00 -1.259667e+00
      vertex   3.757057e+01 0.000000e+00 -1.546662e+00
      vertex   4.261172e+01 0.000000e+00 -1.815523e+00
    endloop
  endfacet
  facet normal -0.000000e+00 -1.000000e+00 0.000000e+00
    outer loop
      vertex   4.261172e+01 0.000000e+00 -1.815523e+00
      vertex   3.757057e+01 0.000000e+00 -1.546662e+00
      vertex   3.717799e+01 0.000000e+00 -2.063098e+00
    endloop
  endfacet
  facet normal 0.000000e+00 -1.000000e+00 -0.000000e+00
    outer loop
      vertex   4.261172e+01 0.000000e+00 -1.815523e+00
      vertex   3.717799e+01 0.000000e+00 -2.063098e+00
      vertex   4.305784e+01 0.000000e+00 -2.286486e+00
    endloop
  endfacet
  facet normal -0.000000e+00 -1.000000e+00 0.000000e+00
    outer loop
      vertex   4.305784e+01 0.000000e+00 -2.286486e+00
      vertex   3.717799e+01 0.000000e+00 -2.063098e+00
      vertex   3.668356e+01 0.000000e+00 -2.483067e+00
    endloop
  endfacet
  facet normal 0.000000e+00 -1.000000e+00 -0.000000e+00
    outer loop
      vertex   4.305784e+01 0.000000e+00 -2.286486e+00
      vertex   3.668356e+01 0.000000e+00 -2.483067e+00
      vertex   4.359477e+01 0.000000e+00 -2.650536e+00
    endloop
  endfacet
  facet normal -0.000000e+00 -1.000000e+00 0.000000e+00
    outer loop
      vertex   4.359477e+01 0.000000e+00 -2.650536e+00
      vertex   3.668356e+01 0.000000e+00 -2.483067e+00
      vertex   3.611041e+01 0.000000e+00 -2.786930e+00
    endloop
  endfacet
  facet normal 0.000000e+00 -1.000000e+00 -0.000000e+00
    outer loop
      vertex   4.359477e+01 0.000000e+00 -2.650536e+00
      vertex   3.611041e+01 0.000000e+00 -2.786930e+00
      vertex   4.419741e+01 0.000000e+00 -2.890650e+00
    endloop
  endfacet
  facet normal -0.000000e+00 -1.000000e+00 0.000000e+00
    outer loop
      vertex   4.419741e+01 0.000000e+00 -2.890650e+00
      vertex   3.611041e+01 0.000000e+00 -2.786930e+00
      vertex   3.548535e+01 0.000000e+00 -2.960480e+00
    endloop
  endfacet
  facet normal 0.000000e+00 -1.000000e+00 -0.000000e+00
    outer loop
      vertex   4.419741e+01 0.000000e+00 -2.890650e+00
      vertex   3.548535e+01 0.000000e+00 -2.960480e+00
      vertex   4.483758e+01 0.000000e+00 -2.995600e+00
    endloop
  endfacet
  facet normal -0.000000e+00 -1.000000e+00 -0.000000e+00
    outer loop
      vertex   4.483758e+01 0.000000e+00 -2.995600e+00
      vertex   3.548535e+01 0.000000e+00 -2.960480e+00
      vertex   5.500000e+01 0.000000e+00 -1.000000e+01
    endloop
  endfacet
  facet normal 0.000000e+00 -1.000000e+00 0.000000e+00
    outer loop
      vertex   4.483758e+01 0.000000e+00 -2.995600e+00
      vertex   5.500000e+01 0.000000e+00 -1.000000e+01
      vertex   4.548535e+01 0.000000e+00 -2.960480e+00
    endloop
  endfacet
  facet normal 0.000000e+00 -1.000000e+00 0.000000e+00
    outer loop
      vertex   4.548535e+01 0.000000e+00 -2.960480e+00
      vertex   5.500000e+01 0.000000e+00 -1.000000e+01
      vertex   4.611041e+01 0.000000e+00 -2.786930e+00
    endloop
  endfacet
  facet normal 0.000000e+00 -1.000000e+00 0.000000e+00
    outer loop
      vertex   4.611041e+01 0.000000e+00 -2.786930e+00
      vertex   5.500000e+01 0.000000e+00 -1.000000e+01
      vertex   4.668356e+01 0.000000e+00 -2.483067e+00
    endloop
  endfacet
  facet normal 0.000000e+00 -1.000000e+00 0.000000e+00
    outer loop
      vertex   4.668356e+01 0.000000e+00 -2.483067e+00
      vertex   5.500000e+01 0.000000e+00 -1.000000e+01
      vertex   4.717799e+01 0.000000e+00 -2.063098e+00
    endloop
  endfacet
  facet normal 0.000000e+00 -1.000000e+00 0.000000e+00
    outer loop
      vertex   4.717799e+01 0.000000e+00 -2.063098e+00
      vertex   5.500000e+01 0.000000e+00 -1.000000e+01
      vertex   4.757057e+01 0.000000e+00 -1.546662e+00
    endloop
  endfacet
  facet normal 0.000000e+00 -1.000000e+00 0.000000e+00
    outer loop
      vertex   4.757057e+01 0.000000e+00 -1.546662e+00
      vertex   5.500000e+01 0.000000e+00 -1.000000e+01
      vertex   4.784296e+01 0.000000e+00 -9.579046e-01
    endloop
  endfacet
  facet normal 0.000000e+00 -1.000000e+00 0.000000e+00
    outer loop
      vertex   4.784296e+01 0.000000e+00 -9.579046e-01
      vertex   5.500000e+01 0.000000e+00 -1.000000e+01
      vertex   4.798241e+01 0.000000e+00 -3.243571e-01
    endloop
  endfacet
  facet normal 0.000000e+00 -1.000000e+00 0.000000e+00
    outer loop
      vertex   4.798241e+01 0.000000e+00 -3.243571e-01
      vertex   5.500000e+01 0.000000e+00 -1.000000e+01
      vertex   4.798241e+01 0.000000e+00 3.243571e-01
    endloop
  endfacet
  facet normal 0.000000e+00 -1.000000e+00 0.000000e+00
    outer loop
      vertex   4.798241e+01 0.000000e+00 3.243571e-01
      vertex   5.500000e+01 0.000000e+00 -1.000000e+01
      vertex   4.784296e+01 0.000000e+00 9.579046e-01
    endloop
  endfacet
  facet normal 0.000000e+00 -1.000000e+00 0.000000e+00
    outer loop
      vertex   3.798241e+01 0.000000e+00 3.243571e-01
      vertex   4.207014e+01 0.000000e+00 6.449113e-01
      vertex   3.784296e+01 0.000000e+00 9.579046e-01
    endloop
  endfacet
  facet normal 0.000000e+00 -1.000000e+00 0.000000e+00
    outer loop
      vertex   3.784296e+01 0.000000e+00 9.579046e-01
      vertex   4.207014e+01 0.000000e+00 6.449113e-01
      vertex   4.227727e+01 0.000000e+00 1.259667e+00
    endloop
  endfacet
  facet normal 0.000000e+00 -1.000000e+00 0.000000e+00
    outer loop
      vertex   3.784296e+01 0.000000e+00 9.579046e-01
      vertex   4.227727e+01 0.000000e+00 1.259667e+00
      vertex   3.757057e+01 0.000000e+00 1.546662e+00
    endloop
  endfacet
  facet normal 0.000000e+00 -1.000000e+00 0.000000e+00
    outer loop
      vertex   3.757057e+01 0.000000e+00 1.546662e+00
      vertex   4.227727e+01 0.000000e+00 1.259667e+00
      vertex   4.261172e+01 0.000000e+00 1.815523e+00
    endloop
  endfacet
  facet normal 0.000000e+00 -1.000000e+00 0.000000e+00
    outer loop
      vertex   3.757057e+01 0.000000e+00 1.546662e+00
      vertex   4.261172e+01 0.000000e+00 1.815523e+00
      vertex   3.717799e+01 0.000000e+00 2.063098e+00
    endloop
  endfacet
  facet normal 0.000000e+00 -1.000000e+00 0.000000e+00
    outer loop
      vertex   3.717799e+01 0.000000e+00 2.063098e+00
      vertex   4.261172e+01 0.000000e+00 1.815523e+00
      vertex   4.305784e+01 0.000000e+00 2.286486e+00
    endloop
  endfacet
  facet normal 0.000000e+00 -1.000000e+00 0.000000e+00
    outer loop
      vertex   3.717799e+01 0.000000e+00 2.063098e+00
      vertex   4.305784e+01 0.000000e+00 2.286486e+00
      vertex   3.668356e+01 0.000000e+00 2.483067e+00
    endloop
  endfacet
  facet normal 0.000000e+00 -1.000000e+00 0.000000e+00
    outer loop
      vertex   3.668356e+01 0.000000e+00 2.483067e+00
      vertex   4.305784e+01 0.000000e+00 2.286486e+00
      vertex   4.359477e+01 0.000000e+00 2.650536e+00
    endloop
  endfacet
  facet normal 0.000000e+00 -1.000000e+00 0.000000e+00
    outer loop
      vertex   3.668356e+01 0.000000e+00 2.483067e+00
      vertex   4.359477e+01 0.000000e+00 2.650536e+00
      vertex   3.611041e+01 0.000000e+00 2.786930e+00
    endloop
  endfacet
  facet normal 0.000000e+00 -1.000000e+00 0.000000e+00
    outer loop
      vertex   3.611041e+01 0.000000e+00 2.786930e+00
      vertex   4.359477e+01 0.000000e+00 2.650536e+00
      vertex   4.419741e+01 0.000000e+00 2.890650e+00
    endloop
  endfacet
  facet normal 0.000000e+00 -1.000000e+00 0.000000e+00
    outer loop
      vertex   4.419741e+01 0.000000e+00 2.890650e+00
      vertex   4.483758e+01 0.000000e+00 2.995600e+00
      vertex   4.419741e+01 0.000000e+00 7.109350e+00
    endloop
  endfacet
  facet normal 0.000000e+00 -1.000000e+00 0.000000e+00
    outer loop
      vertex   3.207014e+01 0.000000e+00 6.449113e-01
      vertex   2.798241e+01 0.000000e+00 3.243571e-01
      vertex   3.200000e+01 0.000000e+00 3.673940e-16
    endloop
  endfacet
  facet normal -0.000000e+00 -1.000000e+00 0.000000e+00
    outer loop
      vertex   3.200000e+01 0.000000e+00 3.673940e-16
      vertex   2.798241e+01 0.000000e+00 3.243571e-01
      vertex   2.798241e+01 0.000000e+00 -3.243571e-01
    endloop
  endfacet
  facet normal 0.000000e+00 -1.000000e+00 -0.000000e+00
    outer loop
      vertex   3.200000e+01 0.000000e+00 3.673940e-16
      vertex   2.798241e+01 0.000000e+00 -3.243571e-01
      vertex   3.207014e+01 0.000000e+00 -6.449113e-01
    endloop
  endfacet
  facet normal -0.000000e+00 -1.000000e+00 0.000000e+00
    outer loop
      vertex   3.207014e+01 0.000000e+00 -6.449113e-01
      vertex   2.798241e+01 0.000000e+00 -3.243571e-01
      vertex   2.784296e+01 0.000000e+00 -9.579046e-01
    endloop
  endfacet
  facet normal 0.000000e+00 -1.000000e+00 -0.000000e+00
    outer loop
      vertex   3.207014e+01 0.000000e+00 -6.449113e-01
      vertex   2.784296e+01 0.000000e+00 -9.579046e-01
      vertex   3.227727e+01 0.000000e+00 -1.259667e+00
    endloop
  endfacet
  facet normal -0.000000e+00 -1.000000e+00 0.000000e+00
    outer loop
      vertex   3.227727e+01 0.000000e+00 -1.259667e+00
      vertex   2.784296e+01 0.000000e+00 -9.579046e-01
      vertex   2.757057e+01 0.000000e+00 -1.546662e+00
    endloop
  endfacet
  facet normal 0.000000e+00 -1.000000e+00 -0.000000e+00
    outer loop
      vertex   3.227727e+01 0.000000e+00 -1.259667e+00
      vertex   2.757057e+01 0.000000e+00 -1.546662e+00
      vertex   3.261172e+01 0.000000e+00 -1.815523e+00
    endloop
  endfacet
  facet normal -0.000000e+00 -1.000000e+00 0.000000e+00
    outer loop
      vertex   3.261172e+01 0.000000e+00 -1.815523e+00
      vertex   2.757057e+01 0.000000e+00 -1.546662e+00
      vertex   2.717799e+01 0.000000e+00 -2.063098e+00
    endloop
  endfacet
  facet normal 0.000000e+00 -1.000000e+00 -0.000000e+00
    outer loop
      vertex   3.261172e+01 0.000000e+00 -1.815523e+00
      vertex   2.717799e+01 0.000000e+00 -2.063098e+00
      vertex   3.305784e+01 0.000000e+00 -2.286486e+00
    endloop
  endfacet
  facet normal -0.000000e+00 -1.000000e+00 0.000000e+00
    outer loop
      vertex   3.305784e+01 0.000000e+00 -2.286486e+00
      vertex   2.717799e+01 0.000000e+00 -2.063098e+00
      vertex   2.668356e+01 0.000000e+00 -2.483067e+00
    endloop
  endfacet
  facet normal 0.000000e+00 -1.000000e+00 -0.000000e+00
    outer loop
      vertex   3.305784e+01 0.000000e+00 -2.286486e+00
      vertex   2.668356e+01 0.000000e+00 -2.483067e+00
      vertex   3.359477e+01 0.000000e+00 -2.650536e+00
    endloop
  endfacet
  facet normal -0.000000e+00 -1.000000e+00 0.000000e+00
    outer loop
      vertex   3.359477e+01 0.000000e+00 -2.650536e+00
      vertex   2.668356e+01 0.000000e+00 -2.483067e+00
      vertex   2.611041e+01 0.000000e+00 -2.786930e+00
    endloop
  endfacet
  facet normal 0.000000e+00 -1.000000e+00 -0.000000e+00
    outer loop
      vertex   3.359477e+01 0.000000e+00 -2.650536e+00
      vertex   2.611041e+01 0.000000e+00 -2.786930e+00
      vertex   3.419741e+01 0.000000e+00 -2.890650e+00
    endloop
  endfacet
  facet normal -0.000000e+00 -1.000000e+00 0.000000e+00
    outer loop
      vertex   3.419741e+01 0.000000e+00 -2.890650e+00
      vertex   2.611041e+01 0.000000e+00 -2.786930e+00
      vertex   2.548535e+01 0.000000e+00 -2.960480e+00
    endloop
  endfacet
  facet normal 0.000000e+00 -1.000000e+00 -0.000000e+00
    outer loop
      vertex   3.419741e+01 0.000000e+00 -2.890650e+00
      vertex   2.548535e+01 0.000000e+00 -2.960480e+00
      vertex   3.483758e+01 0.000000e+00 -2.995600e+00
    endloop
  endfacet
  facet normal -0.000000e+00 -1.000000e+00 -0.000000e+00
    outer loop
      vertex   3.483758e+01 0.000000e+00 -2.995600e+00
      vertex   2.548535e+01 0.000000e+00 -2.960480e+00
      vertex   5.500000e+01 0.000000e+00 -1.000000e+01
    endloop
  endfacet
  facet normal 0.000000e+00 -1.000000e+00 0.000000e+00
    outer loop
      vertex   3.483758e+01 0.000000e+00 -2.995600e+00
      vertex   5.500000e+01 0.000000e+00 -1.000000e+01
      vertex   3.548535e+01 0.000000e+00 -2.960480e+00
    endloop
  endfacet
  facet normal 0.000000e+00 -1.000000e+00 0.000000e+00
    outer loop
      vertex   2.798241e+01 0.000000e+00 3.243571e-01
      vertex   3.207014e+01 0.000000e+00 6.449113e-01
      vertex   2.784296e+01 0.000000e+00 9.579046e-01
    endloop
  endfacet
  facet normal 0.000000e+00 -1.000000e+00 0.000000e+00
    outer loop
      vertex   2.784296e+01 0.000000e+00 9.579046e-01
      vertex   3.207014e+01 0.000000e+00 6.449113e-01
      vertex   3.227727e+01 0.000000e+00 1.259667e+00
    endloop
  endfacet
  facet normal 0.000000e+00 -1.000000e+00 0.000000e+00
    outer loop
      vertex   2.784296e+01 0.000000e+00 9.579046e-01
      vertex   3.227727e+01 0.000000e+00 1.259667e+00
      vertex   2.757057e+01 0.000000e+00 1.546662e+00
    endloop
  endfacet
  facet normal 0.000000e+00 -1.000000e+00 0.000000e+00
    outer loop
      vertex   2.757057e+01 0.000000e+00 1.546662e+00
      vertex   3.227727e+01 0.000000e+00 1.259667e+00
      vertex   3.261172e+01 0.000000e+00 1.815523e+00
    endloop
  endfacet
  facet normal 0.000000e+00 -1.000000e+00 0.000000e+00
    outer loop
      vertex   2.757057e+01 0.000000e+00 1.546662e+00
      vertex   3.261172e+01 0.000000e+00 1.815523e+00
      vertex   2.717799e+01 0.000000e+00 2.063098e+00
    endloop
  endfacet
  facet normal 0.000000e+00 -1.000000e+00 0.000000e+00
    outer loop
      vertex   2.717799e+01 0.000000e+00 2.063098e+00
      vertex   3.261172e+01 0.000000e+00 1.815523e+00
      vertex   3.305784e+01 0.000000e+00 2.286486e+00
    endloop
  endfacet
  facet normal 0.000000e+00 -1.000000e+00 0.000000e+00
    outer loop
      vertex   2.717799e+01 0.000000e+00 2.063098e+00
      vertex   3.305784e+01 0.000000e+00 2.286486e+00
      vertex   2.668356e+01 0.000000e+00 2.483067e+00
    endloop
  endfacet
  facet normal 0.000000e+00 -1.000000e+00 0.000000e+00
    outer loop
      vertex   2.668356e+01 0.000000e+00 2.483067e+00
      vertex   3.305784e+01 0.000000e+00 2.286486e+00
      vertex   3.359477e+01 0.000000e+00 2.650536e+00
    endloop
  endfacet
  facet normal 0.000000e+00 -1.000000e+00 0.000000e+00
    outer loop
      vertex   2.668356e+01 0.000000e+00 2.483067e+00
      vertex   3.359477e+01 0.000000e+00 2.650536e+00
      vertex   2.611041e+01 0.000000e+00 2.786930e+00
    endloop
  endfacet
  facet normal 0.000000e+00 -1.000000e+00 0.000000e+00
    outer loop
      vertex   2.611041e+01 0.000000e+00 2.786930e+00
      vertex   3.359477e+01 0.000000e+00 2.650536e+00
      vertex   3.419741e+01 0.000000e+00 2.890650e+00
    endloop
  endfacet
  facet normal 0.000000e+00 -1.000000e+00 0.000000e+00
    outer loop
      vertex   3.419741e+01 0.000000e+00 2.890650e+00
      vertex   3.483758e+01 0.000000e+00 2.995600e+00
      vertex   3.419741e+01 0.000000e+00 7.109350e+00
    endloop
  endfacet
  facet normal 0.000000e+00 -1.000000e+00 0.000000e+00
    outer loop
      vertex   -3.792986e+01 0.000000e+00 2.064491e+01
      vertex   -4.201759e+01 0.000000e+00 2.032436e+01
      vertex   -3.800000e+01 0.000000e+00 2.000000e+01
    endloop
  endfacet
  facet normal -0.000000e+00 -1.000000e+00 0.000000e+00
    outer loop
      vertex   -3.800000e+01 0.000000e+00 2.000000e+01
      vertex   -4.201759e+01 0.000000e+00 2.032436e+01
      vertex   -4.201759e+01 0.000000e+00 1.967564e+01
    endloop
  endfacet
  facet normal 0.000000e+00 -1.000000e+00 -0.000000e+00
    outer loop
      vertex   -3.800000e+01 0.000000e+00 2.000000e+01
      vertex   -4.201759e+01 0.000000e+00 1.967564e+01
      vertex   -3.792986e+01 0.000000e+00 1.935509e+01
    endloop
  endfacet
  facet normal -0.000000e+00 -1.000000e+00 0.000000e+00
    outer loop
      vertex   -3.792986e+01 0.000000e+00 1.935509e+01
      vertex   -4.201759e+01 0.000000e+00 1.967564e+01
      vertex   -4.215704e+01 0.000000e+00 1.904210e+01
    endloop
  endfacet
  facet normal 0.000000e+00 -1.000000e+00 -0.000000e+00
    outer loop
      vertex   -3.792986e+01 0.000000e+00 1.935509e+01
      vertex   -4.215704e+01 0.000000e+00 1.904210e+01
      vertex   -3.772273e+01 0.000000e+00 1.874033e+01
    endloop
  endfacet
  facet normal -0.000000e+00 -1.000000e+00 0.000000e+00
    outer loop
      vertex   -3.772273e+01 0.000000e+00 1.874033e+01
      vertex   -4.215704e+01 0.000000e+00 1.904210e+01
      vertex   -4.242943e+01 0.000000e+00 1.845334e+01
    endloop
  endfacet
  facet normal 0.000000e+00 -1.000000e+00 -0.000000e+00
    outer loop
      vertex   -3.772273e+01 0.000000e+00 1.874033e+01
      vertex   -4.242943e+01 0.000000e+00 1.845334e+01
      vertex   -3.738828e+01 0.000000e+00 1.818448e+01
    endloop
  endfacet
  facet normal -0.000000e+00 -1.000000e+00 0.000000e+00
    outer loop
      vertex   -3.738828e+01 0.000000e+00 1.818448e+01
      vertex   -4.242943e+01 0.000000e+00 1.845334e+01
      vertex   -4.282201e+01 0.000000e+00 1.793690e+01
    endloop
  endfacet
  facet normal 0.000000e+00 -1.000000e+00 -0.000000e+00
    outer loop
      vertex   -3.738828e+01 0.000000e+00 1.818448e+01
      vertex   -4.282201e+01 0.000000e+00 1.793690e+01
      vertex   -3.694216e+01 0.000000e+00 1.771351e+01
    endloop
  endfacet
  facet normal -0.000000e+00 -1.000000e+00 0.000000e+00
    outer loop
      vertex   -3.694216e+01 0.000000e+00 1.771351e+01
      vertex   -4.282201e+01 0.000000e+00 1.793690e+01
      vertex   -4.331644e+01 0.000000e+00 1.751693e+01
    endloop
  endfacet
  facet normal 0.000000e+00 -1.000000e+00 -0.000000e+00
    outer loop
      vertex   -3.694216e+01 0.000000e+00 1.771351e+01
      vertex   -4.331644e+01 0.000000e+00 1.751693e+01
      vertex   -3.640523e+01 0.000000e+00 1.734946e+01
    endloop
  endfacet
  facet normal -0.000000e+00 -1.000000e+00 0.000000e+00
    outer loop
      vertex   -3.640523e+01 0.000000e+00 1.734946e+01
      vertex   -4.331644e+01 0.000000e+00 1.751693e+01
      vertex   -4.388959e+01 0.000000e+00 1.721307e+01
    endloop
  endfacet
  facet normal 0.000000e+00 -1.000000e+00 -0.000000e+00
    outer loop
      vertex   -3.640523e+01 0.000000e+00 1.734946e+01
      vertex   -4.388959e+01 0.000000e+00 1.721307e+01
      vertex   -3.580259e+01 0.000000e+00 1.710935e+01
    endloop
  endfacet
  facet normal -0.000000e+00 -1.000000e+00 0.000000e+00
    outer loop
      vertex   -3.580259e+01 0.000000e+00 1.710935e+01
      vertex   -4.388959e+01 0.000000e+00 1.721307e+01
      vertex   -4.451465e+01 0.000000e+00 1.703952e+01
    endloop
  endfacet
  facet normal 0.000000e+00 -1.000000e+00 0.000000e+00
    outer loop
      vertex   -4.201759e+01 0.000000e+00 2.032436e+01
      vertex   -3.792986e+01 0.000000e+00 2.064491e+01
      vertex   -4.215704e+01 0.000000e+00 2.095790e+01
    endloop
  endfacet
  facet normal 0.000000e+00 -1.000000e+00 0.000000e+00
    outer loop
      vertex   -4.215704e+01 0.000000e+00 2.095790e+01
      vertex   -3.792986e+01 0.000000e+00 2.064491e+01
      vertex   -3.772273e+01 0.000000e+00 2.125967e+01
    endloop
  endfacet
  facet normal 0.000000e+00 -1.000000e+00 0.000000e+00
    outer loop
      vertex   -4.215704e+01 0.000000e+00 2.095790e+01
      vertex   -3.772273e+01 0.000000e+00 2.125967e+01
      vertex   -4.242943e+01 0.000000e+00 2.154666e+01
    endloop
  endfacet
  facet normal 0.000000e+00 -1.000000e+00 0.000000e+00
    outer loop
      vertex   -4.242943e+01 0.000000e+00 2.154666e+01
      vertex   -3.772273e+01 0.000000e+00 2.125967e+01
      vertex   -3.738828e+01 0.000000e+00 2.181552e+01
    endloop
  endfacet
  facet normal 0.000000e+00 -1.000000e+00 0.000000e+00
    outer loop
      vertex   -4.242943e+01 0.000000e+00 2.154666e+01
      vertex   -3.738828e+01 0.000000e+00 2.181552e+01
      vertex   -4.282201e+01 0.000000e+00 2.206310e+01
    endloop
  endfacet
  facet normal 0.000000e+00 -1.000000e+00 0.000000e+00
    outer loop
      vertex   -4.282201e+01 0.000000e+00 2.206310e+01
      vertex   -3.738828e+01 0.000000e+00 2.181552e+01
      vertex   -3.694216e+01 0.000000e+00 2.228649e+01
    endloop
  endfacet
  facet normal 0.000000e+00 -1.000000e+00 0.000000e+00
    outer loop
      vertex   -4.282201e+01 0.000000e+00 2.206310e+01
      vertex   -3.694216e+01 0.000000e+00 2.228649e+01
      vertex   -4.331644e+01 0.000000e+00 2.248307e+01
    endloop
  endfacet
  facet normal 0.000000e+00 -1.000000e+00 0.000000e+00
    outer loop
      vertex   -4.331644e+01 0.000000e+00 2.248307e+01
      vertex   -3.694216e+01 0.000000e+00 2.228649e+01
      vertex   -3.640523e+01 0.000000e+00 2.265054e+01
    endloop
  endfacet
  facet normal 0.000000e+00 -1.000000e+00 0.000000e+00
    outer loop
      vertex   -4.331644e+01 0.000000e+00 2.248307e+01
      vertex   -3.640523e+01 0.000000e+00 2.265054e+01
      vertex   -4.388959e+01 0.000000e+00 2.278693e+01
    endloop
  endfacet
  facet normal 0.000000e+00 -1.000000e+00 0.000000e+00
    outer loop
      vertex   -4.388959e+01 0.000000e+00 2.278693e+01
      vertex   -3.640523e+01 0.000000e+00 2.265054e+01
      vertex   -3.580259e+01 0.000000e+00 2.289065e+01
    endloop
  endfacet
  facet normal 0.000000e+00 -1.000000e+00 0.000000e+00
    outer loop
      vertex   -4.388959e+01 0.000000e+00 2.278693e+01
      vertex   -3.580259e+01 0.000000e+00 2.289065e+01
      vertex   -4.451465e+01 0.000000e+00 2.296048e+01
    endloop
  endfacet
  facet normal 0.000000e+00 -1.000000e+00 0.000000e+00
    outer loop
      vertex   -4.451465e+01 0.000000e+00 2.296048e+01
      vertex   -3.580259e+01 0.000000e+00 2.289065e+01
      vertex   -3.516242e+01 0.000000e+00 2.299560e+01
    endloop
  endfacet
  facet normal 0.000000e+00 -1.000000e+00 0.000000e+00
    outer loop
      vertex   -4.451465e+01 0.000000e+00 2.296048e+01
      vertex   -3.516242e+01 0.000000e+00 2.299560e+01
      vertex   -5.500000e+01 0.000000e+00 3.000000e+01
    endloop
  endfacet
  facet normal 0.000000e+00 -1.000000e+00 0.000000e+00
    outer loop
      vertex   -5.500000e+01 0.000000e+00 3.000000e+01
      vertex   -3.516242e+01 0.000000e+00 2.299560e+01
      vertex   -3.451465e+01 0.000000e+00 2.296048e+01
    endloop
  endfacet
  facet normal 0.000000e+00 -1.000000e+00 0.000000e+00
    outer loop
      vertex   2.419741e+01 0.000000e+00 1.289065e+01
      vertex   2.483758e+01 0.000000e+00 1.299560e+01
      vertex   2.419741e+01 0.000000e+00 1.710935e+01
    endloop
  endfacet
  facet normal 0.000000e+00 -1.000000e+00 0.000000e+00
    outer loop
      vertex   2.548535e+01 0.000000e+00 2.960480e+00
      vertex   2.548535e+01 0.000000e+00 7.039520e+00
      vertex   2.483758e+01 0.000000e+00 2.995600e+00
    endloop
  endfacet
  facet normal 0.000000e+00 -1.000000e+00 0.000000e+00
    outer loop
      vertex   2.483758e+01 0.000000e+00 2.995600e+00
      vertex   2.548535e+01 0.000000e+00 7.039520e+00
      vertex   2.483758e+01 0.000000e+00 7.004400e+00
    endloop
  endfacet
  facet normal 0.000000e+00 -1.000000e+00 0.000000e+00
    outer loop
      vertex   2.483758e+01 0.000000e+00 2.995600e+00
      vertex   2.483758e+01 0.000000e+00 7.004400e+00
      vertex   2.419741e+01 0.000000e+00 7.109350e+00
    endloop
  endfacet
  facet normal 0.000000e+00 -1.000000e+00 0.000000e+00
    outer loop
      vertex   -3.580259e+01 0.000000e+00 2.890650e+00
      vertex   -3.516242e+01 0.000000e+00 2.995600e+00
      vertex   -3.580259e+01 0.000000e+00 7.109350e+00
    endloop
  endfacet
  facet normal 0.000000e+00 -1.000000e+00 0.000000e+00
    outer loop
      vertex   -2.580259e+01 0.000000e+00 2.890650e+00
      vertex   -3.388959e+01 0.000000e+00 2.786930e+00
      vertex   -2.640523e+01 0.000000e+00 2.650536e+00
    endloop
  endfacet
  facet normal -0.000000e+00 -1.000000e+00 0.000000e+00
    outer loop
      vertex   -2.640523e+01 0.000000e+00 2.650536e+00
      vertex   -3.388959e+01 0.000000e+00 2.786930e+00
      vertex   -3.331644e+01 0.000000e+00 2.483067e+00
    endloop
  endfacet
  facet normal 0.000000e+00 -1.000000e+00 0.000000e+00
    outer loop
      vertex   -2.640523e+01 0.000000e+00 2.650536e+00
      vertex   -3.331644e+01 0.000000e+00 2.483067e+00
      vertex   -2.694216e+01 0.000000e+00 2.286486e+00
    endloop
  endfacet
  facet normal -0.000000e+00 -1.000000e+00 0.000000e+00
    outer loop
      vertex   -2.694216e+01 0.000000e+00 2.286486e+00
      vertex   -3.331644e+01 0.000000e+00 2.483067e+00
      vertex   -3.282201e+01 0.000000e+00 2.063098e+00
    endloop
  endfacet
  facet normal 0.000000e+00 -1.000000e+00 0.000000e+00
    outer loop
      vertex   -2.694216e+01 0.000000e+00 2.286486e+00
      vertex   -3.282201e+01 0.000000e+00 2.063098e+00
      vertex   -2.738828e+01 0.000000e+00 1.815523e+00
    endloop
  endfacet
  facet normal -0.000000e+00 -1.000000e+00 0.000000e+00
    outer loop
      vertex   -2.738828e+01 0.000000e+00 1.815523e+00
      vertex   -3.282201e+01 0.000000e+00 2.063098e+00
      vertex   -3.242943e+01 0.000000e+00 1.546662e+00
    endloop
  endfacet
  facet normal 0.000000e+00 -1.000000e+00 0.000000e+00
    outer loop
      vertex   -2.738828e+01 0.000000e+00 1.815523e+00
      vertex   -3.242943e+01 0.000000e+00 1.546662e+00
      vertex   -2.772273e+01 0.000000e+00 1.259667e+00
    endloop
  endfacet
  facet normal -0.000000e+00 -1.000000e+00 0.000000e+00
    outer loop
      vertex   -2.772273e+01 0.000000e+00 1.259667e+00
      vertex   -3.242943e+01 0.000000e+00 1.546662e+00
      vertex   -3.215704e+01 0.000000e+00 9.579046e-01
    endloop
  endfacet
  facet normal 0.000000e+00 -1.000000e+00 0.000000e+00
    outer loop
      vertex   -2.772273e+01 0.000000e+00 1.259667e+00
      vertex   -3.215704e+01 0.000000e+00 9.579046e-01
      vertex   -2.792986e+01 0.000000e+00 6.449113e-01
    endloop
  endfacet
  facet normal -0.000000e+00 -1.000000e+00 0.000000e+00
    outer loop
      vertex   -2.792986e+01 0.000000e+00 6.449113e-01
      vertex   -3.215704e+01 0.000000e+00 9.579046e-01
      vertex   -3.201759e+01 0.000000e+00 3.243571e-01
    endloop
  endfacet
  facet normal 0.000000e+00 -1.000000e+00 0.000000e+00
    outer loop
      vertex   -2.792986e+01 0.000000e+00 6.449113e-01
      vertex   -3.201759e+01 0.000000e+00 3.243571e-01
      vertex   -2.800000e+01 0.000000e+00 3.673940e-16
    endloop
  endfacet
  facet normal -0.000000e+00 -1.000000e+00 0.000000e+00
    outer loop
      vertex   -2.800000e+01 0.000000e+00 3.673940e-16
      vertex   -3.201759e+01 0.000000e+00 3.243571e-01
      vertex   -3.201759e+01 0.000000e+00 -3.243571e-01
    endloop
  endfacet
  facet normal 0.000000e+00 -1.000000e+00 -0.000000e+00
    outer loop
      vertex   -2.800000e+01 0.000000e+00 3.673940e-16
      vertex   -3.201759e+01 0.000000e+00 -3.243571e-01
      vertex   -2.792986e+01 0.000000e+00 -6.449113e-01
    endloop
  endfacet
  facet normal -0.000000e+00 -1.000000e+00 0.000000e+00
    outer loop
      vertex   -2.792986e+01 0.000000e+00 -6.449113e-01
      vertex   -3.201759e+01 0.000000e+00 -3.243571e-01
      vertex   -3.215704e+01 0.000000e+00 -9.579046e-01
    endloop
  endfacet
  facet normal 0.000000e+00 -1.000000e+00 -0.000000e+00
    outer loop
      vertex   -2.792986e+01 0.000000e+00 -6.449113e-01
      vertex   -3.215704e+01 0.000000e+00 -9.579046e-01
      vertex   -2.772273e+01 0.000000e+00 -1.259667e+00
    endloop
  endfacet
  facet normal -0.000000e+00 -1.000000e+00 0.000000e+00
    outer loop
      vertex   -2.772273e+01 0.000000e+00 -1.259667e+00
      vertex   -3.215704e+01 0.000000e+00 -9.579046e-01
      vertex   -3.242943e+01 0.000000e+00 -1.546662e+00
    endloop
  endfacet
  facet normal 0.000000e+00 -1.000000e+00 -0.000000e+00
    outer loop
      vertex   -2.772273e+01 0.000000e+00 -1.259667e+00
      vertex   -3.242943e+01 0.000000e+00 -1.546662e+00
      vertex   -2.738828e+01 0.000000e+00 -1.815523e+00
    endloop
  endfacet
  facet normal -0.000000e+00 -1.000000e+00 0.000000e+00
    outer loop
      vertex   -2.738828e+01 0.000000e+00 -1.815523e+00
      vertex   -3.242943e+01 0.000000e+00 -1.546662e+00
      vertex   -3.282201e+01 0.000000e+00 -2.063098e+00
    endloop
  endfacet
  facet normal 0.000000e+00 -1.000000e+00 -0.000000e+00
    outer loop
      vertex   -2.738828e+01 0.000000e+00 -1.815523e+00
      vertex   -3.282201e+01 0.000000e+00 -2.063098e+00
      vertex   -2.694216e+01 0.000000e+00 -2.286486e+00
    endloop
  endfacet
  facet normal -0.000000e+00 -1.000000e+00 0.000000e+00
    outer loop
      vertex   -2.694216e+01 0.000000e+00 -2.286486e+00
      vertex   -3.282201e+01 0.000000e+00 -2.063098e+00
      vertex   -3.331644e+01 0.000000e+00 -2.483067e+00
    endloop
  endfacet
  facet normal 0.000000e+00 -1.000000e+00 -0.000000e+00
    outer loop
      vertex   -2.694216e+01 0.000000e+00 -2.286486e+00
      vertex   -3.331644e+01 0.000000e+00 -2.483067e+00
      vertex   -2.640523e+01 0.000000e+00 -2.650536e+00
    endloop
  endfacet
  facet normal -0.000000e+00 -1.000000e+00 0.000000e+00
    outer loop
      vertex   -2.640523e+01 0.000000e+00 -2.650536e+00
      vertex   -3.331644e+01 0.000000e+00 -2.483067e+00
      vertex   -3.388959e+01 0.000000e+00 -2.786930e+00
    endloop
  endfacet
  facet normal 0.000000e+00 -1.000000e+00 -0.000000e+00
    outer loop
      vertex   -2.640523e+01 0.000000e+00 -2.650536e+00
      vertex   -3.388959e+01 0.000000e+00 -2.786930e+00
      vertex   -2.580259e+01 0.000000e+00 -2.890650e+00
    endloop
  endfacet
  facet normal -0.000000e+00 -1.000000e+00 0.000000e+00
    outer loop
      vertex   -2.580259e+01 0.000000e+00 -2.890650e+00
      vertex   -3.388959e+01 0.000000e+00 -2.786930e+00
      vertex   -3.451465e+01 0.000000e+00 -2.960480e+00
    endloop
  endfacet
  facet normal 0.000000e+00 -1.000000e+00 -0.000000e+00
    outer loop
      vertex   -2.580259e+01 0.000000e+00 -2.890650e+00
      vertex   -3.451465e+01 0.000000e+00 -2.960480e+00
      vertex   -2.516242e+01 0.000000e+00 -2.995600e+00
    endloop
  endfacet
  facet normal 0.000000e+00 -1.000000e+00 0.000000e+00
    outer loop
      vertex   1.419741e+01 0.000000e+00 2.890650e+00
      vertex   1.483758e+01 0.000000e+00 2.995600e+00
      vertex   1.419741e+01 0.000000e+00 7.109350e+00
    endloop
  endfacet
  facet normal 0.000000e+00 -1.000000e+00 0.000000e+00
    outer loop
      vertex   2.419741e+01 0.000000e+00 2.890650e+00
      vertex   1.611041e+01 0.000000e+00 2.786930e+00
      vertex   2.359477e+01 0.000000e+00 2.650536e+00
    endloop
  endfacet
  facet normal -0.000000e+00 -1.000000e+00 0.000000e+00
    outer loop
      vertex   2.359477e+01 0.000000e+00 2.650536e+00
      vertex   1.611041e+01 0.000000e+00 2.786930e+00
      vertex   1.668356e+01 0.000000e+00 2.483067e+00
    endloop
  endfacet
  facet normal 0.000000e+00 -1.000000e+00 0.000000e+00
    outer loop
      vertex   2.359477e+01 0.000000e+00 2.650536e+00
      vertex   1.668356e+01 0.000000e+00 2.483067e+00
      vertex   2.305784e+01 0.000000e+00 2.286486e+00
    endloop
  endfacet
  facet normal -0.000000e+00 -1.000000e+00 0.000000e+00
    outer loop
      vertex   2.305784e+01 0.000000e+00 2.286486e+00
      vertex   1.668356e+01 0.000000e+00 2.483067e+00
      vertex   1.717799e+01 0.000000e+00 2.063098e+00
    endloop
  endfacet
  facet normal 0.000000e+00 -1.000000e+00 0.000000e+00
    outer loop
      vertex   2.305784e+01 0.000000e+00 2.286486e+00
      vertex   1.717799e+01 0.000000e+00 2.063098e+00
      vertex   2.261172e+01 0.000000e+00 1.815523e+00
    endloop
  endfacet
  facet normal -0.000000e+00 -1.000000e+00 0.000000e+00
    outer loop
      vertex   2.261172e+01 0.000000e+00 1.815523e+00
      vertex   1.717799e+01 0.000000e+00 2.063098e+00
      vertex   1.757057e+01 0.000000e+00 1.546662e+00
    endloop
  endfacet
  facet normal 0.000000e+00 -1.000000e+00 0.000000e+00
    outer loop
      vertex   2.261172e+01 0.000000e+00 1.815523e+00
      vertex   1.757057e+01 0.000000e+00 1.546662e+00
      vertex   2.227727e+01 0.000000e+00 1.259667e+00
    endloop
  endfacet
  facet normal -0.000000e+00 -1.000000e+00 0.000000e+00
    outer loop
      vertex   2.227727e+01 0.000000e+00 1.259667e+00
      vertex   1.757057e+01 0.000000e+00 1.546662e+00
      vertex   1.784296e+01 0.000000e+00 9.579046e-01
    endloop
  endfacet
  facet normal 0.000000e+00 -1.000000e+00 0.000000e+00
    outer loop
      vertex   2.227727e+01 0.000000e+00 1.259667e+00
      vertex   1.784296e+01 0.000000e+00 9.579046e-01
      vertex   2.207014e+01 0.000000e+00 6.449113e-01
    endloop
  endfacet
  facet normal -0.000000e+00 -1.000000e+00 0.000000e+00
    outer loop
      vertex   2.207014e+01 0.000000e+00 6.449113e-01
      vertex   1.784296e+01 0.000000e+00 9.579046e-01
      vertex   1.798241e+01 0.000000e+00 3.243571e-01
    endloop
  endfacet
  facet normal 0.000000e+00 -1.000000e+00 0.000000e+00
    outer loop
      vertex   2.207014e+01 0.000000e+00 6.449113e-01
      vertex   1.798241e+01 0.000000e+00 3.243571e-01
      vertex   2.200000e+01 0.000000e+00 3.673940e-16
    endloop
  endfacet
  facet normal -0.000000e+00 -1.000000e+00 0.000000e+00
    outer loop
      vertex   2.200000e+01 0.000000e+00 3.673940e-16
      vertex   1.798241e+01 0.000000e+00 3.243571e-01
      vertex   1.798241e+01 0.000000e+00 -3.243571e-01
    endloop
  endfacet
  facet normal 0.000000e+00 -1.000000e+00 -0.000000e+00
    outer loop
      vertex   2.200000e+01 0.000000e+00 3.673940e-16
      vertex   1.798241e+01 0.000000e+00 -3.243571e-01
      vertex   2.207014e+01 0.000000e+00 -6.449113e-01
    endloop
  endfacet
  facet normal -0.000000e+00 -1.000000e+00 0.000000e+00
    outer loop
      vertex   2.207014e+01 0.000000e+00 -6.449113e-01
      vertex   1.798241e+01 0.000000e+00 -3.243571e-01
      vertex   1.784296e+01 0.000000e+00 -9.579046e-01
    endloop
  endfacet
  facet normal 0.000000e+00 -1.000000e+00 -0.000000e+00
    outer loop
      vertex   2.207014e+01 0.000000e+00 -6.449113e-01
      vertex   1.784296e+01 0.000000e+00 -9.579046e-01
      vertex   2.227727e+01 0.000000e+00 -1.259667e+00
    endloop
  endfacet
  facet normal -0.000000e+00 -1.000000e+00 0.000000e+00
    outer loop
      vertex   2.227727e+01 0.000000e+00 -1.259667e+00
      vertex   1.784296e+01 0.000000e+00 -9.579046e-01
      vertex   1.757057e+01 0.000000e+00 -1.546662e+00
    endloop
  endfacet
  facet normal 0.000000e+00 -1.000000e+00 -0.000000e+00
    outer loop
      vertex   2.227727e+01 0.000000e+00 -1.259667e+00
      vertex   1.757057e+01 0.000000e+00 -1.546662e+00
      vertex   2.261172e+01 0.000000e+00 -1.815523e+00
    endloop
  endfacet
  facet normal -0.000000e+00 -1.000000e+00 0.000000e+00
    outer loop
      vertex   2.261172e+01 0.000000e+00 -1.815523e+00
      vertex   1.757057e+01 0.000000e+00 -1.546662e+00
      vertex   1.717799e+01 0.000000e+00 -2.063098e+00
    endloop
  endfacet
  facet normal 0.000000e+00 -1.000000e+00 -0.000000e+00
    outer loop
      vertex   2.261172e+01 0.000000e+00 -1.815523e+00
      vertex   1.717799e+01 0.000000e+00 -2.063098e+00
      vertex   2.305784e+01 0.000000e+00 -2.286486e+00
    endloop
  endfacet
  facet normal -0.000000e+00 -1.000000e+00 0.000000e+00
    outer loop
      vertex   2.305784e+01 0.000000e+00 -2.286486e+00
      vertex   1.717799e+01 0.000000e+00 -2.063098e+00
      vertex   1.668356e+01 0.000000e+00 -2.483067e+00
    endloop
  endfacet
  facet normal 0.000000e+00 -1.000000e+00 -0.000000e+00
    outer loop
      vertex   2.305784e+01 0.000000e+00 -2.286486e+00
      vertex   1.668356e+01 0.000000e+00 -2.483067e+00
      vertex   2.359477e+01 0.000000e+00 -2.650536e+00
    endloop
  endfacet
  facet normal -0.000000e+00 -1.000000e+00 0.000000e+00
    outer loop
      vertex   2.359477e+01 0.000000e+00 -2.650536e+00
      vertex   1.668356e+01 0.000000e+00 -2.483067e+00
      vertex   1.611041e+01 0.000000e+00 -2.786930e+00
    endloop
  endfacet
  facet normal 0.000000e+00 -1.000000e+00 -0.000000e+00
    outer loop
      vertex   2.359477e+01 0.000000e+00 -2.650536e+00
      vertex   1.611041e+01 0.000000e+00 -2.786930e+00
      vertex   2.419741e+01 0.000000e+00 -2.890650e+00
    endloop
  endfacet
  facet normal -0.000000e+00 -1.000000e+00 0.000000e+00
    outer loop
      vertex   2.419741e+01 0.000000e+00 -2.890650e+00
      vertex   1.611041e+01 0.000000e+00 -2.786930e+00
      vertex   1.548535e+01 0.000000e+00 -2.960480e+00
    endloop
  endfacet
  facet normal 0.000000e+00 -1.000000e+00 -0.000000e+00
    outer loop
      vertex   2.419741e+01 0.000000e+00 -2.890650e+00
      vertex   1.548535e+01 0.000000e+00 -2.960480e+00
      vertex   2.483758e+01 0.000000e+00 -2.995600e+00
    endloop
  endfacet
  facet normal 0.000000e+00 -1.000000e+00 0.000000e+00
    outer loop
      vertex   2.483758e+01 0.000000e+00 -2.995600e+00
      vertex   1.548535e+01 0.000000e+00 -2.960480e+00
      vertex   1.483758e+01 0.000000e+00 -2.995600e+00
    endloop
  endfacet
  facet normal -0.000000e+00 -1.000000e+00 -0.000000e+00
    outer loop
      vertex   2.483758e+01 0.000000e+00 -2.995600e+00
      vertex   1.483758e+01 0.000000e+00 -2.995600e+00
      vertex   5.500000e+01 0.000000e+00 -1.000000e+01
    endloop
  endfacet
  facet normal 0.000000e+00 -1.000000e+00 0.000000e+00
    outer loop
      vertex   -4.792986e+01 0.000000e+00 2.064491e+01
      vertex   -4.772273e+01 0.000000e+00 2.125967e+01
      vertex   -5.500000e+01 0.000000e+00 3.000000e+01
    endloop
  endfacet
  facet normal 0.000000e+00 -1.000000e+00 0.000000e+00
    outer loop
      vertex   -5.500000e+01 0.000000e+00 3.000000e+01
      vertex   -4.772273e+01 0.000000e+00 2.125967e+01
      vertex   -4.738828e+01 0.000000e+00 2.181552e+01
    endloop
  endfacet
  facet normal 0.000000e+00 -1.000000e+00 0.000000e+00
    outer loop
      vertex   -5.500000e+01 0.000000e+00 3.000000e+01
      vertex   -4.738828e+01 0.000000e+00 2.181552e+01
      vertex   -4.694216e+01 0.000000e+00 2.228649e+01
    endloop
  endfacet
  facet normal 0.000000e+00 -1.000000e+00 0.000000e+00
    outer loop
      vertex   -4.694216e+01 0.000000e+00 2.228649e+01
      vertex   -4.640523e+01 0.000000e+00 2.265054e+01
      vertex   -5.500000e+01 0.000000e+00 3.000000e+01
    endloop
  endfacet
  facet normal 0.000000e+00 -1.000000e+00 0.000000e+00
    outer loop
      vertex   -5.500000e+01 0.000000e+00 3.000000e+01
      vertex   -4.640523e+01 0.000000e+00 2.265054e+01
      vertex   -4.580259e+01 0.000000e+00 2.289065e+01
    endloop
  endfacet
  facet normal 0.000000e+00 -1.000000e+00 0.000000e+00
    outer loop
      vertex   -5.500000e+01 0.000000e+00 3.000000e+01
      vertex   -4.580259e+01 0.000000e+00 2.289065e+01
      vertex   -4.516242e+01 0.000000e+00 2.299560e+01
    endloop
  endfacet
  facet normal 0.000000e+00 -1.000000e+00 0.000000e+00
    outer loop
      vertex   -4.516242e+01 0.000000e+00 2.299560e+01
      vertex   -4.451465e+01 0.000000e+00 2.296048e+01
      vertex   -5.500000e+01 0.000000e+00 3.000000e+01
    endloop
  endfacet
  facet normal 0.000000e+00 -1.000000e+00 0.000000e+00
    outer loop
      vertex   -5.802585e+00 0.000000e+00 1.289065e+01
      vertex   -5.162417e+00 0.000000e+00 1.299560e+01
      vertex   -5.802585e+00 0.000000e+00 1.710935e+01
    endloop
  endfacet
  facet normal 0.000000e+00 -1.000000e+00 0.000000e+00
    outer loop
      vertex   -2.580259e+01 0.000000e+00 2.890650e+00
      vertex   -2.516242e+01 0.000000e+00 2.995600e+00
      vertex   -2.580259e+01 0.000000e+00 7.109350e+00
    endloop
  endfacet
  facet normal 0.000000e+00 -1.000000e+00 0.000000e+00
    outer loop
      vertex   4.611041e+01 0.000000e+00 2.278693e+01
      vertex   4.668356e+01 0.000000e+00 2.248307e+01
      vertex   5.500000e+01 0.000000e+00 3.000000e+01
    endloop
  endfacet
  facet normal 0.000000e+00 -1.000000e+00 0.000000e+00
    outer loop
      vertex   5.500000e+01 0.000000e+00 3.000000e+01
      vertex   4.668356e+01 0.000000e+00 2.248307e+01
      vertex   4.717799e+01 0.000000e+00 2.206310e+01
    endloop
  endfacet
  facet normal 0.000000e+00 -1.000000e+00 0.000000e+00
    outer loop
      vertex   5.500000e+01 0.000000e+00 3.000000e+01
      vertex   4.717799e+01 0.000000e+00 2.206310e+01
      vertex   4.757057e+01 0.000000e+00 2.154666e+01
    endloop
  endfacet
  facet normal 0.000000e+00 -1.000000e+00 0.000000e+00
    outer loop
      vertex   4.757057e+01 0.000000e+00 2.154666e+01
      vertex   4.784296e+01 0.000000e+00 2.095790e+01
      vertex   5.500000e+01 0.000000e+00 3.000000e+01
    endloop
  endfacet
  facet normal 0.000000e+00 -1.000000e+00 0.000000e+00
    outer loop
      vertex   5.500000e+01 0.000000e+00 3.000000e+01
      vertex   4.784296e+01 0.000000e+00 2.095790e+01
      vertex   4.798241e+01 0.000000e+00 2.032436e+01
    endloop
  endfacet
  facet normal 0.000000e+00 -1.000000e+00 0.000000e+00
    outer loop
      vertex   5.500000e+01 0.000000e+00 3.000000e+01
      vertex   4.798241e+01 0.000000e+00 2.032436e+01
      vertex   4.798241e+01 0.000000e+00 1.967564e+01
    endloop
  endfacet
  facet normal 0.000000e+00 -1.000000e+00 -0.000000e+00
    outer loop
      vertex   4.798241e+01 0.000000e+00 1.967564e+01
      vertex   4.784296e+01 0.000000e+00 1.904210e+01
      vertex   5.500000e+01 0.000000e+00 3.000000e+01
    endloop
  endfacet
  facet normal 0.000000e+00 -1.000000e+00 0.000000e+00
    outer loop
      vertex   2.419741e+01 0.000000e+00 2.890650e+00
      vertex   2.483758e+01 0.000000e+00 2.995600e+00
      vertex   2.419741e+01 0.000000e+00 7.109350e+00
    endloop
  endfacet
  facet normal 0.000000e+00 -1.000000e+00 -0.000000e+00
    outer loop
      vertex   2.548535e+01 0.000000e+00 -2.960480e+00
      vertex   2.483758e+01 0.000000e+00 -2.995600e+00
      vertex   5.500000e+01 0.000000e+00 -1.000000e+01
    endloop
  endfacet
endsolid
